ISO-10303-21;
HEADER;
FILE_DESCRIPTION(('Open CASCADE Model'),'2;1');
FILE_NAME('Open CASCADE Shape Model','2026-10-02T20:13:23',('Author'),(
    'Open CASCADE'),'Open CASCADE STEP processor 7.9','Open CASCADE 7.9'
  ,'Unknown');
FILE_SCHEMA(('AUTOMOTIVE_DESIGN { 1 0 10303 214 1 1 1 1 }'));
ENDSEC;
DATA;
#1 = APPLICATION_PROTOCOL_DEFINITION('international standard',
  'automotive_design',2000,#2);
#2 = APPLICATION_CONTEXT(
  'core data for automotive mechanical design processes');
#3 = SHAPE_DEFINITION_REPRESENTATION(#4,#10);
#4 = PRODUCT_DEFINITION_SHAPE('','',#5);
#5 = PRODUCT_DEFINITION('design','',#6,#9);
#6 = PRODUCT_DEFINITION_FORMATION('','',#7);
#7 = PRODUCT('Open CASCADE STEP translator 7.9 1',
  'Open CASCADE STEP translator 7.9 1','',(#8));
#8 = PRODUCT_CONTEXT('',#2,'mechanical');
#9 = PRODUCT_DEFINITION_CONTEXT('part definition',#2,'design');
#10 = ADVANCED_BREP_SHAPE_REPRESENTATION('',(#11,#15),#7208);
#11 = AXIS2_PLACEMENT_3D('',#12,#13,#14);
#12 = CARTESIAN_POINT('',(0.,0.,0.));
#13 = DIRECTION('',(0.,0.,1.));
#14 = DIRECTION('',(1.,0.,-0.));
#15 = MANIFOLD_SOLID_BREP('',#16);
#16 = CLOSED_SHELL('',(#17,#257,#333,#382,#431,#458,#510,#562,#614,#666,
    #783,#787,#791,#795,#799,#892,#954,#1016,#1047,#1122,#1175,#1228,
    #1259,#1352,#1409,#1466,#1492,#1613,#2587,#2636,#3423,#3450,#3476,
    #3502,#3528,#3554,#3580,#3606,#3632,#3658,#3685,#3712,#3739,#3766,
    #3903,#3930,#3956,#3982,#4008,#4034,#4060,#4086,#4112,#4138,#4165,
    #4192,#4199,#4244,#4270,#4296,#4322,#4348,#4374,#4400,#4407,#4500,
    #4562,#4624,#4655,#4730,#4783,#4836,#4867,#4960,#5017,#5074,#5100,
    #5221,#5325,#5374,#5446,#5507,#5539,#5566,#5820,#6300,#7062,#7090,
    #7095,#7122,#7151,#7178,#7183));
#17 = ADVANCED_FACE('',(#18,#137,#167,#197,#227),#32,.F.);
#18 = FACE_BOUND('',#19,.F.);
#19 = EDGE_LOOP('',(#20,#55,#83,#111));
#20 = ORIENTED_EDGE('',*,*,#21,.F.);
#21 = EDGE_CURVE('',#22,#24,#26,.T.);
#22 = VERTEX_POINT('',#23);
#23 = CARTESIAN_POINT('',(-64.77,-9.525,-15.875));
#24 = VERTEX_POINT('',#25);
#25 = CARTESIAN_POINT('',(-64.77,-9.525,15.875));
#26 = SURFACE_CURVE('',#27,(#31,#43),.PCURVE_S1.);
#27 = LINE('',#28,#29);
#28 = CARTESIAN_POINT('',(-64.77,-9.525,-15.875));
#29 = VECTOR('',#30,1.);
#30 = DIRECTION('',(0.,0.,1.));
#31 = PCURVE('',#32,#37);
#32 = PLANE('',#33);
#33 = AXIS2_PLACEMENT_3D('',#34,#35,#36);
#34 = CARTESIAN_POINT('',(-64.77,-9.525,-15.875));
#35 = DIRECTION('',(1.,0.,0.));
#36 = DIRECTION('',(0.,0.,1.));
#37 = DEFINITIONAL_REPRESENTATION('',(#38),#42);
#38 = LINE('',#39,#40);
#39 = CARTESIAN_POINT('',(0.,0.));
#40 = VECTOR('',#41,1.);
#41 = DIRECTION('',(1.,0.));
#42 = ( GEOMETRIC_REPRESENTATION_CONTEXT(2) 
PARAMETRIC_REPRESENTATION_CONTEXT() REPRESENTATION_CONTEXT('2D SPACE',''
  ) );
#43 = PCURVE('',#44,#49);
#44 = PLANE('',#45);
#45 = AXIS2_PLACEMENT_3D('',#46,#47,#48);
#46 = CARTESIAN_POINT('',(-64.77,-9.525,-15.875));
#47 = DIRECTION('',(0.,1.,0.));
#48 = DIRECTION('',(0.,0.,1.));
#49 = DEFINITIONAL_REPRESENTATION('',(#50),#54);
#50 = LINE('',#51,#52);
#51 = CARTESIAN_POINT('',(0.,0.));
#52 = VECTOR('',#53,1.);
#53 = DIRECTION('',(1.,0.));
#54 = ( GEOMETRIC_REPRESENTATION_CONTEXT(2) 
PARAMETRIC_REPRESENTATION_CONTEXT() REPRESENTATION_CONTEXT('2D SPACE',''
  ) );
#55 = ORIENTED_EDGE('',*,*,#56,.T.);
#56 = EDGE_CURVE('',#22,#57,#59,.T.);
#57 = VERTEX_POINT('',#58);
#58 = CARTESIAN_POINT('',(-64.77,9.525,-15.875));
#59 = SURFACE_CURVE('',#60,(#64,#71),.PCURVE_S1.);
#60 = LINE('',#61,#62);
#61 = CARTESIAN_POINT('',(-64.77,-9.525,-15.875));
#62 = VECTOR('',#63,1.);
#63 = DIRECTION('',(0.,1.,0.));
#64 = PCURVE('',#32,#65);
#65 = DEFINITIONAL_REPRESENTATION('',(#66),#70);
#66 = LINE('',#67,#68);
#67 = CARTESIAN_POINT('',(0.,0.));
#68 = VECTOR('',#69,1.);
#69 = DIRECTION('',(0.,-1.));
#70 = ( GEOMETRIC_REPRESENTATION_CONTEXT(2) 
PARAMETRIC_REPRESENTATION_CONTEXT() REPRESENTATION_CONTEXT('2D SPACE',''
  ) );
#71 = PCURVE('',#72,#77);
#72 = PLANE('',#73);
#73 = AXIS2_PLACEMENT_3D('',#74,#75,#76);
#74 = CARTESIAN_POINT('',(-64.77,-9.525,-15.875));
#75 = DIRECTION('',(0.,0.,1.));
#76 = DIRECTION('',(1.,0.,0.));
#77 = DEFINITIONAL_REPRESENTATION('',(#78),#82);
#78 = LINE('',#79,#80);
#79 = CARTESIAN_POINT('',(0.,0.));
#80 = VECTOR('',#81,1.);
#81 = DIRECTION('',(0.,1.));
#82 = ( GEOMETRIC_REPRESENTATION_CONTEXT(2) 
PARAMETRIC_REPRESENTATION_CONTEXT() REPRESENTATION_CONTEXT('2D SPACE',''
  ) );
#83 = ORIENTED_EDGE('',*,*,#84,.T.);
#84 = EDGE_CURVE('',#57,#85,#87,.T.);
#85 = VERTEX_POINT('',#86);
#86 = CARTESIAN_POINT('',(-64.77,9.525,15.875));
#87 = SURFACE_CURVE('',#88,(#92,#99),.PCURVE_S1.);
#88 = LINE('',#89,#90);
#89 = CARTESIAN_POINT('',(-64.77,9.525,-15.875));
#90 = VECTOR('',#91,1.);
#91 = DIRECTION('',(0.,0.,1.));
#92 = PCURVE('',#32,#93);
#93 = DEFINITIONAL_REPRESENTATION('',(#94),#98);
#94 = LINE('',#95,#96);
#95 = CARTESIAN_POINT('',(0.,-19.05));
#96 = VECTOR('',#97,1.);
#97 = DIRECTION('',(1.,0.));
#98 = ( GEOMETRIC_REPRESENTATION_CONTEXT(2) 
PARAMETRIC_REPRESENTATION_CONTEXT() REPRESENTATION_CONTEXT('2D SPACE',''
  ) );
#99 = PCURVE('',#100,#105);
#100 = PLANE('',#101);
#101 = AXIS2_PLACEMENT_3D('',#102,#103,#104);
#102 = CARTESIAN_POINT('',(-64.77,9.525,-15.875));
#103 = DIRECTION('',(0.,1.,0.));
#104 = DIRECTION('',(0.,0.,1.));
#105 = DEFINITIONAL_REPRESENTATION('',(#106),#110);
#106 = LINE('',#107,#108);
#107 = CARTESIAN_POINT('',(0.,0.));
#108 = VECTOR('',#109,1.);
#109 = DIRECTION('',(1.,0.));
#110 = ( GEOMETRIC_REPRESENTATION_CONTEXT(2) 
PARAMETRIC_REPRESENTATION_CONTEXT() REPRESENTATION_CONTEXT('2D SPACE',''
  ) );
#111 = ORIENTED_EDGE('',*,*,#112,.F.);
#112 = EDGE_CURVE('',#24,#85,#113,.T.);
#113 = SURFACE_CURVE('',#114,(#118,#125),.PCURVE_S1.);
#114 = LINE('',#115,#116);
#115 = CARTESIAN_POINT('',(-64.77,-9.525,15.875));
#116 = VECTOR('',#117,1.);
#117 = DIRECTION('',(0.,1.,0.));
#118 = PCURVE('',#32,#119);
#119 = DEFINITIONAL_REPRESENTATION('',(#120),#124);
#120 = LINE('',#121,#122);
#121 = CARTESIAN_POINT('',(31.75,0.));
#122 = VECTOR('',#123,1.);
#123 = DIRECTION('',(0.,-1.));
#124 = ( GEOMETRIC_REPRESENTATION_CONTEXT(2) 
PARAMETRIC_REPRESENTATION_CONTEXT() REPRESENTATION_CONTEXT('2D SPACE',''
  ) );
#125 = PCURVE('',#126,#131);
#126 = PLANE('',#127);
#127 = AXIS2_PLACEMENT_3D('',#128,#129,#130);
#128 = CARTESIAN_POINT('',(-64.77,-9.525,15.875));
#129 = DIRECTION('',(0.,0.,1.));
#130 = DIRECTION('',(1.,0.,0.));
#131 = DEFINITIONAL_REPRESENTATION('',(#132),#136);
#132 = LINE('',#133,#134);
#133 = CARTESIAN_POINT('',(0.,0.));
#134 = VECTOR('',#135,1.);
#135 = DIRECTION('',(0.,1.));
#136 = ( GEOMETRIC_REPRESENTATION_CONTEXT(2) 
PARAMETRIC_REPRESENTATION_CONTEXT() REPRESENTATION_CONTEXT('2D SPACE',''
  ) );
#137 = FACE_BOUND('',#138,.F.);
#138 = EDGE_LOOP('',(#139));
#139 = ORIENTED_EDGE('',*,*,#140,.F.);
#140 = EDGE_CURVE('',#141,#141,#143,.T.);
#141 = VERTEX_POINT('',#142);
#142 = CARTESIAN_POINT('',(-64.77,2.0193,-10.668));
#143 = SURFACE_CURVE('',#144,(#149,#156),.PCURVE_S1.);
#144 = CIRCLE('',#145,2.0193);
#145 = AXIS2_PLACEMENT_3D('',#146,#147,#148);
#146 = CARTESIAN_POINT('',(-64.77,0.,-10.668));
#147 = DIRECTION('',(1.,0.,0.));
#148 = DIRECTION('',(0.,1.,0.));
#149 = PCURVE('',#32,#150);
#150 = DEFINITIONAL_REPRESENTATION('',(#151),#155);
#151 = CIRCLE('',#152,2.0193);
#152 = AXIS2_PLACEMENT_2D('',#153,#154);
#153 = CARTESIAN_POINT('',(5.207,-9.525));
#154 = DIRECTION('',(0.,-1.));
#155 = ( GEOMETRIC_REPRESENTATION_CONTEXT(2) 
PARAMETRIC_REPRESENTATION_CONTEXT() REPRESENTATION_CONTEXT('2D SPACE',''
  ) );
#156 = PCURVE('',#157,#162);
#157 = CYLINDRICAL_SURFACE('',#158,2.0193);
#158 = AXIS2_PLACEMENT_3D('',#159,#160,#161);
#159 = CARTESIAN_POINT('',(-64.77,0.,-10.668));
#160 = DIRECTION('',(-1.,-0.,-0.));
#161 = DIRECTION('',(0.,1.,0.));
#162 = DEFINITIONAL_REPRESENTATION('',(#163),#166);
#163 = B_SPLINE_CURVE_WITH_KNOTS('',1,(#164,#165),.UNSPECIFIED.,.F.,.F.,
  (2,2),(0.,6.28318530718),.PIECEWISE_BEZIER_KNOTS.);
#164 = CARTESIAN_POINT('',(0.,0.));
#165 = CARTESIAN_POINT('',(-6.28318530718,0.));
#166 = ( GEOMETRIC_REPRESENTATION_CONTEXT(2) 
PARAMETRIC_REPRESENTATION_CONTEXT() REPRESENTATION_CONTEXT('2D SPACE',''
  ) );
#167 = FACE_BOUND('',#168,.F.);
#168 = EDGE_LOOP('',(#169));
#169 = ORIENTED_EDGE('',*,*,#170,.F.);
#170 = EDGE_CURVE('',#171,#171,#173,.T.);
#171 = VERTEX_POINT('',#172);
#172 = CARTESIAN_POINT('',(-64.77,1.5875,-4.318));
#173 = SURFACE_CURVE('',#174,(#179,#186),.PCURVE_S1.);
#174 = CIRCLE('',#175,1.5875);
#175 = AXIS2_PLACEMENT_3D('',#176,#177,#178);
#176 = CARTESIAN_POINT('',(-64.77,0.,-4.318));
#177 = DIRECTION('',(1.,0.,0.));
#178 = DIRECTION('',(0.,1.,0.));
#179 = PCURVE('',#32,#180);
#180 = DEFINITIONAL_REPRESENTATION('',(#181),#185);
#181 = CIRCLE('',#182,1.5875);
#182 = AXIS2_PLACEMENT_2D('',#183,#184);
#183 = CARTESIAN_POINT('',(11.557,-9.525));
#184 = DIRECTION('',(0.,-1.));
#185 = ( GEOMETRIC_REPRESENTATION_CONTEXT(2) 
PARAMETRIC_REPRESENTATION_CONTEXT() REPRESENTATION_CONTEXT('2D SPACE',''
  ) );
#186 = PCURVE('',#187,#192);
#187 = CYLINDRICAL_SURFACE('',#188,1.5875);
#188 = AXIS2_PLACEMENT_3D('',#189,#190,#191);
#189 = CARTESIAN_POINT('',(-64.77,0.,-4.318));
#190 = DIRECTION('',(-1.,-0.,-0.));
#191 = DIRECTION('',(0.,1.,0.));
#192 = DEFINITIONAL_REPRESENTATION('',(#193),#196);
#193 = B_SPLINE_CURVE_WITH_KNOTS('',1,(#194,#195),.UNSPECIFIED.,.F.,.F.,
  (2,2),(0.,6.28318530718),.PIECEWISE_BEZIER_KNOTS.);
#194 = CARTESIAN_POINT('',(0.,0.));
#195 = CARTESIAN_POINT('',(-6.28318530718,0.));
#196 = ( GEOMETRIC_REPRESENTATION_CONTEXT(2) 
PARAMETRIC_REPRESENTATION_CONTEXT() REPRESENTATION_CONTEXT('2D SPACE',''
  ) );
#197 = FACE_BOUND('',#198,.F.);
#198 = EDGE_LOOP('',(#199));
#199 = ORIENTED_EDGE('',*,*,#200,.F.);
#200 = EDGE_CURVE('',#201,#201,#203,.T.);
#201 = VERTEX_POINT('',#202);
#202 = CARTESIAN_POINT('',(-64.77,1.5875,4.318));
#203 = SURFACE_CURVE('',#204,(#209,#216),.PCURVE_S1.);
#204 = CIRCLE('',#205,1.5875);
#205 = AXIS2_PLACEMENT_3D('',#206,#207,#208);
#206 = CARTESIAN_POINT('',(-64.77,0.,4.318));
#207 = DIRECTION('',(1.,0.,0.));
#208 = DIRECTION('',(0.,1.,0.));
#209 = PCURVE('',#32,#210);
#210 = DEFINITIONAL_REPRESENTATION('',(#211),#215);
#211 = CIRCLE('',#212,1.5875);
#212 = AXIS2_PLACEMENT_2D('',#213,#214);
#213 = CARTESIAN_POINT('',(20.193,-9.525));
#214 = DIRECTION('',(0.,-1.));
#215 = ( GEOMETRIC_REPRESENTATION_CONTEXT(2) 
PARAMETRIC_REPRESENTATION_CONTEXT() REPRESENTATION_CONTEXT('2D SPACE',''
  ) );
#216 = PCURVE('',#217,#222);
#217 = CYLINDRICAL_SURFACE('',#218,1.5875);
#218 = AXIS2_PLACEMENT_3D('',#219,#220,#221);
#219 = CARTESIAN_POINT('',(-64.77,0.,4.318));
#220 = DIRECTION('',(-1.,-0.,-0.));
#221 = DIRECTION('',(0.,1.,0.));
#222 = DEFINITIONAL_REPRESENTATION('',(#223),#226);
#223 = B_SPLINE_CURVE_WITH_KNOTS('',1,(#224,#225),.UNSPECIFIED.,.F.,.F.,
  (2,2),(0.,6.28318530718),.PIECEWISE_BEZIER_KNOTS.);
#224 = CARTESIAN_POINT('',(0.,0.));
#225 = CARTESIAN_POINT('',(-6.28318530718,0.));
#226 = ( GEOMETRIC_REPRESENTATION_CONTEXT(2) 
PARAMETRIC_REPRESENTATION_CONTEXT() REPRESENTATION_CONTEXT('2D SPACE',''
  ) );
#227 = FACE_BOUND('',#228,.F.);
#228 = EDGE_LOOP('',(#229));
#229 = ORIENTED_EDGE('',*,*,#230,.F.);
#230 = EDGE_CURVE('',#231,#231,#233,.T.);
#231 = VERTEX_POINT('',#232);
#232 = CARTESIAN_POINT('',(-64.77,2.0193,10.668));
#233 = SURFACE_CURVE('',#234,(#239,#246),.PCURVE_S1.);
#234 = CIRCLE('',#235,2.0193);
#235 = AXIS2_PLACEMENT_3D('',#236,#237,#238);
#236 = CARTESIAN_POINT('',(-64.77,0.,10.668));
#237 = DIRECTION('',(1.,0.,0.));
#238 = DIRECTION('',(0.,1.,0.));
#239 = PCURVE('',#32,#240);
#240 = DEFINITIONAL_REPRESENTATION('',(#241),#245);
#241 = CIRCLE('',#242,2.0193);
#242 = AXIS2_PLACEMENT_2D('',#243,#244);
#243 = CARTESIAN_POINT('',(26.543,-9.525));
#244 = DIRECTION('',(0.,-1.));
#245 = ( GEOMETRIC_REPRESENTATION_CONTEXT(2) 
PARAMETRIC_REPRESENTATION_CONTEXT() REPRESENTATION_CONTEXT('2D SPACE',''
  ) );
#246 = PCURVE('',#247,#252);
#247 = CYLINDRICAL_SURFACE('',#248,2.0193);
#248 = AXIS2_PLACEMENT_3D('',#249,#250,#251);
#249 = CARTESIAN_POINT('',(-64.77,0.,10.668));
#250 = DIRECTION('',(-1.,-0.,-0.));
#251 = DIRECTION('',(0.,1.,0.));
#252 = DEFINITIONAL_REPRESENTATION('',(#253),#256);
#253 = B_SPLINE_CURVE_WITH_KNOTS('',1,(#254,#255),.UNSPECIFIED.,.F.,.F.,
  (2,2),(0.,6.28318530718),.PIECEWISE_BEZIER_KNOTS.);
#254 = CARTESIAN_POINT('',(0.,0.));
#255 = CARTESIAN_POINT('',(-6.28318530718,0.));
#256 = ( GEOMETRIC_REPRESENTATION_CONTEXT(2) 
PARAMETRIC_REPRESENTATION_CONTEXT() REPRESENTATION_CONTEXT('2D SPACE',''
  ) );
#257 = ADVANCED_FACE('',(#258),#44,.F.);
#258 = FACE_BOUND('',#259,.F.);
#259 = EDGE_LOOP('',(#260,#283,#311,#332));
#260 = ORIENTED_EDGE('',*,*,#261,.T.);
#261 = EDGE_CURVE('',#24,#262,#264,.T.);
#262 = VERTEX_POINT('',#263);
#263 = CARTESIAN_POINT('',(-45.72,-9.525,15.875));
#264 = SURFACE_CURVE('',#265,(#269,#276),.PCURVE_S1.);
#265 = LINE('',#266,#267);
#266 = CARTESIAN_POINT('',(-64.77,-9.525,15.875));
#267 = VECTOR('',#268,1.);
#268 = DIRECTION('',(1.,0.,0.));
#269 = PCURVE('',#44,#270);
#270 = DEFINITIONAL_REPRESENTATION('',(#271),#275);
#271 = LINE('',#272,#273);
#272 = CARTESIAN_POINT('',(31.75,0.));
#273 = VECTOR('',#274,1.);
#274 = DIRECTION('',(0.,1.));
#275 = ( GEOMETRIC_REPRESENTATION_CONTEXT(2) 
PARAMETRIC_REPRESENTATION_CONTEXT() REPRESENTATION_CONTEXT('2D SPACE',''
  ) );
#276 = PCURVE('',#126,#277);
#277 = DEFINITIONAL_REPRESENTATION('',(#278),#282);
#278 = LINE('',#279,#280);
#279 = CARTESIAN_POINT('',(0.,0.));
#280 = VECTOR('',#281,1.);
#281 = DIRECTION('',(1.,0.));
#282 = ( GEOMETRIC_REPRESENTATION_CONTEXT(2) 
PARAMETRIC_REPRESENTATION_CONTEXT() REPRESENTATION_CONTEXT('2D SPACE',''
  ) );
#283 = ORIENTED_EDGE('',*,*,#284,.F.);
#284 = EDGE_CURVE('',#285,#262,#287,.T.);
#285 = VERTEX_POINT('',#286);
#286 = CARTESIAN_POINT('',(-45.72,-9.525,-15.875));
#287 = SURFACE_CURVE('',#288,(#292,#299),.PCURVE_S1.);
#288 = LINE('',#289,#290);
#289 = CARTESIAN_POINT('',(-45.72,-9.525,-15.875));
#290 = VECTOR('',#291,1.);
#291 = DIRECTION('',(0.,0.,1.));
#292 = PCURVE('',#44,#293);
#293 = DEFINITIONAL_REPRESENTATION('',(#294),#298);
#294 = LINE('',#295,#296);
#295 = CARTESIAN_POINT('',(0.,19.05));
#296 = VECTOR('',#297,1.);
#297 = DIRECTION('',(1.,0.));
#298 = ( GEOMETRIC_REPRESENTATION_CONTEXT(2) 
PARAMETRIC_REPRESENTATION_CONTEXT() REPRESENTATION_CONTEXT('2D SPACE',''
  ) );
#299 = PCURVE('',#300,#305);
#300 = PLANE('',#301);
#301 = AXIS2_PLACEMENT_3D('',#302,#303,#304);
#302 = CARTESIAN_POINT('',(-45.72,-25.4,6.477));
#303 = DIRECTION('',(1.,0.,0.));
#304 = DIRECTION('',(0.,0.,1.));
#305 = DEFINITIONAL_REPRESENTATION('',(#306),#310);
#306 = LINE('',#307,#308);
#307 = CARTESIAN_POINT('',(-22.352,-15.875));
#308 = VECTOR('',#309,1.);
#309 = DIRECTION('',(1.,0.));
#310 = ( GEOMETRIC_REPRESENTATION_CONTEXT(2) 
PARAMETRIC_REPRESENTATION_CONTEXT() REPRESENTATION_CONTEXT('2D SPACE',''
  ) );
#311 = ORIENTED_EDGE('',*,*,#312,.F.);
#312 = EDGE_CURVE('',#22,#285,#313,.T.);
#313 = SURFACE_CURVE('',#314,(#318,#325),.PCURVE_S1.);
#314 = LINE('',#315,#316);
#315 = CARTESIAN_POINT('',(-64.77,-9.525,-15.875));
#316 = VECTOR('',#317,1.);
#317 = DIRECTION('',(1.,0.,0.));
#318 = PCURVE('',#44,#319);
#319 = DEFINITIONAL_REPRESENTATION('',(#320),#324);
#320 = LINE('',#321,#322);
#321 = CARTESIAN_POINT('',(0.,0.));
#322 = VECTOR('',#323,1.);
#323 = DIRECTION('',(0.,1.));
#324 = ( GEOMETRIC_REPRESENTATION_CONTEXT(2) 
PARAMETRIC_REPRESENTATION_CONTEXT() REPRESENTATION_CONTEXT('2D SPACE',''
  ) );
#325 = PCURVE('',#72,#326);
#326 = DEFINITIONAL_REPRESENTATION('',(#327),#331);
#327 = LINE('',#328,#329);
#328 = CARTESIAN_POINT('',(0.,0.));
#329 = VECTOR('',#330,1.);
#330 = DIRECTION('',(1.,0.));
#331 = ( GEOMETRIC_REPRESENTATION_CONTEXT(2) 
PARAMETRIC_REPRESENTATION_CONTEXT() REPRESENTATION_CONTEXT('2D SPACE',''
  ) );
#332 = ORIENTED_EDGE('',*,*,#21,.T.);
#333 = ADVANCED_FACE('',(#334),#126,.T.);
#334 = FACE_BOUND('',#335,.T.);
#335 = EDGE_LOOP('',(#336,#359,#360,#361));
#336 = ORIENTED_EDGE('',*,*,#337,.F.);
#337 = EDGE_CURVE('',#85,#338,#340,.T.);
#338 = VERTEX_POINT('',#339);
#339 = CARTESIAN_POINT('',(-45.72,9.525,15.875));
#340 = SURFACE_CURVE('',#341,(#345,#352),.PCURVE_S1.);
#341 = LINE('',#342,#343);
#342 = CARTESIAN_POINT('',(-64.77,9.525,15.875));
#343 = VECTOR('',#344,1.);
#344 = DIRECTION('',(1.,0.,0.));
#345 = PCURVE('',#126,#346);
#346 = DEFINITIONAL_REPRESENTATION('',(#347),#351);
#347 = LINE('',#348,#349);
#348 = CARTESIAN_POINT('',(0.,19.05));
#349 = VECTOR('',#350,1.);
#350 = DIRECTION('',(1.,0.));
#351 = ( GEOMETRIC_REPRESENTATION_CONTEXT(2) 
PARAMETRIC_REPRESENTATION_CONTEXT() REPRESENTATION_CONTEXT('2D SPACE',''
  ) );
#352 = PCURVE('',#100,#353);
#353 = DEFINITIONAL_REPRESENTATION('',(#354),#358);
#354 = LINE('',#355,#356);
#355 = CARTESIAN_POINT('',(31.75,0.));
#356 = VECTOR('',#357,1.);
#357 = DIRECTION('',(0.,1.));
#358 = ( GEOMETRIC_REPRESENTATION_CONTEXT(2) 
PARAMETRIC_REPRESENTATION_CONTEXT() REPRESENTATION_CONTEXT('2D SPACE',''
  ) );
#359 = ORIENTED_EDGE('',*,*,#112,.F.);
#360 = ORIENTED_EDGE('',*,*,#261,.T.);
#361 = ORIENTED_EDGE('',*,*,#362,.T.);
#362 = EDGE_CURVE('',#262,#338,#363,.T.);
#363 = SURFACE_CURVE('',#364,(#368,#375),.PCURVE_S1.);
#364 = LINE('',#365,#366);
#365 = CARTESIAN_POINT('',(-45.72,-9.525,15.875));
#366 = VECTOR('',#367,1.);
#367 = DIRECTION('',(0.,1.,0.));
#368 = PCURVE('',#126,#369);
#369 = DEFINITIONAL_REPRESENTATION('',(#370),#374);
#370 = LINE('',#371,#372);
#371 = CARTESIAN_POINT('',(19.05,0.));
#372 = VECTOR('',#373,1.);
#373 = DIRECTION('',(0.,1.));
#374 = ( GEOMETRIC_REPRESENTATION_CONTEXT(2) 
PARAMETRIC_REPRESENTATION_CONTEXT() REPRESENTATION_CONTEXT('2D SPACE',''
  ) );
#375 = PCURVE('',#300,#376);
#376 = DEFINITIONAL_REPRESENTATION('',(#377),#381);
#377 = LINE('',#378,#379);
#378 = CARTESIAN_POINT('',(9.398,-15.875));
#379 = VECTOR('',#380,1.);
#380 = DIRECTION('',(0.,-1.));
#381 = ( GEOMETRIC_REPRESENTATION_CONTEXT(2) 
PARAMETRIC_REPRESENTATION_CONTEXT() REPRESENTATION_CONTEXT('2D SPACE',''
  ) );
#382 = ADVANCED_FACE('',(#383),#72,.F.);
#383 = FACE_BOUND('',#384,.F.);
#384 = EDGE_LOOP('',(#385,#408,#409,#410));
#385 = ORIENTED_EDGE('',*,*,#386,.F.);
#386 = EDGE_CURVE('',#57,#387,#389,.T.);
#387 = VERTEX_POINT('',#388);
#388 = CARTESIAN_POINT('',(-45.72,9.525,-15.875));
#389 = SURFACE_CURVE('',#390,(#394,#401),.PCURVE_S1.);
#390 = LINE('',#391,#392);
#391 = CARTESIAN_POINT('',(-64.77,9.525,-15.875));
#392 = VECTOR('',#393,1.);
#393 = DIRECTION('',(1.,0.,0.));
#394 = PCURVE('',#72,#395);
#395 = DEFINITIONAL_REPRESENTATION('',(#396),#400);
#396 = LINE('',#397,#398);
#397 = CARTESIAN_POINT('',(0.,19.05));
#398 = VECTOR('',#399,1.);
#399 = DIRECTION('',(1.,0.));
#400 = ( GEOMETRIC_REPRESENTATION_CONTEXT(2) 
PARAMETRIC_REPRESENTATION_CONTEXT() REPRESENTATION_CONTEXT('2D SPACE',''
  ) );
#401 = PCURVE('',#100,#402);
#402 = DEFINITIONAL_REPRESENTATION('',(#403),#407);
#403 = LINE('',#404,#405);
#404 = CARTESIAN_POINT('',(0.,0.));
#405 = VECTOR('',#406,1.);
#406 = DIRECTION('',(0.,1.));
#407 = ( GEOMETRIC_REPRESENTATION_CONTEXT(2) 
PARAMETRIC_REPRESENTATION_CONTEXT() REPRESENTATION_CONTEXT('2D SPACE',''
  ) );
#408 = ORIENTED_EDGE('',*,*,#56,.F.);
#409 = ORIENTED_EDGE('',*,*,#312,.T.);
#410 = ORIENTED_EDGE('',*,*,#411,.F.);
#411 = EDGE_CURVE('',#387,#285,#412,.T.);
#412 = SURFACE_CURVE('',#413,(#417,#424),.PCURVE_S1.);
#413 = LINE('',#414,#415);
#414 = CARTESIAN_POINT('',(-45.72,9.525,-15.875));
#415 = VECTOR('',#416,1.);
#416 = DIRECTION('',(0.,-1.,0.));
#417 = PCURVE('',#72,#418);
#418 = DEFINITIONAL_REPRESENTATION('',(#419),#423);
#419 = LINE('',#420,#421);
#420 = CARTESIAN_POINT('',(19.05,19.05));
#421 = VECTOR('',#422,1.);
#422 = DIRECTION('',(0.,-1.));
#423 = ( GEOMETRIC_REPRESENTATION_CONTEXT(2) 
PARAMETRIC_REPRESENTATION_CONTEXT() REPRESENTATION_CONTEXT('2D SPACE',''
  ) );
#424 = PCURVE('',#300,#425);
#425 = DEFINITIONAL_REPRESENTATION('',(#426),#430);
#426 = LINE('',#427,#428);
#427 = CARTESIAN_POINT('',(-22.352,-34.925));
#428 = VECTOR('',#429,1.);
#429 = DIRECTION('',(0.,1.));
#430 = ( GEOMETRIC_REPRESENTATION_CONTEXT(2) 
PARAMETRIC_REPRESENTATION_CONTEXT() REPRESENTATION_CONTEXT('2D SPACE',''
  ) );
#431 = ADVANCED_FACE('',(#432),#100,.T.);
#432 = FACE_BOUND('',#433,.T.);
#433 = EDGE_LOOP('',(#434,#455,#456,#457));
#434 = ORIENTED_EDGE('',*,*,#435,.T.);
#435 = EDGE_CURVE('',#338,#387,#436,.T.);
#436 = SURFACE_CURVE('',#437,(#441,#448),.PCURVE_S1.);
#437 = LINE('',#438,#439);
#438 = CARTESIAN_POINT('',(-45.72,9.525,15.875));
#439 = VECTOR('',#440,1.);
#440 = DIRECTION('',(0.,0.,-1.));
#441 = PCURVE('',#100,#442);
#442 = DEFINITIONAL_REPRESENTATION('',(#443),#447);
#443 = LINE('',#444,#445);
#444 = CARTESIAN_POINT('',(31.75,19.05));
#445 = VECTOR('',#446,1.);
#446 = DIRECTION('',(-1.,0.));
#447 = ( GEOMETRIC_REPRESENTATION_CONTEXT(2) 
PARAMETRIC_REPRESENTATION_CONTEXT() REPRESENTATION_CONTEXT('2D SPACE',''
  ) );
#448 = PCURVE('',#300,#449);
#449 = DEFINITIONAL_REPRESENTATION('',(#450),#454);
#450 = LINE('',#451,#452);
#451 = CARTESIAN_POINT('',(9.398,-34.925));
#452 = VECTOR('',#453,1.);
#453 = DIRECTION('',(-1.,0.));
#454 = ( GEOMETRIC_REPRESENTATION_CONTEXT(2) 
PARAMETRIC_REPRESENTATION_CONTEXT() REPRESENTATION_CONTEXT('2D SPACE',''
  ) );
#455 = ORIENTED_EDGE('',*,*,#386,.F.);
#456 = ORIENTED_EDGE('',*,*,#84,.T.);
#457 = ORIENTED_EDGE('',*,*,#337,.T.);
#458 = ADVANCED_FACE('',(#459),#157,.F.);
#459 = FACE_BOUND('',#460,.T.);
#460 = EDGE_LOOP('',(#461,#482,#508,#509));
#461 = ORIENTED_EDGE('',*,*,#462,.T.);
#462 = EDGE_CURVE('',#141,#463,#465,.T.);
#463 = VERTEX_POINT('',#464);
#464 = CARTESIAN_POINT('',(-52.07,2.0193,-10.668));
#465 = SEAM_CURVE('',#466,(#470,#476),.PCURVE_S1.);
#466 = LINE('',#467,#468);
#467 = CARTESIAN_POINT('',(-64.77,2.0193,-10.668));
#468 = VECTOR('',#469,1.);
#469 = DIRECTION('',(1.,0.,0.));
#470 = PCURVE('',#157,#471);
#471 = DEFINITIONAL_REPRESENTATION('',(#472),#475);
#472 = B_SPLINE_CURVE_WITH_KNOTS('',1,(#473,#474),.UNSPECIFIED.,.F.,.F.,
  (2,2),(0.,12.7),.PIECEWISE_BEZIER_KNOTS.);
#473 = CARTESIAN_POINT('',(0.,0.));
#474 = CARTESIAN_POINT('',(0.,-12.7));
#475 = ( GEOMETRIC_REPRESENTATION_CONTEXT(2) 
PARAMETRIC_REPRESENTATION_CONTEXT() REPRESENTATION_CONTEXT('2D SPACE',''
  ) );
#476 = PCURVE('',#157,#477);
#477 = DEFINITIONAL_REPRESENTATION('',(#478),#481);
#478 = B_SPLINE_CURVE_WITH_KNOTS('',1,(#479,#480),.UNSPECIFIED.,.F.,.F.,
  (2,2),(0.,12.7),.PIECEWISE_BEZIER_KNOTS.);
#479 = CARTESIAN_POINT('',(-6.28318530718,0.));
#480 = CARTESIAN_POINT('',(-6.28318530718,-12.7));
#481 = ( GEOMETRIC_REPRESENTATION_CONTEXT(2) 
PARAMETRIC_REPRESENTATION_CONTEXT() REPRESENTATION_CONTEXT('2D SPACE',''
  ) );
#482 = ORIENTED_EDGE('',*,*,#483,.T.);
#483 = EDGE_CURVE('',#463,#463,#484,.T.);
#484 = SURFACE_CURVE('',#485,(#490,#496),.PCURVE_S1.);
#485 = CIRCLE('',#486,2.0193);
#486 = AXIS2_PLACEMENT_3D('',#487,#488,#489);
#487 = CARTESIAN_POINT('',(-52.07,0.,-10.668));
#488 = DIRECTION('',(1.,0.,0.));
#489 = DIRECTION('',(0.,1.,0.));
#490 = PCURVE('',#157,#491);
#491 = DEFINITIONAL_REPRESENTATION('',(#492),#495);
#492 = B_SPLINE_CURVE_WITH_KNOTS('',1,(#493,#494),.UNSPECIFIED.,.F.,.F.,
  (2,2),(0.,6.28318530718),.PIECEWISE_BEZIER_KNOTS.);
#493 = CARTESIAN_POINT('',(0.,-12.7));
#494 = CARTESIAN_POINT('',(-6.28318530718,-12.7));
#495 = ( GEOMETRIC_REPRESENTATION_CONTEXT(2) 
PARAMETRIC_REPRESENTATION_CONTEXT() REPRESENTATION_CONTEXT('2D SPACE',''
  ) );
#496 = PCURVE('',#497,#502);
#497 = PLANE('',#498);
#498 = AXIS2_PLACEMENT_3D('',#499,#500,#501);
#499 = CARTESIAN_POINT('',(-52.07,-1.599949300123E-16,-10.668));
#500 = DIRECTION('',(1.,0.,0.));
#501 = DIRECTION('',(-0.,0.,1.));
#502 = DEFINITIONAL_REPRESENTATION('',(#503),#507);
#503 = CIRCLE('',#504,2.0193);
#504 = AXIS2_PLACEMENT_2D('',#505,#506);
#505 = CARTESIAN_POINT('',(0.,-1.599949300123E-16));
#506 = DIRECTION('',(0.,-1.));
#507 = ( GEOMETRIC_REPRESENTATION_CONTEXT(2) 
PARAMETRIC_REPRESENTATION_CONTEXT() REPRESENTATION_CONTEXT('2D SPACE',''
  ) );
#508 = ORIENTED_EDGE('',*,*,#462,.F.);
#509 = ORIENTED_EDGE('',*,*,#140,.F.);
#510 = ADVANCED_FACE('',(#511),#187,.F.);
#511 = FACE_BOUND('',#512,.T.);
#512 = EDGE_LOOP('',(#513,#534,#560,#561));
#513 = ORIENTED_EDGE('',*,*,#514,.T.);
#514 = EDGE_CURVE('',#171,#515,#517,.T.);
#515 = VERTEX_POINT('',#516);
#516 = CARTESIAN_POINT('',(-57.15,1.5875,-4.318));
#517 = SEAM_CURVE('',#518,(#522,#528),.PCURVE_S1.);
#518 = LINE('',#519,#520);
#519 = CARTESIAN_POINT('',(-64.77,1.5875,-4.318));
#520 = VECTOR('',#521,1.);
#521 = DIRECTION('',(1.,0.,0.));
#522 = PCURVE('',#187,#523);
#523 = DEFINITIONAL_REPRESENTATION('',(#524),#527);
#524 = B_SPLINE_CURVE_WITH_KNOTS('',1,(#525,#526),.UNSPECIFIED.,.F.,.F.,
  (2,2),(0.,7.62),.PIECEWISE_BEZIER_KNOTS.);
#525 = CARTESIAN_POINT('',(0.,0.));
#526 = CARTESIAN_POINT('',(0.,-7.62));
#527 = ( GEOMETRIC_REPRESENTATION_CONTEXT(2) 
PARAMETRIC_REPRESENTATION_CONTEXT() REPRESENTATION_CONTEXT('2D SPACE',''
  ) );
#528 = PCURVE('',#187,#529);
#529 = DEFINITIONAL_REPRESENTATION('',(#530),#533);
#530 = B_SPLINE_CURVE_WITH_KNOTS('',1,(#531,#532),.UNSPECIFIED.,.F.,.F.,
  (2,2),(0.,7.62),.PIECEWISE_BEZIER_KNOTS.);
#531 = CARTESIAN_POINT('',(-6.28318530718,0.));
#532 = CARTESIAN_POINT('',(-6.28318530718,-7.62));
#533 = ( GEOMETRIC_REPRESENTATION_CONTEXT(2) 
PARAMETRIC_REPRESENTATION_CONTEXT() REPRESENTATION_CONTEXT('2D SPACE',''
  ) );
#534 = ORIENTED_EDGE('',*,*,#535,.T.);
#535 = EDGE_CURVE('',#515,#515,#536,.T.);
#536 = SURFACE_CURVE('',#537,(#542,#548),.PCURVE_S1.);
#537 = CIRCLE('',#538,1.5875);
#538 = AXIS2_PLACEMENT_3D('',#539,#540,#541);
#539 = CARTESIAN_POINT('',(-57.15,0.,-4.318));
#540 = DIRECTION('',(1.,0.,0.));
#541 = DIRECTION('',(0.,1.,0.));
#542 = PCURVE('',#187,#543);
#543 = DEFINITIONAL_REPRESENTATION('',(#544),#547);
#544 = B_SPLINE_CURVE_WITH_KNOTS('',1,(#545,#546),.UNSPECIFIED.,.F.,.F.,
  (2,2),(0.,6.28318530718),.PIECEWISE_BEZIER_KNOTS.);
#545 = CARTESIAN_POINT('',(0.,-7.62));
#546 = CARTESIAN_POINT('',(-6.28318530718,-7.62));
#547 = ( GEOMETRIC_REPRESENTATION_CONTEXT(2) 
PARAMETRIC_REPRESENTATION_CONTEXT() REPRESENTATION_CONTEXT('2D SPACE',''
  ) );
#548 = PCURVE('',#549,#554);
#549 = PLANE('',#550);
#550 = AXIS2_PLACEMENT_3D('',#551,#552,#553);
#551 = CARTESIAN_POINT('',(-57.15,-1.356757006504E-16,-4.318));
#552 = DIRECTION('',(1.,0.,0.));
#553 = DIRECTION('',(-0.,0.,1.));
#554 = DEFINITIONAL_REPRESENTATION('',(#555),#559);
#555 = CIRCLE('',#556,1.5875);
#556 = AXIS2_PLACEMENT_2D('',#557,#558);
#557 = CARTESIAN_POINT('',(0.,-1.356757006504E-16));
#558 = DIRECTION('',(0.,-1.));
#559 = ( GEOMETRIC_REPRESENTATION_CONTEXT(2) 
PARAMETRIC_REPRESENTATION_CONTEXT() REPRESENTATION_CONTEXT('2D SPACE',''
  ) );
#560 = ORIENTED_EDGE('',*,*,#514,.F.);
#561 = ORIENTED_EDGE('',*,*,#170,.F.);
#562 = ADVANCED_FACE('',(#563),#217,.F.);
#563 = FACE_BOUND('',#564,.T.);
#564 = EDGE_LOOP('',(#565,#586,#612,#613));
#565 = ORIENTED_EDGE('',*,*,#566,.T.);
#566 = EDGE_CURVE('',#201,#567,#569,.T.);
#567 = VERTEX_POINT('',#568);
#568 = CARTESIAN_POINT('',(-57.15,1.5875,4.318));
#569 = SEAM_CURVE('',#570,(#574,#580),.PCURVE_S1.);
#570 = LINE('',#571,#572);
#571 = CARTESIAN_POINT('',(-64.77,1.5875,4.318));
#572 = VECTOR('',#573,1.);
#573 = DIRECTION('',(1.,0.,0.));
#574 = PCURVE('',#217,#575);
#575 = DEFINITIONAL_REPRESENTATION('',(#576),#579);
#576 = B_SPLINE_CURVE_WITH_KNOTS('',1,(#577,#578),.UNSPECIFIED.,.F.,.F.,
  (2,2),(0.,7.62),.PIECEWISE_BEZIER_KNOTS.);
#577 = CARTESIAN_POINT('',(0.,0.));
#578 = CARTESIAN_POINT('',(0.,-7.62));
#579 = ( GEOMETRIC_REPRESENTATION_CONTEXT(2) 
PARAMETRIC_REPRESENTATION_CONTEXT() REPRESENTATION_CONTEXT('2D SPACE',''
  ) );
#580 = PCURVE('',#217,#581);
#581 = DEFINITIONAL_REPRESENTATION('',(#582),#585);
#582 = B_SPLINE_CURVE_WITH_KNOTS('',1,(#583,#584),.UNSPECIFIED.,.F.,.F.,
  (2,2),(0.,7.62),.PIECEWISE_BEZIER_KNOTS.);
#583 = CARTESIAN_POINT('',(-6.28318530718,0.));
#584 = CARTESIAN_POINT('',(-6.28318530718,-7.62));
#585 = ( GEOMETRIC_REPRESENTATION_CONTEXT(2) 
PARAMETRIC_REPRESENTATION_CONTEXT() REPRESENTATION_CONTEXT('2D SPACE',''
  ) );
#586 = ORIENTED_EDGE('',*,*,#587,.T.);
#587 = EDGE_CURVE('',#567,#567,#588,.T.);
#588 = SURFACE_CURVE('',#589,(#594,#600),.PCURVE_S1.);
#589 = CIRCLE('',#590,1.5875);
#590 = AXIS2_PLACEMENT_3D('',#591,#592,#593);
#591 = CARTESIAN_POINT('',(-57.15,0.,4.318));
#592 = DIRECTION('',(1.,0.,0.));
#593 = DIRECTION('',(0.,1.,0.));
#594 = PCURVE('',#217,#595);
#595 = DEFINITIONAL_REPRESENTATION('',(#596),#599);
#596 = B_SPLINE_CURVE_WITH_KNOTS('',1,(#597,#598),.UNSPECIFIED.,.F.,.F.,
  (2,2),(0.,6.28318530718),.PIECEWISE_BEZIER_KNOTS.);
#597 = CARTESIAN_POINT('',(0.,-7.62));
#598 = CARTESIAN_POINT('',(-6.28318530718,-7.62));
#599 = ( GEOMETRIC_REPRESENTATION_CONTEXT(2) 
PARAMETRIC_REPRESENTATION_CONTEXT() REPRESENTATION_CONTEXT('2D SPACE',''
  ) );
#600 = PCURVE('',#601,#606);
#601 = PLANE('',#602);
#602 = AXIS2_PLACEMENT_3D('',#603,#604,#605);
#603 = CARTESIAN_POINT('',(-57.15,-1.356757006504E-16,4.318));
#604 = DIRECTION('',(1.,0.,0.));
#605 = DIRECTION('',(-0.,0.,1.));
#606 = DEFINITIONAL_REPRESENTATION('',(#607),#611);
#607 = CIRCLE('',#608,1.5875);
#608 = AXIS2_PLACEMENT_2D('',#609,#610);
#609 = CARTESIAN_POINT('',(0.,-1.356757006504E-16));
#610 = DIRECTION('',(0.,-1.));
#611 = ( GEOMETRIC_REPRESENTATION_CONTEXT(2) 
PARAMETRIC_REPRESENTATION_CONTEXT() REPRESENTATION_CONTEXT('2D SPACE',''
  ) );
#612 = ORIENTED_EDGE('',*,*,#566,.F.);
#613 = ORIENTED_EDGE('',*,*,#200,.F.);
#614 = ADVANCED_FACE('',(#615),#247,.F.);
#615 = FACE_BOUND('',#616,.T.);
#616 = EDGE_LOOP('',(#617,#638,#664,#665));
#617 = ORIENTED_EDGE('',*,*,#618,.T.);
#618 = EDGE_CURVE('',#231,#619,#621,.T.);
#619 = VERTEX_POINT('',#620);
#620 = CARTESIAN_POINT('',(-52.07,2.0193,10.668));
#621 = SEAM_CURVE('',#622,(#626,#632),.PCURVE_S1.);
#622 = LINE('',#623,#624);
#623 = CARTESIAN_POINT('',(-64.77,2.0193,10.668));
#624 = VECTOR('',#625,1.);
#625 = DIRECTION('',(1.,0.,0.));
#626 = PCURVE('',#247,#627);
#627 = DEFINITIONAL_REPRESENTATION('',(#628),#631);
#628 = B_SPLINE_CURVE_WITH_KNOTS('',1,(#629,#630),.UNSPECIFIED.,.F.,.F.,
  (2,2),(0.,12.7),.PIECEWISE_BEZIER_KNOTS.);
#629 = CARTESIAN_POINT('',(0.,0.));
#630 = CARTESIAN_POINT('',(0.,-12.7));
#631 = ( GEOMETRIC_REPRESENTATION_CONTEXT(2) 
PARAMETRIC_REPRESENTATION_CONTEXT() REPRESENTATION_CONTEXT('2D SPACE',''
  ) );
#632 = PCURVE('',#247,#633);
#633 = DEFINITIONAL_REPRESENTATION('',(#634),#637);
#634 = B_SPLINE_CURVE_WITH_KNOTS('',1,(#635,#636),.UNSPECIFIED.,.F.,.F.,
  (2,2),(0.,12.7),.PIECEWISE_BEZIER_KNOTS.);
#635 = CARTESIAN_POINT('',(-6.28318530718,0.));
#636 = CARTESIAN_POINT('',(-6.28318530718,-12.7));
#637 = ( GEOMETRIC_REPRESENTATION_CONTEXT(2) 
PARAMETRIC_REPRESENTATION_CONTEXT() REPRESENTATION_CONTEXT('2D SPACE',''
  ) );
#638 = ORIENTED_EDGE('',*,*,#639,.T.);
#639 = EDGE_CURVE('',#619,#619,#640,.T.);
#640 = SURFACE_CURVE('',#641,(#646,#652),.PCURVE_S1.);
#641 = CIRCLE('',#642,2.0193);
#642 = AXIS2_PLACEMENT_3D('',#643,#644,#645);
#643 = CARTESIAN_POINT('',(-52.07,0.,10.668));
#644 = DIRECTION('',(1.,0.,0.));
#645 = DIRECTION('',(0.,1.,0.));
#646 = PCURVE('',#247,#647);
#647 = DEFINITIONAL_REPRESENTATION('',(#648),#651);
#648 = B_SPLINE_CURVE_WITH_KNOTS('',1,(#649,#650),.UNSPECIFIED.,.F.,.F.,
  (2,2),(0.,6.28318530718),.PIECEWISE_BEZIER_KNOTS.);
#649 = CARTESIAN_POINT('',(0.,-12.7));
#650 = CARTESIAN_POINT('',(-6.28318530718,-12.7));
#651 = ( GEOMETRIC_REPRESENTATION_CONTEXT(2) 
PARAMETRIC_REPRESENTATION_CONTEXT() REPRESENTATION_CONTEXT('2D SPACE',''
  ) );
#652 = PCURVE('',#653,#658);
#653 = PLANE('',#654);
#654 = AXIS2_PLACEMENT_3D('',#655,#656,#657);
#655 = CARTESIAN_POINT('',(-52.07,-1.599949300123E-16,10.668));
#656 = DIRECTION('',(1.,0.,0.));
#657 = DIRECTION('',(-0.,0.,1.));
#658 = DEFINITIONAL_REPRESENTATION('',(#659),#663);
#659 = CIRCLE('',#660,2.0193);
#660 = AXIS2_PLACEMENT_2D('',#661,#662);
#661 = CARTESIAN_POINT('',(0.,-1.599949300123E-16));
#662 = DIRECTION('',(0.,-1.));
#663 = ( GEOMETRIC_REPRESENTATION_CONTEXT(2) 
PARAMETRIC_REPRESENTATION_CONTEXT() REPRESENTATION_CONTEXT('2D SPACE',''
  ) );
#664 = ORIENTED_EDGE('',*,*,#618,.F.);
#665 = ORIENTED_EDGE('',*,*,#230,.F.);
#666 = ADVANCED_FACE('',(#667,#673),#300,.T.);
#667 = FACE_BOUND('',#668,.T.);
#668 = EDGE_LOOP('',(#669,#670,#671,#672));
#669 = ORIENTED_EDGE('',*,*,#362,.F.);
#670 = ORIENTED_EDGE('',*,*,#284,.F.);
#671 = ORIENTED_EDGE('',*,*,#411,.F.);
#672 = ORIENTED_EDGE('',*,*,#435,.F.);
#673 = FACE_BOUND('',#674,.T.);
#674 = EDGE_LOOP('',(#675,#704,#731,#758));
#675 = ORIENTED_EDGE('',*,*,#676,.F.);
#676 = EDGE_CURVE('',#677,#679,#681,.T.);
#677 = VERTEX_POINT('',#678);
#678 = CARTESIAN_POINT('',(-45.72,-4.318,-8.001));
#679 = VERTEX_POINT('',#680);
#680 = CARTESIAN_POINT('',(-45.72,4.318,-8.001));
#681 = SURFACE_CURVE('',#682,(#686,#693),.PCURVE_S1.);
#682 = LINE('',#683,#684);
#683 = CARTESIAN_POINT('',(-45.72,-25.4,-8.001));
#684 = VECTOR('',#685,1.);
#685 = DIRECTION('',(0.,1.,0.));
#686 = PCURVE('',#300,#687);
#687 = DEFINITIONAL_REPRESENTATION('',(#688),#692);
#688 = LINE('',#689,#690);
#689 = CARTESIAN_POINT('',(-14.478,0.));
#690 = VECTOR('',#691,1.);
#691 = DIRECTION('',(0.,-1.));
#692 = ( GEOMETRIC_REPRESENTATION_CONTEXT(2) 
PARAMETRIC_REPRESENTATION_CONTEXT() REPRESENTATION_CONTEXT('2D SPACE',''
  ) );
#693 = PCURVE('',#694,#699);
#694 = CYLINDRICAL_SURFACE('',#695,1.524);
#695 = AXIS2_PLACEMENT_3D('',#696,#697,#698);
#696 = CARTESIAN_POINT('',(-44.196,-25.4,-8.001));
#697 = DIRECTION('',(0.,1.,0.));
#698 = DIRECTION('',(-1.,0.,0.));
#699 = DEFINITIONAL_REPRESENTATION('',(#700),#703);
#700 = B_SPLINE_CURVE_WITH_KNOTS('',1,(#701,#702),.UNSPECIFIED.,.F.,.F.,
  (2,2),(21.082,29.718),.PIECEWISE_BEZIER_KNOTS.);
#701 = CARTESIAN_POINT('',(0.,21.082));
#702 = CARTESIAN_POINT('',(0.,29.718));
#703 = ( GEOMETRIC_REPRESENTATION_CONTEXT(2) 
PARAMETRIC_REPRESENTATION_CONTEXT() REPRESENTATION_CONTEXT('2D SPACE',''
  ) );
#704 = ORIENTED_EDGE('',*,*,#705,.T.);
#705 = EDGE_CURVE('',#677,#706,#708,.T.);
#706 = VERTEX_POINT('',#707);
#707 = CARTESIAN_POINT('',(-45.72,-4.318,8.001));
#708 = SURFACE_CURVE('',#709,(#713,#720),.PCURVE_S1.);
#709 = LINE('',#710,#711);
#710 = CARTESIAN_POINT('',(-45.72,-4.318,-50.8));
#711 = VECTOR('',#712,1.);
#712 = DIRECTION('',(0.,0.,1.));
#713 = PCURVE('',#300,#714);
#714 = DEFINITIONAL_REPRESENTATION('',(#715),#719);
#715 = LINE('',#716,#717);
#716 = CARTESIAN_POINT('',(-57.277,-21.082));
#717 = VECTOR('',#718,1.);
#718 = DIRECTION('',(1.,0.));
#719 = ( GEOMETRIC_REPRESENTATION_CONTEXT(2) 
PARAMETRIC_REPRESENTATION_CONTEXT() REPRESENTATION_CONTEXT('2D SPACE',''
  ) );
#720 = PCURVE('',#721,#726);
#721 = CYLINDRICAL_SURFACE('',#722,1.524);
#722 = AXIS2_PLACEMENT_3D('',#723,#724,#725);
#723 = CARTESIAN_POINT('',(-44.196,-4.318,-50.8));
#724 = DIRECTION('',(0.,0.,1.));
#725 = DIRECTION('',(-1.,-0.,0.));
#726 = DEFINITIONAL_REPRESENTATION('',(#727),#730);
#727 = B_SPLINE_CURVE_WITH_KNOTS('',1,(#728,#729),.UNSPECIFIED.,.F.,.F.,
  (2,2),(42.799,58.801),.PIECEWISE_BEZIER_KNOTS.);
#728 = CARTESIAN_POINT('',(0.,42.799));
#729 = CARTESIAN_POINT('',(0.,58.801));
#730 = ( GEOMETRIC_REPRESENTATION_CONTEXT(2) 
PARAMETRIC_REPRESENTATION_CONTEXT() REPRESENTATION_CONTEXT('2D SPACE',''
  ) );
#731 = ORIENTED_EDGE('',*,*,#732,.T.);
#732 = EDGE_CURVE('',#706,#733,#735,.T.);
#733 = VERTEX_POINT('',#734);
#734 = CARTESIAN_POINT('',(-45.72,4.318,8.001));
#735 = SURFACE_CURVE('',#736,(#740,#747),.PCURVE_S1.);
#736 = LINE('',#737,#738);
#737 = CARTESIAN_POINT('',(-45.72,-25.4,8.001));
#738 = VECTOR('',#739,1.);
#739 = DIRECTION('',(0.,1.,0.));
#740 = PCURVE('',#300,#741);
#741 = DEFINITIONAL_REPRESENTATION('',(#742),#746);
#742 = LINE('',#743,#744);
#743 = CARTESIAN_POINT('',(1.524,0.));
#744 = VECTOR('',#745,1.);
#745 = DIRECTION('',(0.,-1.));
#746 = ( GEOMETRIC_REPRESENTATION_CONTEXT(2) 
PARAMETRIC_REPRESENTATION_CONTEXT() REPRESENTATION_CONTEXT('2D SPACE',''
  ) );
#747 = PCURVE('',#748,#753);
#748 = CYLINDRICAL_SURFACE('',#749,1.524);
#749 = AXIS2_PLACEMENT_3D('',#750,#751,#752);
#750 = CARTESIAN_POINT('',(-44.196,-25.4,8.001));
#751 = DIRECTION('',(0.,1.,0.));
#752 = DIRECTION('',(-1.,0.,0.));
#753 = DEFINITIONAL_REPRESENTATION('',(#754),#757);
#754 = B_SPLINE_CURVE_WITH_KNOTS('',1,(#755,#756),.UNSPECIFIED.,.F.,.F.,
  (2,2),(21.082,29.718),.PIECEWISE_BEZIER_KNOTS.);
#755 = CARTESIAN_POINT('',(0.,21.082));
#756 = CARTESIAN_POINT('',(0.,29.718));
#757 = ( GEOMETRIC_REPRESENTATION_CONTEXT(2) 
PARAMETRIC_REPRESENTATION_CONTEXT() REPRESENTATION_CONTEXT('2D SPACE',''
  ) );
#758 = ORIENTED_EDGE('',*,*,#759,.F.);
#759 = EDGE_CURVE('',#679,#733,#760,.T.);
#760 = SURFACE_CURVE('',#761,(#765,#772),.PCURVE_S1.);
#761 = LINE('',#762,#763);
#762 = CARTESIAN_POINT('',(-45.72,4.318,-50.8));
#763 = VECTOR('',#764,1.);
#764 = DIRECTION('',(0.,0.,1.));
#765 = PCURVE('',#300,#766);
#766 = DEFINITIONAL_REPRESENTATION('',(#767),#771);
#767 = LINE('',#768,#769);
#768 = CARTESIAN_POINT('',(-57.277,-29.718));
#769 = VECTOR('',#770,1.);
#770 = DIRECTION('',(1.,0.));
#771 = ( GEOMETRIC_REPRESENTATION_CONTEXT(2) 
PARAMETRIC_REPRESENTATION_CONTEXT() REPRESENTATION_CONTEXT('2D SPACE',''
  ) );
#772 = PCURVE('',#773,#778);
#773 = CYLINDRICAL_SURFACE('',#774,1.524);
#774 = AXIS2_PLACEMENT_3D('',#775,#776,#777);
#775 = CARTESIAN_POINT('',(-44.196,4.318,-50.8));
#776 = DIRECTION('',(0.,0.,1.));
#777 = DIRECTION('',(-1.,-0.,0.));
#778 = DEFINITIONAL_REPRESENTATION('',(#779),#782);
#779 = B_SPLINE_CURVE_WITH_KNOTS('',1,(#780,#781),.UNSPECIFIED.,.F.,.F.,
  (2,2),(42.799,58.801),.PIECEWISE_BEZIER_KNOTS.);
#780 = CARTESIAN_POINT('',(0.,42.799));
#781 = CARTESIAN_POINT('',(0.,58.801));
#782 = ( GEOMETRIC_REPRESENTATION_CONTEXT(2) 
PARAMETRIC_REPRESENTATION_CONTEXT() REPRESENTATION_CONTEXT('2D SPACE',''
  ) );
#783 = ADVANCED_FACE('',(#784),#497,.F.);
#784 = FACE_BOUND('',#785,.F.);
#785 = EDGE_LOOP('',(#786));
#786 = ORIENTED_EDGE('',*,*,#483,.T.);
#787 = ADVANCED_FACE('',(#788),#549,.F.);
#788 = FACE_BOUND('',#789,.F.);
#789 = EDGE_LOOP('',(#790));
#790 = ORIENTED_EDGE('',*,*,#535,.T.);
#791 = ADVANCED_FACE('',(#792),#601,.F.);
#792 = FACE_BOUND('',#793,.F.);
#793 = EDGE_LOOP('',(#794));
#794 = ORIENTED_EDGE('',*,*,#587,.T.);
#795 = ADVANCED_FACE('',(#796),#653,.F.);
#796 = FACE_BOUND('',#797,.F.);
#797 = EDGE_LOOP('',(#798));
#798 = ORIENTED_EDGE('',*,*,#639,.T.);
#799 = ADVANCED_FACE('',(#800),#694,.F.);
#800 = FACE_BOUND('',#801,.F.);
#801 = EDGE_LOOP('',(#802,#803,#835,#862));
#802 = ORIENTED_EDGE('',*,*,#676,.F.);
#803 = ORIENTED_EDGE('',*,*,#804,.T.);
#804 = EDGE_CURVE('',#677,#805,#807,.T.);
#805 = VERTEX_POINT('',#806);
#806 = CARTESIAN_POINT('',(-44.196,-2.794,-6.477));
#807 = SURFACE_CURVE('',#808,(#813,#824),.PCURVE_S1.);
#808 = ELLIPSE('',#809,2.155261469057,1.524);
#809 = AXIS2_PLACEMENT_3D('',#810,#811,#812);
#810 = CARTESIAN_POINT('',(-44.196,-4.318,-8.001));
#811 = DIRECTION('',(0.,0.707106781187,-0.707106781187));
#812 = DIRECTION('',(0.,0.707106781187,0.707106781187));
#813 = PCURVE('',#694,#814);
#814 = DEFINITIONAL_REPRESENTATION('',(#815),#823);
#815 = B_SPLINE_CURVE_WITH_KNOTS('',6,(#816,#817,#818,#819,#820,#821,
    #822),.UNSPECIFIED.,.F.,.F.,(7,7),(4.712388980385,6.28318530718),
  .PIECEWISE_BEZIER_KNOTS.);
#816 = CARTESIAN_POINT('',(0.,21.082));
#817 = CARTESIAN_POINT('',(0.261799387799,21.480982267006));
#818 = CARTESIAN_POINT('',(0.523598775598,21.879934058032));
#819 = CARTESIAN_POINT('',(0.785398163397,22.229860978715));
#820 = CARTESIAN_POINT('',(1.047197551197,22.480682421944));
#821 = CARTESIAN_POINT('',(1.308996938996,22.606));
#822 = CARTESIAN_POINT('',(1.570796326795,22.606));
#823 = ( GEOMETRIC_REPRESENTATION_CONTEXT(2) 
PARAMETRIC_REPRESENTATION_CONTEXT() REPRESENTATION_CONTEXT('2D SPACE',''
  ) );
#824 = PCURVE('',#721,#825);
#825 = DEFINITIONAL_REPRESENTATION('',(#826),#834);
#826 = B_SPLINE_CURVE_WITH_KNOTS('',6,(#827,#828,#829,#830,#831,#832,
    #833),.UNSPECIFIED.,.F.,.F.,(7,7),(4.712388980385,6.28318530718),
  .PIECEWISE_BEZIER_KNOTS.);
#827 = CARTESIAN_POINT('',(-9.251858538543E-16,42.799));
#828 = CARTESIAN_POINT('',(-0.261799387799,43.197982267006));
#829 = CARTESIAN_POINT('',(-0.523598775598,43.596934058034));
#830 = CARTESIAN_POINT('',(-0.785398163397,43.94686097871));
#831 = CARTESIAN_POINT('',(-1.047197551197,44.197682421945));
#832 = CARTESIAN_POINT('',(-1.308996938996,44.323));
#833 = CARTESIAN_POINT('',(-1.570796326795,44.323));
#834 = ( GEOMETRIC_REPRESENTATION_CONTEXT(2) 
PARAMETRIC_REPRESENTATION_CONTEXT() REPRESENTATION_CONTEXT('2D SPACE',''
  ) );
#835 = ORIENTED_EDGE('',*,*,#836,.T.);
#836 = EDGE_CURVE('',#805,#837,#839,.T.);
#837 = VERTEX_POINT('',#838);
#838 = CARTESIAN_POINT('',(-44.196,2.794,-6.477));
#839 = SURFACE_CURVE('',#840,(#844,#850),.PCURVE_S1.);
#840 = LINE('',#841,#842);
#841 = CARTESIAN_POINT('',(-44.196,-25.4,-6.477));
#842 = VECTOR('',#843,1.);
#843 = DIRECTION('',(0.,1.,0.));
#844 = PCURVE('',#694,#845);
#845 = DEFINITIONAL_REPRESENTATION('',(#846),#849);
#846 = B_SPLINE_CURVE_WITH_KNOTS('',1,(#847,#848),.UNSPECIFIED.,.F.,.F.,
  (2,2),(22.606,28.194),.PIECEWISE_BEZIER_KNOTS.);
#847 = CARTESIAN_POINT('',(1.570796326795,22.606));
#848 = CARTESIAN_POINT('',(1.570796326795,28.194));
#849 = ( GEOMETRIC_REPRESENTATION_CONTEXT(2) 
PARAMETRIC_REPRESENTATION_CONTEXT() REPRESENTATION_CONTEXT('2D SPACE',''
  ) );
#850 = PCURVE('',#851,#856);
#851 = PLANE('',#852);
#852 = AXIS2_PLACEMENT_3D('',#853,#854,#855);
#853 = CARTESIAN_POINT('',(-45.72,-25.4,-6.477));
#854 = DIRECTION('',(0.,0.,1.));
#855 = DIRECTION('',(1.,0.,0.));
#856 = DEFINITIONAL_REPRESENTATION('',(#857),#861);
#857 = LINE('',#858,#859);
#858 = CARTESIAN_POINT('',(1.524,0.));
#859 = VECTOR('',#860,1.);
#860 = DIRECTION('',(0.,1.));
#861 = ( GEOMETRIC_REPRESENTATION_CONTEXT(2) 
PARAMETRIC_REPRESENTATION_CONTEXT() REPRESENTATION_CONTEXT('2D SPACE',''
  ) );
#862 = ORIENTED_EDGE('',*,*,#863,.F.);
#863 = EDGE_CURVE('',#679,#837,#864,.T.);
#864 = SURFACE_CURVE('',#865,(#870,#881),.PCURVE_S1.);
#865 = ELLIPSE('',#866,2.155261469057,1.524);
#866 = AXIS2_PLACEMENT_3D('',#867,#868,#869);
#867 = CARTESIAN_POINT('',(-44.196,4.318,-8.001));
#868 = DIRECTION('',(0.,0.707106781187,0.707106781187));
#869 = DIRECTION('',(0.,0.707106781187,-0.707106781187));
#870 = PCURVE('',#694,#871);
#871 = DEFINITIONAL_REPRESENTATION('',(#872),#880);
#872 = B_SPLINE_CURVE_WITH_KNOTS('',6,(#873,#874,#875,#876,#877,#878,
    #879),.UNSPECIFIED.,.F.,.F.,(7,7),(1.570796326795,3.14159265359),
  .PIECEWISE_BEZIER_KNOTS.);
#873 = CARTESIAN_POINT('',(0.,29.718));
#874 = CARTESIAN_POINT('',(0.261799387799,29.319017732994));
#875 = CARTESIAN_POINT('',(0.523598775598,28.920065941967));
#876 = CARTESIAN_POINT('',(0.785398163397,28.570139021285));
#877 = CARTESIAN_POINT('',(1.047197551197,28.319317578055));
#878 = CARTESIAN_POINT('',(1.308996938996,28.194));
#879 = CARTESIAN_POINT('',(1.570796326795,28.194));
#880 = ( GEOMETRIC_REPRESENTATION_CONTEXT(2) 
PARAMETRIC_REPRESENTATION_CONTEXT() REPRESENTATION_CONTEXT('2D SPACE',''
  ) );
#881 = PCURVE('',#773,#882);
#882 = DEFINITIONAL_REPRESENTATION('',(#883),#891);
#883 = B_SPLINE_CURVE_WITH_KNOTS('',6,(#884,#885,#886,#887,#888,#889,
    #890),.UNSPECIFIED.,.F.,.F.,(7,7),(1.570796326795,3.14159265359),
  .PIECEWISE_BEZIER_KNOTS.);
#884 = CARTESIAN_POINT('',(9.251858538543E-16,42.799));
#885 = CARTESIAN_POINT('',(0.261799387799,43.197982267006));
#886 = CARTESIAN_POINT('',(0.523598775598,43.596934058034));
#887 = CARTESIAN_POINT('',(0.785398163397,43.94686097871));
#888 = CARTESIAN_POINT('',(1.047197551197,44.197682421945));
#889 = CARTESIAN_POINT('',(1.308996938996,44.323));
#890 = CARTESIAN_POINT('',(1.570796326795,44.323));
#891 = ( GEOMETRIC_REPRESENTATION_CONTEXT(2) 
PARAMETRIC_REPRESENTATION_CONTEXT() REPRESENTATION_CONTEXT('2D SPACE',''
  ) );
#892 = ADVANCED_FACE('',(#893),#721,.F.);
#893 = FACE_BOUND('',#894,.T.);
#894 = EDGE_LOOP('',(#895,#896,#923,#953));
#895 = ORIENTED_EDGE('',*,*,#804,.T.);
#896 = ORIENTED_EDGE('',*,*,#897,.T.);
#897 = EDGE_CURVE('',#805,#898,#900,.T.);
#898 = VERTEX_POINT('',#899);
#899 = CARTESIAN_POINT('',(-44.196,-2.794,6.477));
#900 = SURFACE_CURVE('',#901,(#905,#911),.PCURVE_S1.);
#901 = LINE('',#902,#903);
#902 = CARTESIAN_POINT('',(-44.196,-2.794,-50.8));
#903 = VECTOR('',#904,1.);
#904 = DIRECTION('',(0.,0.,1.));
#905 = PCURVE('',#721,#906);
#906 = DEFINITIONAL_REPRESENTATION('',(#907),#910);
#907 = B_SPLINE_CURVE_WITH_KNOTS('',1,(#908,#909),.UNSPECIFIED.,.F.,.F.,
  (2,2),(44.323,57.277),.PIECEWISE_BEZIER_KNOTS.);
#908 = CARTESIAN_POINT('',(-1.570796326795,44.323));
#909 = CARTESIAN_POINT('',(-1.570796326795,57.277));
#910 = ( GEOMETRIC_REPRESENTATION_CONTEXT(2) 
PARAMETRIC_REPRESENTATION_CONTEXT() REPRESENTATION_CONTEXT('2D SPACE',''
  ) );
#911 = PCURVE('',#912,#917);
#912 = PLANE('',#913);
#913 = AXIS2_PLACEMENT_3D('',#914,#915,#916);
#914 = CARTESIAN_POINT('',(-45.72,-2.794,-50.8));
#915 = DIRECTION('',(0.,1.,0.));
#916 = DIRECTION('',(0.,0.,1.));
#917 = DEFINITIONAL_REPRESENTATION('',(#918),#922);
#918 = LINE('',#919,#920);
#919 = CARTESIAN_POINT('',(0.,1.524));
#920 = VECTOR('',#921,1.);
#921 = DIRECTION('',(1.,0.));
#922 = ( GEOMETRIC_REPRESENTATION_CONTEXT(2) 
PARAMETRIC_REPRESENTATION_CONTEXT() REPRESENTATION_CONTEXT('2D SPACE',''
  ) );
#923 = ORIENTED_EDGE('',*,*,#924,.T.);
#924 = EDGE_CURVE('',#898,#706,#925,.T.);
#925 = SURFACE_CURVE('',#926,(#931,#942),.PCURVE_S1.);
#926 = ELLIPSE('',#927,2.155261469057,1.524);
#927 = AXIS2_PLACEMENT_3D('',#928,#929,#930);
#928 = CARTESIAN_POINT('',(-44.196,-4.318,8.001));
#929 = DIRECTION('',(0.,0.707106781187,0.707106781187));
#930 = DIRECTION('',(0.,0.707106781187,-0.707106781187));
#931 = PCURVE('',#721,#932);
#932 = DEFINITIONAL_REPRESENTATION('',(#933),#941);
#933 = B_SPLINE_CURVE_WITH_KNOTS('',6,(#934,#935,#936,#937,#938,#939,
    #940),.UNSPECIFIED.,.F.,.F.,(7,7),(0.,1.570796326795),
  .PIECEWISE_BEZIER_KNOTS.);
#934 = CARTESIAN_POINT('',(-1.570796326795,57.277));
#935 = CARTESIAN_POINT('',(-1.308996938996,57.277));
#936 = CARTESIAN_POINT('',(-1.047197551197,57.402317578057));
#937 = CARTESIAN_POINT('',(-0.785398163397,57.653139021282));
#938 = CARTESIAN_POINT('',(-0.523598775598,58.003065941968));
#939 = CARTESIAN_POINT('',(-0.261799387799,58.402017732994));
#940 = CARTESIAN_POINT('',(-9.251858538543E-16,58.801));
#941 = ( GEOMETRIC_REPRESENTATION_CONTEXT(2) 
PARAMETRIC_REPRESENTATION_CONTEXT() REPRESENTATION_CONTEXT('2D SPACE',''
  ) );
#942 = PCURVE('',#748,#943);
#943 = DEFINITIONAL_REPRESENTATION('',(#944),#952);
#944 = B_SPLINE_CURVE_WITH_KNOTS('',6,(#945,#946,#947,#948,#949,#950,
    #951),.UNSPECIFIED.,.F.,.F.,(7,7),(0.,1.570796326795),
  .PIECEWISE_BEZIER_KNOTS.);
#945 = CARTESIAN_POINT('',(-1.570796326795,22.606));
#946 = CARTESIAN_POINT('',(-1.308996938996,22.606));
#947 = CARTESIAN_POINT('',(-1.047197551197,22.480682421945));
#948 = CARTESIAN_POINT('',(-0.785398163397,22.229860978713));
#949 = CARTESIAN_POINT('',(-0.523598775598,21.879934058033));
#950 = CARTESIAN_POINT('',(-0.261799387799,21.480982267006));
#951 = CARTESIAN_POINT('',(0.,21.082));
#952 = ( GEOMETRIC_REPRESENTATION_CONTEXT(2) 
PARAMETRIC_REPRESENTATION_CONTEXT() REPRESENTATION_CONTEXT('2D SPACE',''
  ) );
#953 = ORIENTED_EDGE('',*,*,#705,.F.);
#954 = ADVANCED_FACE('',(#955),#748,.F.);
#955 = FACE_BOUND('',#956,.T.);
#956 = EDGE_LOOP('',(#957,#958,#959,#986));
#957 = ORIENTED_EDGE('',*,*,#732,.F.);
#958 = ORIENTED_EDGE('',*,*,#924,.F.);
#959 = ORIENTED_EDGE('',*,*,#960,.T.);
#960 = EDGE_CURVE('',#898,#961,#963,.T.);
#961 = VERTEX_POINT('',#962);
#962 = CARTESIAN_POINT('',(-44.196,2.794,6.477));
#963 = SURFACE_CURVE('',#964,(#968,#974),.PCURVE_S1.);
#964 = LINE('',#965,#966);
#965 = CARTESIAN_POINT('',(-44.196,-25.4,6.477));
#966 = VECTOR('',#967,1.);
#967 = DIRECTION('',(0.,1.,0.));
#968 = PCURVE('',#748,#969);
#969 = DEFINITIONAL_REPRESENTATION('',(#970),#973);
#970 = B_SPLINE_CURVE_WITH_KNOTS('',1,(#971,#972),.UNSPECIFIED.,.F.,.F.,
  (2,2),(22.606,28.194),.PIECEWISE_BEZIER_KNOTS.);
#971 = CARTESIAN_POINT('',(-1.570796326795,22.606));
#972 = CARTESIAN_POINT('',(-1.570796326795,28.194));
#973 = ( GEOMETRIC_REPRESENTATION_CONTEXT(2) 
PARAMETRIC_REPRESENTATION_CONTEXT() REPRESENTATION_CONTEXT('2D SPACE',''
  ) );
#974 = PCURVE('',#975,#980);
#975 = PLANE('',#976);
#976 = AXIS2_PLACEMENT_3D('',#977,#978,#979);
#977 = CARTESIAN_POINT('',(-45.72,-25.4,6.477));
#978 = DIRECTION('',(0.,0.,1.));
#979 = DIRECTION('',(1.,0.,0.));
#980 = DEFINITIONAL_REPRESENTATION('',(#981),#985);
#981 = LINE('',#982,#983);
#982 = CARTESIAN_POINT('',(1.524,0.));
#983 = VECTOR('',#984,1.);
#984 = DIRECTION('',(0.,1.));
#985 = ( GEOMETRIC_REPRESENTATION_CONTEXT(2) 
PARAMETRIC_REPRESENTATION_CONTEXT() REPRESENTATION_CONTEXT('2D SPACE',''
  ) );
#986 = ORIENTED_EDGE('',*,*,#987,.T.);
#987 = EDGE_CURVE('',#961,#733,#988,.T.);
#988 = SURFACE_CURVE('',#989,(#994,#1005),.PCURVE_S1.);
#989 = ELLIPSE('',#990,2.155261469057,1.524);
#990 = AXIS2_PLACEMENT_3D('',#991,#992,#993);
#991 = CARTESIAN_POINT('',(-44.196,4.318,8.001));
#992 = DIRECTION('',(0.,0.707106781187,-0.707106781187));
#993 = DIRECTION('',(0.,0.707106781187,0.707106781187));
#994 = PCURVE('',#748,#995);
#995 = DEFINITIONAL_REPRESENTATION('',(#996),#1004);
#996 = B_SPLINE_CURVE_WITH_KNOTS('',6,(#997,#998,#999,#1000,#1001,#1002,
    #1003),.UNSPECIFIED.,.F.,.F.,(7,7),(3.14159265359,4.712388980385),
  .PIECEWISE_BEZIER_KNOTS.);
#997 = CARTESIAN_POINT('',(-1.570796326795,28.194));
#998 = CARTESIAN_POINT('',(-1.308996938996,28.194));
#999 = CARTESIAN_POINT('',(-1.047197551197,28.319317578056));
#1000 = CARTESIAN_POINT('',(-0.785398163397,28.570139021284));
#1001 = CARTESIAN_POINT('',(-0.523598775598,28.920065941968));
#1002 = CARTESIAN_POINT('',(-0.261799387799,29.319017732994));
#1003 = CARTESIAN_POINT('',(0.,29.718));
#1004 = ( GEOMETRIC_REPRESENTATION_CONTEXT(2) 
PARAMETRIC_REPRESENTATION_CONTEXT() REPRESENTATION_CONTEXT('2D SPACE',''
  ) );
#1005 = PCURVE('',#773,#1006);
#1006 = DEFINITIONAL_REPRESENTATION('',(#1007),#1015);
#1007 = B_SPLINE_CURVE_WITH_KNOTS('',6,(#1008,#1009,#1010,#1011,#1012,
    #1013,#1014),.UNSPECIFIED.,.F.,.F.,(7,7),(3.14159265359,
    4.712388980385),.PIECEWISE_BEZIER_KNOTS.);
#1008 = CARTESIAN_POINT('',(1.570796326795,57.277));
#1009 = CARTESIAN_POINT('',(1.308996938996,57.277));
#1010 = CARTESIAN_POINT('',(1.047197551197,57.402317578057));
#1011 = CARTESIAN_POINT('',(0.785398163397,57.653139021282));
#1012 = CARTESIAN_POINT('',(0.523598775598,58.003065941968));
#1013 = CARTESIAN_POINT('',(0.261799387799,58.402017732994));
#1014 = CARTESIAN_POINT('',(9.251858538543E-16,58.801));
#1015 = ( GEOMETRIC_REPRESENTATION_CONTEXT(2) 
PARAMETRIC_REPRESENTATION_CONTEXT() REPRESENTATION_CONTEXT('2D SPACE',''
  ) );
#1016 = ADVANCED_FACE('',(#1017),#773,.F.);
#1017 = FACE_BOUND('',#1018,.F.);
#1018 = EDGE_LOOP('',(#1019,#1020,#1045,#1046));
#1019 = ORIENTED_EDGE('',*,*,#863,.T.);
#1020 = ORIENTED_EDGE('',*,*,#1021,.T.);
#1021 = EDGE_CURVE('',#837,#961,#1022,.T.);
#1022 = SURFACE_CURVE('',#1023,(#1027,#1033),.PCURVE_S1.);
#1023 = LINE('',#1024,#1025);
#1024 = CARTESIAN_POINT('',(-44.196,2.794,-50.8));
#1025 = VECTOR('',#1026,1.);
#1026 = DIRECTION('',(0.,0.,1.));
#1027 = PCURVE('',#773,#1028);
#1028 = DEFINITIONAL_REPRESENTATION('',(#1029),#1032);
#1029 = B_SPLINE_CURVE_WITH_KNOTS('',1,(#1030,#1031),.UNSPECIFIED.,.F.,
  .F.,(2,2),(44.323,57.277),.PIECEWISE_BEZIER_KNOTS.);
#1030 = CARTESIAN_POINT('',(1.570796326795,44.323));
#1031 = CARTESIAN_POINT('',(1.570796326795,57.277));
#1032 = ( GEOMETRIC_REPRESENTATION_CONTEXT(2) 
PARAMETRIC_REPRESENTATION_CONTEXT() REPRESENTATION_CONTEXT('2D SPACE',''
  ) );
#1033 = PCURVE('',#1034,#1039);
#1034 = PLANE('',#1035);
#1035 = AXIS2_PLACEMENT_3D('',#1036,#1037,#1038);
#1036 = CARTESIAN_POINT('',(-45.72,2.794,-50.8));
#1037 = DIRECTION('',(0.,1.,0.));
#1038 = DIRECTION('',(0.,0.,1.));
#1039 = DEFINITIONAL_REPRESENTATION('',(#1040),#1044);
#1040 = LINE('',#1041,#1042);
#1041 = CARTESIAN_POINT('',(0.,1.524));
#1042 = VECTOR('',#1043,1.);
#1043 = DIRECTION('',(1.,0.));
#1044 = ( GEOMETRIC_REPRESENTATION_CONTEXT(2) 
PARAMETRIC_REPRESENTATION_CONTEXT() REPRESENTATION_CONTEXT('2D SPACE',''
  ) );
#1045 = ORIENTED_EDGE('',*,*,#987,.T.);
#1046 = ORIENTED_EDGE('',*,*,#759,.F.);
#1047 = ADVANCED_FACE('',(#1048),#851,.F.);
#1048 = FACE_BOUND('',#1049,.F.);
#1049 = EDGE_LOOP('',(#1050,#1079,#1100,#1101));
#1050 = ORIENTED_EDGE('',*,*,#1051,.T.);
#1051 = EDGE_CURVE('',#1052,#1054,#1056,.T.);
#1052 = VERTEX_POINT('',#1053);
#1053 = CARTESIAN_POINT('',(-24.384,-2.794,-6.477));
#1054 = VERTEX_POINT('',#1055);
#1055 = CARTESIAN_POINT('',(-24.384,2.794,-6.477));
#1056 = SURFACE_CURVE('',#1057,(#1061,#1068),.PCURVE_S1.);
#1057 = LINE('',#1058,#1059);
#1058 = CARTESIAN_POINT('',(-24.384,-25.4,-6.477));
#1059 = VECTOR('',#1060,1.);
#1060 = DIRECTION('',(0.,1.,0.));
#1061 = PCURVE('',#851,#1062);
#1062 = DEFINITIONAL_REPRESENTATION('',(#1063),#1067);
#1063 = LINE('',#1064,#1065);
#1064 = CARTESIAN_POINT('',(21.336,0.));
#1065 = VECTOR('',#1066,1.);
#1066 = DIRECTION('',(0.,1.));
#1067 = ( GEOMETRIC_REPRESENTATION_CONTEXT(2) 
PARAMETRIC_REPRESENTATION_CONTEXT() REPRESENTATION_CONTEXT('2D SPACE',''
  ) );
#1068 = PCURVE('',#1069,#1074);
#1069 = CYLINDRICAL_SURFACE('',#1070,1.524);
#1070 = AXIS2_PLACEMENT_3D('',#1071,#1072,#1073);
#1071 = CARTESIAN_POINT('',(-24.384,-25.4,-8.001));
#1072 = DIRECTION('',(0.,1.,0.));
#1073 = DIRECTION('',(1.,0.,-0.));
#1074 = DEFINITIONAL_REPRESENTATION('',(#1075),#1078);
#1075 = B_SPLINE_CURVE_WITH_KNOTS('',1,(#1076,#1077),.UNSPECIFIED.,.F.,
  .F.,(2,2),(22.606,28.194),.PIECEWISE_BEZIER_KNOTS.);
#1076 = CARTESIAN_POINT('',(-1.570796326795,22.606));
#1077 = CARTESIAN_POINT('',(-1.570796326795,28.194));
#1078 = ( GEOMETRIC_REPRESENTATION_CONTEXT(2) 
PARAMETRIC_REPRESENTATION_CONTEXT() REPRESENTATION_CONTEXT('2D SPACE',''
  ) );
#1079 = ORIENTED_EDGE('',*,*,#1080,.T.);
#1080 = EDGE_CURVE('',#1054,#837,#1081,.T.);
#1081 = SURFACE_CURVE('',#1082,(#1086,#1093),.PCURVE_S1.);
#1082 = LINE('',#1083,#1084);
#1083 = CARTESIAN_POINT('',(-45.72,2.794,-6.477));
#1084 = VECTOR('',#1085,1.);
#1085 = DIRECTION('',(-1.,0.,0.));
#1086 = PCURVE('',#851,#1087);
#1087 = DEFINITIONAL_REPRESENTATION('',(#1088),#1092);
#1088 = LINE('',#1089,#1090);
#1089 = CARTESIAN_POINT('',(0.,28.194));
#1090 = VECTOR('',#1091,1.);
#1091 = DIRECTION('',(-1.,0.));
#1092 = ( GEOMETRIC_REPRESENTATION_CONTEXT(2) 
PARAMETRIC_REPRESENTATION_CONTEXT() REPRESENTATION_CONTEXT('2D SPACE',''
  ) );
#1093 = PCURVE('',#1034,#1094);
#1094 = DEFINITIONAL_REPRESENTATION('',(#1095),#1099);
#1095 = LINE('',#1096,#1097);
#1096 = CARTESIAN_POINT('',(44.323,0.));
#1097 = VECTOR('',#1098,1.);
#1098 = DIRECTION('',(0.,-1.));
#1099 = ( GEOMETRIC_REPRESENTATION_CONTEXT(2) 
PARAMETRIC_REPRESENTATION_CONTEXT() REPRESENTATION_CONTEXT('2D SPACE',''
  ) );
#1100 = ORIENTED_EDGE('',*,*,#836,.F.);
#1101 = ORIENTED_EDGE('',*,*,#1102,.F.);
#1102 = EDGE_CURVE('',#1052,#805,#1103,.T.);
#1103 = SURFACE_CURVE('',#1104,(#1108,#1115),.PCURVE_S1.);
#1104 = LINE('',#1105,#1106);
#1105 = CARTESIAN_POINT('',(-45.72,-2.794,-6.477));
#1106 = VECTOR('',#1107,1.);
#1107 = DIRECTION('',(-1.,0.,0.));
#1108 = PCURVE('',#851,#1109);
#1109 = DEFINITIONAL_REPRESENTATION('',(#1110),#1114);
#1110 = LINE('',#1111,#1112);
#1111 = CARTESIAN_POINT('',(0.,22.606));
#1112 = VECTOR('',#1113,1.);
#1113 = DIRECTION('',(-1.,0.));
#1114 = ( GEOMETRIC_REPRESENTATION_CONTEXT(2) 
PARAMETRIC_REPRESENTATION_CONTEXT() REPRESENTATION_CONTEXT('2D SPACE',''
  ) );
#1115 = PCURVE('',#912,#1116);
#1116 = DEFINITIONAL_REPRESENTATION('',(#1117),#1121);
#1117 = LINE('',#1118,#1119);
#1118 = CARTESIAN_POINT('',(44.323,0.));
#1119 = VECTOR('',#1120,1.);
#1120 = DIRECTION('',(0.,-1.));
#1121 = ( GEOMETRIC_REPRESENTATION_CONTEXT(2) 
PARAMETRIC_REPRESENTATION_CONTEXT() REPRESENTATION_CONTEXT('2D SPACE',''
  ) );
#1122 = ADVANCED_FACE('',(#1123),#912,.F.);
#1123 = FACE_BOUND('',#1124,.F.);
#1124 = EDGE_LOOP('',(#1125,#1126,#1127,#1150));
#1125 = ORIENTED_EDGE('',*,*,#1102,.T.);
#1126 = ORIENTED_EDGE('',*,*,#897,.T.);
#1127 = ORIENTED_EDGE('',*,*,#1128,.F.);
#1128 = EDGE_CURVE('',#1129,#898,#1131,.T.);
#1129 = VERTEX_POINT('',#1130);
#1130 = CARTESIAN_POINT('',(-24.384,-2.794,6.477));
#1131 = SURFACE_CURVE('',#1132,(#1136,#1143),.PCURVE_S1.);
#1132 = LINE('',#1133,#1134);
#1133 = CARTESIAN_POINT('',(-45.72,-2.794,6.477));
#1134 = VECTOR('',#1135,1.);
#1135 = DIRECTION('',(-1.,0.,0.));
#1136 = PCURVE('',#912,#1137);
#1137 = DEFINITIONAL_REPRESENTATION('',(#1138),#1142);
#1138 = LINE('',#1139,#1140);
#1139 = CARTESIAN_POINT('',(57.277,0.));
#1140 = VECTOR('',#1141,1.);
#1141 = DIRECTION('',(0.,-1.));
#1142 = ( GEOMETRIC_REPRESENTATION_CONTEXT(2) 
PARAMETRIC_REPRESENTATION_CONTEXT() REPRESENTATION_CONTEXT('2D SPACE',''
  ) );
#1143 = PCURVE('',#975,#1144);
#1144 = DEFINITIONAL_REPRESENTATION('',(#1145),#1149);
#1145 = LINE('',#1146,#1147);
#1146 = CARTESIAN_POINT('',(0.,22.606));
#1147 = VECTOR('',#1148,1.);
#1148 = DIRECTION('',(-1.,0.));
#1149 = ( GEOMETRIC_REPRESENTATION_CONTEXT(2) 
PARAMETRIC_REPRESENTATION_CONTEXT() REPRESENTATION_CONTEXT('2D SPACE',''
  ) );
#1150 = ORIENTED_EDGE('',*,*,#1151,.F.);
#1151 = EDGE_CURVE('',#1052,#1129,#1152,.T.);
#1152 = SURFACE_CURVE('',#1153,(#1157,#1164),.PCURVE_S1.);
#1153 = LINE('',#1154,#1155);
#1154 = CARTESIAN_POINT('',(-24.384,-2.794,-50.8));
#1155 = VECTOR('',#1156,1.);
#1156 = DIRECTION('',(0.,0.,1.));
#1157 = PCURVE('',#912,#1158);
#1158 = DEFINITIONAL_REPRESENTATION('',(#1159),#1163);
#1159 = LINE('',#1160,#1161);
#1160 = CARTESIAN_POINT('',(0.,21.336));
#1161 = VECTOR('',#1162,1.);
#1162 = DIRECTION('',(1.,0.));
#1163 = ( GEOMETRIC_REPRESENTATION_CONTEXT(2) 
PARAMETRIC_REPRESENTATION_CONTEXT() REPRESENTATION_CONTEXT('2D SPACE',''
  ) );
#1164 = PCURVE('',#1165,#1170);
#1165 = CYLINDRICAL_SURFACE('',#1166,1.524);
#1166 = AXIS2_PLACEMENT_3D('',#1167,#1168,#1169);
#1167 = CARTESIAN_POINT('',(-24.384,-4.318,-50.8));
#1168 = DIRECTION('',(0.,0.,1.));
#1169 = DIRECTION('',(1.,0.,-0.));
#1170 = DEFINITIONAL_REPRESENTATION('',(#1171),#1174);
#1171 = B_SPLINE_CURVE_WITH_KNOTS('',1,(#1172,#1173),.UNSPECIFIED.,.F.,
  .F.,(2,2),(44.323,57.277),.PIECEWISE_BEZIER_KNOTS.);
#1172 = CARTESIAN_POINT('',(1.570796326795,44.323));
#1173 = CARTESIAN_POINT('',(1.570796326795,57.277));
#1174 = ( GEOMETRIC_REPRESENTATION_CONTEXT(2) 
PARAMETRIC_REPRESENTATION_CONTEXT() REPRESENTATION_CONTEXT('2D SPACE',''
  ) );
#1175 = ADVANCED_FACE('',(#1176),#975,.T.);
#1176 = FACE_BOUND('',#1177,.T.);
#1177 = EDGE_LOOP('',(#1178,#1205,#1226,#1227));
#1178 = ORIENTED_EDGE('',*,*,#1179,.T.);
#1179 = EDGE_CURVE('',#1129,#1180,#1182,.T.);
#1180 = VERTEX_POINT('',#1181);
#1181 = CARTESIAN_POINT('',(-24.384,2.794,6.477));
#1182 = SURFACE_CURVE('',#1183,(#1187,#1194),.PCURVE_S1.);
#1183 = LINE('',#1184,#1185);
#1184 = CARTESIAN_POINT('',(-24.384,-25.4,6.477));
#1185 = VECTOR('',#1186,1.);
#1186 = DIRECTION('',(0.,1.,0.));
#1187 = PCURVE('',#975,#1188);
#1188 = DEFINITIONAL_REPRESENTATION('',(#1189),#1193);
#1189 = LINE('',#1190,#1191);
#1190 = CARTESIAN_POINT('',(21.336,0.));
#1191 = VECTOR('',#1192,1.);
#1192 = DIRECTION('',(0.,1.));
#1193 = ( GEOMETRIC_REPRESENTATION_CONTEXT(2) 
PARAMETRIC_REPRESENTATION_CONTEXT() REPRESENTATION_CONTEXT('2D SPACE',''
  ) );
#1194 = PCURVE('',#1195,#1200);
#1195 = CYLINDRICAL_SURFACE('',#1196,1.524);
#1196 = AXIS2_PLACEMENT_3D('',#1197,#1198,#1199);
#1197 = CARTESIAN_POINT('',(-24.384,-25.4,8.001));
#1198 = DIRECTION('',(0.,1.,0.));
#1199 = DIRECTION('',(1.,0.,-0.));
#1200 = DEFINITIONAL_REPRESENTATION('',(#1201),#1204);
#1201 = B_SPLINE_CURVE_WITH_KNOTS('',1,(#1202,#1203),.UNSPECIFIED.,.F.,
  .F.,(2,2),(22.606,28.194),.PIECEWISE_BEZIER_KNOTS.);
#1202 = CARTESIAN_POINT('',(1.570796326795,22.606));
#1203 = CARTESIAN_POINT('',(1.570796326795,28.194));
#1204 = ( GEOMETRIC_REPRESENTATION_CONTEXT(2) 
PARAMETRIC_REPRESENTATION_CONTEXT() REPRESENTATION_CONTEXT('2D SPACE',''
  ) );
#1205 = ORIENTED_EDGE('',*,*,#1206,.T.);
#1206 = EDGE_CURVE('',#1180,#961,#1207,.T.);
#1207 = SURFACE_CURVE('',#1208,(#1212,#1219),.PCURVE_S1.);
#1208 = LINE('',#1209,#1210);
#1209 = CARTESIAN_POINT('',(-45.72,2.794,6.477));
#1210 = VECTOR('',#1211,1.);
#1211 = DIRECTION('',(-1.,0.,0.));
#1212 = PCURVE('',#975,#1213);
#1213 = DEFINITIONAL_REPRESENTATION('',(#1214),#1218);
#1214 = LINE('',#1215,#1216);
#1215 = CARTESIAN_POINT('',(0.,28.194));
#1216 = VECTOR('',#1217,1.);
#1217 = DIRECTION('',(-1.,0.));
#1218 = ( GEOMETRIC_REPRESENTATION_CONTEXT(2) 
PARAMETRIC_REPRESENTATION_CONTEXT() REPRESENTATION_CONTEXT('2D SPACE',''
  ) );
#1219 = PCURVE('',#1034,#1220);
#1220 = DEFINITIONAL_REPRESENTATION('',(#1221),#1225);
#1221 = LINE('',#1222,#1223);
#1222 = CARTESIAN_POINT('',(57.277,0.));
#1223 = VECTOR('',#1224,1.);
#1224 = DIRECTION('',(0.,-1.));
#1225 = ( GEOMETRIC_REPRESENTATION_CONTEXT(2) 
PARAMETRIC_REPRESENTATION_CONTEXT() REPRESENTATION_CONTEXT('2D SPACE',''
  ) );
#1226 = ORIENTED_EDGE('',*,*,#960,.F.);
#1227 = ORIENTED_EDGE('',*,*,#1128,.F.);
#1228 = ADVANCED_FACE('',(#1229),#1034,.T.);
#1229 = FACE_BOUND('',#1230,.T.);
#1230 = EDGE_LOOP('',(#1231,#1232,#1233,#1234));
#1231 = ORIENTED_EDGE('',*,*,#1080,.T.);
#1232 = ORIENTED_EDGE('',*,*,#1021,.T.);
#1233 = ORIENTED_EDGE('',*,*,#1206,.F.);
#1234 = ORIENTED_EDGE('',*,*,#1235,.F.);
#1235 = EDGE_CURVE('',#1054,#1180,#1236,.T.);
#1236 = SURFACE_CURVE('',#1237,(#1241,#1248),.PCURVE_S1.);
#1237 = LINE('',#1238,#1239);
#1238 = CARTESIAN_POINT('',(-24.384,2.794,-50.8));
#1239 = VECTOR('',#1240,1.);
#1240 = DIRECTION('',(0.,0.,1.));
#1241 = PCURVE('',#1034,#1242);
#1242 = DEFINITIONAL_REPRESENTATION('',(#1243),#1247);
#1243 = LINE('',#1244,#1245);
#1244 = CARTESIAN_POINT('',(0.,21.336));
#1245 = VECTOR('',#1246,1.);
#1246 = DIRECTION('',(1.,0.));
#1247 = ( GEOMETRIC_REPRESENTATION_CONTEXT(2) 
PARAMETRIC_REPRESENTATION_CONTEXT() REPRESENTATION_CONTEXT('2D SPACE',''
  ) );
#1248 = PCURVE('',#1249,#1254);
#1249 = CYLINDRICAL_SURFACE('',#1250,1.524);
#1250 = AXIS2_PLACEMENT_3D('',#1251,#1252,#1253);
#1251 = CARTESIAN_POINT('',(-24.384,4.318,-50.8));
#1252 = DIRECTION('',(0.,0.,1.));
#1253 = DIRECTION('',(1.,0.,-0.));
#1254 = DEFINITIONAL_REPRESENTATION('',(#1255),#1258);
#1255 = B_SPLINE_CURVE_WITH_KNOTS('',1,(#1256,#1257),.UNSPECIFIED.,.F.,
  .F.,(2,2),(44.323,57.277),.PIECEWISE_BEZIER_KNOTS.);
#1256 = CARTESIAN_POINT('',(-1.570796326795,44.323));
#1257 = CARTESIAN_POINT('',(-1.570796326795,57.277));
#1258 = ( GEOMETRIC_REPRESENTATION_CONTEXT(2) 
PARAMETRIC_REPRESENTATION_CONTEXT() REPRESENTATION_CONTEXT('2D SPACE',''
  ) );
#1259 = ADVANCED_FACE('',(#1260),#1069,.F.);
#1260 = FACE_BOUND('',#1261,.T.);
#1261 = EDGE_LOOP('',(#1262,#1291,#1321,#1322));
#1262 = ORIENTED_EDGE('',*,*,#1263,.F.);
#1263 = EDGE_CURVE('',#1264,#1266,#1268,.T.);
#1264 = VERTEX_POINT('',#1265);
#1265 = CARTESIAN_POINT('',(-22.86,-4.318,-8.001));
#1266 = VERTEX_POINT('',#1267);
#1267 = CARTESIAN_POINT('',(-22.86,4.318,-8.001));
#1268 = SURFACE_CURVE('',#1269,(#1273,#1279),.PCURVE_S1.);
#1269 = LINE('',#1270,#1271);
#1270 = CARTESIAN_POINT('',(-22.86,-25.4,-8.001));
#1271 = VECTOR('',#1272,1.);
#1272 = DIRECTION('',(0.,1.,0.));
#1273 = PCURVE('',#1069,#1274);
#1274 = DEFINITIONAL_REPRESENTATION('',(#1275),#1278);
#1275 = B_SPLINE_CURVE_WITH_KNOTS('',1,(#1276,#1277),.UNSPECIFIED.,.F.,
  .F.,(2,2),(21.082,29.718),.PIECEWISE_BEZIER_KNOTS.);
#1276 = CARTESIAN_POINT('',(0.,21.082));
#1277 = CARTESIAN_POINT('',(0.,29.718));
#1278 = ( GEOMETRIC_REPRESENTATION_CONTEXT(2) 
PARAMETRIC_REPRESENTATION_CONTEXT() REPRESENTATION_CONTEXT('2D SPACE',''
  ) );
#1279 = PCURVE('',#1280,#1285);
#1280 = PLANE('',#1281);
#1281 = AXIS2_PLACEMENT_3D('',#1282,#1283,#1284);
#1282 = CARTESIAN_POINT('',(-22.86,-25.4,-50.8));
#1283 = DIRECTION('',(1.,0.,0.));
#1284 = DIRECTION('',(0.,0.,1.));
#1285 = DEFINITIONAL_REPRESENTATION('',(#1286),#1290);
#1286 = LINE('',#1287,#1288);
#1287 = CARTESIAN_POINT('',(42.799,0.));
#1288 = VECTOR('',#1289,1.);
#1289 = DIRECTION('',(0.,-1.));
#1290 = ( GEOMETRIC_REPRESENTATION_CONTEXT(2) 
PARAMETRIC_REPRESENTATION_CONTEXT() REPRESENTATION_CONTEXT('2D SPACE',''
  ) );
#1291 = ORIENTED_EDGE('',*,*,#1292,.F.);
#1292 = EDGE_CURVE('',#1052,#1264,#1293,.T.);
#1293 = SURFACE_CURVE('',#1294,(#1299,#1310),.PCURVE_S1.);
#1294 = ELLIPSE('',#1295,2.155261469057,1.524);
#1295 = AXIS2_PLACEMENT_3D('',#1296,#1297,#1298);
#1296 = CARTESIAN_POINT('',(-24.384,-4.318,-8.001));
#1297 = DIRECTION('',(0.,0.707106781187,-0.707106781187));
#1298 = DIRECTION('',(0.,0.707106781187,0.707106781187));
#1299 = PCURVE('',#1069,#1300);
#1300 = DEFINITIONAL_REPRESENTATION('',(#1301),#1309);
#1301 = B_SPLINE_CURVE_WITH_KNOTS('',6,(#1302,#1303,#1304,#1305,#1306,
    #1307,#1308),.UNSPECIFIED.,.F.,.F.,(7,7),(0.,1.570796326795),
  .PIECEWISE_BEZIER_KNOTS.);
#1302 = CARTESIAN_POINT('',(-1.570796326795,22.606));
#1303 = CARTESIAN_POINT('',(-1.308996938996,22.606));
#1304 = CARTESIAN_POINT('',(-1.047197551197,22.480682421945));
#1305 = CARTESIAN_POINT('',(-0.785398163397,22.229860978713));
#1306 = CARTESIAN_POINT('',(-0.523598775598,21.879934058033));
#1307 = CARTESIAN_POINT('',(-0.261799387799,21.480982267006));
#1308 = CARTESIAN_POINT('',(0.,21.082));
#1309 = ( GEOMETRIC_REPRESENTATION_CONTEXT(2) 
PARAMETRIC_REPRESENTATION_CONTEXT() REPRESENTATION_CONTEXT('2D SPACE',''
  ) );
#1310 = PCURVE('',#1165,#1311);
#1311 = DEFINITIONAL_REPRESENTATION('',(#1312),#1320);
#1312 = B_SPLINE_CURVE_WITH_KNOTS('',6,(#1313,#1314,#1315,#1316,#1317,
    #1318,#1319),.UNSPECIFIED.,.F.,.F.,(7,7),(0.,1.570796326795),
  .PIECEWISE_BEZIER_KNOTS.);
#1313 = CARTESIAN_POINT('',(1.570796326795,44.323));
#1314 = CARTESIAN_POINT('',(1.308996938996,44.323));
#1315 = CARTESIAN_POINT('',(1.047197551197,44.197682421944));
#1316 = CARTESIAN_POINT('',(0.785398163397,43.946860978712));
#1317 = CARTESIAN_POINT('',(0.523598775598,43.596934058033));
#1318 = CARTESIAN_POINT('',(0.261799387799,43.197982267006));
#1319 = CARTESIAN_POINT('',(9.251858538543E-16,42.799));
#1320 = ( GEOMETRIC_REPRESENTATION_CONTEXT(2) 
PARAMETRIC_REPRESENTATION_CONTEXT() REPRESENTATION_CONTEXT('2D SPACE',''
  ) );
#1321 = ORIENTED_EDGE('',*,*,#1051,.T.);
#1322 = ORIENTED_EDGE('',*,*,#1323,.T.);
#1323 = EDGE_CURVE('',#1054,#1266,#1324,.T.);
#1324 = SURFACE_CURVE('',#1325,(#1330,#1341),.PCURVE_S1.);
#1325 = ELLIPSE('',#1326,2.155261469057,1.524);
#1326 = AXIS2_PLACEMENT_3D('',#1327,#1328,#1329);
#1327 = CARTESIAN_POINT('',(-24.384,4.318,-8.001));
#1328 = DIRECTION('',(0.,0.707106781187,0.707106781187));
#1329 = DIRECTION('',(0.,0.707106781187,-0.707106781187));
#1330 = PCURVE('',#1069,#1331);
#1331 = DEFINITIONAL_REPRESENTATION('',(#1332),#1340);
#1332 = B_SPLINE_CURVE_WITH_KNOTS('',6,(#1333,#1334,#1335,#1336,#1337,
    #1338,#1339),.UNSPECIFIED.,.F.,.F.,(7,7),(3.14159265359,
    4.712388980385),.PIECEWISE_BEZIER_KNOTS.);
#1333 = CARTESIAN_POINT('',(-1.570796326795,28.194));
#1334 = CARTESIAN_POINT('',(-1.308996938996,28.194));
#1335 = CARTESIAN_POINT('',(-1.047197551197,28.319317578056));
#1336 = CARTESIAN_POINT('',(-0.785398163397,28.570139021284));
#1337 = CARTESIAN_POINT('',(-0.523598775598,28.920065941968));
#1338 = CARTESIAN_POINT('',(-0.261799387799,29.319017732994));
#1339 = CARTESIAN_POINT('',(0.,29.718));
#1340 = ( GEOMETRIC_REPRESENTATION_CONTEXT(2) 
PARAMETRIC_REPRESENTATION_CONTEXT() REPRESENTATION_CONTEXT('2D SPACE',''
  ) );
#1341 = PCURVE('',#1249,#1342);
#1342 = DEFINITIONAL_REPRESENTATION('',(#1343),#1351);
#1343 = B_SPLINE_CURVE_WITH_KNOTS('',6,(#1344,#1345,#1346,#1347,#1348,
    #1349,#1350),.UNSPECIFIED.,.F.,.F.,(7,7),(3.14159265359,
    4.712388980385),.PIECEWISE_BEZIER_KNOTS.);
#1344 = CARTESIAN_POINT('',(-1.570796326795,44.323));
#1345 = CARTESIAN_POINT('',(-1.308996938996,44.323));
#1346 = CARTESIAN_POINT('',(-1.047197551197,44.197682421944));
#1347 = CARTESIAN_POINT('',(-0.785398163397,43.946860978712));
#1348 = CARTESIAN_POINT('',(-0.523598775598,43.596934058033));
#1349 = CARTESIAN_POINT('',(-0.261799387799,43.197982267006));
#1350 = CARTESIAN_POINT('',(-9.251858538543E-16,42.799));
#1351 = ( GEOMETRIC_REPRESENTATION_CONTEXT(2) 
PARAMETRIC_REPRESENTATION_CONTEXT() REPRESENTATION_CONTEXT('2D SPACE',''
  ) );
#1352 = ADVANCED_FACE('',(#1353),#1165,.F.);
#1353 = FACE_BOUND('',#1354,.F.);
#1354 = EDGE_LOOP('',(#1355,#1356,#1357,#1389));
#1355 = ORIENTED_EDGE('',*,*,#1292,.F.);
#1356 = ORIENTED_EDGE('',*,*,#1151,.T.);
#1357 = ORIENTED_EDGE('',*,*,#1358,.F.);
#1358 = EDGE_CURVE('',#1359,#1129,#1361,.T.);
#1359 = VERTEX_POINT('',#1360);
#1360 = CARTESIAN_POINT('',(-22.86,-4.318,8.001));
#1361 = SURFACE_CURVE('',#1362,(#1367,#1378),.PCURVE_S1.);
#1362 = ELLIPSE('',#1363,2.155261469057,1.524);
#1363 = AXIS2_PLACEMENT_3D('',#1364,#1365,#1366);
#1364 = CARTESIAN_POINT('',(-24.384,-4.318,8.001));
#1365 = DIRECTION('',(0.,0.707106781187,0.707106781187));
#1366 = DIRECTION('',(0.,0.707106781187,-0.707106781187));
#1367 = PCURVE('',#1165,#1368);
#1368 = DEFINITIONAL_REPRESENTATION('',(#1369),#1377);
#1369 = B_SPLINE_CURVE_WITH_KNOTS('',6,(#1370,#1371,#1372,#1373,#1374,
    #1375,#1376),.UNSPECIFIED.,.F.,.F.,(7,7),(4.712388980385,
    6.28318530718),.PIECEWISE_BEZIER_KNOTS.);
#1370 = CARTESIAN_POINT('',(9.251858538543E-16,58.801));
#1371 = CARTESIAN_POINT('',(0.261799387799,58.402017732994));
#1372 = CARTESIAN_POINT('',(0.523598775598,58.003065941969));
#1373 = CARTESIAN_POINT('',(0.785398163397,57.653139021281));
#1374 = CARTESIAN_POINT('',(1.047197551197,57.402317578057));
#1375 = CARTESIAN_POINT('',(1.308996938996,57.277));
#1376 = CARTESIAN_POINT('',(1.570796326795,57.277));
#1377 = ( GEOMETRIC_REPRESENTATION_CONTEXT(2) 
PARAMETRIC_REPRESENTATION_CONTEXT() REPRESENTATION_CONTEXT('2D SPACE',''
  ) );
#1378 = PCURVE('',#1195,#1379);
#1379 = DEFINITIONAL_REPRESENTATION('',(#1380),#1388);
#1380 = B_SPLINE_CURVE_WITH_KNOTS('',6,(#1381,#1382,#1383,#1384,#1385,
    #1386,#1387),.UNSPECIFIED.,.F.,.F.,(7,7),(4.712388980385,
    6.28318530718),.PIECEWISE_BEZIER_KNOTS.);
#1381 = CARTESIAN_POINT('',(0.,21.082));
#1382 = CARTESIAN_POINT('',(0.261799387799,21.480982267006));
#1383 = CARTESIAN_POINT('',(0.523598775598,21.879934058032));
#1384 = CARTESIAN_POINT('',(0.785398163397,22.229860978715));
#1385 = CARTESIAN_POINT('',(1.047197551197,22.480682421944));
#1386 = CARTESIAN_POINT('',(1.308996938996,22.606));
#1387 = CARTESIAN_POINT('',(1.570796326795,22.606));
#1388 = ( GEOMETRIC_REPRESENTATION_CONTEXT(2) 
PARAMETRIC_REPRESENTATION_CONTEXT() REPRESENTATION_CONTEXT('2D SPACE',''
  ) );
#1389 = ORIENTED_EDGE('',*,*,#1390,.F.);
#1390 = EDGE_CURVE('',#1264,#1359,#1391,.T.);
#1391 = SURFACE_CURVE('',#1392,(#1396,#1402),.PCURVE_S1.);
#1392 = LINE('',#1393,#1394);
#1393 = CARTESIAN_POINT('',(-22.86,-4.318,-50.8));
#1394 = VECTOR('',#1395,1.);
#1395 = DIRECTION('',(0.,0.,1.));
#1396 = PCURVE('',#1165,#1397);
#1397 = DEFINITIONAL_REPRESENTATION('',(#1398),#1401);
#1398 = B_SPLINE_CURVE_WITH_KNOTS('',1,(#1399,#1400),.UNSPECIFIED.,.F.,
  .F.,(2,2),(42.799,58.801),.PIECEWISE_BEZIER_KNOTS.);
#1399 = CARTESIAN_POINT('',(0.,42.799));
#1400 = CARTESIAN_POINT('',(0.,58.801));
#1401 = ( GEOMETRIC_REPRESENTATION_CONTEXT(2) 
PARAMETRIC_REPRESENTATION_CONTEXT() REPRESENTATION_CONTEXT('2D SPACE',''
  ) );
#1402 = PCURVE('',#1280,#1403);
#1403 = DEFINITIONAL_REPRESENTATION('',(#1404),#1408);
#1404 = LINE('',#1405,#1406);
#1405 = CARTESIAN_POINT('',(0.,-21.082));
#1406 = VECTOR('',#1407,1.);
#1407 = DIRECTION('',(1.,0.));
#1408 = ( GEOMETRIC_REPRESENTATION_CONTEXT(2) 
PARAMETRIC_REPRESENTATION_CONTEXT() REPRESENTATION_CONTEXT('2D SPACE',''
  ) );
#1409 = ADVANCED_FACE('',(#1410),#1195,.F.);
#1410 = FACE_BOUND('',#1411,.F.);
#1411 = EDGE_LOOP('',(#1412,#1434,#1435,#1436));
#1412 = ORIENTED_EDGE('',*,*,#1413,.F.);
#1413 = EDGE_CURVE('',#1359,#1414,#1416,.T.);
#1414 = VERTEX_POINT('',#1415);
#1415 = CARTESIAN_POINT('',(-22.86,4.318,8.001));
#1416 = SURFACE_CURVE('',#1417,(#1421,#1427),.PCURVE_S1.);
#1417 = LINE('',#1418,#1419);
#1418 = CARTESIAN_POINT('',(-22.86,-25.4,8.001));
#1419 = VECTOR('',#1420,1.);
#1420 = DIRECTION('',(0.,1.,0.));
#1421 = PCURVE('',#1195,#1422);
#1422 = DEFINITIONAL_REPRESENTATION('',(#1423),#1426);
#1423 = B_SPLINE_CURVE_WITH_KNOTS('',1,(#1424,#1425),.UNSPECIFIED.,.F.,
  .F.,(2,2),(21.082,29.718),.PIECEWISE_BEZIER_KNOTS.);
#1424 = CARTESIAN_POINT('',(0.,21.082));
#1425 = CARTESIAN_POINT('',(0.,29.718));
#1426 = ( GEOMETRIC_REPRESENTATION_CONTEXT(2) 
PARAMETRIC_REPRESENTATION_CONTEXT() REPRESENTATION_CONTEXT('2D SPACE',''
  ) );
#1427 = PCURVE('',#1280,#1428);
#1428 = DEFINITIONAL_REPRESENTATION('',(#1429),#1433);
#1429 = LINE('',#1430,#1431);
#1430 = CARTESIAN_POINT('',(58.801,0.));
#1431 = VECTOR('',#1432,1.);
#1432 = DIRECTION('',(0.,-1.));
#1433 = ( GEOMETRIC_REPRESENTATION_CONTEXT(2) 
PARAMETRIC_REPRESENTATION_CONTEXT() REPRESENTATION_CONTEXT('2D SPACE',''
  ) );
#1434 = ORIENTED_EDGE('',*,*,#1358,.T.);
#1435 = ORIENTED_EDGE('',*,*,#1179,.T.);
#1436 = ORIENTED_EDGE('',*,*,#1437,.F.);
#1437 = EDGE_CURVE('',#1414,#1180,#1438,.T.);
#1438 = SURFACE_CURVE('',#1439,(#1444,#1455),.PCURVE_S1.);
#1439 = ELLIPSE('',#1440,2.155261469057,1.524);
#1440 = AXIS2_PLACEMENT_3D('',#1441,#1442,#1443);
#1441 = CARTESIAN_POINT('',(-24.384,4.318,8.001));
#1442 = DIRECTION('',(0.,0.707106781187,-0.707106781187));
#1443 = DIRECTION('',(0.,0.707106781187,0.707106781187));
#1444 = PCURVE('',#1195,#1445);
#1445 = DEFINITIONAL_REPRESENTATION('',(#1446),#1454);
#1446 = B_SPLINE_CURVE_WITH_KNOTS('',6,(#1447,#1448,#1449,#1450,#1451,
    #1452,#1453),.UNSPECIFIED.,.F.,.F.,(7,7),(1.570796326795,
    3.14159265359),.PIECEWISE_BEZIER_KNOTS.);
#1447 = CARTESIAN_POINT('',(0.,29.718));
#1448 = CARTESIAN_POINT('',(0.261799387799,29.319017732994));
#1449 = CARTESIAN_POINT('',(0.523598775598,28.920065941967));
#1450 = CARTESIAN_POINT('',(0.785398163397,28.570139021285));
#1451 = CARTESIAN_POINT('',(1.047197551197,28.319317578055));
#1452 = CARTESIAN_POINT('',(1.308996938996,28.194));
#1453 = CARTESIAN_POINT('',(1.570796326795,28.194));
#1454 = ( GEOMETRIC_REPRESENTATION_CONTEXT(2) 
PARAMETRIC_REPRESENTATION_CONTEXT() REPRESENTATION_CONTEXT('2D SPACE',''
  ) );
#1455 = PCURVE('',#1249,#1456);
#1456 = DEFINITIONAL_REPRESENTATION('',(#1457),#1465);
#1457 = B_SPLINE_CURVE_WITH_KNOTS('',6,(#1458,#1459,#1460,#1461,#1462,
    #1463,#1464),.UNSPECIFIED.,.F.,.F.,(7,7),(1.570796326795,
    3.14159265359),.PIECEWISE_BEZIER_KNOTS.);
#1458 = CARTESIAN_POINT('',(-9.251858538543E-16,58.801));
#1459 = CARTESIAN_POINT('',(-0.261799387799,58.402017732994));
#1460 = CARTESIAN_POINT('',(-0.523598775598,58.003065941969));
#1461 = CARTESIAN_POINT('',(-0.785398163397,57.653139021281));
#1462 = CARTESIAN_POINT('',(-1.047197551197,57.402317578057));
#1463 = CARTESIAN_POINT('',(-1.308996938996,57.277));
#1464 = CARTESIAN_POINT('',(-1.570796326795,57.277));
#1465 = ( GEOMETRIC_REPRESENTATION_CONTEXT(2) 
PARAMETRIC_REPRESENTATION_CONTEXT() REPRESENTATION_CONTEXT('2D SPACE',''
  ) );
#1466 = ADVANCED_FACE('',(#1467),#1249,.F.);
#1467 = FACE_BOUND('',#1468,.T.);
#1468 = EDGE_LOOP('',(#1469,#1470,#1471,#1472));
#1469 = ORIENTED_EDGE('',*,*,#1323,.F.);
#1470 = ORIENTED_EDGE('',*,*,#1235,.T.);
#1471 = ORIENTED_EDGE('',*,*,#1437,.F.);
#1472 = ORIENTED_EDGE('',*,*,#1473,.F.);
#1473 = EDGE_CURVE('',#1266,#1414,#1474,.T.);
#1474 = SURFACE_CURVE('',#1475,(#1479,#1485),.PCURVE_S1.);
#1475 = LINE('',#1476,#1477);
#1476 = CARTESIAN_POINT('',(-22.86,4.318,-50.8));
#1477 = VECTOR('',#1478,1.);
#1478 = DIRECTION('',(0.,0.,1.));
#1479 = PCURVE('',#1249,#1480);
#1480 = DEFINITIONAL_REPRESENTATION('',(#1481),#1484);
#1481 = B_SPLINE_CURVE_WITH_KNOTS('',1,(#1482,#1483),.UNSPECIFIED.,.F.,
  .F.,(2,2),(42.799,58.801),.PIECEWISE_BEZIER_KNOTS.);
#1482 = CARTESIAN_POINT('',(0.,42.799));
#1483 = CARTESIAN_POINT('',(0.,58.801));
#1484 = ( GEOMETRIC_REPRESENTATION_CONTEXT(2) 
PARAMETRIC_REPRESENTATION_CONTEXT() REPRESENTATION_CONTEXT('2D SPACE',''
  ) );
#1485 = PCURVE('',#1280,#1486);
#1486 = DEFINITIONAL_REPRESENTATION('',(#1487),#1491);
#1487 = LINE('',#1488,#1489);
#1488 = CARTESIAN_POINT('',(0.,-29.718));
#1489 = VECTOR('',#1490,1.);
#1490 = DIRECTION('',(1.,0.));
#1491 = ( GEOMETRIC_REPRESENTATION_CONTEXT(2) 
PARAMETRIC_REPRESENTATION_CONTEXT() REPRESENTATION_CONTEXT('2D SPACE',''
  ) );
#1492 = ADVANCED_FACE('',(#1493,#1499),#1280,.F.);
#1493 = FACE_BOUND('',#1494,.F.);
#1494 = EDGE_LOOP('',(#1495,#1496,#1497,#1498));
#1495 = ORIENTED_EDGE('',*,*,#1390,.T.);
#1496 = ORIENTED_EDGE('',*,*,#1413,.T.);
#1497 = ORIENTED_EDGE('',*,*,#1473,.F.);
#1498 = ORIENTED_EDGE('',*,*,#1263,.F.);
#1499 = FACE_BOUND('',#1500,.F.);
#1500 = EDGE_LOOP('',(#1501,#1531,#1559,#1587));
#1501 = ORIENTED_EDGE('',*,*,#1502,.F.);
#1502 = EDGE_CURVE('',#1503,#1505,#1507,.T.);
#1503 = VERTEX_POINT('',#1504);
#1504 = CARTESIAN_POINT('',(-22.86,-9.525,-15.875));
#1505 = VERTEX_POINT('',#1506);
#1506 = CARTESIAN_POINT('',(-22.86,-9.525,15.875));
#1507 = SURFACE_CURVE('',#1508,(#1512,#1519),.PCURVE_S1.);
#1508 = LINE('',#1509,#1510);
#1509 = CARTESIAN_POINT('',(-22.86,-9.525,-15.875));
#1510 = VECTOR('',#1511,1.);
#1511 = DIRECTION('',(0.,0.,1.));
#1512 = PCURVE('',#1280,#1513);
#1513 = DEFINITIONAL_REPRESENTATION('',(#1514),#1518);
#1514 = LINE('',#1515,#1516);
#1515 = CARTESIAN_POINT('',(34.925,-15.875));
#1516 = VECTOR('',#1517,1.);
#1517 = DIRECTION('',(1.,0.));
#1518 = ( GEOMETRIC_REPRESENTATION_CONTEXT(2) 
PARAMETRIC_REPRESENTATION_CONTEXT() REPRESENTATION_CONTEXT('2D SPACE',''
  ) );
#1519 = PCURVE('',#1520,#1525);
#1520 = PLANE('',#1521);
#1521 = AXIS2_PLACEMENT_3D('',#1522,#1523,#1524);
#1522 = CARTESIAN_POINT('',(-64.77,-9.525,-15.875));
#1523 = DIRECTION('',(0.,1.,0.));
#1524 = DIRECTION('',(0.,0.,1.));
#1525 = DEFINITIONAL_REPRESENTATION('',(#1526),#1530);
#1526 = LINE('',#1527,#1528);
#1527 = CARTESIAN_POINT('',(0.,41.91));
#1528 = VECTOR('',#1529,1.);
#1529 = DIRECTION('',(1.,0.));
#1530 = ( GEOMETRIC_REPRESENTATION_CONTEXT(2) 
PARAMETRIC_REPRESENTATION_CONTEXT() REPRESENTATION_CONTEXT('2D SPACE',''
  ) );
#1531 = ORIENTED_EDGE('',*,*,#1532,.F.);
#1532 = EDGE_CURVE('',#1533,#1503,#1535,.T.);
#1533 = VERTEX_POINT('',#1534);
#1534 = CARTESIAN_POINT('',(-22.86,9.525,-15.875));
#1535 = SURFACE_CURVE('',#1536,(#1540,#1547),.PCURVE_S1.);
#1536 = LINE('',#1537,#1538);
#1537 = CARTESIAN_POINT('',(-22.86,9.525,-15.875));
#1538 = VECTOR('',#1539,1.);
#1539 = DIRECTION('',(0.,-1.,0.));
#1540 = PCURVE('',#1280,#1541);
#1541 = DEFINITIONAL_REPRESENTATION('',(#1542),#1546);
#1542 = LINE('',#1543,#1544);
#1543 = CARTESIAN_POINT('',(34.925,-34.925));
#1544 = VECTOR('',#1545,1.);
#1545 = DIRECTION('',(0.,1.));
#1546 = ( GEOMETRIC_REPRESENTATION_CONTEXT(2) 
PARAMETRIC_REPRESENTATION_CONTEXT() REPRESENTATION_CONTEXT('2D SPACE',''
  ) );
#1547 = PCURVE('',#1548,#1553);
#1548 = PLANE('',#1549);
#1549 = AXIS2_PLACEMENT_3D('',#1550,#1551,#1552);
#1550 = CARTESIAN_POINT('',(-64.77,-9.525,-15.875));
#1551 = DIRECTION('',(0.,0.,1.));
#1552 = DIRECTION('',(1.,0.,0.));
#1553 = DEFINITIONAL_REPRESENTATION('',(#1554),#1558);
#1554 = LINE('',#1555,#1556);
#1555 = CARTESIAN_POINT('',(41.91,19.05));
#1556 = VECTOR('',#1557,1.);
#1557 = DIRECTION('',(0.,-1.));
#1558 = ( GEOMETRIC_REPRESENTATION_CONTEXT(2) 
PARAMETRIC_REPRESENTATION_CONTEXT() REPRESENTATION_CONTEXT('2D SPACE',''
  ) );
#1559 = ORIENTED_EDGE('',*,*,#1560,.F.);
#1560 = EDGE_CURVE('',#1561,#1533,#1563,.T.);
#1561 = VERTEX_POINT('',#1562);
#1562 = CARTESIAN_POINT('',(-22.86,9.525,15.875));
#1563 = SURFACE_CURVE('',#1564,(#1568,#1575),.PCURVE_S1.);
#1564 = LINE('',#1565,#1566);
#1565 = CARTESIAN_POINT('',(-22.86,9.525,15.875));
#1566 = VECTOR('',#1567,1.);
#1567 = DIRECTION('',(0.,0.,-1.));
#1568 = PCURVE('',#1280,#1569);
#1569 = DEFINITIONAL_REPRESENTATION('',(#1570),#1574);
#1570 = LINE('',#1571,#1572);
#1571 = CARTESIAN_POINT('',(66.675,-34.925));
#1572 = VECTOR('',#1573,1.);
#1573 = DIRECTION('',(-1.,0.));
#1574 = ( GEOMETRIC_REPRESENTATION_CONTEXT(2) 
PARAMETRIC_REPRESENTATION_CONTEXT() REPRESENTATION_CONTEXT('2D SPACE',''
  ) );
#1575 = PCURVE('',#1576,#1581);
#1576 = PLANE('',#1577);
#1577 = AXIS2_PLACEMENT_3D('',#1578,#1579,#1580);
#1578 = CARTESIAN_POINT('',(-64.77,9.525,-15.875));
#1579 = DIRECTION('',(0.,1.,0.));
#1580 = DIRECTION('',(0.,0.,1.));
#1581 = DEFINITIONAL_REPRESENTATION('',(#1582),#1586);
#1582 = LINE('',#1583,#1584);
#1583 = CARTESIAN_POINT('',(31.75,41.91));
#1584 = VECTOR('',#1585,1.);
#1585 = DIRECTION('',(-1.,0.));
#1586 = ( GEOMETRIC_REPRESENTATION_CONTEXT(2) 
PARAMETRIC_REPRESENTATION_CONTEXT() REPRESENTATION_CONTEXT('2D SPACE',''
  ) );
#1587 = ORIENTED_EDGE('',*,*,#1588,.F.);
#1588 = EDGE_CURVE('',#1505,#1561,#1589,.T.);
#1589 = SURFACE_CURVE('',#1590,(#1594,#1601),.PCURVE_S1.);
#1590 = LINE('',#1591,#1592);
#1591 = CARTESIAN_POINT('',(-22.86,-9.525,15.875));
#1592 = VECTOR('',#1593,1.);
#1593 = DIRECTION('',(0.,1.,0.));
#1594 = PCURVE('',#1280,#1595);
#1595 = DEFINITIONAL_REPRESENTATION('',(#1596),#1600);
#1596 = LINE('',#1597,#1598);
#1597 = CARTESIAN_POINT('',(66.675,-15.875));
#1598 = VECTOR('',#1599,1.);
#1599 = DIRECTION('',(0.,-1.));
#1600 = ( GEOMETRIC_REPRESENTATION_CONTEXT(2) 
PARAMETRIC_REPRESENTATION_CONTEXT() REPRESENTATION_CONTEXT('2D SPACE',''
  ) );
#1601 = PCURVE('',#1602,#1607);
#1602 = PLANE('',#1603);
#1603 = AXIS2_PLACEMENT_3D('',#1604,#1605,#1606);
#1604 = CARTESIAN_POINT('',(-64.77,-9.525,15.875));
#1605 = DIRECTION('',(0.,0.,1.));
#1606 = DIRECTION('',(1.,0.,0.));
#1607 = DEFINITIONAL_REPRESENTATION('',(#1608),#1612);
#1608 = LINE('',#1609,#1610);
#1609 = CARTESIAN_POINT('',(41.91,0.));
#1610 = VECTOR('',#1611,1.);
#1611 = DIRECTION('',(0.,1.));
#1612 = ( GEOMETRIC_REPRESENTATION_CONTEXT(2) 
PARAMETRIC_REPRESENTATION_CONTEXT() REPRESENTATION_CONTEXT('2D SPACE',''
  ) );
#1613 = ADVANCED_FACE('',(#1614,#2361),#1520,.F.);
#1614 = FACE_BOUND('',#1615,.F.);
#1615 = EDGE_LOOP('',(#1616,#1639,#1640,#1663,#1691,#1719,#1747,#1775,
    #1803,#1831,#1859,#1887,#1915,#1943,#1971,#1999,#2027,#2055,#2083,
    #2111,#2139,#2167,#2195,#2223,#2251,#2279,#2307,#2335));
#1616 = ORIENTED_EDGE('',*,*,#1617,.F.);
#1617 = EDGE_CURVE('',#1503,#1618,#1620,.T.);
#1618 = VERTEX_POINT('',#1619);
#1619 = CARTESIAN_POINT('',(15.24,-9.525,-15.875));
#1620 = SURFACE_CURVE('',#1621,(#1625,#1632),.PCURVE_S1.);
#1621 = LINE('',#1622,#1623);
#1622 = CARTESIAN_POINT('',(-64.77,-9.525,-15.875));
#1623 = VECTOR('',#1624,1.);
#1624 = DIRECTION('',(1.,0.,0.));
#1625 = PCURVE('',#1520,#1626);
#1626 = DEFINITIONAL_REPRESENTATION('',(#1627),#1631);
#1627 = LINE('',#1628,#1629);
#1628 = CARTESIAN_POINT('',(0.,0.));
#1629 = VECTOR('',#1630,1.);
#1630 = DIRECTION('',(0.,1.));
#1631 = ( GEOMETRIC_REPRESENTATION_CONTEXT(2) 
PARAMETRIC_REPRESENTATION_CONTEXT() REPRESENTATION_CONTEXT('2D SPACE',''
  ) );
#1632 = PCURVE('',#1548,#1633);
#1633 = DEFINITIONAL_REPRESENTATION('',(#1634),#1638);
#1634 = LINE('',#1635,#1636);
#1635 = CARTESIAN_POINT('',(0.,0.));
#1636 = VECTOR('',#1637,1.);
#1637 = DIRECTION('',(1.,0.));
#1638 = ( GEOMETRIC_REPRESENTATION_CONTEXT(2) 
PARAMETRIC_REPRESENTATION_CONTEXT() REPRESENTATION_CONTEXT('2D SPACE',''
  ) );
#1639 = ORIENTED_EDGE('',*,*,#1502,.T.);
#1640 = ORIENTED_EDGE('',*,*,#1641,.T.);
#1641 = EDGE_CURVE('',#1505,#1642,#1644,.T.);
#1642 = VERTEX_POINT('',#1643);
#1643 = CARTESIAN_POINT('',(-15.5448,-9.525,15.875));
#1644 = SURFACE_CURVE('',#1645,(#1649,#1656),.PCURVE_S1.);
#1645 = LINE('',#1646,#1647);
#1646 = CARTESIAN_POINT('',(-64.77,-9.525,15.875));
#1647 = VECTOR('',#1648,1.);
#1648 = DIRECTION('',(1.,0.,0.));
#1649 = PCURVE('',#1520,#1650);
#1650 = DEFINITIONAL_REPRESENTATION('',(#1651),#1655);
#1651 = LINE('',#1652,#1653);
#1652 = CARTESIAN_POINT('',(31.75,0.));
#1653 = VECTOR('',#1654,1.);
#1654 = DIRECTION('',(0.,1.));
#1655 = ( GEOMETRIC_REPRESENTATION_CONTEXT(2) 
PARAMETRIC_REPRESENTATION_CONTEXT() REPRESENTATION_CONTEXT('2D SPACE',''
  ) );
#1656 = PCURVE('',#1602,#1657);
#1657 = DEFINITIONAL_REPRESENTATION('',(#1658),#1662);
#1658 = LINE('',#1659,#1660);
#1659 = CARTESIAN_POINT('',(0.,0.));
#1660 = VECTOR('',#1661,1.);
#1661 = DIRECTION('',(1.,0.));
#1662 = ( GEOMETRIC_REPRESENTATION_CONTEXT(2) 
PARAMETRIC_REPRESENTATION_CONTEXT() REPRESENTATION_CONTEXT('2D SPACE',''
  ) );
#1663 = ORIENTED_EDGE('',*,*,#1664,.T.);
#1664 = EDGE_CURVE('',#1642,#1665,#1667,.T.);
#1665 = VERTEX_POINT('',#1666);
#1666 = CARTESIAN_POINT('',(-15.5448,-9.525,7.62));
#1667 = SURFACE_CURVE('',#1668,(#1672,#1679),.PCURVE_S1.);
#1668 = LINE('',#1669,#1670);
#1669 = CARTESIAN_POINT('',(-15.5448,-9.525,-4.1275));
#1670 = VECTOR('',#1671,1.);
#1671 = DIRECTION('',(0.,0.,-1.));
#1672 = PCURVE('',#1520,#1673);
#1673 = DEFINITIONAL_REPRESENTATION('',(#1674),#1678);
#1674 = LINE('',#1675,#1676);
#1675 = CARTESIAN_POINT('',(11.7475,49.2252));
#1676 = VECTOR('',#1677,1.);
#1677 = DIRECTION('',(-1.,0.));
#1678 = ( GEOMETRIC_REPRESENTATION_CONTEXT(2) 
PARAMETRIC_REPRESENTATION_CONTEXT() REPRESENTATION_CONTEXT('2D SPACE',''
  ) );
#1679 = PCURVE('',#1680,#1685);
#1680 = PLANE('',#1681);
#1681 = AXIS2_PLACEMENT_3D('',#1682,#1683,#1684);
#1682 = CARTESIAN_POINT('',(-15.5448,-25.4,7.62));
#1683 = DIRECTION('',(1.,0.,0.));
#1684 = DIRECTION('',(0.,0.,1.));
#1685 = DEFINITIONAL_REPRESENTATION('',(#1686),#1690);
#1686 = LINE('',#1687,#1688);
#1687 = CARTESIAN_POINT('',(-11.7475,-15.875));
#1688 = VECTOR('',#1689,1.);
#1689 = DIRECTION('',(-1.,0.));
#1690 = ( GEOMETRIC_REPRESENTATION_CONTEXT(2) 
PARAMETRIC_REPRESENTATION_CONTEXT() REPRESENTATION_CONTEXT('2D SPACE',''
  ) );
#1691 = ORIENTED_EDGE('',*,*,#1692,.T.);
#1692 = EDGE_CURVE('',#1665,#1693,#1695,.T.);
#1693 = VERTEX_POINT('',#1694);
#1694 = CARTESIAN_POINT('',(-15.24,-9.525,7.62));
#1695 = SURFACE_CURVE('',#1696,(#1700,#1707),.PCURVE_S1.);
#1696 = LINE('',#1697,#1698);
#1697 = CARTESIAN_POINT('',(-40.1574,-9.525,7.62));
#1698 = VECTOR('',#1699,1.);
#1699 = DIRECTION('',(1.,0.,0.));
#1700 = PCURVE('',#1520,#1701);
#1701 = DEFINITIONAL_REPRESENTATION('',(#1702),#1706);
#1702 = LINE('',#1703,#1704);
#1703 = CARTESIAN_POINT('',(23.495,24.6126));
#1704 = VECTOR('',#1705,1.);
#1705 = DIRECTION('',(0.,1.));
#1706 = ( GEOMETRIC_REPRESENTATION_CONTEXT(2) 
PARAMETRIC_REPRESENTATION_CONTEXT() REPRESENTATION_CONTEXT('2D SPACE',''
  ) );
#1707 = PCURVE('',#1708,#1713);
#1708 = PLANE('',#1709);
#1709 = AXIS2_PLACEMENT_3D('',#1710,#1711,#1712);
#1710 = CARTESIAN_POINT('',(-15.5448,-25.4,7.62));
#1711 = DIRECTION('',(0.,0.,1.));
#1712 = DIRECTION('',(1.,0.,0.));
#1713 = DEFINITIONAL_REPRESENTATION('',(#1714),#1718);
#1714 = LINE('',#1715,#1716);
#1715 = CARTESIAN_POINT('',(-24.6126,15.875));
#1716 = VECTOR('',#1717,1.);
#1717 = DIRECTION('',(1.,0.));
#1718 = ( GEOMETRIC_REPRESENTATION_CONTEXT(2) 
PARAMETRIC_REPRESENTATION_CONTEXT() REPRESENTATION_CONTEXT('2D SPACE',''
  ) );
#1719 = ORIENTED_EDGE('',*,*,#1720,.T.);
#1720 = EDGE_CURVE('',#1693,#1721,#1723,.T.);
#1721 = VERTEX_POINT('',#1722);
#1722 = CARTESIAN_POINT('',(-15.24,-9.525,-8.763));
#1723 = SURFACE_CURVE('',#1724,(#1728,#1735),.PCURVE_S1.);
#1724 = LINE('',#1725,#1726);
#1725 = CARTESIAN_POINT('',(-15.24,-9.525,-12.7));
#1726 = VECTOR('',#1727,1.);
#1727 = DIRECTION('',(0.,0.,-1.));
#1728 = PCURVE('',#1520,#1729);
#1729 = DEFINITIONAL_REPRESENTATION('',(#1730),#1734);
#1730 = LINE('',#1731,#1732);
#1731 = CARTESIAN_POINT('',(3.175,49.53));
#1732 = VECTOR('',#1733,1.);
#1733 = DIRECTION('',(-1.,0.));
#1734 = ( GEOMETRIC_REPRESENTATION_CONTEXT(2) 
PARAMETRIC_REPRESENTATION_CONTEXT() REPRESENTATION_CONTEXT('2D SPACE',''
  ) );
#1735 = PCURVE('',#1736,#1741);
#1736 = PLANE('',#1737);
#1737 = AXIS2_PLACEMENT_3D('',#1738,#1739,#1740);
#1738 = CARTESIAN_POINT('',(-15.24,-25.4,-9.525));
#1739 = DIRECTION('',(1.,0.,0.));
#1740 = DIRECTION('',(0.,0.,1.));
#1741 = DEFINITIONAL_REPRESENTATION('',(#1742),#1746);
#1742 = LINE('',#1743,#1744);
#1743 = CARTESIAN_POINT('',(-3.175,-15.875));
#1744 = VECTOR('',#1745,1.);
#1745 = DIRECTION('',(-1.,0.));
#1746 = ( GEOMETRIC_REPRESENTATION_CONTEXT(2) 
PARAMETRIC_REPRESENTATION_CONTEXT() REPRESENTATION_CONTEXT('2D SPACE',''
  ) );
#1747 = ORIENTED_EDGE('',*,*,#1748,.F.);
#1748 = EDGE_CURVE('',#1749,#1721,#1751,.T.);
#1749 = VERTEX_POINT('',#1750);
#1750 = CARTESIAN_POINT('',(-14.478,-9.525,-9.525));
#1751 = SURFACE_CURVE('',#1752,(#1757,#1764),.PCURVE_S1.);
#1752 = CIRCLE('',#1753,0.762);
#1753 = AXIS2_PLACEMENT_3D('',#1754,#1755,#1756);
#1754 = CARTESIAN_POINT('',(-14.478,-9.525,-8.763));
#1755 = DIRECTION('',(0.,1.,0.));
#1756 = DIRECTION('',(-1.,0.,0.));
#1757 = PCURVE('',#1520,#1758);
#1758 = DEFINITIONAL_REPRESENTATION('',(#1759),#1763);
#1759 = CIRCLE('',#1760,0.762);
#1760 = AXIS2_PLACEMENT_2D('',#1761,#1762);
#1761 = CARTESIAN_POINT('',(7.112,50.292));
#1762 = DIRECTION('',(0.,-1.));
#1763 = ( GEOMETRIC_REPRESENTATION_CONTEXT(2) 
PARAMETRIC_REPRESENTATION_CONTEXT() REPRESENTATION_CONTEXT('2D SPACE',''
  ) );
#1764 = PCURVE('',#1765,#1770);
#1765 = CYLINDRICAL_SURFACE('',#1766,0.762);
#1766 = AXIS2_PLACEMENT_3D('',#1767,#1768,#1769);
#1767 = CARTESIAN_POINT('',(-14.478,-25.4,-8.763));
#1768 = DIRECTION('',(0.,1.,0.));
#1769 = DIRECTION('',(-1.,0.,0.));
#1770 = DEFINITIONAL_REPRESENTATION('',(#1771),#1774);
#1771 = B_SPLINE_CURVE_WITH_KNOTS('',1,(#1772,#1773),.UNSPECIFIED.,.F.,
  .F.,(2,2),(4.712388980385,6.28318530718),.PIECEWISE_BEZIER_KNOTS.);
#1772 = CARTESIAN_POINT('',(-1.570796326795,15.875));
#1773 = CARTESIAN_POINT('',(0.,15.875));
#1774 = ( GEOMETRIC_REPRESENTATION_CONTEXT(2) 
PARAMETRIC_REPRESENTATION_CONTEXT() REPRESENTATION_CONTEXT('2D SPACE',''
  ) );
#1775 = ORIENTED_EDGE('',*,*,#1776,.T.);
#1776 = EDGE_CURVE('',#1749,#1777,#1779,.T.);
#1777 = VERTEX_POINT('',#1778);
#1778 = CARTESIAN_POINT('',(-10.6045,-9.525,-9.525));
#1779 = SURFACE_CURVE('',#1780,(#1784,#1791),.PCURVE_S1.);
#1780 = LINE('',#1781,#1782);
#1781 = CARTESIAN_POINT('',(-40.005,-9.525,-9.525));
#1782 = VECTOR('',#1783,1.);
#1783 = DIRECTION('',(1.,0.,0.));
#1784 = PCURVE('',#1520,#1785);
#1785 = DEFINITIONAL_REPRESENTATION('',(#1786),#1790);
#1786 = LINE('',#1787,#1788);
#1787 = CARTESIAN_POINT('',(6.35,24.765));
#1788 = VECTOR('',#1789,1.);
#1789 = DIRECTION('',(0.,1.));
#1790 = ( GEOMETRIC_REPRESENTATION_CONTEXT(2) 
PARAMETRIC_REPRESENTATION_CONTEXT() REPRESENTATION_CONTEXT('2D SPACE',''
  ) );
#1791 = PCURVE('',#1792,#1797);
#1792 = PLANE('',#1793);
#1793 = AXIS2_PLACEMENT_3D('',#1794,#1795,#1796);
#1794 = CARTESIAN_POINT('',(-15.24,-25.4,-9.525));
#1795 = DIRECTION('',(0.,0.,1.));
#1796 = DIRECTION('',(1.,0.,0.));
#1797 = DEFINITIONAL_REPRESENTATION('',(#1798),#1802);
#1798 = LINE('',#1799,#1800);
#1799 = CARTESIAN_POINT('',(-24.765,15.875));
#1800 = VECTOR('',#1801,1.);
#1801 = DIRECTION('',(1.,0.));
#1802 = ( GEOMETRIC_REPRESENTATION_CONTEXT(2) 
PARAMETRIC_REPRESENTATION_CONTEXT() REPRESENTATION_CONTEXT('2D SPACE',''
  ) );
#1803 = ORIENTED_EDGE('',*,*,#1804,.F.);
#1804 = EDGE_CURVE('',#1805,#1777,#1807,.T.);
#1805 = VERTEX_POINT('',#1806);
#1806 = CARTESIAN_POINT('',(-9.8425,-9.525,-8.763));
#1807 = SURFACE_CURVE('',#1808,(#1813,#1820),.PCURVE_S1.);
#1808 = CIRCLE('',#1809,0.762);
#1809 = AXIS2_PLACEMENT_3D('',#1810,#1811,#1812);
#1810 = CARTESIAN_POINT('',(-10.6045,-9.525,-8.763));
#1811 = DIRECTION('',(0.,1.,0.));
#1812 = DIRECTION('',(1.,0.,-0.));
#1813 = PCURVE('',#1520,#1814);
#1814 = DEFINITIONAL_REPRESENTATION('',(#1815),#1819);
#1815 = CIRCLE('',#1816,0.762);
#1816 = AXIS2_PLACEMENT_2D('',#1817,#1818);
#1817 = CARTESIAN_POINT('',(7.112,54.1655));
#1818 = DIRECTION('',(0.,1.));
#1819 = ( GEOMETRIC_REPRESENTATION_CONTEXT(2) 
PARAMETRIC_REPRESENTATION_CONTEXT() REPRESENTATION_CONTEXT('2D SPACE',''
  ) );
#1820 = PCURVE('',#1821,#1826);
#1821 = CYLINDRICAL_SURFACE('',#1822,0.762);
#1822 = AXIS2_PLACEMENT_3D('',#1823,#1824,#1825);
#1823 = CARTESIAN_POINT('',(-10.6045,-25.4,-8.763));
#1824 = DIRECTION('',(0.,1.,0.));
#1825 = DIRECTION('',(1.,0.,-0.));
#1826 = DEFINITIONAL_REPRESENTATION('',(#1827),#1830);
#1827 = B_SPLINE_CURVE_WITH_KNOTS('',1,(#1828,#1829),.UNSPECIFIED.,.F.,
  .F.,(2,2),(0.,1.570796326795),.PIECEWISE_BEZIER_KNOTS.);
#1828 = CARTESIAN_POINT('',(0.,15.875));
#1829 = CARTESIAN_POINT('',(1.570796326795,15.875));
#1830 = ( GEOMETRIC_REPRESENTATION_CONTEXT(2) 
PARAMETRIC_REPRESENTATION_CONTEXT() REPRESENTATION_CONTEXT('2D SPACE',''
  ) );
#1831 = ORIENTED_EDGE('',*,*,#1832,.F.);
#1832 = EDGE_CURVE('',#1833,#1805,#1835,.T.);
#1833 = VERTEX_POINT('',#1834);
#1834 = CARTESIAN_POINT('',(-9.8425,-9.525,8.763));
#1835 = SURFACE_CURVE('',#1836,(#1840,#1847),.PCURVE_S1.);
#1836 = LINE('',#1837,#1838);
#1837 = CARTESIAN_POINT('',(-9.8425,-9.525,-12.7));
#1838 = VECTOR('',#1839,1.);
#1839 = DIRECTION('',(0.,0.,-1.));
#1840 = PCURVE('',#1520,#1841);
#1841 = DEFINITIONAL_REPRESENTATION('',(#1842),#1846);
#1842 = LINE('',#1843,#1844);
#1843 = CARTESIAN_POINT('',(3.175,54.9275));
#1844 = VECTOR('',#1845,1.);
#1845 = DIRECTION('',(-1.,0.));
#1846 = ( GEOMETRIC_REPRESENTATION_CONTEXT(2) 
PARAMETRIC_REPRESENTATION_CONTEXT() REPRESENTATION_CONTEXT('2D SPACE',''
  ) );
#1847 = PCURVE('',#1848,#1853);
#1848 = PLANE('',#1849);
#1849 = AXIS2_PLACEMENT_3D('',#1850,#1851,#1852);
#1850 = CARTESIAN_POINT('',(-9.8425,-25.4,-9.525));
#1851 = DIRECTION('',(1.,0.,0.));
#1852 = DIRECTION('',(0.,0.,1.));
#1853 = DEFINITIONAL_REPRESENTATION('',(#1854),#1858);
#1854 = LINE('',#1855,#1856);
#1855 = CARTESIAN_POINT('',(-3.175,-15.875));
#1856 = VECTOR('',#1857,1.);
#1857 = DIRECTION('',(-1.,0.));
#1858 = ( GEOMETRIC_REPRESENTATION_CONTEXT(2) 
PARAMETRIC_REPRESENTATION_CONTEXT() REPRESENTATION_CONTEXT('2D SPACE',''
  ) );
#1859 = ORIENTED_EDGE('',*,*,#1860,.F.);
#1860 = EDGE_CURVE('',#1861,#1833,#1863,.T.);
#1861 = VERTEX_POINT('',#1862);
#1862 = CARTESIAN_POINT('',(-10.6045,-9.525,9.525));
#1863 = SURFACE_CURVE('',#1864,(#1869,#1876),.PCURVE_S1.);
#1864 = CIRCLE('',#1865,0.762);
#1865 = AXIS2_PLACEMENT_3D('',#1866,#1867,#1868);
#1866 = CARTESIAN_POINT('',(-10.6045,-9.525,8.763));
#1867 = DIRECTION('',(0.,1.,0.));
#1868 = DIRECTION('',(1.,0.,-0.));
#1869 = PCURVE('',#1520,#1870);
#1870 = DEFINITIONAL_REPRESENTATION('',(#1871),#1875);
#1871 = CIRCLE('',#1872,0.762);
#1872 = AXIS2_PLACEMENT_2D('',#1873,#1874);
#1873 = CARTESIAN_POINT('',(24.638,54.1655));
#1874 = DIRECTION('',(0.,1.));
#1875 = ( GEOMETRIC_REPRESENTATION_CONTEXT(2) 
PARAMETRIC_REPRESENTATION_CONTEXT() REPRESENTATION_CONTEXT('2D SPACE',''
  ) );
#1876 = PCURVE('',#1877,#1882);
#1877 = CYLINDRICAL_SURFACE('',#1878,0.762);
#1878 = AXIS2_PLACEMENT_3D('',#1879,#1880,#1881);
#1879 = CARTESIAN_POINT('',(-10.6045,-25.4,8.763));
#1880 = DIRECTION('',(0.,1.,0.));
#1881 = DIRECTION('',(1.,0.,-0.));
#1882 = DEFINITIONAL_REPRESENTATION('',(#1883),#1886);
#1883 = B_SPLINE_CURVE_WITH_KNOTS('',1,(#1884,#1885),.UNSPECIFIED.,.F.,
  .F.,(2,2),(4.712388980385,6.28318530718),.PIECEWISE_BEZIER_KNOTS.);
#1884 = CARTESIAN_POINT('',(-1.570796326795,15.875));
#1885 = CARTESIAN_POINT('',(0.,15.875));
#1886 = ( GEOMETRIC_REPRESENTATION_CONTEXT(2) 
PARAMETRIC_REPRESENTATION_CONTEXT() REPRESENTATION_CONTEXT('2D SPACE',''
  ) );
#1887 = ORIENTED_EDGE('',*,*,#1888,.F.);
#1888 = EDGE_CURVE('',#1889,#1861,#1891,.T.);
#1889 = VERTEX_POINT('',#1890);
#1890 = CARTESIAN_POINT('',(-14.478,-9.525,9.525));
#1891 = SURFACE_CURVE('',#1892,(#1896,#1903),.PCURVE_S1.);
#1892 = LINE('',#1893,#1894);
#1893 = CARTESIAN_POINT('',(-40.005,-9.525,9.525));
#1894 = VECTOR('',#1895,1.);
#1895 = DIRECTION('',(1.,0.,0.));
#1896 = PCURVE('',#1520,#1897);
#1897 = DEFINITIONAL_REPRESENTATION('',(#1898),#1902);
#1898 = LINE('',#1899,#1900);
#1899 = CARTESIAN_POINT('',(25.4,24.765));
#1900 = VECTOR('',#1901,1.);
#1901 = DIRECTION('',(0.,1.));
#1902 = ( GEOMETRIC_REPRESENTATION_CONTEXT(2) 
PARAMETRIC_REPRESENTATION_CONTEXT() REPRESENTATION_CONTEXT('2D SPACE',''
  ) );
#1903 = PCURVE('',#1904,#1909);
#1904 = PLANE('',#1905);
#1905 = AXIS2_PLACEMENT_3D('',#1906,#1907,#1908);
#1906 = CARTESIAN_POINT('',(-15.24,-25.4,9.525));
#1907 = DIRECTION('',(0.,0.,1.));
#1908 = DIRECTION('',(1.,0.,0.));
#1909 = DEFINITIONAL_REPRESENTATION('',(#1910),#1914);
#1910 = LINE('',#1911,#1912);
#1911 = CARTESIAN_POINT('',(-24.765,15.875));
#1912 = VECTOR('',#1913,1.);
#1913 = DIRECTION('',(1.,0.));
#1914 = ( GEOMETRIC_REPRESENTATION_CONTEXT(2) 
PARAMETRIC_REPRESENTATION_CONTEXT() REPRESENTATION_CONTEXT('2D SPACE',''
  ) );
#1915 = ORIENTED_EDGE('',*,*,#1916,.F.);
#1916 = EDGE_CURVE('',#1917,#1889,#1919,.T.);
#1917 = VERTEX_POINT('',#1918);
#1918 = CARTESIAN_POINT('',(-15.24,-9.525,8.763));
#1919 = SURFACE_CURVE('',#1920,(#1925,#1932),.PCURVE_S1.);
#1920 = CIRCLE('',#1921,0.762);
#1921 = AXIS2_PLACEMENT_3D('',#1922,#1923,#1924);
#1922 = CARTESIAN_POINT('',(-14.478,-9.525,8.763));
#1923 = DIRECTION('',(0.,1.,0.));
#1924 = DIRECTION('',(-1.,0.,0.));
#1925 = PCURVE('',#1520,#1926);
#1926 = DEFINITIONAL_REPRESENTATION('',(#1927),#1931);
#1927 = CIRCLE('',#1928,0.762);
#1928 = AXIS2_PLACEMENT_2D('',#1929,#1930);
#1929 = CARTESIAN_POINT('',(24.638,50.292));
#1930 = DIRECTION('',(0.,-1.));
#1931 = ( GEOMETRIC_REPRESENTATION_CONTEXT(2) 
PARAMETRIC_REPRESENTATION_CONTEXT() REPRESENTATION_CONTEXT('2D SPACE',''
  ) );
#1932 = PCURVE('',#1933,#1938);
#1933 = CYLINDRICAL_SURFACE('',#1934,0.762);
#1934 = AXIS2_PLACEMENT_3D('',#1935,#1936,#1937);
#1935 = CARTESIAN_POINT('',(-14.478,-25.4,8.763));
#1936 = DIRECTION('',(0.,1.,0.));
#1937 = DIRECTION('',(-1.,0.,0.));
#1938 = DEFINITIONAL_REPRESENTATION('',(#1939),#1942);
#1939 = B_SPLINE_CURVE_WITH_KNOTS('',1,(#1940,#1941),.UNSPECIFIED.,.F.,
  .F.,(2,2),(0.,1.570796326795),.PIECEWISE_BEZIER_KNOTS.);
#1940 = CARTESIAN_POINT('',(0.,15.875));
#1941 = CARTESIAN_POINT('',(1.570796326795,15.875));
#1942 = ( GEOMETRIC_REPRESENTATION_CONTEXT(2) 
PARAMETRIC_REPRESENTATION_CONTEXT() REPRESENTATION_CONTEXT('2D SPACE',''
  ) );
#1943 = ORIENTED_EDGE('',*,*,#1944,.F.);
#1944 = EDGE_CURVE('',#1945,#1917,#1947,.T.);
#1945 = VERTEX_POINT('',#1946);
#1946 = CARTESIAN_POINT('',(-15.24,-9.525,15.875));
#1947 = SURFACE_CURVE('',#1948,(#1952,#1959),.PCURVE_S1.);
#1948 = LINE('',#1949,#1950);
#1949 = CARTESIAN_POINT('',(-15.24,-9.525,-4.1275));
#1950 = VECTOR('',#1951,1.);
#1951 = DIRECTION('',(0.,0.,-1.));
#1952 = PCURVE('',#1520,#1953);
#1953 = DEFINITIONAL_REPRESENTATION('',(#1954),#1958);
#1954 = LINE('',#1955,#1956);
#1955 = CARTESIAN_POINT('',(11.7475,49.53));
#1956 = VECTOR('',#1957,1.);
#1957 = DIRECTION('',(-1.,0.));
#1958 = ( GEOMETRIC_REPRESENTATION_CONTEXT(2) 
PARAMETRIC_REPRESENTATION_CONTEXT() REPRESENTATION_CONTEXT('2D SPACE',''
  ) );
#1959 = PCURVE('',#1960,#1965);
#1960 = PLANE('',#1961);
#1961 = AXIS2_PLACEMENT_3D('',#1962,#1963,#1964);
#1962 = CARTESIAN_POINT('',(-15.24,-25.4,7.62));
#1963 = DIRECTION('',(1.,0.,0.));
#1964 = DIRECTION('',(0.,0.,1.));
#1965 = DEFINITIONAL_REPRESENTATION('',(#1966),#1970);
#1966 = LINE('',#1967,#1968);
#1967 = CARTESIAN_POINT('',(-11.7475,-15.875));
#1968 = VECTOR('',#1969,1.);
#1969 = DIRECTION('',(-1.,0.));
#1970 = ( GEOMETRIC_REPRESENTATION_CONTEXT(2) 
PARAMETRIC_REPRESENTATION_CONTEXT() REPRESENTATION_CONTEXT('2D SPACE',''
  ) );
#1971 = ORIENTED_EDGE('',*,*,#1972,.T.);
#1972 = EDGE_CURVE('',#1945,#1973,#1975,.T.);
#1973 = VERTEX_POINT('',#1974);
#1974 = CARTESIAN_POINT('',(22.86,-9.525,15.875));
#1975 = SURFACE_CURVE('',#1976,(#1980,#1987),.PCURVE_S1.);
#1976 = LINE('',#1977,#1978);
#1977 = CARTESIAN_POINT('',(-64.77,-9.525,15.875));
#1978 = VECTOR('',#1979,1.);
#1979 = DIRECTION('',(1.,0.,0.));
#1980 = PCURVE('',#1520,#1981);
#1981 = DEFINITIONAL_REPRESENTATION('',(#1982),#1986);
#1982 = LINE('',#1983,#1984);
#1983 = CARTESIAN_POINT('',(31.75,0.));
#1984 = VECTOR('',#1985,1.);
#1985 = DIRECTION('',(0.,1.));
#1986 = ( GEOMETRIC_REPRESENTATION_CONTEXT(2) 
PARAMETRIC_REPRESENTATION_CONTEXT() REPRESENTATION_CONTEXT('2D SPACE',''
  ) );
#1987 = PCURVE('',#1988,#1993);
#1988 = PLANE('',#1989);
#1989 = AXIS2_PLACEMENT_3D('',#1990,#1991,#1992);
#1990 = CARTESIAN_POINT('',(-64.77,-9.525,15.875));
#1991 = DIRECTION('',(0.,0.,1.));
#1992 = DIRECTION('',(1.,0.,0.));
#1993 = DEFINITIONAL_REPRESENTATION('',(#1994),#1998);
#1994 = LINE('',#1995,#1996);
#1995 = CARTESIAN_POINT('',(0.,0.));
#1996 = VECTOR('',#1997,1.);
#1997 = DIRECTION('',(1.,0.));
#1998 = ( GEOMETRIC_REPRESENTATION_CONTEXT(2) 
PARAMETRIC_REPRESENTATION_CONTEXT() REPRESENTATION_CONTEXT('2D SPACE',''
  ) );
#1999 = ORIENTED_EDGE('',*,*,#2000,.F.);
#2000 = EDGE_CURVE('',#2001,#1973,#2003,.T.);
#2001 = VERTEX_POINT('',#2002);
#2002 = CARTESIAN_POINT('',(22.86,-9.525,-15.875));
#2003 = SURFACE_CURVE('',#2004,(#2008,#2015),.PCURVE_S1.);
#2004 = LINE('',#2005,#2006);
#2005 = CARTESIAN_POINT('',(22.86,-9.525,-15.875));
#2006 = VECTOR('',#2007,1.);
#2007 = DIRECTION('',(0.,0.,1.));
#2008 = PCURVE('',#1520,#2009);
#2009 = DEFINITIONAL_REPRESENTATION('',(#2010),#2014);
#2010 = LINE('',#2011,#2012);
#2011 = CARTESIAN_POINT('',(0.,87.63));
#2012 = VECTOR('',#2013,1.);
#2013 = DIRECTION('',(1.,0.));
#2014 = ( GEOMETRIC_REPRESENTATION_CONTEXT(2) 
PARAMETRIC_REPRESENTATION_CONTEXT() REPRESENTATION_CONTEXT('2D SPACE',''
  ) );
#2015 = PCURVE('',#2016,#2021);
#2016 = PLANE('',#2017);
#2017 = AXIS2_PLACEMENT_3D('',#2018,#2019,#2020);
#2018 = CARTESIAN_POINT('',(22.86,-25.4,-31.75));
#2019 = DIRECTION('',(1.,0.,0.));
#2020 = DIRECTION('',(0.,0.,1.));
#2021 = DEFINITIONAL_REPRESENTATION('',(#2022),#2026);
#2022 = LINE('',#2023,#2024);
#2023 = CARTESIAN_POINT('',(15.875,-15.875));
#2024 = VECTOR('',#2025,1.);
#2025 = DIRECTION('',(1.,0.));
#2026 = ( GEOMETRIC_REPRESENTATION_CONTEXT(2) 
PARAMETRIC_REPRESENTATION_CONTEXT() REPRESENTATION_CONTEXT('2D SPACE',''
  ) );
#2027 = ORIENTED_EDGE('',*,*,#2028,.F.);
#2028 = EDGE_CURVE('',#2029,#2001,#2031,.T.);
#2029 = VERTEX_POINT('',#2030);
#2030 = CARTESIAN_POINT('',(15.5448,-9.525,-15.875));
#2031 = SURFACE_CURVE('',#2032,(#2036,#2043),.PCURVE_S1.);
#2032 = LINE('',#2033,#2034);
#2033 = CARTESIAN_POINT('',(-64.77,-9.525,-15.875));
#2034 = VECTOR('',#2035,1.);
#2035 = DIRECTION('',(1.,0.,0.));
#2036 = PCURVE('',#1520,#2037);
#2037 = DEFINITIONAL_REPRESENTATION('',(#2038),#2042);
#2038 = LINE('',#2039,#2040);
#2039 = CARTESIAN_POINT('',(0.,0.));
#2040 = VECTOR('',#2041,1.);
#2041 = DIRECTION('',(0.,1.));
#2042 = ( GEOMETRIC_REPRESENTATION_CONTEXT(2) 
PARAMETRIC_REPRESENTATION_CONTEXT() REPRESENTATION_CONTEXT('2D SPACE',''
  ) );
#2043 = PCURVE('',#2044,#2049);
#2044 = PLANE('',#2045);
#2045 = AXIS2_PLACEMENT_3D('',#2046,#2047,#2048);
#2046 = CARTESIAN_POINT('',(-64.77,-9.525,-15.875));
#2047 = DIRECTION('',(0.,0.,1.));
#2048 = DIRECTION('',(1.,0.,0.));
#2049 = DEFINITIONAL_REPRESENTATION('',(#2050),#2054);
#2050 = LINE('',#2051,#2052);
#2051 = CARTESIAN_POINT('',(0.,0.));
#2052 = VECTOR('',#2053,1.);
#2053 = DIRECTION('',(1.,0.));
#2054 = ( GEOMETRIC_REPRESENTATION_CONTEXT(2) 
PARAMETRIC_REPRESENTATION_CONTEXT() REPRESENTATION_CONTEXT('2D SPACE',''
  ) );
#2055 = ORIENTED_EDGE('',*,*,#2056,.F.);
#2056 = EDGE_CURVE('',#2057,#2029,#2059,.T.);
#2057 = VERTEX_POINT('',#2058);
#2058 = CARTESIAN_POINT('',(15.5448,-9.525,-7.62));
#2059 = SURFACE_CURVE('',#2060,(#2064,#2071),.PCURVE_S1.);
#2060 = LINE('',#2061,#2062);
#2061 = CARTESIAN_POINT('',(15.5448,-9.525,-23.8125));
#2062 = VECTOR('',#2063,1.);
#2063 = DIRECTION('',(0.,0.,-1.));
#2064 = PCURVE('',#1520,#2065);
#2065 = DEFINITIONAL_REPRESENTATION('',(#2066),#2070);
#2066 = LINE('',#2067,#2068);
#2067 = CARTESIAN_POINT('',(-7.9375,80.3148));
#2068 = VECTOR('',#2069,1.);
#2069 = DIRECTION('',(-1.,0.));
#2070 = ( GEOMETRIC_REPRESENTATION_CONTEXT(2) 
PARAMETRIC_REPRESENTATION_CONTEXT() REPRESENTATION_CONTEXT('2D SPACE',''
  ) );
#2071 = PCURVE('',#2072,#2077);
#2072 = PLANE('',#2073);
#2073 = AXIS2_PLACEMENT_3D('',#2074,#2075,#2076);
#2074 = CARTESIAN_POINT('',(15.5448,-25.4,-31.75));
#2075 = DIRECTION('',(1.,0.,0.));
#2076 = DIRECTION('',(0.,0.,1.));
#2077 = DEFINITIONAL_REPRESENTATION('',(#2078),#2082);
#2078 = LINE('',#2079,#2080);
#2079 = CARTESIAN_POINT('',(7.9375,-15.875));
#2080 = VECTOR('',#2081,1.);
#2081 = DIRECTION('',(-1.,0.));
#2082 = ( GEOMETRIC_REPRESENTATION_CONTEXT(2) 
PARAMETRIC_REPRESENTATION_CONTEXT() REPRESENTATION_CONTEXT('2D SPACE',''
  ) );
#2083 = ORIENTED_EDGE('',*,*,#2084,.F.);
#2084 = EDGE_CURVE('',#2085,#2057,#2087,.T.);
#2085 = VERTEX_POINT('',#2086);
#2086 = CARTESIAN_POINT('',(15.24,-9.525,-7.62));
#2087 = SURFACE_CURVE('',#2088,(#2092,#2099),.PCURVE_S1.);
#2088 = LINE('',#2089,#2090);
#2089 = CARTESIAN_POINT('',(-24.765,-9.525,-7.62));
#2090 = VECTOR('',#2091,1.);
#2091 = DIRECTION('',(1.,0.,0.));
#2092 = PCURVE('',#1520,#2093);
#2093 = DEFINITIONAL_REPRESENTATION('',(#2094),#2098);
#2094 = LINE('',#2095,#2096);
#2095 = CARTESIAN_POINT('',(8.255,40.005));
#2096 = VECTOR('',#2097,1.);
#2097 = DIRECTION('',(0.,1.));
#2098 = ( GEOMETRIC_REPRESENTATION_CONTEXT(2) 
PARAMETRIC_REPRESENTATION_CONTEXT() REPRESENTATION_CONTEXT('2D SPACE',''
  ) );
#2099 = PCURVE('',#2100,#2105);
#2100 = PLANE('',#2101);
#2101 = AXIS2_PLACEMENT_3D('',#2102,#2103,#2104);
#2102 = CARTESIAN_POINT('',(15.24,-25.4,-7.62));
#2103 = DIRECTION('',(0.,0.,1.));
#2104 = DIRECTION('',(1.,0.,0.));
#2105 = DEFINITIONAL_REPRESENTATION('',(#2106),#2110);
#2106 = LINE('',#2107,#2108);
#2107 = CARTESIAN_POINT('',(-40.005,15.875));
#2108 = VECTOR('',#2109,1.);
#2109 = DIRECTION('',(1.,0.));
#2110 = ( GEOMETRIC_REPRESENTATION_CONTEXT(2) 
PARAMETRIC_REPRESENTATION_CONTEXT() REPRESENTATION_CONTEXT('2D SPACE',''
  ) );
#2111 = ORIENTED_EDGE('',*,*,#2112,.F.);
#2112 = EDGE_CURVE('',#2113,#2085,#2115,.T.);
#2113 = VERTEX_POINT('',#2114);
#2114 = CARTESIAN_POINT('',(15.24,-9.525,8.763));
#2115 = SURFACE_CURVE('',#2116,(#2120,#2127),.PCURVE_S1.);
#2116 = LINE('',#2117,#2118);
#2117 = CARTESIAN_POINT('',(15.24,-9.525,-12.7));
#2118 = VECTOR('',#2119,1.);
#2119 = DIRECTION('',(0.,0.,-1.));
#2120 = PCURVE('',#1520,#2121);
#2121 = DEFINITIONAL_REPRESENTATION('',(#2122),#2126);
#2122 = LINE('',#2123,#2124);
#2123 = CARTESIAN_POINT('',(3.175,80.01));
#2124 = VECTOR('',#2125,1.);
#2125 = DIRECTION('',(-1.,0.));
#2126 = ( GEOMETRIC_REPRESENTATION_CONTEXT(2) 
PARAMETRIC_REPRESENTATION_CONTEXT() REPRESENTATION_CONTEXT('2D SPACE',''
  ) );
#2127 = PCURVE('',#2128,#2133);
#2128 = PLANE('',#2129);
#2129 = AXIS2_PLACEMENT_3D('',#2130,#2131,#2132);
#2130 = CARTESIAN_POINT('',(15.24,-25.4,-9.525));
#2131 = DIRECTION('',(1.,0.,0.));
#2132 = DIRECTION('',(0.,0.,1.));
#2133 = DEFINITIONAL_REPRESENTATION('',(#2134),#2138);
#2134 = LINE('',#2135,#2136);
#2135 = CARTESIAN_POINT('',(-3.175,-15.875));
#2136 = VECTOR('',#2137,1.);
#2137 = DIRECTION('',(-1.,0.));
#2138 = ( GEOMETRIC_REPRESENTATION_CONTEXT(2) 
PARAMETRIC_REPRESENTATION_CONTEXT() REPRESENTATION_CONTEXT('2D SPACE',''
  ) );
#2139 = ORIENTED_EDGE('',*,*,#2140,.F.);
#2140 = EDGE_CURVE('',#2141,#2113,#2143,.T.);
#2141 = VERTEX_POINT('',#2142);
#2142 = CARTESIAN_POINT('',(14.478,-9.525,9.525));
#2143 = SURFACE_CURVE('',#2144,(#2149,#2156),.PCURVE_S1.);
#2144 = CIRCLE('',#2145,0.762);
#2145 = AXIS2_PLACEMENT_3D('',#2146,#2147,#2148);
#2146 = CARTESIAN_POINT('',(14.478,-9.525,8.763));
#2147 = DIRECTION('',(0.,1.,0.));
#2148 = DIRECTION('',(1.,0.,-0.));
#2149 = PCURVE('',#1520,#2150);
#2150 = DEFINITIONAL_REPRESENTATION('',(#2151),#2155);
#2151 = CIRCLE('',#2152,0.762);
#2152 = AXIS2_PLACEMENT_2D('',#2153,#2154);
#2153 = CARTESIAN_POINT('',(24.638,79.248));
#2154 = DIRECTION('',(0.,1.));
#2155 = ( GEOMETRIC_REPRESENTATION_CONTEXT(2) 
PARAMETRIC_REPRESENTATION_CONTEXT() REPRESENTATION_CONTEXT('2D SPACE',''
  ) );
#2156 = PCURVE('',#2157,#2162);
#2157 = CYLINDRICAL_SURFACE('',#2158,0.762);
#2158 = AXIS2_PLACEMENT_3D('',#2159,#2160,#2161);
#2159 = CARTESIAN_POINT('',(14.478,-25.4,8.763));
#2160 = DIRECTION('',(0.,1.,0.));
#2161 = DIRECTION('',(1.,0.,-0.));
#2162 = DEFINITIONAL_REPRESENTATION('',(#2163),#2166);
#2163 = B_SPLINE_CURVE_WITH_KNOTS('',1,(#2164,#2165),.UNSPECIFIED.,.F.,
  .F.,(2,2),(4.712388980385,6.28318530718),.PIECEWISE_BEZIER_KNOTS.);
#2164 = CARTESIAN_POINT('',(-1.570796326795,15.875));
#2165 = CARTESIAN_POINT('',(0.,15.875));
#2166 = ( GEOMETRIC_REPRESENTATION_CONTEXT(2) 
PARAMETRIC_REPRESENTATION_CONTEXT() REPRESENTATION_CONTEXT('2D SPACE',''
  ) );
#2167 = ORIENTED_EDGE('',*,*,#2168,.F.);
#2168 = EDGE_CURVE('',#2169,#2141,#2171,.T.);
#2169 = VERTEX_POINT('',#2170);
#2170 = CARTESIAN_POINT('',(10.6045,-9.525,9.525));
#2171 = SURFACE_CURVE('',#2172,(#2176,#2183),.PCURVE_S1.);
#2172 = LINE('',#2173,#2174);
#2173 = CARTESIAN_POINT('',(-27.46375,-9.525,9.525));
#2174 = VECTOR('',#2175,1.);
#2175 = DIRECTION('',(1.,0.,0.));
#2176 = PCURVE('',#1520,#2177);
#2177 = DEFINITIONAL_REPRESENTATION('',(#2178),#2182);
#2178 = LINE('',#2179,#2180);
#2179 = CARTESIAN_POINT('',(25.4,37.30625));
#2180 = VECTOR('',#2181,1.);
#2181 = DIRECTION('',(0.,1.));
#2182 = ( GEOMETRIC_REPRESENTATION_CONTEXT(2) 
PARAMETRIC_REPRESENTATION_CONTEXT() REPRESENTATION_CONTEXT('2D SPACE',''
  ) );
#2183 = PCURVE('',#2184,#2189);
#2184 = PLANE('',#2185);
#2185 = AXIS2_PLACEMENT_3D('',#2186,#2187,#2188);
#2186 = CARTESIAN_POINT('',(9.8425,-25.4,9.525));
#2187 = DIRECTION('',(0.,0.,1.));
#2188 = DIRECTION('',(1.,0.,0.));
#2189 = DEFINITIONAL_REPRESENTATION('',(#2190),#2194);
#2190 = LINE('',#2191,#2192);
#2191 = CARTESIAN_POINT('',(-37.30625,15.875));
#2192 = VECTOR('',#2193,1.);
#2193 = DIRECTION('',(1.,0.));
#2194 = ( GEOMETRIC_REPRESENTATION_CONTEXT(2) 
PARAMETRIC_REPRESENTATION_CONTEXT() REPRESENTATION_CONTEXT('2D SPACE',''
  ) );
#2195 = ORIENTED_EDGE('',*,*,#2196,.F.);
#2196 = EDGE_CURVE('',#2197,#2169,#2199,.T.);
#2197 = VERTEX_POINT('',#2198);
#2198 = CARTESIAN_POINT('',(9.8425,-9.525,8.763));
#2199 = SURFACE_CURVE('',#2200,(#2205,#2212),.PCURVE_S1.);
#2200 = CIRCLE('',#2201,0.762);
#2201 = AXIS2_PLACEMENT_3D('',#2202,#2203,#2204);
#2202 = CARTESIAN_POINT('',(10.6045,-9.525,8.763));
#2203 = DIRECTION('',(0.,1.,0.));
#2204 = DIRECTION('',(-1.,0.,0.));
#2205 = PCURVE('',#1520,#2206);
#2206 = DEFINITIONAL_REPRESENTATION('',(#2207),#2211);
#2207 = CIRCLE('',#2208,0.762);
#2208 = AXIS2_PLACEMENT_2D('',#2209,#2210);
#2209 = CARTESIAN_POINT('',(24.638,75.3745));
#2210 = DIRECTION('',(0.,-1.));
#2211 = ( GEOMETRIC_REPRESENTATION_CONTEXT(2) 
PARAMETRIC_REPRESENTATION_CONTEXT() REPRESENTATION_CONTEXT('2D SPACE',''
  ) );
#2212 = PCURVE('',#2213,#2218);
#2213 = CYLINDRICAL_SURFACE('',#2214,0.762);
#2214 = AXIS2_PLACEMENT_3D('',#2215,#2216,#2217);
#2215 = CARTESIAN_POINT('',(10.6045,-25.4,8.763));
#2216 = DIRECTION('',(0.,1.,0.));
#2217 = DIRECTION('',(-1.,0.,0.));
#2218 = DEFINITIONAL_REPRESENTATION('',(#2219),#2222);
#2219 = B_SPLINE_CURVE_WITH_KNOTS('',1,(#2220,#2221),.UNSPECIFIED.,.F.,
  .F.,(2,2),(0.,1.570796326795),.PIECEWISE_BEZIER_KNOTS.);
#2220 = CARTESIAN_POINT('',(0.,15.875));
#2221 = CARTESIAN_POINT('',(1.570796326795,15.875));
#2222 = ( GEOMETRIC_REPRESENTATION_CONTEXT(2) 
PARAMETRIC_REPRESENTATION_CONTEXT() REPRESENTATION_CONTEXT('2D SPACE',''
  ) );
#2223 = ORIENTED_EDGE('',*,*,#2224,.T.);
#2224 = EDGE_CURVE('',#2197,#2225,#2227,.T.);
#2225 = VERTEX_POINT('',#2226);
#2226 = CARTESIAN_POINT('',(9.8425,-9.525,-8.763));
#2227 = SURFACE_CURVE('',#2228,(#2232,#2239),.PCURVE_S1.);
#2228 = LINE('',#2229,#2230);
#2229 = CARTESIAN_POINT('',(9.8425,-9.525,-12.7));
#2230 = VECTOR('',#2231,1.);
#2231 = DIRECTION('',(0.,0.,-1.));
#2232 = PCURVE('',#1520,#2233);
#2233 = DEFINITIONAL_REPRESENTATION('',(#2234),#2238);
#2234 = LINE('',#2235,#2236);
#2235 = CARTESIAN_POINT('',(3.175,74.6125));
#2236 = VECTOR('',#2237,1.);
#2237 = DIRECTION('',(-1.,0.));
#2238 = ( GEOMETRIC_REPRESENTATION_CONTEXT(2) 
PARAMETRIC_REPRESENTATION_CONTEXT() REPRESENTATION_CONTEXT('2D SPACE',''
  ) );
#2239 = PCURVE('',#2240,#2245);
#2240 = PLANE('',#2241);
#2241 = AXIS2_PLACEMENT_3D('',#2242,#2243,#2244);
#2242 = CARTESIAN_POINT('',(9.8425,-25.4,-9.525));
#2243 = DIRECTION('',(1.,0.,0.));
#2244 = DIRECTION('',(0.,0.,1.));
#2245 = DEFINITIONAL_REPRESENTATION('',(#2246),#2250);
#2246 = LINE('',#2247,#2248);
#2247 = CARTESIAN_POINT('',(-3.175,-15.875));
#2248 = VECTOR('',#2249,1.);
#2249 = DIRECTION('',(-1.,0.));
#2250 = ( GEOMETRIC_REPRESENTATION_CONTEXT(2) 
PARAMETRIC_REPRESENTATION_CONTEXT() REPRESENTATION_CONTEXT('2D SPACE',''
  ) );
#2251 = ORIENTED_EDGE('',*,*,#2252,.F.);
#2252 = EDGE_CURVE('',#2253,#2225,#2255,.T.);
#2253 = VERTEX_POINT('',#2254);
#2254 = CARTESIAN_POINT('',(10.6045,-9.525,-9.525));
#2255 = SURFACE_CURVE('',#2256,(#2261,#2268),.PCURVE_S1.);
#2256 = CIRCLE('',#2257,0.762);
#2257 = AXIS2_PLACEMENT_3D('',#2258,#2259,#2260);
#2258 = CARTESIAN_POINT('',(10.6045,-9.525,-8.763));
#2259 = DIRECTION('',(0.,1.,0.));
#2260 = DIRECTION('',(-1.,0.,0.));
#2261 = PCURVE('',#1520,#2262);
#2262 = DEFINITIONAL_REPRESENTATION('',(#2263),#2267);
#2263 = CIRCLE('',#2264,0.762);
#2264 = AXIS2_PLACEMENT_2D('',#2265,#2266);
#2265 = CARTESIAN_POINT('',(7.112,75.3745));
#2266 = DIRECTION('',(0.,-1.));
#2267 = ( GEOMETRIC_REPRESENTATION_CONTEXT(2) 
PARAMETRIC_REPRESENTATION_CONTEXT() REPRESENTATION_CONTEXT('2D SPACE',''
  ) );
#2268 = PCURVE('',#2269,#2274);
#2269 = CYLINDRICAL_SURFACE('',#2270,0.762);
#2270 = AXIS2_PLACEMENT_3D('',#2271,#2272,#2273);
#2271 = CARTESIAN_POINT('',(10.6045,-25.4,-8.763));
#2272 = DIRECTION('',(0.,1.,0.));
#2273 = DIRECTION('',(-1.,0.,0.));
#2274 = DEFINITIONAL_REPRESENTATION('',(#2275),#2278);
#2275 = B_SPLINE_CURVE_WITH_KNOTS('',1,(#2276,#2277),.UNSPECIFIED.,.F.,
  .F.,(2,2),(4.712388980385,6.28318530718),.PIECEWISE_BEZIER_KNOTS.);
#2276 = CARTESIAN_POINT('',(-1.570796326795,15.875));
#2277 = CARTESIAN_POINT('',(0.,15.875));
#2278 = ( GEOMETRIC_REPRESENTATION_CONTEXT(2) 
PARAMETRIC_REPRESENTATION_CONTEXT() REPRESENTATION_CONTEXT('2D SPACE',''
  ) );
#2279 = ORIENTED_EDGE('',*,*,#2280,.T.);
#2280 = EDGE_CURVE('',#2253,#2281,#2283,.T.);
#2281 = VERTEX_POINT('',#2282);
#2282 = CARTESIAN_POINT('',(14.478,-9.525,-9.525));
#2283 = SURFACE_CURVE('',#2284,(#2288,#2295),.PCURVE_S1.);
#2284 = LINE('',#2285,#2286);
#2285 = CARTESIAN_POINT('',(-27.46375,-9.525,-9.525));
#2286 = VECTOR('',#2287,1.);
#2287 = DIRECTION('',(1.,0.,0.));
#2288 = PCURVE('',#1520,#2289);
#2289 = DEFINITIONAL_REPRESENTATION('',(#2290),#2294);
#2290 = LINE('',#2291,#2292);
#2291 = CARTESIAN_POINT('',(6.35,37.30625));
#2292 = VECTOR('',#2293,1.);
#2293 = DIRECTION('',(0.,1.));
#2294 = ( GEOMETRIC_REPRESENTATION_CONTEXT(2) 
PARAMETRIC_REPRESENTATION_CONTEXT() REPRESENTATION_CONTEXT('2D SPACE',''
  ) );
#2295 = PCURVE('',#2296,#2301);
#2296 = PLANE('',#2297);
#2297 = AXIS2_PLACEMENT_3D('',#2298,#2299,#2300);
#2298 = CARTESIAN_POINT('',(9.8425,-25.4,-9.525));
#2299 = DIRECTION('',(0.,0.,1.));
#2300 = DIRECTION('',(1.,0.,0.));
#2301 = DEFINITIONAL_REPRESENTATION('',(#2302),#2306);
#2302 = LINE('',#2303,#2304);
#2303 = CARTESIAN_POINT('',(-37.30625,15.875));
#2304 = VECTOR('',#2305,1.);
#2305 = DIRECTION('',(1.,0.));
#2306 = ( GEOMETRIC_REPRESENTATION_CONTEXT(2) 
PARAMETRIC_REPRESENTATION_CONTEXT() REPRESENTATION_CONTEXT('2D SPACE',''
  ) );
#2307 = ORIENTED_EDGE('',*,*,#2308,.F.);
#2308 = EDGE_CURVE('',#2309,#2281,#2311,.T.);
#2309 = VERTEX_POINT('',#2310);
#2310 = CARTESIAN_POINT('',(15.24,-9.525,-8.763));
#2311 = SURFACE_CURVE('',#2312,(#2317,#2324),.PCURVE_S1.);
#2312 = CIRCLE('',#2313,0.762);
#2313 = AXIS2_PLACEMENT_3D('',#2314,#2315,#2316);
#2314 = CARTESIAN_POINT('',(14.478,-9.525,-8.763));
#2315 = DIRECTION('',(0.,1.,0.));
#2316 = DIRECTION('',(1.,0.,-0.));
#2317 = PCURVE('',#1520,#2318);
#2318 = DEFINITIONAL_REPRESENTATION('',(#2319),#2323);
#2319 = CIRCLE('',#2320,0.762);
#2320 = AXIS2_PLACEMENT_2D('',#2321,#2322);
#2321 = CARTESIAN_POINT('',(7.112,79.248));
#2322 = DIRECTION('',(0.,1.));
#2323 = ( GEOMETRIC_REPRESENTATION_CONTEXT(2) 
PARAMETRIC_REPRESENTATION_CONTEXT() REPRESENTATION_CONTEXT('2D SPACE',''
  ) );
#2324 = PCURVE('',#2325,#2330);
#2325 = CYLINDRICAL_SURFACE('',#2326,0.762);
#2326 = AXIS2_PLACEMENT_3D('',#2327,#2328,#2329);
#2327 = CARTESIAN_POINT('',(14.478,-25.4,-8.763));
#2328 = DIRECTION('',(0.,1.,0.));
#2329 = DIRECTION('',(1.,0.,-0.));
#2330 = DEFINITIONAL_REPRESENTATION('',(#2331),#2334);
#2331 = B_SPLINE_CURVE_WITH_KNOTS('',1,(#2332,#2333),.UNSPECIFIED.,.F.,
  .F.,(2,2),(0.,1.570796326795),.PIECEWISE_BEZIER_KNOTS.);
#2332 = CARTESIAN_POINT('',(0.,15.875));
#2333 = CARTESIAN_POINT('',(1.570796326795,15.875));
#2334 = ( GEOMETRIC_REPRESENTATION_CONTEXT(2) 
PARAMETRIC_REPRESENTATION_CONTEXT() REPRESENTATION_CONTEXT('2D SPACE',''
  ) );
#2335 = ORIENTED_EDGE('',*,*,#2336,.T.);
#2336 = EDGE_CURVE('',#2309,#1618,#2337,.T.);
#2337 = SURFACE_CURVE('',#2338,(#2342,#2349),.PCURVE_S1.);
#2338 = LINE('',#2339,#2340);
#2339 = CARTESIAN_POINT('',(15.24,-9.525,-23.8125));
#2340 = VECTOR('',#2341,1.);
#2341 = DIRECTION('',(0.,0.,-1.));
#2342 = PCURVE('',#1520,#2343);
#2343 = DEFINITIONAL_REPRESENTATION('',(#2344),#2348);
#2344 = LINE('',#2345,#2346);
#2345 = CARTESIAN_POINT('',(-7.9375,80.01));
#2346 = VECTOR('',#2347,1.);
#2347 = DIRECTION('',(-1.,0.));
#2348 = ( GEOMETRIC_REPRESENTATION_CONTEXT(2) 
PARAMETRIC_REPRESENTATION_CONTEXT() REPRESENTATION_CONTEXT('2D SPACE',''
  ) );
#2349 = PCURVE('',#2350,#2355);
#2350 = PLANE('',#2351);
#2351 = AXIS2_PLACEMENT_3D('',#2352,#2353,#2354);
#2352 = CARTESIAN_POINT('',(15.24,-25.4,-31.75));
#2353 = DIRECTION('',(1.,0.,0.));
#2354 = DIRECTION('',(0.,0.,1.));
#2355 = DEFINITIONAL_REPRESENTATION('',(#2356),#2360);
#2356 = LINE('',#2357,#2358);
#2357 = CARTESIAN_POINT('',(7.9375,-15.875));
#2358 = VECTOR('',#2359,1.);
#2359 = DIRECTION('',(-1.,0.));
#2360 = ( GEOMETRIC_REPRESENTATION_CONTEXT(2) 
PARAMETRIC_REPRESENTATION_CONTEXT() REPRESENTATION_CONTEXT('2D SPACE',''
  ) );
#2361 = FACE_BOUND('',#2362,.F.);
#2362 = EDGE_LOOP('',(#2363,#2393,#2421,#2449,#2477,#2505,#2533,#2561));
#2363 = ORIENTED_EDGE('',*,*,#2364,.F.);
#2364 = EDGE_CURVE('',#2365,#2367,#2369,.T.);
#2365 = VERTEX_POINT('',#2366);
#2366 = CARTESIAN_POINT('',(-9.2075,-9.525,8.763));
#2367 = VERTEX_POINT('',#2368);
#2368 = CARTESIAN_POINT('',(-8.4455,-9.525,9.525));
#2369 = SURFACE_CURVE('',#2370,(#2375,#2382),.PCURVE_S1.);
#2370 = CIRCLE('',#2371,0.762);
#2371 = AXIS2_PLACEMENT_3D('',#2372,#2373,#2374);
#2372 = CARTESIAN_POINT('',(-8.4455,-9.525,8.763));
#2373 = DIRECTION('',(0.,1.,0.));
#2374 = DIRECTION('',(-1.,0.,0.));
#2375 = PCURVE('',#1520,#2376);
#2376 = DEFINITIONAL_REPRESENTATION('',(#2377),#2381);
#2377 = CIRCLE('',#2378,0.762);
#2378 = AXIS2_PLACEMENT_2D('',#2379,#2380);
#2379 = CARTESIAN_POINT('',(24.638,56.3245));
#2380 = DIRECTION('',(0.,-1.));
#2381 = ( GEOMETRIC_REPRESENTATION_CONTEXT(2) 
PARAMETRIC_REPRESENTATION_CONTEXT() REPRESENTATION_CONTEXT('2D SPACE',''
  ) );
#2382 = PCURVE('',#2383,#2388);
#2383 = CYLINDRICAL_SURFACE('',#2384,0.762);
#2384 = AXIS2_PLACEMENT_3D('',#2385,#2386,#2387);
#2385 = CARTESIAN_POINT('',(-8.4455,-25.4,8.763));
#2386 = DIRECTION('',(0.,1.,0.));
#2387 = DIRECTION('',(-1.,0.,0.));
#2388 = DEFINITIONAL_REPRESENTATION('',(#2389),#2392);
#2389 = B_SPLINE_CURVE_WITH_KNOTS('',1,(#2390,#2391),.UNSPECIFIED.,.F.,
  .F.,(2,2),(0.,1.570796326795),.PIECEWISE_BEZIER_KNOTS.);
#2390 = CARTESIAN_POINT('',(0.,15.875));
#2391 = CARTESIAN_POINT('',(1.570796326795,15.875));
#2392 = ( GEOMETRIC_REPRESENTATION_CONTEXT(2) 
PARAMETRIC_REPRESENTATION_CONTEXT() REPRESENTATION_CONTEXT('2D SPACE',''
  ) );
#2393 = ORIENTED_EDGE('',*,*,#2394,.T.);
#2394 = EDGE_CURVE('',#2365,#2395,#2397,.T.);
#2395 = VERTEX_POINT('',#2396);
#2396 = CARTESIAN_POINT('',(-9.2075,-9.525,-8.763));
#2397 = SURFACE_CURVE('',#2398,(#2402,#2409),.PCURVE_S1.);
#2398 = LINE('',#2399,#2400);
#2399 = CARTESIAN_POINT('',(-9.2075,-9.525,-12.7));
#2400 = VECTOR('',#2401,1.);
#2401 = DIRECTION('',(0.,0.,-1.));
#2402 = PCURVE('',#1520,#2403);
#2403 = DEFINITIONAL_REPRESENTATION('',(#2404),#2408);
#2404 = LINE('',#2405,#2406);
#2405 = CARTESIAN_POINT('',(3.175,55.5625));
#2406 = VECTOR('',#2407,1.);
#2407 = DIRECTION('',(-1.,0.));
#2408 = ( GEOMETRIC_REPRESENTATION_CONTEXT(2) 
PARAMETRIC_REPRESENTATION_CONTEXT() REPRESENTATION_CONTEXT('2D SPACE',''
  ) );
#2409 = PCURVE('',#2410,#2415);
#2410 = PLANE('',#2411);
#2411 = AXIS2_PLACEMENT_3D('',#2412,#2413,#2414);
#2412 = CARTESIAN_POINT('',(-9.2075,-25.4,-9.525));
#2413 = DIRECTION('',(1.,0.,0.));
#2414 = DIRECTION('',(0.,0.,1.));
#2415 = DEFINITIONAL_REPRESENTATION('',(#2416),#2420);
#2416 = LINE('',#2417,#2418);
#2417 = CARTESIAN_POINT('',(-3.175,-15.875));
#2418 = VECTOR('',#2419,1.);
#2419 = DIRECTION('',(-1.,0.));
#2420 = ( GEOMETRIC_REPRESENTATION_CONTEXT(2) 
PARAMETRIC_REPRESENTATION_CONTEXT() REPRESENTATION_CONTEXT('2D SPACE',''
  ) );
#2421 = ORIENTED_EDGE('',*,*,#2422,.F.);
#2422 = EDGE_CURVE('',#2423,#2395,#2425,.T.);
#2423 = VERTEX_POINT('',#2424);
#2424 = CARTESIAN_POINT('',(-8.4455,-9.525,-9.525));
#2425 = SURFACE_CURVE('',#2426,(#2431,#2438),.PCURVE_S1.);
#2426 = CIRCLE('',#2427,0.762);
#2427 = AXIS2_PLACEMENT_3D('',#2428,#2429,#2430);
#2428 = CARTESIAN_POINT('',(-8.4455,-9.525,-8.763));
#2429 = DIRECTION('',(0.,1.,0.));
#2430 = DIRECTION('',(-1.,0.,0.));
#2431 = PCURVE('',#1520,#2432);
#2432 = DEFINITIONAL_REPRESENTATION('',(#2433),#2437);
#2433 = CIRCLE('',#2434,0.762);
#2434 = AXIS2_PLACEMENT_2D('',#2435,#2436);
#2435 = CARTESIAN_POINT('',(7.112,56.3245));
#2436 = DIRECTION('',(0.,-1.));
#2437 = ( GEOMETRIC_REPRESENTATION_CONTEXT(2) 
PARAMETRIC_REPRESENTATION_CONTEXT() REPRESENTATION_CONTEXT('2D SPACE',''
  ) );
#2438 = PCURVE('',#2439,#2444);
#2439 = CYLINDRICAL_SURFACE('',#2440,0.762);
#2440 = AXIS2_PLACEMENT_3D('',#2441,#2442,#2443);
#2441 = CARTESIAN_POINT('',(-8.4455,-25.4,-8.763));
#2442 = DIRECTION('',(0.,1.,0.));
#2443 = DIRECTION('',(-1.,0.,0.));
#2444 = DEFINITIONAL_REPRESENTATION('',(#2445),#2448);
#2445 = B_SPLINE_CURVE_WITH_KNOTS('',1,(#2446,#2447),.UNSPECIFIED.,.F.,
  .F.,(2,2),(4.712388980385,6.28318530718),.PIECEWISE_BEZIER_KNOTS.);
#2446 = CARTESIAN_POINT('',(-1.570796326795,15.875));
#2447 = CARTESIAN_POINT('',(0.,15.875));
#2448 = ( GEOMETRIC_REPRESENTATION_CONTEXT(2) 
PARAMETRIC_REPRESENTATION_CONTEXT() REPRESENTATION_CONTEXT('2D SPACE',''
  ) );
#2449 = ORIENTED_EDGE('',*,*,#2450,.T.);
#2450 = EDGE_CURVE('',#2423,#2451,#2453,.T.);
#2451 = VERTEX_POINT('',#2452);
#2452 = CARTESIAN_POINT('',(8.4455,-9.525,-9.525));
#2453 = SURFACE_CURVE('',#2454,(#2458,#2465),.PCURVE_S1.);
#2454 = LINE('',#2455,#2456);
#2455 = CARTESIAN_POINT('',(-36.98875,-9.525,-9.525));
#2456 = VECTOR('',#2457,1.);
#2457 = DIRECTION('',(1.,0.,0.));
#2458 = PCURVE('',#1520,#2459);
#2459 = DEFINITIONAL_REPRESENTATION('',(#2460),#2464);
#2460 = LINE('',#2461,#2462);
#2461 = CARTESIAN_POINT('',(6.35,27.78125));
#2462 = VECTOR('',#2463,1.);
#2463 = DIRECTION('',(0.,1.));
#2464 = ( GEOMETRIC_REPRESENTATION_CONTEXT(2) 
PARAMETRIC_REPRESENTATION_CONTEXT() REPRESENTATION_CONTEXT('2D SPACE',''
  ) );
#2465 = PCURVE('',#2466,#2471);
#2466 = PLANE('',#2467);
#2467 = AXIS2_PLACEMENT_3D('',#2468,#2469,#2470);
#2468 = CARTESIAN_POINT('',(-9.2075,-25.4,-9.525));
#2469 = DIRECTION('',(0.,0.,1.));
#2470 = DIRECTION('',(1.,0.,0.));
#2471 = DEFINITIONAL_REPRESENTATION('',(#2472),#2476);
#2472 = LINE('',#2473,#2474);
#2473 = CARTESIAN_POINT('',(-27.78125,15.875));
#2474 = VECTOR('',#2475,1.);
#2475 = DIRECTION('',(1.,0.));
#2476 = ( GEOMETRIC_REPRESENTATION_CONTEXT(2) 
PARAMETRIC_REPRESENTATION_CONTEXT() REPRESENTATION_CONTEXT('2D SPACE',''
  ) );
#2477 = ORIENTED_EDGE('',*,*,#2478,.F.);
#2478 = EDGE_CURVE('',#2479,#2451,#2481,.T.);
#2479 = VERTEX_POINT('',#2480);
#2480 = CARTESIAN_POINT('',(9.2075,-9.525,-8.763));
#2481 = SURFACE_CURVE('',#2482,(#2487,#2494),.PCURVE_S1.);
#2482 = CIRCLE('',#2483,0.762);
#2483 = AXIS2_PLACEMENT_3D('',#2484,#2485,#2486);
#2484 = CARTESIAN_POINT('',(8.4455,-9.525,-8.763));
#2485 = DIRECTION('',(0.,1.,0.));
#2486 = DIRECTION('',(1.,0.,-0.));
#2487 = PCURVE('',#1520,#2488);
#2488 = DEFINITIONAL_REPRESENTATION('',(#2489),#2493);
#2489 = CIRCLE('',#2490,0.762);
#2490 = AXIS2_PLACEMENT_2D('',#2491,#2492);
#2491 = CARTESIAN_POINT('',(7.112,73.2155));
#2492 = DIRECTION('',(0.,1.));
#2493 = ( GEOMETRIC_REPRESENTATION_CONTEXT(2) 
PARAMETRIC_REPRESENTATION_CONTEXT() REPRESENTATION_CONTEXT('2D SPACE',''
  ) );
#2494 = PCURVE('',#2495,#2500);
#2495 = CYLINDRICAL_SURFACE('',#2496,0.762);
#2496 = AXIS2_PLACEMENT_3D('',#2497,#2498,#2499);
#2497 = CARTESIAN_POINT('',(8.4455,-25.4,-8.763));
#2498 = DIRECTION('',(0.,1.,0.));
#2499 = DIRECTION('',(1.,0.,-0.));
#2500 = DEFINITIONAL_REPRESENTATION('',(#2501),#2504);
#2501 = B_SPLINE_CURVE_WITH_KNOTS('',1,(#2502,#2503),.UNSPECIFIED.,.F.,
  .F.,(2,2),(0.,1.570796326795),.PIECEWISE_BEZIER_KNOTS.);
#2502 = CARTESIAN_POINT('',(0.,15.875));
#2503 = CARTESIAN_POINT('',(1.570796326795,15.875));
#2504 = ( GEOMETRIC_REPRESENTATION_CONTEXT(2) 
PARAMETRIC_REPRESENTATION_CONTEXT() REPRESENTATION_CONTEXT('2D SPACE',''
  ) );
#2505 = ORIENTED_EDGE('',*,*,#2506,.F.);
#2506 = EDGE_CURVE('',#2507,#2479,#2509,.T.);
#2507 = VERTEX_POINT('',#2508);
#2508 = CARTESIAN_POINT('',(9.2075,-9.525,8.763));
#2509 = SURFACE_CURVE('',#2510,(#2514,#2521),.PCURVE_S1.);
#2510 = LINE('',#2511,#2512);
#2511 = CARTESIAN_POINT('',(9.2075,-9.525,-12.7));
#2512 = VECTOR('',#2513,1.);
#2513 = DIRECTION('',(0.,0.,-1.));
#2514 = PCURVE('',#1520,#2515);
#2515 = DEFINITIONAL_REPRESENTATION('',(#2516),#2520);
#2516 = LINE('',#2517,#2518);
#2517 = CARTESIAN_POINT('',(3.175,73.9775));
#2518 = VECTOR('',#2519,1.);
#2519 = DIRECTION('',(-1.,0.));
#2520 = ( GEOMETRIC_REPRESENTATION_CONTEXT(2) 
PARAMETRIC_REPRESENTATION_CONTEXT() REPRESENTATION_CONTEXT('2D SPACE',''
  ) );
#2521 = PCURVE('',#2522,#2527);
#2522 = PLANE('',#2523);
#2523 = AXIS2_PLACEMENT_3D('',#2524,#2525,#2526);
#2524 = CARTESIAN_POINT('',(9.2075,-25.4,-9.525));
#2525 = DIRECTION('',(1.,0.,0.));
#2526 = DIRECTION('',(0.,0.,1.));
#2527 = DEFINITIONAL_REPRESENTATION('',(#2528),#2532);
#2528 = LINE('',#2529,#2530);
#2529 = CARTESIAN_POINT('',(-3.175,-15.875));
#2530 = VECTOR('',#2531,1.);
#2531 = DIRECTION('',(-1.,0.));
#2532 = ( GEOMETRIC_REPRESENTATION_CONTEXT(2) 
PARAMETRIC_REPRESENTATION_CONTEXT() REPRESENTATION_CONTEXT('2D SPACE',''
  ) );
#2533 = ORIENTED_EDGE('',*,*,#2534,.F.);
#2534 = EDGE_CURVE('',#2535,#2507,#2537,.T.);
#2535 = VERTEX_POINT('',#2536);
#2536 = CARTESIAN_POINT('',(8.4455,-9.525,9.525));
#2537 = SURFACE_CURVE('',#2538,(#2543,#2550),.PCURVE_S1.);
#2538 = CIRCLE('',#2539,0.762);
#2539 = AXIS2_PLACEMENT_3D('',#2540,#2541,#2542);
#2540 = CARTESIAN_POINT('',(8.4455,-9.525,8.763));
#2541 = DIRECTION('',(0.,1.,0.));
#2542 = DIRECTION('',(1.,0.,-0.));
#2543 = PCURVE('',#1520,#2544);
#2544 = DEFINITIONAL_REPRESENTATION('',(#2545),#2549);
#2545 = CIRCLE('',#2546,0.762);
#2546 = AXIS2_PLACEMENT_2D('',#2547,#2548);
#2547 = CARTESIAN_POINT('',(24.638,73.2155));
#2548 = DIRECTION('',(0.,1.));
#2549 = ( GEOMETRIC_REPRESENTATION_CONTEXT(2) 
PARAMETRIC_REPRESENTATION_CONTEXT() REPRESENTATION_CONTEXT('2D SPACE',''
  ) );
#2550 = PCURVE('',#2551,#2556);
#2551 = CYLINDRICAL_SURFACE('',#2552,0.762);
#2552 = AXIS2_PLACEMENT_3D('',#2553,#2554,#2555);
#2553 = CARTESIAN_POINT('',(8.4455,-25.4,8.763));
#2554 = DIRECTION('',(0.,1.,0.));
#2555 = DIRECTION('',(1.,0.,-0.));
#2556 = DEFINITIONAL_REPRESENTATION('',(#2557),#2560);
#2557 = B_SPLINE_CURVE_WITH_KNOTS('',1,(#2558,#2559),.UNSPECIFIED.,.F.,
  .F.,(2,2),(4.712388980385,6.28318530718),.PIECEWISE_BEZIER_KNOTS.);
#2558 = CARTESIAN_POINT('',(-1.570796326795,15.875));
#2559 = CARTESIAN_POINT('',(0.,15.875));
#2560 = ( GEOMETRIC_REPRESENTATION_CONTEXT(2) 
PARAMETRIC_REPRESENTATION_CONTEXT() REPRESENTATION_CONTEXT('2D SPACE',''
  ) );
#2561 = ORIENTED_EDGE('',*,*,#2562,.F.);
#2562 = EDGE_CURVE('',#2367,#2535,#2563,.T.);
#2563 = SURFACE_CURVE('',#2564,(#2568,#2575),.PCURVE_S1.);
#2564 = LINE('',#2565,#2566);
#2565 = CARTESIAN_POINT('',(-36.98875,-9.525,9.525));
#2566 = VECTOR('',#2567,1.);
#2567 = DIRECTION('',(1.,0.,0.));
#2568 = PCURVE('',#1520,#2569);
#2569 = DEFINITIONAL_REPRESENTATION('',(#2570),#2574);
#2570 = LINE('',#2571,#2572);
#2571 = CARTESIAN_POINT('',(25.4,27.78125));
#2572 = VECTOR('',#2573,1.);
#2573 = DIRECTION('',(0.,1.));
#2574 = ( GEOMETRIC_REPRESENTATION_CONTEXT(2) 
PARAMETRIC_REPRESENTATION_CONTEXT() REPRESENTATION_CONTEXT('2D SPACE',''
  ) );
#2575 = PCURVE('',#2576,#2581);
#2576 = PLANE('',#2577);
#2577 = AXIS2_PLACEMENT_3D('',#2578,#2579,#2580);
#2578 = CARTESIAN_POINT('',(-9.2075,-25.4,9.525));
#2579 = DIRECTION('',(0.,0.,1.));
#2580 = DIRECTION('',(1.,0.,0.));
#2581 = DEFINITIONAL_REPRESENTATION('',(#2582),#2586);
#2582 = LINE('',#2583,#2584);
#2583 = CARTESIAN_POINT('',(-27.78125,15.875));
#2584 = VECTOR('',#2585,1.);
#2585 = DIRECTION('',(1.,0.));
#2586 = ( GEOMETRIC_REPRESENTATION_CONTEXT(2) 
PARAMETRIC_REPRESENTATION_CONTEXT() REPRESENTATION_CONTEXT('2D SPACE',''
  ) );
#2587 = ADVANCED_FACE('',(#2588),#1548,.F.);
#2588 = FACE_BOUND('',#2589,.F.);
#2589 = EDGE_LOOP('',(#2590,#2613,#2614,#2615));
#2590 = ORIENTED_EDGE('',*,*,#2591,.F.);
#2591 = EDGE_CURVE('',#1533,#2592,#2594,.T.);
#2592 = VERTEX_POINT('',#2593);
#2593 = CARTESIAN_POINT('',(15.24,9.525,-15.875));
#2594 = SURFACE_CURVE('',#2595,(#2599,#2606),.PCURVE_S1.);
#2595 = LINE('',#2596,#2597);
#2596 = CARTESIAN_POINT('',(-64.77,9.525,-15.875));
#2597 = VECTOR('',#2598,1.);
#2598 = DIRECTION('',(1.,0.,0.));
#2599 = PCURVE('',#1548,#2600);
#2600 = DEFINITIONAL_REPRESENTATION('',(#2601),#2605);
#2601 = LINE('',#2602,#2603);
#2602 = CARTESIAN_POINT('',(0.,19.05));
#2603 = VECTOR('',#2604,1.);
#2604 = DIRECTION('',(1.,0.));
#2605 = ( GEOMETRIC_REPRESENTATION_CONTEXT(2) 
PARAMETRIC_REPRESENTATION_CONTEXT() REPRESENTATION_CONTEXT('2D SPACE',''
  ) );
#2606 = PCURVE('',#1576,#2607);
#2607 = DEFINITIONAL_REPRESENTATION('',(#2608),#2612);
#2608 = LINE('',#2609,#2610);
#2609 = CARTESIAN_POINT('',(0.,0.));
#2610 = VECTOR('',#2611,1.);
#2611 = DIRECTION('',(0.,1.));
#2612 = ( GEOMETRIC_REPRESENTATION_CONTEXT(2) 
PARAMETRIC_REPRESENTATION_CONTEXT() REPRESENTATION_CONTEXT('2D SPACE',''
  ) );
#2613 = ORIENTED_EDGE('',*,*,#1532,.T.);
#2614 = ORIENTED_EDGE('',*,*,#1617,.T.);
#2615 = ORIENTED_EDGE('',*,*,#2616,.T.);
#2616 = EDGE_CURVE('',#1618,#2592,#2617,.T.);
#2617 = SURFACE_CURVE('',#2618,(#2622,#2629),.PCURVE_S1.);
#2618 = LINE('',#2619,#2620);
#2619 = CARTESIAN_POINT('',(15.24,-17.4625,-15.875));
#2620 = VECTOR('',#2621,1.);
#2621 = DIRECTION('',(0.,1.,0.));
#2622 = PCURVE('',#1548,#2623);
#2623 = DEFINITIONAL_REPRESENTATION('',(#2624),#2628);
#2624 = LINE('',#2625,#2626);
#2625 = CARTESIAN_POINT('',(80.01,-7.9375));
#2626 = VECTOR('',#2627,1.);
#2627 = DIRECTION('',(0.,1.));
#2628 = ( GEOMETRIC_REPRESENTATION_CONTEXT(2) 
PARAMETRIC_REPRESENTATION_CONTEXT() REPRESENTATION_CONTEXT('2D SPACE',''
  ) );
#2629 = PCURVE('',#2350,#2630);
#2630 = DEFINITIONAL_REPRESENTATION('',(#2631),#2635);
#2631 = LINE('',#2632,#2633);
#2632 = CARTESIAN_POINT('',(15.875,-7.9375));
#2633 = VECTOR('',#2634,1.);
#2634 = DIRECTION('',(0.,-1.));
#2635 = ( GEOMETRIC_REPRESENTATION_CONTEXT(2) 
PARAMETRIC_REPRESENTATION_CONTEXT() REPRESENTATION_CONTEXT('2D SPACE',''
  ) );
#2636 = ADVANCED_FACE('',(#2637,#3237),#1576,.T.);
#2637 = FACE_BOUND('',#2638,.T.);
#2638 = EDGE_LOOP('',(#2639,#2640,#2663,#2686,#2709,#2732,#2755,#2778,
    #2801,#2824,#2847,#2870,#2893,#2916,#2939,#2962,#2985,#3008,#3031,
    #3054,#3077,#3100,#3123,#3146,#3169,#3192,#3215,#3236));
#2639 = ORIENTED_EDGE('',*,*,#1560,.F.);
#2640 = ORIENTED_EDGE('',*,*,#2641,.T.);
#2641 = EDGE_CURVE('',#1561,#2642,#2644,.T.);
#2642 = VERTEX_POINT('',#2643);
#2643 = CARTESIAN_POINT('',(-15.5448,9.525,15.875));
#2644 = SURFACE_CURVE('',#2645,(#2649,#2656),.PCURVE_S1.);
#2645 = LINE('',#2646,#2647);
#2646 = CARTESIAN_POINT('',(-64.77,9.525,15.875));
#2647 = VECTOR('',#2648,1.);
#2648 = DIRECTION('',(1.,0.,0.));
#2649 = PCURVE('',#1576,#2650);
#2650 = DEFINITIONAL_REPRESENTATION('',(#2651),#2655);
#2651 = LINE('',#2652,#2653);
#2652 = CARTESIAN_POINT('',(31.75,0.));
#2653 = VECTOR('',#2654,1.);
#2654 = DIRECTION('',(0.,1.));
#2655 = ( GEOMETRIC_REPRESENTATION_CONTEXT(2) 
PARAMETRIC_REPRESENTATION_CONTEXT() REPRESENTATION_CONTEXT('2D SPACE',''
  ) );
#2656 = PCURVE('',#1602,#2657);
#2657 = DEFINITIONAL_REPRESENTATION('',(#2658),#2662);
#2658 = LINE('',#2659,#2660);
#2659 = CARTESIAN_POINT('',(0.,19.05));
#2660 = VECTOR('',#2661,1.);
#2661 = DIRECTION('',(1.,0.));
#2662 = ( GEOMETRIC_REPRESENTATION_CONTEXT(2) 
PARAMETRIC_REPRESENTATION_CONTEXT() REPRESENTATION_CONTEXT('2D SPACE',''
  ) );
#2663 = ORIENTED_EDGE('',*,*,#2664,.T.);
#2664 = EDGE_CURVE('',#2642,#2665,#2667,.T.);
#2665 = VERTEX_POINT('',#2666);
#2666 = CARTESIAN_POINT('',(-15.5448,9.525,7.62));
#2667 = SURFACE_CURVE('',#2668,(#2672,#2679),.PCURVE_S1.);
#2668 = LINE('',#2669,#2670);
#2669 = CARTESIAN_POINT('',(-15.5448,9.525,-4.1275));
#2670 = VECTOR('',#2671,1.);
#2671 = DIRECTION('',(0.,0.,-1.));
#2672 = PCURVE('',#1576,#2673);
#2673 = DEFINITIONAL_REPRESENTATION('',(#2674),#2678);
#2674 = LINE('',#2675,#2676);
#2675 = CARTESIAN_POINT('',(11.7475,49.2252));
#2676 = VECTOR('',#2677,1.);
#2677 = DIRECTION('',(-1.,0.));
#2678 = ( GEOMETRIC_REPRESENTATION_CONTEXT(2) 
PARAMETRIC_REPRESENTATION_CONTEXT() REPRESENTATION_CONTEXT('2D SPACE',''
  ) );
#2679 = PCURVE('',#1680,#2680);
#2680 = DEFINITIONAL_REPRESENTATION('',(#2681),#2685);
#2681 = LINE('',#2682,#2683);
#2682 = CARTESIAN_POINT('',(-11.7475,-34.925));
#2683 = VECTOR('',#2684,1.);
#2684 = DIRECTION('',(-1.,0.));
#2685 = ( GEOMETRIC_REPRESENTATION_CONTEXT(2) 
PARAMETRIC_REPRESENTATION_CONTEXT() REPRESENTATION_CONTEXT('2D SPACE',''
  ) );
#2686 = ORIENTED_EDGE('',*,*,#2687,.T.);
#2687 = EDGE_CURVE('',#2665,#2688,#2690,.T.);
#2688 = VERTEX_POINT('',#2689);
#2689 = CARTESIAN_POINT('',(-15.24,9.525,7.62));
#2690 = SURFACE_CURVE('',#2691,(#2695,#2702),.PCURVE_S1.);
#2691 = LINE('',#2692,#2693);
#2692 = CARTESIAN_POINT('',(-40.1574,9.525,7.62));
#2693 = VECTOR('',#2694,1.);
#2694 = DIRECTION('',(1.,0.,0.));
#2695 = PCURVE('',#1576,#2696);
#2696 = DEFINITIONAL_REPRESENTATION('',(#2697),#2701);
#2697 = LINE('',#2698,#2699);
#2698 = CARTESIAN_POINT('',(23.495,24.6126));
#2699 = VECTOR('',#2700,1.);
#2700 = DIRECTION('',(0.,1.));
#2701 = ( GEOMETRIC_REPRESENTATION_CONTEXT(2) 
PARAMETRIC_REPRESENTATION_CONTEXT() REPRESENTATION_CONTEXT('2D SPACE',''
  ) );
#2702 = PCURVE('',#1708,#2703);
#2703 = DEFINITIONAL_REPRESENTATION('',(#2704),#2708);
#2704 = LINE('',#2705,#2706);
#2705 = CARTESIAN_POINT('',(-24.6126,34.925));
#2706 = VECTOR('',#2707,1.);
#2707 = DIRECTION('',(1.,0.));
#2708 = ( GEOMETRIC_REPRESENTATION_CONTEXT(2) 
PARAMETRIC_REPRESENTATION_CONTEXT() REPRESENTATION_CONTEXT('2D SPACE',''
  ) );
#2709 = ORIENTED_EDGE('',*,*,#2710,.T.);
#2710 = EDGE_CURVE('',#2688,#2711,#2713,.T.);
#2711 = VERTEX_POINT('',#2712);
#2712 = CARTESIAN_POINT('',(-15.24,9.525,-8.763));
#2713 = SURFACE_CURVE('',#2714,(#2718,#2725),.PCURVE_S1.);
#2714 = LINE('',#2715,#2716);
#2715 = CARTESIAN_POINT('',(-15.24,9.525,-12.7));
#2716 = VECTOR('',#2717,1.);
#2717 = DIRECTION('',(0.,0.,-1.));
#2718 = PCURVE('',#1576,#2719);
#2719 = DEFINITIONAL_REPRESENTATION('',(#2720),#2724);
#2720 = LINE('',#2721,#2722);
#2721 = CARTESIAN_POINT('',(3.175,49.53));
#2722 = VECTOR('',#2723,1.);
#2723 = DIRECTION('',(-1.,0.));
#2724 = ( GEOMETRIC_REPRESENTATION_CONTEXT(2) 
PARAMETRIC_REPRESENTATION_CONTEXT() REPRESENTATION_CONTEXT('2D SPACE',''
  ) );
#2725 = PCURVE('',#1736,#2726);
#2726 = DEFINITIONAL_REPRESENTATION('',(#2727),#2731);
#2727 = LINE('',#2728,#2729);
#2728 = CARTESIAN_POINT('',(-3.175,-34.925));
#2729 = VECTOR('',#2730,1.);
#2730 = DIRECTION('',(-1.,0.));
#2731 = ( GEOMETRIC_REPRESENTATION_CONTEXT(2) 
PARAMETRIC_REPRESENTATION_CONTEXT() REPRESENTATION_CONTEXT('2D SPACE',''
  ) );
#2732 = ORIENTED_EDGE('',*,*,#2733,.F.);
#2733 = EDGE_CURVE('',#2734,#2711,#2736,.T.);
#2734 = VERTEX_POINT('',#2735);
#2735 = CARTESIAN_POINT('',(-14.478,9.525,-9.525));
#2736 = SURFACE_CURVE('',#2737,(#2742,#2749),.PCURVE_S1.);
#2737 = CIRCLE('',#2738,0.762);
#2738 = AXIS2_PLACEMENT_3D('',#2739,#2740,#2741);
#2739 = CARTESIAN_POINT('',(-14.478,9.525,-8.763));
#2740 = DIRECTION('',(0.,1.,0.));
#2741 = DIRECTION('',(-1.,0.,0.));
#2742 = PCURVE('',#1576,#2743);
#2743 = DEFINITIONAL_REPRESENTATION('',(#2744),#2748);
#2744 = CIRCLE('',#2745,0.762);
#2745 = AXIS2_PLACEMENT_2D('',#2746,#2747);
#2746 = CARTESIAN_POINT('',(7.112,50.292));
#2747 = DIRECTION('',(0.,-1.));
#2748 = ( GEOMETRIC_REPRESENTATION_CONTEXT(2) 
PARAMETRIC_REPRESENTATION_CONTEXT() REPRESENTATION_CONTEXT('2D SPACE',''
  ) );
#2749 = PCURVE('',#1765,#2750);
#2750 = DEFINITIONAL_REPRESENTATION('',(#2751),#2754);
#2751 = B_SPLINE_CURVE_WITH_KNOTS('',1,(#2752,#2753),.UNSPECIFIED.,.F.,
  .F.,(2,2),(4.712388980385,6.28318530718),.PIECEWISE_BEZIER_KNOTS.);
#2752 = CARTESIAN_POINT('',(-1.570796326795,34.925));
#2753 = CARTESIAN_POINT('',(0.,34.925));
#2754 = ( GEOMETRIC_REPRESENTATION_CONTEXT(2) 
PARAMETRIC_REPRESENTATION_CONTEXT() REPRESENTATION_CONTEXT('2D SPACE',''
  ) );
#2755 = ORIENTED_EDGE('',*,*,#2756,.T.);
#2756 = EDGE_CURVE('',#2734,#2757,#2759,.T.);
#2757 = VERTEX_POINT('',#2758);
#2758 = CARTESIAN_POINT('',(-10.6045,9.525,-9.525));
#2759 = SURFACE_CURVE('',#2760,(#2764,#2771),.PCURVE_S1.);
#2760 = LINE('',#2761,#2762);
#2761 = CARTESIAN_POINT('',(-40.005,9.525,-9.525));
#2762 = VECTOR('',#2763,1.);
#2763 = DIRECTION('',(1.,0.,0.));
#2764 = PCURVE('',#1576,#2765);
#2765 = DEFINITIONAL_REPRESENTATION('',(#2766),#2770);
#2766 = LINE('',#2767,#2768);
#2767 = CARTESIAN_POINT('',(6.35,24.765));
#2768 = VECTOR('',#2769,1.);
#2769 = DIRECTION('',(0.,1.));
#2770 = ( GEOMETRIC_REPRESENTATION_CONTEXT(2) 
PARAMETRIC_REPRESENTATION_CONTEXT() REPRESENTATION_CONTEXT('2D SPACE',''
  ) );
#2771 = PCURVE('',#1792,#2772);
#2772 = DEFINITIONAL_REPRESENTATION('',(#2773),#2777);
#2773 = LINE('',#2774,#2775);
#2774 = CARTESIAN_POINT('',(-24.765,34.925));
#2775 = VECTOR('',#2776,1.);
#2776 = DIRECTION('',(1.,0.));
#2777 = ( GEOMETRIC_REPRESENTATION_CONTEXT(2) 
PARAMETRIC_REPRESENTATION_CONTEXT() REPRESENTATION_CONTEXT('2D SPACE',''
  ) );
#2778 = ORIENTED_EDGE('',*,*,#2779,.F.);
#2779 = EDGE_CURVE('',#2780,#2757,#2782,.T.);
#2780 = VERTEX_POINT('',#2781);
#2781 = CARTESIAN_POINT('',(-9.8425,9.525,-8.763));
#2782 = SURFACE_CURVE('',#2783,(#2788,#2795),.PCURVE_S1.);
#2783 = CIRCLE('',#2784,0.762);
#2784 = AXIS2_PLACEMENT_3D('',#2785,#2786,#2787);
#2785 = CARTESIAN_POINT('',(-10.6045,9.525,-8.763));
#2786 = DIRECTION('',(0.,1.,0.));
#2787 = DIRECTION('',(1.,0.,-0.));
#2788 = PCURVE('',#1576,#2789);
#2789 = DEFINITIONAL_REPRESENTATION('',(#2790),#2794);
#2790 = CIRCLE('',#2791,0.762);
#2791 = AXIS2_PLACEMENT_2D('',#2792,#2793);
#2792 = CARTESIAN_POINT('',(7.112,54.1655));
#2793 = DIRECTION('',(0.,1.));
#2794 = ( GEOMETRIC_REPRESENTATION_CONTEXT(2) 
PARAMETRIC_REPRESENTATION_CONTEXT() REPRESENTATION_CONTEXT('2D SPACE',''
  ) );
#2795 = PCURVE('',#1821,#2796);
#2796 = DEFINITIONAL_REPRESENTATION('',(#2797),#2800);
#2797 = B_SPLINE_CURVE_WITH_KNOTS('',1,(#2798,#2799),.UNSPECIFIED.,.F.,
  .F.,(2,2),(0.,1.570796326795),.PIECEWISE_BEZIER_KNOTS.);
#2798 = CARTESIAN_POINT('',(0.,34.925));
#2799 = CARTESIAN_POINT('',(1.570796326795,34.925));
#2800 = ( GEOMETRIC_REPRESENTATION_CONTEXT(2) 
PARAMETRIC_REPRESENTATION_CONTEXT() REPRESENTATION_CONTEXT('2D SPACE',''
  ) );
#2801 = ORIENTED_EDGE('',*,*,#2802,.F.);
#2802 = EDGE_CURVE('',#2803,#2780,#2805,.T.);
#2803 = VERTEX_POINT('',#2804);
#2804 = CARTESIAN_POINT('',(-9.8425,9.525,8.763));
#2805 = SURFACE_CURVE('',#2806,(#2810,#2817),.PCURVE_S1.);
#2806 = LINE('',#2807,#2808);
#2807 = CARTESIAN_POINT('',(-9.8425,9.525,-12.7));
#2808 = VECTOR('',#2809,1.);
#2809 = DIRECTION('',(0.,0.,-1.));
#2810 = PCURVE('',#1576,#2811);
#2811 = DEFINITIONAL_REPRESENTATION('',(#2812),#2816);
#2812 = LINE('',#2813,#2814);
#2813 = CARTESIAN_POINT('',(3.175,54.9275));
#2814 = VECTOR('',#2815,1.);
#2815 = DIRECTION('',(-1.,0.));
#2816 = ( GEOMETRIC_REPRESENTATION_CONTEXT(2) 
PARAMETRIC_REPRESENTATION_CONTEXT() REPRESENTATION_CONTEXT('2D SPACE',''
  ) );
#2817 = PCURVE('',#1848,#2818);
#2818 = DEFINITIONAL_REPRESENTATION('',(#2819),#2823);
#2819 = LINE('',#2820,#2821);
#2820 = CARTESIAN_POINT('',(-3.175,-34.925));
#2821 = VECTOR('',#2822,1.);
#2822 = DIRECTION('',(-1.,0.));
#2823 = ( GEOMETRIC_REPRESENTATION_CONTEXT(2) 
PARAMETRIC_REPRESENTATION_CONTEXT() REPRESENTATION_CONTEXT('2D SPACE',''
  ) );
#2824 = ORIENTED_EDGE('',*,*,#2825,.F.);
#2825 = EDGE_CURVE('',#2826,#2803,#2828,.T.);
#2826 = VERTEX_POINT('',#2827);
#2827 = CARTESIAN_POINT('',(-10.6045,9.525,9.525));
#2828 = SURFACE_CURVE('',#2829,(#2834,#2841),.PCURVE_S1.);
#2829 = CIRCLE('',#2830,0.762);
#2830 = AXIS2_PLACEMENT_3D('',#2831,#2832,#2833);
#2831 = CARTESIAN_POINT('',(-10.6045,9.525,8.763));
#2832 = DIRECTION('',(0.,1.,0.));
#2833 = DIRECTION('',(1.,0.,-0.));
#2834 = PCURVE('',#1576,#2835);
#2835 = DEFINITIONAL_REPRESENTATION('',(#2836),#2840);
#2836 = CIRCLE('',#2837,0.762);
#2837 = AXIS2_PLACEMENT_2D('',#2838,#2839);
#2838 = CARTESIAN_POINT('',(24.638,54.1655));
#2839 = DIRECTION('',(0.,1.));
#2840 = ( GEOMETRIC_REPRESENTATION_CONTEXT(2) 
PARAMETRIC_REPRESENTATION_CONTEXT() REPRESENTATION_CONTEXT('2D SPACE',''
  ) );
#2841 = PCURVE('',#1877,#2842);
#2842 = DEFINITIONAL_REPRESENTATION('',(#2843),#2846);
#2843 = B_SPLINE_CURVE_WITH_KNOTS('',1,(#2844,#2845),.UNSPECIFIED.,.F.,
  .F.,(2,2),(4.712388980385,6.28318530718),.PIECEWISE_BEZIER_KNOTS.);
#2844 = CARTESIAN_POINT('',(-1.570796326795,34.925));
#2845 = CARTESIAN_POINT('',(0.,34.925));
#2846 = ( GEOMETRIC_REPRESENTATION_CONTEXT(2) 
PARAMETRIC_REPRESENTATION_CONTEXT() REPRESENTATION_CONTEXT('2D SPACE',''
  ) );
#2847 = ORIENTED_EDGE('',*,*,#2848,.F.);
#2848 = EDGE_CURVE('',#2849,#2826,#2851,.T.);
#2849 = VERTEX_POINT('',#2850);
#2850 = CARTESIAN_POINT('',(-14.478,9.525,9.525));
#2851 = SURFACE_CURVE('',#2852,(#2856,#2863),.PCURVE_S1.);
#2852 = LINE('',#2853,#2854);
#2853 = CARTESIAN_POINT('',(-40.005,9.525,9.525));
#2854 = VECTOR('',#2855,1.);
#2855 = DIRECTION('',(1.,0.,0.));
#2856 = PCURVE('',#1576,#2857);
#2857 = DEFINITIONAL_REPRESENTATION('',(#2858),#2862);
#2858 = LINE('',#2859,#2860);
#2859 = CARTESIAN_POINT('',(25.4,24.765));
#2860 = VECTOR('',#2861,1.);
#2861 = DIRECTION('',(0.,1.));
#2862 = ( GEOMETRIC_REPRESENTATION_CONTEXT(2) 
PARAMETRIC_REPRESENTATION_CONTEXT() REPRESENTATION_CONTEXT('2D SPACE',''
  ) );
#2863 = PCURVE('',#1904,#2864);
#2864 = DEFINITIONAL_REPRESENTATION('',(#2865),#2869);
#2865 = LINE('',#2866,#2867);
#2866 = CARTESIAN_POINT('',(-24.765,34.925));
#2867 = VECTOR('',#2868,1.);
#2868 = DIRECTION('',(1.,0.));
#2869 = ( GEOMETRIC_REPRESENTATION_CONTEXT(2) 
PARAMETRIC_REPRESENTATION_CONTEXT() REPRESENTATION_CONTEXT('2D SPACE',''
  ) );
#2870 = ORIENTED_EDGE('',*,*,#2871,.F.);
#2871 = EDGE_CURVE('',#2872,#2849,#2874,.T.);
#2872 = VERTEX_POINT('',#2873);
#2873 = CARTESIAN_POINT('',(-15.24,9.525,8.763));
#2874 = SURFACE_CURVE('',#2875,(#2880,#2887),.PCURVE_S1.);
#2875 = CIRCLE('',#2876,0.762);
#2876 = AXIS2_PLACEMENT_3D('',#2877,#2878,#2879);
#2877 = CARTESIAN_POINT('',(-14.478,9.525,8.763));
#2878 = DIRECTION('',(0.,1.,0.));
#2879 = DIRECTION('',(-1.,0.,0.));
#2880 = PCURVE('',#1576,#2881);
#2881 = DEFINITIONAL_REPRESENTATION('',(#2882),#2886);
#2882 = CIRCLE('',#2883,0.762);
#2883 = AXIS2_PLACEMENT_2D('',#2884,#2885);
#2884 = CARTESIAN_POINT('',(24.638,50.292));
#2885 = DIRECTION('',(0.,-1.));
#2886 = ( GEOMETRIC_REPRESENTATION_CONTEXT(2) 
PARAMETRIC_REPRESENTATION_CONTEXT() REPRESENTATION_CONTEXT('2D SPACE',''
  ) );
#2887 = PCURVE('',#1933,#2888);
#2888 = DEFINITIONAL_REPRESENTATION('',(#2889),#2892);
#2889 = B_SPLINE_CURVE_WITH_KNOTS('',1,(#2890,#2891),.UNSPECIFIED.,.F.,
  .F.,(2,2),(0.,1.570796326795),.PIECEWISE_BEZIER_KNOTS.);
#2890 = CARTESIAN_POINT('',(0.,34.925));
#2891 = CARTESIAN_POINT('',(1.570796326795,34.925));
#2892 = ( GEOMETRIC_REPRESENTATION_CONTEXT(2) 
PARAMETRIC_REPRESENTATION_CONTEXT() REPRESENTATION_CONTEXT('2D SPACE',''
  ) );
#2893 = ORIENTED_EDGE('',*,*,#2894,.F.);
#2894 = EDGE_CURVE('',#2895,#2872,#2897,.T.);
#2895 = VERTEX_POINT('',#2896);
#2896 = CARTESIAN_POINT('',(-15.24,9.525,15.875));
#2897 = SURFACE_CURVE('',#2898,(#2902,#2909),.PCURVE_S1.);
#2898 = LINE('',#2899,#2900);
#2899 = CARTESIAN_POINT('',(-15.24,9.525,-4.1275));
#2900 = VECTOR('',#2901,1.);
#2901 = DIRECTION('',(0.,0.,-1.));
#2902 = PCURVE('',#1576,#2903);
#2903 = DEFINITIONAL_REPRESENTATION('',(#2904),#2908);
#2904 = LINE('',#2905,#2906);
#2905 = CARTESIAN_POINT('',(11.7475,49.53));
#2906 = VECTOR('',#2907,1.);
#2907 = DIRECTION('',(-1.,0.));
#2908 = ( GEOMETRIC_REPRESENTATION_CONTEXT(2) 
PARAMETRIC_REPRESENTATION_CONTEXT() REPRESENTATION_CONTEXT('2D SPACE',''
  ) );
#2909 = PCURVE('',#1960,#2910);
#2910 = DEFINITIONAL_REPRESENTATION('',(#2911),#2915);
#2911 = LINE('',#2912,#2913);
#2912 = CARTESIAN_POINT('',(-11.7475,-34.925));
#2913 = VECTOR('',#2914,1.);
#2914 = DIRECTION('',(-1.,0.));
#2915 = ( GEOMETRIC_REPRESENTATION_CONTEXT(2) 
PARAMETRIC_REPRESENTATION_CONTEXT() REPRESENTATION_CONTEXT('2D SPACE',''
  ) );
#2916 = ORIENTED_EDGE('',*,*,#2917,.T.);
#2917 = EDGE_CURVE('',#2895,#2918,#2920,.T.);
#2918 = VERTEX_POINT('',#2919);
#2919 = CARTESIAN_POINT('',(22.86,9.525,15.875));
#2920 = SURFACE_CURVE('',#2921,(#2925,#2932),.PCURVE_S1.);
#2921 = LINE('',#2922,#2923);
#2922 = CARTESIAN_POINT('',(-64.77,9.525,15.875));
#2923 = VECTOR('',#2924,1.);
#2924 = DIRECTION('',(1.,0.,0.));
#2925 = PCURVE('',#1576,#2926);
#2926 = DEFINITIONAL_REPRESENTATION('',(#2927),#2931);
#2927 = LINE('',#2928,#2929);
#2928 = CARTESIAN_POINT('',(31.75,0.));
#2929 = VECTOR('',#2930,1.);
#2930 = DIRECTION('',(0.,1.));
#2931 = ( GEOMETRIC_REPRESENTATION_CONTEXT(2) 
PARAMETRIC_REPRESENTATION_CONTEXT() REPRESENTATION_CONTEXT('2D SPACE',''
  ) );
#2932 = PCURVE('',#1988,#2933);
#2933 = DEFINITIONAL_REPRESENTATION('',(#2934),#2938);
#2934 = LINE('',#2935,#2936);
#2935 = CARTESIAN_POINT('',(0.,19.05));
#2936 = VECTOR('',#2937,1.);
#2937 = DIRECTION('',(1.,0.));
#2938 = ( GEOMETRIC_REPRESENTATION_CONTEXT(2) 
PARAMETRIC_REPRESENTATION_CONTEXT() REPRESENTATION_CONTEXT('2D SPACE',''
  ) );
#2939 = ORIENTED_EDGE('',*,*,#2940,.T.);
#2940 = EDGE_CURVE('',#2918,#2941,#2943,.T.);
#2941 = VERTEX_POINT('',#2942);
#2942 = CARTESIAN_POINT('',(22.86,9.525,-15.875));
#2943 = SURFACE_CURVE('',#2944,(#2948,#2955),.PCURVE_S1.);
#2944 = LINE('',#2945,#2946);
#2945 = CARTESIAN_POINT('',(22.86,9.525,15.875));
#2946 = VECTOR('',#2947,1.);
#2947 = DIRECTION('',(0.,0.,-1.));
#2948 = PCURVE('',#1576,#2949);
#2949 = DEFINITIONAL_REPRESENTATION('',(#2950),#2954);
#2950 = LINE('',#2951,#2952);
#2951 = CARTESIAN_POINT('',(31.75,87.63));
#2952 = VECTOR('',#2953,1.);
#2953 = DIRECTION('',(-1.,0.));
#2954 = ( GEOMETRIC_REPRESENTATION_CONTEXT(2) 
PARAMETRIC_REPRESENTATION_CONTEXT() REPRESENTATION_CONTEXT('2D SPACE',''
  ) );
#2955 = PCURVE('',#2016,#2956);
#2956 = DEFINITIONAL_REPRESENTATION('',(#2957),#2961);
#2957 = LINE('',#2958,#2959);
#2958 = CARTESIAN_POINT('',(47.625,-34.925));
#2959 = VECTOR('',#2960,1.);
#2960 = DIRECTION('',(-1.,0.));
#2961 = ( GEOMETRIC_REPRESENTATION_CONTEXT(2) 
PARAMETRIC_REPRESENTATION_CONTEXT() REPRESENTATION_CONTEXT('2D SPACE',''
  ) );
#2962 = ORIENTED_EDGE('',*,*,#2963,.F.);
#2963 = EDGE_CURVE('',#2964,#2941,#2966,.T.);
#2964 = VERTEX_POINT('',#2965);
#2965 = CARTESIAN_POINT('',(15.5448,9.525,-15.875));
#2966 = SURFACE_CURVE('',#2967,(#2971,#2978),.PCURVE_S1.);
#2967 = LINE('',#2968,#2969);
#2968 = CARTESIAN_POINT('',(-64.77,9.525,-15.875));
#2969 = VECTOR('',#2970,1.);
#2970 = DIRECTION('',(1.,0.,0.));
#2971 = PCURVE('',#1576,#2972);
#2972 = DEFINITIONAL_REPRESENTATION('',(#2973),#2977);
#2973 = LINE('',#2974,#2975);
#2974 = CARTESIAN_POINT('',(0.,0.));
#2975 = VECTOR('',#2976,1.);
#2976 = DIRECTION('',(0.,1.));
#2977 = ( GEOMETRIC_REPRESENTATION_CONTEXT(2) 
PARAMETRIC_REPRESENTATION_CONTEXT() REPRESENTATION_CONTEXT('2D SPACE',''
  ) );
#2978 = PCURVE('',#2044,#2979);
#2979 = DEFINITIONAL_REPRESENTATION('',(#2980),#2984);
#2980 = LINE('',#2981,#2982);
#2981 = CARTESIAN_POINT('',(0.,19.05));
#2982 = VECTOR('',#2983,1.);
#2983 = DIRECTION('',(1.,0.));
#2984 = ( GEOMETRIC_REPRESENTATION_CONTEXT(2) 
PARAMETRIC_REPRESENTATION_CONTEXT() REPRESENTATION_CONTEXT('2D SPACE',''
  ) );
#2985 = ORIENTED_EDGE('',*,*,#2986,.F.);
#2986 = EDGE_CURVE('',#2987,#2964,#2989,.T.);
#2987 = VERTEX_POINT('',#2988);
#2988 = CARTESIAN_POINT('',(15.5448,9.525,-7.62));
#2989 = SURFACE_CURVE('',#2990,(#2994,#3001),.PCURVE_S1.);
#2990 = LINE('',#2991,#2992);
#2991 = CARTESIAN_POINT('',(15.5448,9.525,-23.8125));
#2992 = VECTOR('',#2993,1.);
#2993 = DIRECTION('',(0.,0.,-1.));
#2994 = PCURVE('',#1576,#2995);
#2995 = DEFINITIONAL_REPRESENTATION('',(#2996),#3000);
#2996 = LINE('',#2997,#2998);
#2997 = CARTESIAN_POINT('',(-7.9375,80.3148));
#2998 = VECTOR('',#2999,1.);
#2999 = DIRECTION('',(-1.,0.));
#3000 = ( GEOMETRIC_REPRESENTATION_CONTEXT(2) 
PARAMETRIC_REPRESENTATION_CONTEXT() REPRESENTATION_CONTEXT('2D SPACE',''
  ) );
#3001 = PCURVE('',#2072,#3002);
#3002 = DEFINITIONAL_REPRESENTATION('',(#3003),#3007);
#3003 = LINE('',#3004,#3005);
#3004 = CARTESIAN_POINT('',(7.9375,-34.925));
#3005 = VECTOR('',#3006,1.);
#3006 = DIRECTION('',(-1.,0.));
#3007 = ( GEOMETRIC_REPRESENTATION_CONTEXT(2) 
PARAMETRIC_REPRESENTATION_CONTEXT() REPRESENTATION_CONTEXT('2D SPACE',''
  ) );
#3008 = ORIENTED_EDGE('',*,*,#3009,.F.);
#3009 = EDGE_CURVE('',#3010,#2987,#3012,.T.);
#3010 = VERTEX_POINT('',#3011);
#3011 = CARTESIAN_POINT('',(15.24,9.525,-7.62));
#3012 = SURFACE_CURVE('',#3013,(#3017,#3024),.PCURVE_S1.);
#3013 = LINE('',#3014,#3015);
#3014 = CARTESIAN_POINT('',(-24.765,9.525,-7.62));
#3015 = VECTOR('',#3016,1.);
#3016 = DIRECTION('',(1.,0.,0.));
#3017 = PCURVE('',#1576,#3018);
#3018 = DEFINITIONAL_REPRESENTATION('',(#3019),#3023);
#3019 = LINE('',#3020,#3021);
#3020 = CARTESIAN_POINT('',(8.255,40.005));
#3021 = VECTOR('',#3022,1.);
#3022 = DIRECTION('',(0.,1.));
#3023 = ( GEOMETRIC_REPRESENTATION_CONTEXT(2) 
PARAMETRIC_REPRESENTATION_CONTEXT() REPRESENTATION_CONTEXT('2D SPACE',''
  ) );
#3024 = PCURVE('',#2100,#3025);
#3025 = DEFINITIONAL_REPRESENTATION('',(#3026),#3030);
#3026 = LINE('',#3027,#3028);
#3027 = CARTESIAN_POINT('',(-40.005,34.925));
#3028 = VECTOR('',#3029,1.);
#3029 = DIRECTION('',(1.,0.));
#3030 = ( GEOMETRIC_REPRESENTATION_CONTEXT(2) 
PARAMETRIC_REPRESENTATION_CONTEXT() REPRESENTATION_CONTEXT('2D SPACE',''
  ) );
#3031 = ORIENTED_EDGE('',*,*,#3032,.F.);
#3032 = EDGE_CURVE('',#3033,#3010,#3035,.T.);
#3033 = VERTEX_POINT('',#3034);
#3034 = CARTESIAN_POINT('',(15.24,9.525,8.763));
#3035 = SURFACE_CURVE('',#3036,(#3040,#3047),.PCURVE_S1.);
#3036 = LINE('',#3037,#3038);
#3037 = CARTESIAN_POINT('',(15.24,9.525,-12.7));
#3038 = VECTOR('',#3039,1.);
#3039 = DIRECTION('',(0.,0.,-1.));
#3040 = PCURVE('',#1576,#3041);
#3041 = DEFINITIONAL_REPRESENTATION('',(#3042),#3046);
#3042 = LINE('',#3043,#3044);
#3043 = CARTESIAN_POINT('',(3.175,80.01));
#3044 = VECTOR('',#3045,1.);
#3045 = DIRECTION('',(-1.,0.));
#3046 = ( GEOMETRIC_REPRESENTATION_CONTEXT(2) 
PARAMETRIC_REPRESENTATION_CONTEXT() REPRESENTATION_CONTEXT('2D SPACE',''
  ) );
#3047 = PCURVE('',#2128,#3048);
#3048 = DEFINITIONAL_REPRESENTATION('',(#3049),#3053);
#3049 = LINE('',#3050,#3051);
#3050 = CARTESIAN_POINT('',(-3.175,-34.925));
#3051 = VECTOR('',#3052,1.);
#3052 = DIRECTION('',(-1.,0.));
#3053 = ( GEOMETRIC_REPRESENTATION_CONTEXT(2) 
PARAMETRIC_REPRESENTATION_CONTEXT() REPRESENTATION_CONTEXT('2D SPACE',''
  ) );
#3054 = ORIENTED_EDGE('',*,*,#3055,.F.);
#3055 = EDGE_CURVE('',#3056,#3033,#3058,.T.);
#3056 = VERTEX_POINT('',#3057);
#3057 = CARTESIAN_POINT('',(14.478,9.525,9.525));
#3058 = SURFACE_CURVE('',#3059,(#3064,#3071),.PCURVE_S1.);
#3059 = CIRCLE('',#3060,0.762);
#3060 = AXIS2_PLACEMENT_3D('',#3061,#3062,#3063);
#3061 = CARTESIAN_POINT('',(14.478,9.525,8.763));
#3062 = DIRECTION('',(0.,1.,0.));
#3063 = DIRECTION('',(1.,0.,-0.));
#3064 = PCURVE('',#1576,#3065);
#3065 = DEFINITIONAL_REPRESENTATION('',(#3066),#3070);
#3066 = CIRCLE('',#3067,0.762);
#3067 = AXIS2_PLACEMENT_2D('',#3068,#3069);
#3068 = CARTESIAN_POINT('',(24.638,79.248));
#3069 = DIRECTION('',(0.,1.));
#3070 = ( GEOMETRIC_REPRESENTATION_CONTEXT(2) 
PARAMETRIC_REPRESENTATION_CONTEXT() REPRESENTATION_CONTEXT('2D SPACE',''
  ) );
#3071 = PCURVE('',#2157,#3072);
#3072 = DEFINITIONAL_REPRESENTATION('',(#3073),#3076);
#3073 = B_SPLINE_CURVE_WITH_KNOTS('',1,(#3074,#3075),.UNSPECIFIED.,.F.,
  .F.,(2,2),(4.712388980385,6.28318530718),.PIECEWISE_BEZIER_KNOTS.);
#3074 = CARTESIAN_POINT('',(-1.570796326795,34.925));
#3075 = CARTESIAN_POINT('',(0.,34.925));
#3076 = ( GEOMETRIC_REPRESENTATION_CONTEXT(2) 
PARAMETRIC_REPRESENTATION_CONTEXT() REPRESENTATION_CONTEXT('2D SPACE',''
  ) );
#3077 = ORIENTED_EDGE('',*,*,#3078,.F.);
#3078 = EDGE_CURVE('',#3079,#3056,#3081,.T.);
#3079 = VERTEX_POINT('',#3080);
#3080 = CARTESIAN_POINT('',(10.6045,9.525,9.525));
#3081 = SURFACE_CURVE('',#3082,(#3086,#3093),.PCURVE_S1.);
#3082 = LINE('',#3083,#3084);
#3083 = CARTESIAN_POINT('',(-27.46375,9.525,9.525));
#3084 = VECTOR('',#3085,1.);
#3085 = DIRECTION('',(1.,0.,0.));
#3086 = PCURVE('',#1576,#3087);
#3087 = DEFINITIONAL_REPRESENTATION('',(#3088),#3092);
#3088 = LINE('',#3089,#3090);
#3089 = CARTESIAN_POINT('',(25.4,37.30625));
#3090 = VECTOR('',#3091,1.);
#3091 = DIRECTION('',(0.,1.));
#3092 = ( GEOMETRIC_REPRESENTATION_CONTEXT(2) 
PARAMETRIC_REPRESENTATION_CONTEXT() REPRESENTATION_CONTEXT('2D SPACE',''
  ) );
#3093 = PCURVE('',#2184,#3094);
#3094 = DEFINITIONAL_REPRESENTATION('',(#3095),#3099);
#3095 = LINE('',#3096,#3097);
#3096 = CARTESIAN_POINT('',(-37.30625,34.925));
#3097 = VECTOR('',#3098,1.);
#3098 = DIRECTION('',(1.,0.));
#3099 = ( GEOMETRIC_REPRESENTATION_CONTEXT(2) 
PARAMETRIC_REPRESENTATION_CONTEXT() REPRESENTATION_CONTEXT('2D SPACE',''
  ) );
#3100 = ORIENTED_EDGE('',*,*,#3101,.F.);
#3101 = EDGE_CURVE('',#3102,#3079,#3104,.T.);
#3102 = VERTEX_POINT('',#3103);
#3103 = CARTESIAN_POINT('',(9.8425,9.525,8.763));
#3104 = SURFACE_CURVE('',#3105,(#3110,#3117),.PCURVE_S1.);
#3105 = CIRCLE('',#3106,0.762);
#3106 = AXIS2_PLACEMENT_3D('',#3107,#3108,#3109);
#3107 = CARTESIAN_POINT('',(10.6045,9.525,8.763));
#3108 = DIRECTION('',(0.,1.,0.));
#3109 = DIRECTION('',(-1.,0.,0.));
#3110 = PCURVE('',#1576,#3111);
#3111 = DEFINITIONAL_REPRESENTATION('',(#3112),#3116);
#3112 = CIRCLE('',#3113,0.762);
#3113 = AXIS2_PLACEMENT_2D('',#3114,#3115);
#3114 = CARTESIAN_POINT('',(24.638,75.3745));
#3115 = DIRECTION('',(0.,-1.));
#3116 = ( GEOMETRIC_REPRESENTATION_CONTEXT(2) 
PARAMETRIC_REPRESENTATION_CONTEXT() REPRESENTATION_CONTEXT('2D SPACE',''
  ) );
#3117 = PCURVE('',#2213,#3118);
#3118 = DEFINITIONAL_REPRESENTATION('',(#3119),#3122);
#3119 = B_SPLINE_CURVE_WITH_KNOTS('',1,(#3120,#3121),.UNSPECIFIED.,.F.,
  .F.,(2,2),(0.,1.570796326795),.PIECEWISE_BEZIER_KNOTS.);
#3120 = CARTESIAN_POINT('',(0.,34.925));
#3121 = CARTESIAN_POINT('',(1.570796326795,34.925));
#3122 = ( GEOMETRIC_REPRESENTATION_CONTEXT(2) 
PARAMETRIC_REPRESENTATION_CONTEXT() REPRESENTATION_CONTEXT('2D SPACE',''
  ) );
#3123 = ORIENTED_EDGE('',*,*,#3124,.T.);
#3124 = EDGE_CURVE('',#3102,#3125,#3127,.T.);
#3125 = VERTEX_POINT('',#3126);
#3126 = CARTESIAN_POINT('',(9.8425,9.525,-8.763));
#3127 = SURFACE_CURVE('',#3128,(#3132,#3139),.PCURVE_S1.);
#3128 = LINE('',#3129,#3130);
#3129 = CARTESIAN_POINT('',(9.8425,9.525,-12.7));
#3130 = VECTOR('',#3131,1.);
#3131 = DIRECTION('',(0.,0.,-1.));
#3132 = PCURVE('',#1576,#3133);
#3133 = DEFINITIONAL_REPRESENTATION('',(#3134),#3138);
#3134 = LINE('',#3135,#3136);
#3135 = CARTESIAN_POINT('',(3.175,74.6125));
#3136 = VECTOR('',#3137,1.);
#3137 = DIRECTION('',(-1.,0.));
#3138 = ( GEOMETRIC_REPRESENTATION_CONTEXT(2) 
PARAMETRIC_REPRESENTATION_CONTEXT() REPRESENTATION_CONTEXT('2D SPACE',''
  ) );
#3139 = PCURVE('',#2240,#3140);
#3140 = DEFINITIONAL_REPRESENTATION('',(#3141),#3145);
#3141 = LINE('',#3142,#3143);
#3142 = CARTESIAN_POINT('',(-3.175,-34.925));
#3143 = VECTOR('',#3144,1.);
#3144 = DIRECTION('',(-1.,0.));
#3145 = ( GEOMETRIC_REPRESENTATION_CONTEXT(2) 
PARAMETRIC_REPRESENTATION_CONTEXT() REPRESENTATION_CONTEXT('2D SPACE',''
  ) );
#3146 = ORIENTED_EDGE('',*,*,#3147,.F.);
#3147 = EDGE_CURVE('',#3148,#3125,#3150,.T.);
#3148 = VERTEX_POINT('',#3149);
#3149 = CARTESIAN_POINT('',(10.6045,9.525,-9.525));
#3150 = SURFACE_CURVE('',#3151,(#3156,#3163),.PCURVE_S1.);
#3151 = CIRCLE('',#3152,0.762);
#3152 = AXIS2_PLACEMENT_3D('',#3153,#3154,#3155);
#3153 = CARTESIAN_POINT('',(10.6045,9.525,-8.763));
#3154 = DIRECTION('',(0.,1.,0.));
#3155 = DIRECTION('',(-1.,0.,0.));
#3156 = PCURVE('',#1576,#3157);
#3157 = DEFINITIONAL_REPRESENTATION('',(#3158),#3162);
#3158 = CIRCLE('',#3159,0.762);
#3159 = AXIS2_PLACEMENT_2D('',#3160,#3161);
#3160 = CARTESIAN_POINT('',(7.112,75.3745));
#3161 = DIRECTION('',(0.,-1.));
#3162 = ( GEOMETRIC_REPRESENTATION_CONTEXT(2) 
PARAMETRIC_REPRESENTATION_CONTEXT() REPRESENTATION_CONTEXT('2D SPACE',''
  ) );
#3163 = PCURVE('',#2269,#3164);
#3164 = DEFINITIONAL_REPRESENTATION('',(#3165),#3168);
#3165 = B_SPLINE_CURVE_WITH_KNOTS('',1,(#3166,#3167),.UNSPECIFIED.,.F.,
  .F.,(2,2),(4.712388980385,6.28318530718),.PIECEWISE_BEZIER_KNOTS.);
#3166 = CARTESIAN_POINT('',(-1.570796326795,34.925));
#3167 = CARTESIAN_POINT('',(0.,34.925));
#3168 = ( GEOMETRIC_REPRESENTATION_CONTEXT(2) 
PARAMETRIC_REPRESENTATION_CONTEXT() REPRESENTATION_CONTEXT('2D SPACE',''
  ) );
#3169 = ORIENTED_EDGE('',*,*,#3170,.T.);
#3170 = EDGE_CURVE('',#3148,#3171,#3173,.T.);
#3171 = VERTEX_POINT('',#3172);
#3172 = CARTESIAN_POINT('',(14.478,9.525,-9.525));
#3173 = SURFACE_CURVE('',#3174,(#3178,#3185),.PCURVE_S1.);
#3174 = LINE('',#3175,#3176);
#3175 = CARTESIAN_POINT('',(-27.46375,9.525,-9.525));
#3176 = VECTOR('',#3177,1.);
#3177 = DIRECTION('',(1.,0.,0.));
#3178 = PCURVE('',#1576,#3179);
#3179 = DEFINITIONAL_REPRESENTATION('',(#3180),#3184);
#3180 = LINE('',#3181,#3182);
#3181 = CARTESIAN_POINT('',(6.35,37.30625));
#3182 = VECTOR('',#3183,1.);
#3183 = DIRECTION('',(0.,1.));
#3184 = ( GEOMETRIC_REPRESENTATION_CONTEXT(2) 
PARAMETRIC_REPRESENTATION_CONTEXT() REPRESENTATION_CONTEXT('2D SPACE',''
  ) );
#3185 = PCURVE('',#2296,#3186);
#3186 = DEFINITIONAL_REPRESENTATION('',(#3187),#3191);
#3187 = LINE('',#3188,#3189);
#3188 = CARTESIAN_POINT('',(-37.30625,34.925));
#3189 = VECTOR('',#3190,1.);
#3190 = DIRECTION('',(1.,0.));
#3191 = ( GEOMETRIC_REPRESENTATION_CONTEXT(2) 
PARAMETRIC_REPRESENTATION_CONTEXT() REPRESENTATION_CONTEXT('2D SPACE',''
  ) );
#3192 = ORIENTED_EDGE('',*,*,#3193,.F.);
#3193 = EDGE_CURVE('',#3194,#3171,#3196,.T.);
#3194 = VERTEX_POINT('',#3195);
#3195 = CARTESIAN_POINT('',(15.24,9.525,-8.763));
#3196 = SURFACE_CURVE('',#3197,(#3202,#3209),.PCURVE_S1.);
#3197 = CIRCLE('',#3198,0.762);
#3198 = AXIS2_PLACEMENT_3D('',#3199,#3200,#3201);
#3199 = CARTESIAN_POINT('',(14.478,9.525,-8.763));
#3200 = DIRECTION('',(0.,1.,0.));
#3201 = DIRECTION('',(1.,0.,-0.));
#3202 = PCURVE('',#1576,#3203);
#3203 = DEFINITIONAL_REPRESENTATION('',(#3204),#3208);
#3204 = CIRCLE('',#3205,0.762);
#3205 = AXIS2_PLACEMENT_2D('',#3206,#3207);
#3206 = CARTESIAN_POINT('',(7.112,79.248));
#3207 = DIRECTION('',(0.,1.));
#3208 = ( GEOMETRIC_REPRESENTATION_CONTEXT(2) 
PARAMETRIC_REPRESENTATION_CONTEXT() REPRESENTATION_CONTEXT('2D SPACE',''
  ) );
#3209 = PCURVE('',#2325,#3210);
#3210 = DEFINITIONAL_REPRESENTATION('',(#3211),#3214);
#3211 = B_SPLINE_CURVE_WITH_KNOTS('',1,(#3212,#3213),.UNSPECIFIED.,.F.,
  .F.,(2,2),(0.,1.570796326795),.PIECEWISE_BEZIER_KNOTS.);
#3212 = CARTESIAN_POINT('',(0.,34.925));
#3213 = CARTESIAN_POINT('',(1.570796326795,34.925));
#3214 = ( GEOMETRIC_REPRESENTATION_CONTEXT(2) 
PARAMETRIC_REPRESENTATION_CONTEXT() REPRESENTATION_CONTEXT('2D SPACE',''
  ) );
#3215 = ORIENTED_EDGE('',*,*,#3216,.T.);
#3216 = EDGE_CURVE('',#3194,#2592,#3217,.T.);
#3217 = SURFACE_CURVE('',#3218,(#3222,#3229),.PCURVE_S1.);
#3218 = LINE('',#3219,#3220);
#3219 = CARTESIAN_POINT('',(15.24,9.525,-23.8125));
#3220 = VECTOR('',#3221,1.);
#3221 = DIRECTION('',(0.,0.,-1.));
#3222 = PCURVE('',#1576,#3223);
#3223 = DEFINITIONAL_REPRESENTATION('',(#3224),#3228);
#3224 = LINE('',#3225,#3226);
#3225 = CARTESIAN_POINT('',(-7.9375,80.01));
#3226 = VECTOR('',#3227,1.);
#3227 = DIRECTION('',(-1.,0.));
#3228 = ( GEOMETRIC_REPRESENTATION_CONTEXT(2) 
PARAMETRIC_REPRESENTATION_CONTEXT() REPRESENTATION_CONTEXT('2D SPACE',''
  ) );
#3229 = PCURVE('',#2350,#3230);
#3230 = DEFINITIONAL_REPRESENTATION('',(#3231),#3235);
#3231 = LINE('',#3232,#3233);
#3232 = CARTESIAN_POINT('',(7.9375,-34.925));
#3233 = VECTOR('',#3234,1.);
#3234 = DIRECTION('',(-1.,0.));
#3235 = ( GEOMETRIC_REPRESENTATION_CONTEXT(2) 
PARAMETRIC_REPRESENTATION_CONTEXT() REPRESENTATION_CONTEXT('2D SPACE',''
  ) );
#3236 = ORIENTED_EDGE('',*,*,#2591,.F.);
#3237 = FACE_BOUND('',#3238,.T.);
#3238 = EDGE_LOOP('',(#3239,#3264,#3287,#3310,#3333,#3356,#3379,#3402));
#3239 = ORIENTED_EDGE('',*,*,#3240,.F.);
#3240 = EDGE_CURVE('',#3241,#3243,#3245,.T.);
#3241 = VERTEX_POINT('',#3242);
#3242 = CARTESIAN_POINT('',(-9.2075,9.525,8.763));
#3243 = VERTEX_POINT('',#3244);
#3244 = CARTESIAN_POINT('',(-8.4455,9.525,9.525));
#3245 = SURFACE_CURVE('',#3246,(#3251,#3258),.PCURVE_S1.);
#3246 = CIRCLE('',#3247,0.762);
#3247 = AXIS2_PLACEMENT_3D('',#3248,#3249,#3250);
#3248 = CARTESIAN_POINT('',(-8.4455,9.525,8.763));
#3249 = DIRECTION('',(0.,1.,0.));
#3250 = DIRECTION('',(-1.,0.,0.));
#3251 = PCURVE('',#1576,#3252);
#3252 = DEFINITIONAL_REPRESENTATION('',(#3253),#3257);
#3253 = CIRCLE('',#3254,0.762);
#3254 = AXIS2_PLACEMENT_2D('',#3255,#3256);
#3255 = CARTESIAN_POINT('',(24.638,56.3245));
#3256 = DIRECTION('',(0.,-1.));
#3257 = ( GEOMETRIC_REPRESENTATION_CONTEXT(2) 
PARAMETRIC_REPRESENTATION_CONTEXT() REPRESENTATION_CONTEXT('2D SPACE',''
  ) );
#3258 = PCURVE('',#2383,#3259);
#3259 = DEFINITIONAL_REPRESENTATION('',(#3260),#3263);
#3260 = B_SPLINE_CURVE_WITH_KNOTS('',1,(#3261,#3262),.UNSPECIFIED.,.F.,
  .F.,(2,2),(0.,1.570796326795),.PIECEWISE_BEZIER_KNOTS.);
#3261 = CARTESIAN_POINT('',(0.,34.925));
#3262 = CARTESIAN_POINT('',(1.570796326795,34.925));
#3263 = ( GEOMETRIC_REPRESENTATION_CONTEXT(2) 
PARAMETRIC_REPRESENTATION_CONTEXT() REPRESENTATION_CONTEXT('2D SPACE',''
  ) );
#3264 = ORIENTED_EDGE('',*,*,#3265,.T.);
#3265 = EDGE_CURVE('',#3241,#3266,#3268,.T.);
#3266 = VERTEX_POINT('',#3267);
#3267 = CARTESIAN_POINT('',(-9.2075,9.525,-8.763));
#3268 = SURFACE_CURVE('',#3269,(#3273,#3280),.PCURVE_S1.);
#3269 = LINE('',#3270,#3271);
#3270 = CARTESIAN_POINT('',(-9.2075,9.525,-12.7));
#3271 = VECTOR('',#3272,1.);
#3272 = DIRECTION('',(0.,0.,-1.));
#3273 = PCURVE('',#1576,#3274);
#3274 = DEFINITIONAL_REPRESENTATION('',(#3275),#3279);
#3275 = LINE('',#3276,#3277);
#3276 = CARTESIAN_POINT('',(3.175,55.5625));
#3277 = VECTOR('',#3278,1.);
#3278 = DIRECTION('',(-1.,0.));
#3279 = ( GEOMETRIC_REPRESENTATION_CONTEXT(2) 
PARAMETRIC_REPRESENTATION_CONTEXT() REPRESENTATION_CONTEXT('2D SPACE',''
  ) );
#3280 = PCURVE('',#2410,#3281);
#3281 = DEFINITIONAL_REPRESENTATION('',(#3282),#3286);
#3282 = LINE('',#3283,#3284);
#3283 = CARTESIAN_POINT('',(-3.175,-34.925));
#3284 = VECTOR('',#3285,1.);
#3285 = DIRECTION('',(-1.,0.));
#3286 = ( GEOMETRIC_REPRESENTATION_CONTEXT(2) 
PARAMETRIC_REPRESENTATION_CONTEXT() REPRESENTATION_CONTEXT('2D SPACE',''
  ) );
#3287 = ORIENTED_EDGE('',*,*,#3288,.F.);
#3288 = EDGE_CURVE('',#3289,#3266,#3291,.T.);
#3289 = VERTEX_POINT('',#3290);
#3290 = CARTESIAN_POINT('',(-8.4455,9.525,-9.525));
#3291 = SURFACE_CURVE('',#3292,(#3297,#3304),.PCURVE_S1.);
#3292 = CIRCLE('',#3293,0.762);
#3293 = AXIS2_PLACEMENT_3D('',#3294,#3295,#3296);
#3294 = CARTESIAN_POINT('',(-8.4455,9.525,-8.763));
#3295 = DIRECTION('',(0.,1.,0.));
#3296 = DIRECTION('',(-1.,0.,0.));
#3297 = PCURVE('',#1576,#3298);
#3298 = DEFINITIONAL_REPRESENTATION('',(#3299),#3303);
#3299 = CIRCLE('',#3300,0.762);
#3300 = AXIS2_PLACEMENT_2D('',#3301,#3302);
#3301 = CARTESIAN_POINT('',(7.112,56.3245));
#3302 = DIRECTION('',(0.,-1.));
#3303 = ( GEOMETRIC_REPRESENTATION_CONTEXT(2) 
PARAMETRIC_REPRESENTATION_CONTEXT() REPRESENTATION_CONTEXT('2D SPACE',''
  ) );
#3304 = PCURVE('',#2439,#3305);
#3305 = DEFINITIONAL_REPRESENTATION('',(#3306),#3309);
#3306 = B_SPLINE_CURVE_WITH_KNOTS('',1,(#3307,#3308),.UNSPECIFIED.,.F.,
  .F.,(2,2),(4.712388980385,6.28318530718),.PIECEWISE_BEZIER_KNOTS.);
#3307 = CARTESIAN_POINT('',(-1.570796326795,34.925));
#3308 = CARTESIAN_POINT('',(0.,34.925));
#3309 = ( GEOMETRIC_REPRESENTATION_CONTEXT(2) 
PARAMETRIC_REPRESENTATION_CONTEXT() REPRESENTATION_CONTEXT('2D SPACE',''
  ) );
#3310 = ORIENTED_EDGE('',*,*,#3311,.T.);
#3311 = EDGE_CURVE('',#3289,#3312,#3314,.T.);
#3312 = VERTEX_POINT('',#3313);
#3313 = CARTESIAN_POINT('',(8.4455,9.525,-9.525));
#3314 = SURFACE_CURVE('',#3315,(#3319,#3326),.PCURVE_S1.);
#3315 = LINE('',#3316,#3317);
#3316 = CARTESIAN_POINT('',(-36.98875,9.525,-9.525));
#3317 = VECTOR('',#3318,1.);
#3318 = DIRECTION('',(1.,0.,0.));
#3319 = PCURVE('',#1576,#3320);
#3320 = DEFINITIONAL_REPRESENTATION('',(#3321),#3325);
#3321 = LINE('',#3322,#3323);
#3322 = CARTESIAN_POINT('',(6.35,27.78125));
#3323 = VECTOR('',#3324,1.);
#3324 = DIRECTION('',(0.,1.));
#3325 = ( GEOMETRIC_REPRESENTATION_CONTEXT(2) 
PARAMETRIC_REPRESENTATION_CONTEXT() REPRESENTATION_CONTEXT('2D SPACE',''
  ) );
#3326 = PCURVE('',#2466,#3327);
#3327 = DEFINITIONAL_REPRESENTATION('',(#3328),#3332);
#3328 = LINE('',#3329,#3330);
#3329 = CARTESIAN_POINT('',(-27.78125,34.925));
#3330 = VECTOR('',#3331,1.);
#3331 = DIRECTION('',(1.,0.));
#3332 = ( GEOMETRIC_REPRESENTATION_CONTEXT(2) 
PARAMETRIC_REPRESENTATION_CONTEXT() REPRESENTATION_CONTEXT('2D SPACE',''
  ) );
#3333 = ORIENTED_EDGE('',*,*,#3334,.F.);
#3334 = EDGE_CURVE('',#3335,#3312,#3337,.T.);
#3335 = VERTEX_POINT('',#3336);
#3336 = CARTESIAN_POINT('',(9.2075,9.525,-8.763));
#3337 = SURFACE_CURVE('',#3338,(#3343,#3350),.PCURVE_S1.);
#3338 = CIRCLE('',#3339,0.762);
#3339 = AXIS2_PLACEMENT_3D('',#3340,#3341,#3342);
#3340 = CARTESIAN_POINT('',(8.4455,9.525,-8.763));
#3341 = DIRECTION('',(0.,1.,0.));
#3342 = DIRECTION('',(1.,0.,-0.));
#3343 = PCURVE('',#1576,#3344);
#3344 = DEFINITIONAL_REPRESENTATION('',(#3345),#3349);
#3345 = CIRCLE('',#3346,0.762);
#3346 = AXIS2_PLACEMENT_2D('',#3347,#3348);
#3347 = CARTESIAN_POINT('',(7.112,73.2155));
#3348 = DIRECTION('',(0.,1.));
#3349 = ( GEOMETRIC_REPRESENTATION_CONTEXT(2) 
PARAMETRIC_REPRESENTATION_CONTEXT() REPRESENTATION_CONTEXT('2D SPACE',''
  ) );
#3350 = PCURVE('',#2495,#3351);
#3351 = DEFINITIONAL_REPRESENTATION('',(#3352),#3355);
#3352 = B_SPLINE_CURVE_WITH_KNOTS('',1,(#3353,#3354),.UNSPECIFIED.,.F.,
  .F.,(2,2),(0.,1.570796326795),.PIECEWISE_BEZIER_KNOTS.);
#3353 = CARTESIAN_POINT('',(0.,34.925));
#3354 = CARTESIAN_POINT('',(1.570796326795,34.925));
#3355 = ( GEOMETRIC_REPRESENTATION_CONTEXT(2) 
PARAMETRIC_REPRESENTATION_CONTEXT() REPRESENTATION_CONTEXT('2D SPACE',''
  ) );
#3356 = ORIENTED_EDGE('',*,*,#3357,.F.);
#3357 = EDGE_CURVE('',#3358,#3335,#3360,.T.);
#3358 = VERTEX_POINT('',#3359);
#3359 = CARTESIAN_POINT('',(9.2075,9.525,8.763));
#3360 = SURFACE_CURVE('',#3361,(#3365,#3372),.PCURVE_S1.);
#3361 = LINE('',#3362,#3363);
#3362 = CARTESIAN_POINT('',(9.2075,9.525,-12.7));
#3363 = VECTOR('',#3364,1.);
#3364 = DIRECTION('',(0.,0.,-1.));
#3365 = PCURVE('',#1576,#3366);
#3366 = DEFINITIONAL_REPRESENTATION('',(#3367),#3371);
#3367 = LINE('',#3368,#3369);
#3368 = CARTESIAN_POINT('',(3.175,73.9775));
#3369 = VECTOR('',#3370,1.);
#3370 = DIRECTION('',(-1.,0.));
#3371 = ( GEOMETRIC_REPRESENTATION_CONTEXT(2) 
PARAMETRIC_REPRESENTATION_CONTEXT() REPRESENTATION_CONTEXT('2D SPACE',''
  ) );
#3372 = PCURVE('',#2522,#3373);
#3373 = DEFINITIONAL_REPRESENTATION('',(#3374),#3378);
#3374 = LINE('',#3375,#3376);
#3375 = CARTESIAN_POINT('',(-3.175,-34.925));
#3376 = VECTOR('',#3377,1.);
#3377 = DIRECTION('',(-1.,0.));
#3378 = ( GEOMETRIC_REPRESENTATION_CONTEXT(2) 
PARAMETRIC_REPRESENTATION_CONTEXT() REPRESENTATION_CONTEXT('2D SPACE',''
  ) );
#3379 = ORIENTED_EDGE('',*,*,#3380,.F.);
#3380 = EDGE_CURVE('',#3381,#3358,#3383,.T.);
#3381 = VERTEX_POINT('',#3382);
#3382 = CARTESIAN_POINT('',(8.4455,9.525,9.525));
#3383 = SURFACE_CURVE('',#3384,(#3389,#3396),.PCURVE_S1.);
#3384 = CIRCLE('',#3385,0.762);
#3385 = AXIS2_PLACEMENT_3D('',#3386,#3387,#3388);
#3386 = CARTESIAN_POINT('',(8.4455,9.525,8.763));
#3387 = DIRECTION('',(0.,1.,0.));
#3388 = DIRECTION('',(1.,0.,-0.));
#3389 = PCURVE('',#1576,#3390);
#3390 = DEFINITIONAL_REPRESENTATION('',(#3391),#3395);
#3391 = CIRCLE('',#3392,0.762);
#3392 = AXIS2_PLACEMENT_2D('',#3393,#3394);
#3393 = CARTESIAN_POINT('',(24.638,73.2155));
#3394 = DIRECTION('',(0.,1.));
#3395 = ( GEOMETRIC_REPRESENTATION_CONTEXT(2) 
PARAMETRIC_REPRESENTATION_CONTEXT() REPRESENTATION_CONTEXT('2D SPACE',''
  ) );
#3396 = PCURVE('',#2551,#3397);
#3397 = DEFINITIONAL_REPRESENTATION('',(#3398),#3401);
#3398 = B_SPLINE_CURVE_WITH_KNOTS('',1,(#3399,#3400),.UNSPECIFIED.,.F.,
  .F.,(2,2),(4.712388980385,6.28318530718),.PIECEWISE_BEZIER_KNOTS.);
#3399 = CARTESIAN_POINT('',(-1.570796326795,34.925));
#3400 = CARTESIAN_POINT('',(0.,34.925));
#3401 = ( GEOMETRIC_REPRESENTATION_CONTEXT(2) 
PARAMETRIC_REPRESENTATION_CONTEXT() REPRESENTATION_CONTEXT('2D SPACE',''
  ) );
#3402 = ORIENTED_EDGE('',*,*,#3403,.F.);
#3403 = EDGE_CURVE('',#3243,#3381,#3404,.T.);
#3404 = SURFACE_CURVE('',#3405,(#3409,#3416),.PCURVE_S1.);
#3405 = LINE('',#3406,#3407);
#3406 = CARTESIAN_POINT('',(-36.98875,9.525,9.525));
#3407 = VECTOR('',#3408,1.);
#3408 = DIRECTION('',(1.,0.,0.));
#3409 = PCURVE('',#1576,#3410);
#3410 = DEFINITIONAL_REPRESENTATION('',(#3411),#3415);
#3411 = LINE('',#3412,#3413);
#3412 = CARTESIAN_POINT('',(25.4,27.78125));
#3413 = VECTOR('',#3414,1.);
#3414 = DIRECTION('',(0.,1.));
#3415 = ( GEOMETRIC_REPRESENTATION_CONTEXT(2) 
PARAMETRIC_REPRESENTATION_CONTEXT() REPRESENTATION_CONTEXT('2D SPACE',''
  ) );
#3416 = PCURVE('',#2576,#3417);
#3417 = DEFINITIONAL_REPRESENTATION('',(#3418),#3422);
#3418 = LINE('',#3419,#3420);
#3419 = CARTESIAN_POINT('',(-27.78125,34.925));
#3420 = VECTOR('',#3421,1.);
#3421 = DIRECTION('',(1.,0.));
#3422 = ( GEOMETRIC_REPRESENTATION_CONTEXT(2) 
PARAMETRIC_REPRESENTATION_CONTEXT() REPRESENTATION_CONTEXT('2D SPACE',''
  ) );
#3423 = ADVANCED_FACE('',(#3424),#1602,.T.);
#3424 = FACE_BOUND('',#3425,.T.);
#3425 = EDGE_LOOP('',(#3426,#3427,#3428,#3429));
#3426 = ORIENTED_EDGE('',*,*,#2641,.F.);
#3427 = ORIENTED_EDGE('',*,*,#1588,.F.);
#3428 = ORIENTED_EDGE('',*,*,#1641,.T.);
#3429 = ORIENTED_EDGE('',*,*,#3430,.T.);
#3430 = EDGE_CURVE('',#1642,#2642,#3431,.T.);
#3431 = SURFACE_CURVE('',#3432,(#3436,#3443),.PCURVE_S1.);
#3432 = LINE('',#3433,#3434);
#3433 = CARTESIAN_POINT('',(-15.5448,-17.4625,15.875));
#3434 = VECTOR('',#3435,1.);
#3435 = DIRECTION('',(0.,1.,0.));
#3436 = PCURVE('',#1602,#3437);
#3437 = DEFINITIONAL_REPRESENTATION('',(#3438),#3442);
#3438 = LINE('',#3439,#3440);
#3439 = CARTESIAN_POINT('',(49.2252,-7.9375));
#3440 = VECTOR('',#3441,1.);
#3441 = DIRECTION('',(0.,1.));
#3442 = ( GEOMETRIC_REPRESENTATION_CONTEXT(2) 
PARAMETRIC_REPRESENTATION_CONTEXT() REPRESENTATION_CONTEXT('2D SPACE',''
  ) );
#3443 = PCURVE('',#1680,#3444);
#3444 = DEFINITIONAL_REPRESENTATION('',(#3445),#3449);
#3445 = LINE('',#3446,#3447);
#3446 = CARTESIAN_POINT('',(8.255,-7.9375));
#3447 = VECTOR('',#3448,1.);
#3448 = DIRECTION('',(0.,-1.));
#3449 = ( GEOMETRIC_REPRESENTATION_CONTEXT(2) 
PARAMETRIC_REPRESENTATION_CONTEXT() REPRESENTATION_CONTEXT('2D SPACE',''
  ) );
#3450 = ADVANCED_FACE('',(#3451),#2350,.T.);
#3451 = FACE_BOUND('',#3452,.T.);
#3452 = EDGE_LOOP('',(#3453,#3473,#3474,#3475));
#3453 = ORIENTED_EDGE('',*,*,#3454,.F.);
#3454 = EDGE_CURVE('',#2309,#3194,#3455,.T.);
#3455 = SURFACE_CURVE('',#3456,(#3460,#3467),.PCURVE_S1.);
#3456 = LINE('',#3457,#3458);
#3457 = CARTESIAN_POINT('',(15.24,-25.4,-8.763));
#3458 = VECTOR('',#3459,1.);
#3459 = DIRECTION('',(0.,1.,0.));
#3460 = PCURVE('',#2350,#3461);
#3461 = DEFINITIONAL_REPRESENTATION('',(#3462),#3466);
#3462 = LINE('',#3463,#3464);
#3463 = CARTESIAN_POINT('',(22.987,0.));
#3464 = VECTOR('',#3465,1.);
#3465 = DIRECTION('',(0.,-1.));
#3466 = ( GEOMETRIC_REPRESENTATION_CONTEXT(2) 
PARAMETRIC_REPRESENTATION_CONTEXT() REPRESENTATION_CONTEXT('2D SPACE',''
  ) );
#3467 = PCURVE('',#2325,#3468);
#3468 = DEFINITIONAL_REPRESENTATION('',(#3469),#3472);
#3469 = B_SPLINE_CURVE_WITH_KNOTS('',1,(#3470,#3471),.UNSPECIFIED.,.F.,
  .F.,(2,2),(15.875,34.925),.PIECEWISE_BEZIER_KNOTS.);
#3470 = CARTESIAN_POINT('',(0.,15.875));
#3471 = CARTESIAN_POINT('',(0.,34.925));
#3472 = ( GEOMETRIC_REPRESENTATION_CONTEXT(2) 
PARAMETRIC_REPRESENTATION_CONTEXT() REPRESENTATION_CONTEXT('2D SPACE',''
  ) );
#3473 = ORIENTED_EDGE('',*,*,#2336,.T.);
#3474 = ORIENTED_EDGE('',*,*,#2616,.T.);
#3475 = ORIENTED_EDGE('',*,*,#3216,.F.);
#3476 = ADVANCED_FACE('',(#3477),#2325,.F.);
#3477 = FACE_BOUND('',#3478,.F.);
#3478 = EDGE_LOOP('',(#3479,#3480,#3481,#3501));
#3479 = ORIENTED_EDGE('',*,*,#3454,.F.);
#3480 = ORIENTED_EDGE('',*,*,#2308,.T.);
#3481 = ORIENTED_EDGE('',*,*,#3482,.T.);
#3482 = EDGE_CURVE('',#2281,#3171,#3483,.T.);
#3483 = SURFACE_CURVE('',#3484,(#3488,#3494),.PCURVE_S1.);
#3484 = LINE('',#3485,#3486);
#3485 = CARTESIAN_POINT('',(14.478,-25.4,-9.525));
#3486 = VECTOR('',#3487,1.);
#3487 = DIRECTION('',(0.,1.,0.));
#3488 = PCURVE('',#2325,#3489);
#3489 = DEFINITIONAL_REPRESENTATION('',(#3490),#3493);
#3490 = B_SPLINE_CURVE_WITH_KNOTS('',1,(#3491,#3492),.UNSPECIFIED.,.F.,
  .F.,(2,2),(15.875,34.925),.PIECEWISE_BEZIER_KNOTS.);
#3491 = CARTESIAN_POINT('',(1.570796326795,15.875));
#3492 = CARTESIAN_POINT('',(1.570796326795,34.925));
#3493 = ( GEOMETRIC_REPRESENTATION_CONTEXT(2) 
PARAMETRIC_REPRESENTATION_CONTEXT() REPRESENTATION_CONTEXT('2D SPACE',''
  ) );
#3494 = PCURVE('',#2296,#3495);
#3495 = DEFINITIONAL_REPRESENTATION('',(#3496),#3500);
#3496 = LINE('',#3497,#3498);
#3497 = CARTESIAN_POINT('',(4.6355,0.));
#3498 = VECTOR('',#3499,1.);
#3499 = DIRECTION('',(0.,1.));
#3500 = ( GEOMETRIC_REPRESENTATION_CONTEXT(2) 
PARAMETRIC_REPRESENTATION_CONTEXT() REPRESENTATION_CONTEXT('2D SPACE',''
  ) );
#3501 = ORIENTED_EDGE('',*,*,#3193,.F.);
#3502 = ADVANCED_FACE('',(#3503),#2296,.T.);
#3503 = FACE_BOUND('',#3504,.T.);
#3504 = EDGE_LOOP('',(#3505,#3506,#3526,#3527));
#3505 = ORIENTED_EDGE('',*,*,#3170,.F.);
#3506 = ORIENTED_EDGE('',*,*,#3507,.F.);
#3507 = EDGE_CURVE('',#2253,#3148,#3508,.T.);
#3508 = SURFACE_CURVE('',#3509,(#3513,#3520),.PCURVE_S1.);
#3509 = LINE('',#3510,#3511);
#3510 = CARTESIAN_POINT('',(10.6045,-25.4,-9.525));
#3511 = VECTOR('',#3512,1.);
#3512 = DIRECTION('',(0.,1.,0.));
#3513 = PCURVE('',#2296,#3514);
#3514 = DEFINITIONAL_REPRESENTATION('',(#3515),#3519);
#3515 = LINE('',#3516,#3517);
#3516 = CARTESIAN_POINT('',(0.762,0.));
#3517 = VECTOR('',#3518,1.);
#3518 = DIRECTION('',(0.,1.));
#3519 = ( GEOMETRIC_REPRESENTATION_CONTEXT(2) 
PARAMETRIC_REPRESENTATION_CONTEXT() REPRESENTATION_CONTEXT('2D SPACE',''
  ) );
#3520 = PCURVE('',#2269,#3521);
#3521 = DEFINITIONAL_REPRESENTATION('',(#3522),#3525);
#3522 = B_SPLINE_CURVE_WITH_KNOTS('',1,(#3523,#3524),.UNSPECIFIED.,.F.,
  .F.,(2,2),(15.875,34.925),.PIECEWISE_BEZIER_KNOTS.);
#3523 = CARTESIAN_POINT('',(-1.570796326795,15.875));
#3524 = CARTESIAN_POINT('',(-1.570796326795,34.925));
#3525 = ( GEOMETRIC_REPRESENTATION_CONTEXT(2) 
PARAMETRIC_REPRESENTATION_CONTEXT() REPRESENTATION_CONTEXT('2D SPACE',''
  ) );
#3526 = ORIENTED_EDGE('',*,*,#2280,.T.);
#3527 = ORIENTED_EDGE('',*,*,#3482,.T.);
#3528 = ADVANCED_FACE('',(#3529),#2269,.F.);
#3529 = FACE_BOUND('',#3530,.T.);
#3530 = EDGE_LOOP('',(#3531,#3551,#3552,#3553));
#3531 = ORIENTED_EDGE('',*,*,#3532,.F.);
#3532 = EDGE_CURVE('',#2225,#3125,#3533,.T.);
#3533 = SURFACE_CURVE('',#3534,(#3538,#3544),.PCURVE_S1.);
#3534 = LINE('',#3535,#3536);
#3535 = CARTESIAN_POINT('',(9.8425,-25.4,-8.763));
#3536 = VECTOR('',#3537,1.);
#3537 = DIRECTION('',(0.,1.,0.));
#3538 = PCURVE('',#2269,#3539);
#3539 = DEFINITIONAL_REPRESENTATION('',(#3540),#3543);
#3540 = B_SPLINE_CURVE_WITH_KNOTS('',1,(#3541,#3542),.UNSPECIFIED.,.F.,
  .F.,(2,2),(15.875,34.925),.PIECEWISE_BEZIER_KNOTS.);
#3541 = CARTESIAN_POINT('',(0.,15.875));
#3542 = CARTESIAN_POINT('',(0.,34.925));
#3543 = ( GEOMETRIC_REPRESENTATION_CONTEXT(2) 
PARAMETRIC_REPRESENTATION_CONTEXT() REPRESENTATION_CONTEXT('2D SPACE',''
  ) );
#3544 = PCURVE('',#2240,#3545);
#3545 = DEFINITIONAL_REPRESENTATION('',(#3546),#3550);
#3546 = LINE('',#3547,#3548);
#3547 = CARTESIAN_POINT('',(0.762,0.));
#3548 = VECTOR('',#3549,1.);
#3549 = DIRECTION('',(0.,-1.));
#3550 = ( GEOMETRIC_REPRESENTATION_CONTEXT(2) 
PARAMETRIC_REPRESENTATION_CONTEXT() REPRESENTATION_CONTEXT('2D SPACE',''
  ) );
#3551 = ORIENTED_EDGE('',*,*,#2252,.F.);
#3552 = ORIENTED_EDGE('',*,*,#3507,.T.);
#3553 = ORIENTED_EDGE('',*,*,#3147,.T.);
#3554 = ADVANCED_FACE('',(#3555),#2240,.T.);
#3555 = FACE_BOUND('',#3556,.T.);
#3556 = EDGE_LOOP('',(#3557,#3558,#3559,#3560));
#3557 = ORIENTED_EDGE('',*,*,#2224,.T.);
#3558 = ORIENTED_EDGE('',*,*,#3532,.T.);
#3559 = ORIENTED_EDGE('',*,*,#3124,.F.);
#3560 = ORIENTED_EDGE('',*,*,#3561,.F.);
#3561 = EDGE_CURVE('',#2197,#3102,#3562,.T.);
#3562 = SURFACE_CURVE('',#3563,(#3567,#3574),.PCURVE_S1.);
#3563 = LINE('',#3564,#3565);
#3564 = CARTESIAN_POINT('',(9.8425,-25.4,8.763));
#3565 = VECTOR('',#3566,1.);
#3566 = DIRECTION('',(0.,1.,0.));
#3567 = PCURVE('',#2240,#3568);
#3568 = DEFINITIONAL_REPRESENTATION('',(#3569),#3573);
#3569 = LINE('',#3570,#3571);
#3570 = CARTESIAN_POINT('',(18.288,0.));
#3571 = VECTOR('',#3572,1.);
#3572 = DIRECTION('',(0.,-1.));
#3573 = ( GEOMETRIC_REPRESENTATION_CONTEXT(2) 
PARAMETRIC_REPRESENTATION_CONTEXT() REPRESENTATION_CONTEXT('2D SPACE',''
  ) );
#3574 = PCURVE('',#2213,#3575);
#3575 = DEFINITIONAL_REPRESENTATION('',(#3576),#3579);
#3576 = B_SPLINE_CURVE_WITH_KNOTS('',1,(#3577,#3578),.UNSPECIFIED.,.F.,
  .F.,(2,2),(15.875,34.925),.PIECEWISE_BEZIER_KNOTS.);
#3577 = CARTESIAN_POINT('',(0.,15.875));
#3578 = CARTESIAN_POINT('',(0.,34.925));
#3579 = ( GEOMETRIC_REPRESENTATION_CONTEXT(2) 
PARAMETRIC_REPRESENTATION_CONTEXT() REPRESENTATION_CONTEXT('2D SPACE',''
  ) );
#3580 = ADVANCED_FACE('',(#3581),#2213,.F.);
#3581 = FACE_BOUND('',#3582,.F.);
#3582 = EDGE_LOOP('',(#3583,#3584,#3585,#3605));
#3583 = ORIENTED_EDGE('',*,*,#3561,.F.);
#3584 = ORIENTED_EDGE('',*,*,#2196,.T.);
#3585 = ORIENTED_EDGE('',*,*,#3586,.T.);
#3586 = EDGE_CURVE('',#2169,#3079,#3587,.T.);
#3587 = SURFACE_CURVE('',#3588,(#3592,#3598),.PCURVE_S1.);
#3588 = LINE('',#3589,#3590);
#3589 = CARTESIAN_POINT('',(10.6045,-25.4,9.525));
#3590 = VECTOR('',#3591,1.);
#3591 = DIRECTION('',(0.,1.,0.));
#3592 = PCURVE('',#2213,#3593);
#3593 = DEFINITIONAL_REPRESENTATION('',(#3594),#3597);
#3594 = B_SPLINE_CURVE_WITH_KNOTS('',1,(#3595,#3596),.UNSPECIFIED.,.F.,
  .F.,(2,2),(15.875,34.925),.PIECEWISE_BEZIER_KNOTS.);
#3595 = CARTESIAN_POINT('',(1.570796326795,15.875));
#3596 = CARTESIAN_POINT('',(1.570796326795,34.925));
#3597 = ( GEOMETRIC_REPRESENTATION_CONTEXT(2) 
PARAMETRIC_REPRESENTATION_CONTEXT() REPRESENTATION_CONTEXT('2D SPACE',''
  ) );
#3598 = PCURVE('',#2184,#3599);
#3599 = DEFINITIONAL_REPRESENTATION('',(#3600),#3604);
#3600 = LINE('',#3601,#3602);
#3601 = CARTESIAN_POINT('',(0.762,0.));
#3602 = VECTOR('',#3603,1.);
#3603 = DIRECTION('',(0.,1.));
#3604 = ( GEOMETRIC_REPRESENTATION_CONTEXT(2) 
PARAMETRIC_REPRESENTATION_CONTEXT() REPRESENTATION_CONTEXT('2D SPACE',''
  ) );
#3605 = ORIENTED_EDGE('',*,*,#3101,.F.);
#3606 = ADVANCED_FACE('',(#3607),#2184,.F.);
#3607 = FACE_BOUND('',#3608,.F.);
#3608 = EDGE_LOOP('',(#3609,#3610,#3611,#3612));
#3609 = ORIENTED_EDGE('',*,*,#3078,.F.);
#3610 = ORIENTED_EDGE('',*,*,#3586,.F.);
#3611 = ORIENTED_EDGE('',*,*,#2168,.T.);
#3612 = ORIENTED_EDGE('',*,*,#3613,.T.);
#3613 = EDGE_CURVE('',#2141,#3056,#3614,.T.);
#3614 = SURFACE_CURVE('',#3615,(#3619,#3626),.PCURVE_S1.);
#3615 = LINE('',#3616,#3617);
#3616 = CARTESIAN_POINT('',(14.478,-25.4,9.525));
#3617 = VECTOR('',#3618,1.);
#3618 = DIRECTION('',(0.,1.,0.));
#3619 = PCURVE('',#2184,#3620);
#3620 = DEFINITIONAL_REPRESENTATION('',(#3621),#3625);
#3621 = LINE('',#3622,#3623);
#3622 = CARTESIAN_POINT('',(4.6355,0.));
#3623 = VECTOR('',#3624,1.);
#3624 = DIRECTION('',(0.,1.));
#3625 = ( GEOMETRIC_REPRESENTATION_CONTEXT(2) 
PARAMETRIC_REPRESENTATION_CONTEXT() REPRESENTATION_CONTEXT('2D SPACE',''
  ) );
#3626 = PCURVE('',#2157,#3627);
#3627 = DEFINITIONAL_REPRESENTATION('',(#3628),#3631);
#3628 = B_SPLINE_CURVE_WITH_KNOTS('',1,(#3629,#3630),.UNSPECIFIED.,.F.,
  .F.,(2,2),(15.875,34.925),.PIECEWISE_BEZIER_KNOTS.);
#3629 = CARTESIAN_POINT('',(-1.570796326795,15.875));
#3630 = CARTESIAN_POINT('',(-1.570796326795,34.925));
#3631 = ( GEOMETRIC_REPRESENTATION_CONTEXT(2) 
PARAMETRIC_REPRESENTATION_CONTEXT() REPRESENTATION_CONTEXT('2D SPACE',''
  ) );
#3632 = ADVANCED_FACE('',(#3633),#2157,.F.);
#3633 = FACE_BOUND('',#3634,.T.);
#3634 = EDGE_LOOP('',(#3635,#3655,#3656,#3657));
#3635 = ORIENTED_EDGE('',*,*,#3636,.F.);
#3636 = EDGE_CURVE('',#2113,#3033,#3637,.T.);
#3637 = SURFACE_CURVE('',#3638,(#3642,#3648),.PCURVE_S1.);
#3638 = LINE('',#3639,#3640);
#3639 = CARTESIAN_POINT('',(15.24,-25.4,8.763));
#3640 = VECTOR('',#3641,1.);
#3641 = DIRECTION('',(0.,1.,0.));
#3642 = PCURVE('',#2157,#3643);
#3643 = DEFINITIONAL_REPRESENTATION('',(#3644),#3647);
#3644 = B_SPLINE_CURVE_WITH_KNOTS('',1,(#3645,#3646),.UNSPECIFIED.,.F.,
  .F.,(2,2),(15.875,34.925),.PIECEWISE_BEZIER_KNOTS.);
#3645 = CARTESIAN_POINT('',(0.,15.875));
#3646 = CARTESIAN_POINT('',(0.,34.925));
#3647 = ( GEOMETRIC_REPRESENTATION_CONTEXT(2) 
PARAMETRIC_REPRESENTATION_CONTEXT() REPRESENTATION_CONTEXT('2D SPACE',''
  ) );
#3648 = PCURVE('',#2128,#3649);
#3649 = DEFINITIONAL_REPRESENTATION('',(#3650),#3654);
#3650 = LINE('',#3651,#3652);
#3651 = CARTESIAN_POINT('',(18.288,0.));
#3652 = VECTOR('',#3653,1.);
#3653 = DIRECTION('',(0.,-1.));
#3654 = ( GEOMETRIC_REPRESENTATION_CONTEXT(2) 
PARAMETRIC_REPRESENTATION_CONTEXT() REPRESENTATION_CONTEXT('2D SPACE',''
  ) );
#3655 = ORIENTED_EDGE('',*,*,#2140,.F.);
#3656 = ORIENTED_EDGE('',*,*,#3613,.T.);
#3657 = ORIENTED_EDGE('',*,*,#3055,.T.);
#3658 = ADVANCED_FACE('',(#3659),#2128,.F.);
#3659 = FACE_BOUND('',#3660,.F.);
#3660 = EDGE_LOOP('',(#3661,#3662,#3663,#3684));
#3661 = ORIENTED_EDGE('',*,*,#3636,.F.);
#3662 = ORIENTED_EDGE('',*,*,#2112,.T.);
#3663 = ORIENTED_EDGE('',*,*,#3664,.T.);
#3664 = EDGE_CURVE('',#2085,#3010,#3665,.T.);
#3665 = SURFACE_CURVE('',#3666,(#3670,#3677),.PCURVE_S1.);
#3666 = LINE('',#3667,#3668);
#3667 = CARTESIAN_POINT('',(15.24,-25.4,-7.62));
#3668 = VECTOR('',#3669,1.);
#3669 = DIRECTION('',(0.,1.,0.));
#3670 = PCURVE('',#2128,#3671);
#3671 = DEFINITIONAL_REPRESENTATION('',(#3672),#3676);
#3672 = LINE('',#3673,#3674);
#3673 = CARTESIAN_POINT('',(1.905,0.));
#3674 = VECTOR('',#3675,1.);
#3675 = DIRECTION('',(0.,-1.));
#3676 = ( GEOMETRIC_REPRESENTATION_CONTEXT(2) 
PARAMETRIC_REPRESENTATION_CONTEXT() REPRESENTATION_CONTEXT('2D SPACE',''
  ) );
#3677 = PCURVE('',#2100,#3678);
#3678 = DEFINITIONAL_REPRESENTATION('',(#3679),#3683);
#3679 = LINE('',#3680,#3681);
#3680 = CARTESIAN_POINT('',(0.,0.));
#3681 = VECTOR('',#3682,1.);
#3682 = DIRECTION('',(0.,1.));
#3683 = ( GEOMETRIC_REPRESENTATION_CONTEXT(2) 
PARAMETRIC_REPRESENTATION_CONTEXT() REPRESENTATION_CONTEXT('2D SPACE',''
  ) );
#3684 = ORIENTED_EDGE('',*,*,#3032,.F.);
#3685 = ADVANCED_FACE('',(#3686),#2100,.F.);
#3686 = FACE_BOUND('',#3687,.F.);
#3687 = EDGE_LOOP('',(#3688,#3689,#3690,#3711));
#3688 = ORIENTED_EDGE('',*,*,#3664,.F.);
#3689 = ORIENTED_EDGE('',*,*,#2084,.T.);
#3690 = ORIENTED_EDGE('',*,*,#3691,.T.);
#3691 = EDGE_CURVE('',#2057,#2987,#3692,.T.);
#3692 = SURFACE_CURVE('',#3693,(#3697,#3704),.PCURVE_S1.);
#3693 = LINE('',#3694,#3695);
#3694 = CARTESIAN_POINT('',(15.5448,-25.4,-7.62));
#3695 = VECTOR('',#3696,1.);
#3696 = DIRECTION('',(0.,1.,0.));
#3697 = PCURVE('',#2100,#3698);
#3698 = DEFINITIONAL_REPRESENTATION('',(#3699),#3703);
#3699 = LINE('',#3700,#3701);
#3700 = CARTESIAN_POINT('',(0.3048,0.));
#3701 = VECTOR('',#3702,1.);
#3702 = DIRECTION('',(0.,1.));
#3703 = ( GEOMETRIC_REPRESENTATION_CONTEXT(2) 
PARAMETRIC_REPRESENTATION_CONTEXT() REPRESENTATION_CONTEXT('2D SPACE',''
  ) );
#3704 = PCURVE('',#2072,#3705);
#3705 = DEFINITIONAL_REPRESENTATION('',(#3706),#3710);
#3706 = LINE('',#3707,#3708);
#3707 = CARTESIAN_POINT('',(24.13,0.));
#3708 = VECTOR('',#3709,1.);
#3709 = DIRECTION('',(0.,-1.));
#3710 = ( GEOMETRIC_REPRESENTATION_CONTEXT(2) 
PARAMETRIC_REPRESENTATION_CONTEXT() REPRESENTATION_CONTEXT('2D SPACE',''
  ) );
#3711 = ORIENTED_EDGE('',*,*,#3009,.F.);
#3712 = ADVANCED_FACE('',(#3713),#2072,.F.);
#3713 = FACE_BOUND('',#3714,.F.);
#3714 = EDGE_LOOP('',(#3715,#3716,#3717,#3738));
#3715 = ORIENTED_EDGE('',*,*,#3691,.F.);
#3716 = ORIENTED_EDGE('',*,*,#2056,.T.);
#3717 = ORIENTED_EDGE('',*,*,#3718,.T.);
#3718 = EDGE_CURVE('',#2029,#2964,#3719,.T.);
#3719 = SURFACE_CURVE('',#3720,(#3724,#3731),.PCURVE_S1.);
#3720 = LINE('',#3721,#3722);
#3721 = CARTESIAN_POINT('',(15.5448,-17.4625,-15.875));
#3722 = VECTOR('',#3723,1.);
#3723 = DIRECTION('',(0.,1.,0.));
#3724 = PCURVE('',#2072,#3725);
#3725 = DEFINITIONAL_REPRESENTATION('',(#3726),#3730);
#3726 = LINE('',#3727,#3728);
#3727 = CARTESIAN_POINT('',(15.875,-7.9375));
#3728 = VECTOR('',#3729,1.);
#3729 = DIRECTION('',(0.,-1.));
#3730 = ( GEOMETRIC_REPRESENTATION_CONTEXT(2) 
PARAMETRIC_REPRESENTATION_CONTEXT() REPRESENTATION_CONTEXT('2D SPACE',''
  ) );
#3731 = PCURVE('',#2044,#3732);
#3732 = DEFINITIONAL_REPRESENTATION('',(#3733),#3737);
#3733 = LINE('',#3734,#3735);
#3734 = CARTESIAN_POINT('',(80.3148,-7.9375));
#3735 = VECTOR('',#3736,1.);
#3736 = DIRECTION('',(0.,1.));
#3737 = ( GEOMETRIC_REPRESENTATION_CONTEXT(2) 
PARAMETRIC_REPRESENTATION_CONTEXT() REPRESENTATION_CONTEXT('2D SPACE',''
  ) );
#3738 = ORIENTED_EDGE('',*,*,#2986,.F.);
#3739 = ADVANCED_FACE('',(#3740),#2044,.F.);
#3740 = FACE_BOUND('',#3741,.F.);
#3741 = EDGE_LOOP('',(#3742,#3743,#3744,#3745));
#3742 = ORIENTED_EDGE('',*,*,#2963,.F.);
#3743 = ORIENTED_EDGE('',*,*,#3718,.F.);
#3744 = ORIENTED_EDGE('',*,*,#2028,.T.);
#3745 = ORIENTED_EDGE('',*,*,#3746,.F.);
#3746 = EDGE_CURVE('',#2941,#2001,#3747,.T.);
#3747 = SURFACE_CURVE('',#3748,(#3752,#3759),.PCURVE_S1.);
#3748 = LINE('',#3749,#3750);
#3749 = CARTESIAN_POINT('',(22.86,9.525,-15.875));
#3750 = VECTOR('',#3751,1.);
#3751 = DIRECTION('',(0.,-1.,0.));
#3752 = PCURVE('',#2044,#3753);
#3753 = DEFINITIONAL_REPRESENTATION('',(#3754),#3758);
#3754 = LINE('',#3755,#3756);
#3755 = CARTESIAN_POINT('',(87.63,19.05));
#3756 = VECTOR('',#3757,1.);
#3757 = DIRECTION('',(0.,-1.));
#3758 = ( GEOMETRIC_REPRESENTATION_CONTEXT(2) 
PARAMETRIC_REPRESENTATION_CONTEXT() REPRESENTATION_CONTEXT('2D SPACE',''
  ) );
#3759 = PCURVE('',#2016,#3760);
#3760 = DEFINITIONAL_REPRESENTATION('',(#3761),#3765);
#3761 = LINE('',#3762,#3763);
#3762 = CARTESIAN_POINT('',(15.875,-34.925));
#3763 = VECTOR('',#3764,1.);
#3764 = DIRECTION('',(0.,1.));
#3765 = ( GEOMETRIC_REPRESENTATION_CONTEXT(2) 
PARAMETRIC_REPRESENTATION_CONTEXT() REPRESENTATION_CONTEXT('2D SPACE',''
  ) );
#3766 = ADVANCED_FACE('',(#3767,#3793),#2016,.T.);
#3767 = FACE_BOUND('',#3768,.T.);
#3768 = EDGE_LOOP('',(#3769,#3770,#3771,#3792));
#3769 = ORIENTED_EDGE('',*,*,#3746,.F.);
#3770 = ORIENTED_EDGE('',*,*,#2940,.F.);
#3771 = ORIENTED_EDGE('',*,*,#3772,.F.);
#3772 = EDGE_CURVE('',#1973,#2918,#3773,.T.);
#3773 = SURFACE_CURVE('',#3774,(#3778,#3785),.PCURVE_S1.);
#3774 = LINE('',#3775,#3776);
#3775 = CARTESIAN_POINT('',(22.86,-9.525,15.875));
#3776 = VECTOR('',#3777,1.);
#3777 = DIRECTION('',(0.,1.,0.));
#3778 = PCURVE('',#2016,#3779);
#3779 = DEFINITIONAL_REPRESENTATION('',(#3780),#3784);
#3780 = LINE('',#3781,#3782);
#3781 = CARTESIAN_POINT('',(47.625,-15.875));
#3782 = VECTOR('',#3783,1.);
#3783 = DIRECTION('',(0.,-1.));
#3784 = ( GEOMETRIC_REPRESENTATION_CONTEXT(2) 
PARAMETRIC_REPRESENTATION_CONTEXT() REPRESENTATION_CONTEXT('2D SPACE',''
  ) );
#3785 = PCURVE('',#1988,#3786);
#3786 = DEFINITIONAL_REPRESENTATION('',(#3787),#3791);
#3787 = LINE('',#3788,#3789);
#3788 = CARTESIAN_POINT('',(87.63,0.));
#3789 = VECTOR('',#3790,1.);
#3790 = DIRECTION('',(0.,1.));
#3791 = ( GEOMETRIC_REPRESENTATION_CONTEXT(2) 
PARAMETRIC_REPRESENTATION_CONTEXT() REPRESENTATION_CONTEXT('2D SPACE',''
  ) );
#3792 = ORIENTED_EDGE('',*,*,#2000,.F.);
#3793 = FACE_BOUND('',#3794,.T.);
#3794 = EDGE_LOOP('',(#3795,#3824,#3851,#3878));
#3795 = ORIENTED_EDGE('',*,*,#3796,.T.);
#3796 = EDGE_CURVE('',#3797,#3799,#3801,.T.);
#3797 = VERTEX_POINT('',#3798);
#3798 = CARTESIAN_POINT('',(22.86,-4.318,-8.001));
#3799 = VERTEX_POINT('',#3800);
#3800 = CARTESIAN_POINT('',(22.86,-4.318,8.001));
#3801 = SURFACE_CURVE('',#3802,(#3806,#3813),.PCURVE_S1.);
#3802 = LINE('',#3803,#3804);
#3803 = CARTESIAN_POINT('',(22.86,-4.318,-50.8));
#3804 = VECTOR('',#3805,1.);
#3805 = DIRECTION('',(0.,0.,1.));
#3806 = PCURVE('',#2016,#3807);
#3807 = DEFINITIONAL_REPRESENTATION('',(#3808),#3812);
#3808 = LINE('',#3809,#3810);
#3809 = CARTESIAN_POINT('',(-19.05,-21.082));
#3810 = VECTOR('',#3811,1.);
#3811 = DIRECTION('',(1.,0.));
#3812 = ( GEOMETRIC_REPRESENTATION_CONTEXT(2) 
PARAMETRIC_REPRESENTATION_CONTEXT() REPRESENTATION_CONTEXT('2D SPACE',''
  ) );
#3813 = PCURVE('',#3814,#3819);
#3814 = CYLINDRICAL_SURFACE('',#3815,1.524);
#3815 = AXIS2_PLACEMENT_3D('',#3816,#3817,#3818);
#3816 = CARTESIAN_POINT('',(24.384,-4.318,-50.8));
#3817 = DIRECTION('',(0.,0.,1.));
#3818 = DIRECTION('',(-1.,-0.,0.));
#3819 = DEFINITIONAL_REPRESENTATION('',(#3820),#3823);
#3820 = B_SPLINE_CURVE_WITH_KNOTS('',1,(#3821,#3822),.UNSPECIFIED.,.F.,
  .F.,(2,2),(42.799,58.801),.PIECEWISE_BEZIER_KNOTS.);
#3821 = CARTESIAN_POINT('',(0.,42.799));
#3822 = CARTESIAN_POINT('',(0.,58.801));
#3823 = ( GEOMETRIC_REPRESENTATION_CONTEXT(2) 
PARAMETRIC_REPRESENTATION_CONTEXT() REPRESENTATION_CONTEXT('2D SPACE',''
  ) );
#3824 = ORIENTED_EDGE('',*,*,#3825,.T.);
#3825 = EDGE_CURVE('',#3799,#3826,#3828,.T.);
#3826 = VERTEX_POINT('',#3827);
#3827 = CARTESIAN_POINT('',(22.86,4.318,8.001));
#3828 = SURFACE_CURVE('',#3829,(#3833,#3840),.PCURVE_S1.);
#3829 = LINE('',#3830,#3831);
#3830 = CARTESIAN_POINT('',(22.86,-25.4,8.001));
#3831 = VECTOR('',#3832,1.);
#3832 = DIRECTION('',(0.,1.,0.));
#3833 = PCURVE('',#2016,#3834);
#3834 = DEFINITIONAL_REPRESENTATION('',(#3835),#3839);
#3835 = LINE('',#3836,#3837);
#3836 = CARTESIAN_POINT('',(39.751,0.));
#3837 = VECTOR('',#3838,1.);
#3838 = DIRECTION('',(0.,-1.));
#3839 = ( GEOMETRIC_REPRESENTATION_CONTEXT(2) 
PARAMETRIC_REPRESENTATION_CONTEXT() REPRESENTATION_CONTEXT('2D SPACE',''
  ) );
#3840 = PCURVE('',#3841,#3846);
#3841 = CYLINDRICAL_SURFACE('',#3842,1.524);
#3842 = AXIS2_PLACEMENT_3D('',#3843,#3844,#3845);
#3843 = CARTESIAN_POINT('',(24.384,-25.4,8.001));
#3844 = DIRECTION('',(0.,1.,0.));
#3845 = DIRECTION('',(-1.,0.,0.));
#3846 = DEFINITIONAL_REPRESENTATION('',(#3847),#3850);
#3847 = B_SPLINE_CURVE_WITH_KNOTS('',1,(#3848,#3849),.UNSPECIFIED.,.F.,
  .F.,(2,2),(21.082,29.718),.PIECEWISE_BEZIER_KNOTS.);
#3848 = CARTESIAN_POINT('',(0.,21.082));
#3849 = CARTESIAN_POINT('',(0.,29.718));
#3850 = ( GEOMETRIC_REPRESENTATION_CONTEXT(2) 
PARAMETRIC_REPRESENTATION_CONTEXT() REPRESENTATION_CONTEXT('2D SPACE',''
  ) );
#3851 = ORIENTED_EDGE('',*,*,#3852,.F.);
#3852 = EDGE_CURVE('',#3853,#3826,#3855,.T.);
#3853 = VERTEX_POINT('',#3854);
#3854 = CARTESIAN_POINT('',(22.86,4.318,-8.001));
#3855 = SURFACE_CURVE('',#3856,(#3860,#3867),.PCURVE_S1.);
#3856 = LINE('',#3857,#3858);
#3857 = CARTESIAN_POINT('',(22.86,4.318,-50.8));
#3858 = VECTOR('',#3859,1.);
#3859 = DIRECTION('',(0.,0.,1.));
#3860 = PCURVE('',#2016,#3861);
#3861 = DEFINITIONAL_REPRESENTATION('',(#3862),#3866);
#3862 = LINE('',#3863,#3864);
#3863 = CARTESIAN_POINT('',(-19.05,-29.718));
#3864 = VECTOR('',#3865,1.);
#3865 = DIRECTION('',(1.,0.));
#3866 = ( GEOMETRIC_REPRESENTATION_CONTEXT(2) 
PARAMETRIC_REPRESENTATION_CONTEXT() REPRESENTATION_CONTEXT('2D SPACE',''
  ) );
#3867 = PCURVE('',#3868,#3873);
#3868 = CYLINDRICAL_SURFACE('',#3869,1.524);
#3869 = AXIS2_PLACEMENT_3D('',#3870,#3871,#3872);
#3870 = CARTESIAN_POINT('',(24.384,4.318,-50.8));
#3871 = DIRECTION('',(0.,0.,1.));
#3872 = DIRECTION('',(-1.,-0.,0.));
#3873 = DEFINITIONAL_REPRESENTATION('',(#3874),#3877);
#3874 = B_SPLINE_CURVE_WITH_KNOTS('',1,(#3875,#3876),.UNSPECIFIED.,.F.,
  .F.,(2,2),(42.799,58.801),.PIECEWISE_BEZIER_KNOTS.);
#3875 = CARTESIAN_POINT('',(0.,42.799));
#3876 = CARTESIAN_POINT('',(0.,58.801));
#3877 = ( GEOMETRIC_REPRESENTATION_CONTEXT(2) 
PARAMETRIC_REPRESENTATION_CONTEXT() REPRESENTATION_CONTEXT('2D SPACE',''
  ) );
#3878 = ORIENTED_EDGE('',*,*,#3879,.F.);
#3879 = EDGE_CURVE('',#3797,#3853,#3880,.T.);
#3880 = SURFACE_CURVE('',#3881,(#3885,#3892),.PCURVE_S1.);
#3881 = LINE('',#3882,#3883);
#3882 = CARTESIAN_POINT('',(22.86,-25.4,-8.001));
#3883 = VECTOR('',#3884,1.);
#3884 = DIRECTION('',(0.,1.,0.));
#3885 = PCURVE('',#2016,#3886);
#3886 = DEFINITIONAL_REPRESENTATION('',(#3887),#3891);
#3887 = LINE('',#3888,#3889);
#3888 = CARTESIAN_POINT('',(23.749,0.));
#3889 = VECTOR('',#3890,1.);
#3890 = DIRECTION('',(0.,-1.));
#3891 = ( GEOMETRIC_REPRESENTATION_CONTEXT(2) 
PARAMETRIC_REPRESENTATION_CONTEXT() REPRESENTATION_CONTEXT('2D SPACE',''
  ) );
#3892 = PCURVE('',#3893,#3898);
#3893 = CYLINDRICAL_SURFACE('',#3894,1.524);
#3894 = AXIS2_PLACEMENT_3D('',#3895,#3896,#3897);
#3895 = CARTESIAN_POINT('',(24.384,-25.4,-8.001));
#3896 = DIRECTION('',(0.,1.,0.));
#3897 = DIRECTION('',(-1.,0.,0.));
#3898 = DEFINITIONAL_REPRESENTATION('',(#3899),#3902);
#3899 = B_SPLINE_CURVE_WITH_KNOTS('',1,(#3900,#3901),.UNSPECIFIED.,.F.,
  .F.,(2,2),(21.082,29.718),.PIECEWISE_BEZIER_KNOTS.);
#3900 = CARTESIAN_POINT('',(0.,21.082));
#3901 = CARTESIAN_POINT('',(0.,29.718));
#3902 = ( GEOMETRIC_REPRESENTATION_CONTEXT(2) 
PARAMETRIC_REPRESENTATION_CONTEXT() REPRESENTATION_CONTEXT('2D SPACE',''
  ) );
#3903 = ADVANCED_FACE('',(#3904),#1988,.T.);
#3904 = FACE_BOUND('',#3905,.T.);
#3905 = EDGE_LOOP('',(#3906,#3907,#3928,#3929));
#3906 = ORIENTED_EDGE('',*,*,#2917,.F.);
#3907 = ORIENTED_EDGE('',*,*,#3908,.F.);
#3908 = EDGE_CURVE('',#1945,#2895,#3909,.T.);
#3909 = SURFACE_CURVE('',#3910,(#3914,#3921),.PCURVE_S1.);
#3910 = LINE('',#3911,#3912);
#3911 = CARTESIAN_POINT('',(-15.24,-17.4625,15.875));
#3912 = VECTOR('',#3913,1.);
#3913 = DIRECTION('',(0.,1.,0.));
#3914 = PCURVE('',#1988,#3915);
#3915 = DEFINITIONAL_REPRESENTATION('',(#3916),#3920);
#3916 = LINE('',#3917,#3918);
#3917 = CARTESIAN_POINT('',(49.53,-7.9375));
#3918 = VECTOR('',#3919,1.);
#3919 = DIRECTION('',(0.,1.));
#3920 = ( GEOMETRIC_REPRESENTATION_CONTEXT(2) 
PARAMETRIC_REPRESENTATION_CONTEXT() REPRESENTATION_CONTEXT('2D SPACE',''
  ) );
#3921 = PCURVE('',#1960,#3922);
#3922 = DEFINITIONAL_REPRESENTATION('',(#3923),#3927);
#3923 = LINE('',#3924,#3925);
#3924 = CARTESIAN_POINT('',(8.255,-7.9375));
#3925 = VECTOR('',#3926,1.);
#3926 = DIRECTION('',(0.,-1.));
#3927 = ( GEOMETRIC_REPRESENTATION_CONTEXT(2) 
PARAMETRIC_REPRESENTATION_CONTEXT() REPRESENTATION_CONTEXT('2D SPACE',''
  ) );
#3928 = ORIENTED_EDGE('',*,*,#1972,.T.);
#3929 = ORIENTED_EDGE('',*,*,#3772,.T.);
#3930 = ADVANCED_FACE('',(#3931),#1960,.F.);
#3931 = FACE_BOUND('',#3932,.F.);
#3932 = EDGE_LOOP('',(#3933,#3934,#3954,#3955));
#3933 = ORIENTED_EDGE('',*,*,#1944,.T.);
#3934 = ORIENTED_EDGE('',*,*,#3935,.T.);
#3935 = EDGE_CURVE('',#1917,#2872,#3936,.T.);
#3936 = SURFACE_CURVE('',#3937,(#3941,#3948),.PCURVE_S1.);
#3937 = LINE('',#3938,#3939);
#3938 = CARTESIAN_POINT('',(-15.24,-25.4,8.763));
#3939 = VECTOR('',#3940,1.);
#3940 = DIRECTION('',(0.,1.,0.));
#3941 = PCURVE('',#1960,#3942);
#3942 = DEFINITIONAL_REPRESENTATION('',(#3943),#3947);
#3943 = LINE('',#3944,#3945);
#3944 = CARTESIAN_POINT('',(1.143,0.));
#3945 = VECTOR('',#3946,1.);
#3946 = DIRECTION('',(0.,-1.));
#3947 = ( GEOMETRIC_REPRESENTATION_CONTEXT(2) 
PARAMETRIC_REPRESENTATION_CONTEXT() REPRESENTATION_CONTEXT('2D SPACE',''
  ) );
#3948 = PCURVE('',#1933,#3949);
#3949 = DEFINITIONAL_REPRESENTATION('',(#3950),#3953);
#3950 = B_SPLINE_CURVE_WITH_KNOTS('',1,(#3951,#3952),.UNSPECIFIED.,.F.,
  .F.,(2,2),(15.875,34.925),.PIECEWISE_BEZIER_KNOTS.);
#3951 = CARTESIAN_POINT('',(0.,15.875));
#3952 = CARTESIAN_POINT('',(0.,34.925));
#3953 = ( GEOMETRIC_REPRESENTATION_CONTEXT(2) 
PARAMETRIC_REPRESENTATION_CONTEXT() REPRESENTATION_CONTEXT('2D SPACE',''
  ) );
#3954 = ORIENTED_EDGE('',*,*,#2894,.F.);
#3955 = ORIENTED_EDGE('',*,*,#3908,.F.);
#3956 = ADVANCED_FACE('',(#3957),#1933,.F.);
#3957 = FACE_BOUND('',#3958,.F.);
#3958 = EDGE_LOOP('',(#3959,#3960,#3961,#3981));
#3959 = ORIENTED_EDGE('',*,*,#3935,.F.);
#3960 = ORIENTED_EDGE('',*,*,#1916,.T.);
#3961 = ORIENTED_EDGE('',*,*,#3962,.T.);
#3962 = EDGE_CURVE('',#1889,#2849,#3963,.T.);
#3963 = SURFACE_CURVE('',#3964,(#3968,#3974),.PCURVE_S1.);
#3964 = LINE('',#3965,#3966);
#3965 = CARTESIAN_POINT('',(-14.478,-25.4,9.525));
#3966 = VECTOR('',#3967,1.);
#3967 = DIRECTION('',(0.,1.,0.));
#3968 = PCURVE('',#1933,#3969);
#3969 = DEFINITIONAL_REPRESENTATION('',(#3970),#3973);
#3970 = B_SPLINE_CURVE_WITH_KNOTS('',1,(#3971,#3972),.UNSPECIFIED.,.F.,
  .F.,(2,2),(15.875,34.925),.PIECEWISE_BEZIER_KNOTS.);
#3971 = CARTESIAN_POINT('',(1.570796326795,15.875));
#3972 = CARTESIAN_POINT('',(1.570796326795,34.925));
#3973 = ( GEOMETRIC_REPRESENTATION_CONTEXT(2) 
PARAMETRIC_REPRESENTATION_CONTEXT() REPRESENTATION_CONTEXT('2D SPACE',''
  ) );
#3974 = PCURVE('',#1904,#3975);
#3975 = DEFINITIONAL_REPRESENTATION('',(#3976),#3980);
#3976 = LINE('',#3977,#3978);
#3977 = CARTESIAN_POINT('',(0.762,0.));
#3978 = VECTOR('',#3979,1.);
#3979 = DIRECTION('',(0.,1.));
#3980 = ( GEOMETRIC_REPRESENTATION_CONTEXT(2) 
PARAMETRIC_REPRESENTATION_CONTEXT() REPRESENTATION_CONTEXT('2D SPACE',''
  ) );
#3981 = ORIENTED_EDGE('',*,*,#2871,.F.);
#3982 = ADVANCED_FACE('',(#3983),#1904,.F.);
#3983 = FACE_BOUND('',#3984,.F.);
#3984 = EDGE_LOOP('',(#3985,#3986,#3987,#3988));
#3985 = ORIENTED_EDGE('',*,*,#2848,.F.);
#3986 = ORIENTED_EDGE('',*,*,#3962,.F.);
#3987 = ORIENTED_EDGE('',*,*,#1888,.T.);
#3988 = ORIENTED_EDGE('',*,*,#3989,.T.);
#3989 = EDGE_CURVE('',#1861,#2826,#3990,.T.);
#3990 = SURFACE_CURVE('',#3991,(#3995,#4002),.PCURVE_S1.);
#3991 = LINE('',#3992,#3993);
#3992 = CARTESIAN_POINT('',(-10.6045,-25.4,9.525));
#3993 = VECTOR('',#3994,1.);
#3994 = DIRECTION('',(0.,1.,0.));
#3995 = PCURVE('',#1904,#3996);
#3996 = DEFINITIONAL_REPRESENTATION('',(#3997),#4001);
#3997 = LINE('',#3998,#3999);
#3998 = CARTESIAN_POINT('',(4.6355,0.));
#3999 = VECTOR('',#4000,1.);
#4000 = DIRECTION('',(0.,1.));
#4001 = ( GEOMETRIC_REPRESENTATION_CONTEXT(2) 
PARAMETRIC_REPRESENTATION_CONTEXT() REPRESENTATION_CONTEXT('2D SPACE',''
  ) );
#4002 = PCURVE('',#1877,#4003);
#4003 = DEFINITIONAL_REPRESENTATION('',(#4004),#4007);
#4004 = B_SPLINE_CURVE_WITH_KNOTS('',1,(#4005,#4006),.UNSPECIFIED.,.F.,
  .F.,(2,2),(15.875,34.925),.PIECEWISE_BEZIER_KNOTS.);
#4005 = CARTESIAN_POINT('',(-1.570796326795,15.875));
#4006 = CARTESIAN_POINT('',(-1.570796326795,34.925));
#4007 = ( GEOMETRIC_REPRESENTATION_CONTEXT(2) 
PARAMETRIC_REPRESENTATION_CONTEXT() REPRESENTATION_CONTEXT('2D SPACE',''
  ) );
#4008 = ADVANCED_FACE('',(#4009),#1877,.F.);
#4009 = FACE_BOUND('',#4010,.T.);
#4010 = EDGE_LOOP('',(#4011,#4031,#4032,#4033));
#4011 = ORIENTED_EDGE('',*,*,#4012,.F.);
#4012 = EDGE_CURVE('',#1833,#2803,#4013,.T.);
#4013 = SURFACE_CURVE('',#4014,(#4018,#4024),.PCURVE_S1.);
#4014 = LINE('',#4015,#4016);
#4015 = CARTESIAN_POINT('',(-9.8425,-25.4,8.763));
#4016 = VECTOR('',#4017,1.);
#4017 = DIRECTION('',(0.,1.,0.));
#4018 = PCURVE('',#1877,#4019);
#4019 = DEFINITIONAL_REPRESENTATION('',(#4020),#4023);
#4020 = B_SPLINE_CURVE_WITH_KNOTS('',1,(#4021,#4022),.UNSPECIFIED.,.F.,
  .F.,(2,2),(15.875,34.925),.PIECEWISE_BEZIER_KNOTS.);
#4021 = CARTESIAN_POINT('',(0.,15.875));
#4022 = CARTESIAN_POINT('',(0.,34.925));
#4023 = ( GEOMETRIC_REPRESENTATION_CONTEXT(2) 
PARAMETRIC_REPRESENTATION_CONTEXT() REPRESENTATION_CONTEXT('2D SPACE',''
  ) );
#4024 = PCURVE('',#1848,#4025);
#4025 = DEFINITIONAL_REPRESENTATION('',(#4026),#4030);
#4026 = LINE('',#4027,#4028);
#4027 = CARTESIAN_POINT('',(18.288,0.));
#4028 = VECTOR('',#4029,1.);
#4029 = DIRECTION('',(0.,-1.));
#4030 = ( GEOMETRIC_REPRESENTATION_CONTEXT(2) 
PARAMETRIC_REPRESENTATION_CONTEXT() REPRESENTATION_CONTEXT('2D SPACE',''
  ) );
#4031 = ORIENTED_EDGE('',*,*,#1860,.F.);
#4032 = ORIENTED_EDGE('',*,*,#3989,.T.);
#4033 = ORIENTED_EDGE('',*,*,#2825,.T.);
#4034 = ADVANCED_FACE('',(#4035),#1848,.F.);
#4035 = FACE_BOUND('',#4036,.F.);
#4036 = EDGE_LOOP('',(#4037,#4038,#4058,#4059));
#4037 = ORIENTED_EDGE('',*,*,#1832,.T.);
#4038 = ORIENTED_EDGE('',*,*,#4039,.T.);
#4039 = EDGE_CURVE('',#1805,#2780,#4040,.T.);
#4040 = SURFACE_CURVE('',#4041,(#4045,#4052),.PCURVE_S1.);
#4041 = LINE('',#4042,#4043);
#4042 = CARTESIAN_POINT('',(-9.8425,-25.4,-8.763));
#4043 = VECTOR('',#4044,1.);
#4044 = DIRECTION('',(0.,1.,0.));
#4045 = PCURVE('',#1848,#4046);
#4046 = DEFINITIONAL_REPRESENTATION('',(#4047),#4051);
#4047 = LINE('',#4048,#4049);
#4048 = CARTESIAN_POINT('',(0.762,0.));
#4049 = VECTOR('',#4050,1.);
#4050 = DIRECTION('',(0.,-1.));
#4051 = ( GEOMETRIC_REPRESENTATION_CONTEXT(2) 
PARAMETRIC_REPRESENTATION_CONTEXT() REPRESENTATION_CONTEXT('2D SPACE',''
  ) );
#4052 = PCURVE('',#1821,#4053);
#4053 = DEFINITIONAL_REPRESENTATION('',(#4054),#4057);
#4054 = B_SPLINE_CURVE_WITH_KNOTS('',1,(#4055,#4056),.UNSPECIFIED.,.F.,
  .F.,(2,2),(15.875,34.925),.PIECEWISE_BEZIER_KNOTS.);
#4055 = CARTESIAN_POINT('',(0.,15.875));
#4056 = CARTESIAN_POINT('',(0.,34.925));
#4057 = ( GEOMETRIC_REPRESENTATION_CONTEXT(2) 
PARAMETRIC_REPRESENTATION_CONTEXT() REPRESENTATION_CONTEXT('2D SPACE',''
  ) );
#4058 = ORIENTED_EDGE('',*,*,#2802,.F.);
#4059 = ORIENTED_EDGE('',*,*,#4012,.F.);
#4060 = ADVANCED_FACE('',(#4061),#1821,.F.);
#4061 = FACE_BOUND('',#4062,.F.);
#4062 = EDGE_LOOP('',(#4063,#4064,#4065,#4085));
#4063 = ORIENTED_EDGE('',*,*,#4039,.F.);
#4064 = ORIENTED_EDGE('',*,*,#1804,.T.);
#4065 = ORIENTED_EDGE('',*,*,#4066,.T.);
#4066 = EDGE_CURVE('',#1777,#2757,#4067,.T.);
#4067 = SURFACE_CURVE('',#4068,(#4072,#4078),.PCURVE_S1.);
#4068 = LINE('',#4069,#4070);
#4069 = CARTESIAN_POINT('',(-10.6045,-25.4,-9.525));
#4070 = VECTOR('',#4071,1.);
#4071 = DIRECTION('',(0.,1.,0.));
#4072 = PCURVE('',#1821,#4073);
#4073 = DEFINITIONAL_REPRESENTATION('',(#4074),#4077);
#4074 = B_SPLINE_CURVE_WITH_KNOTS('',1,(#4075,#4076),.UNSPECIFIED.,.F.,
  .F.,(2,2),(15.875,34.925),.PIECEWISE_BEZIER_KNOTS.);
#4075 = CARTESIAN_POINT('',(1.570796326795,15.875));
#4076 = CARTESIAN_POINT('',(1.570796326795,34.925));
#4077 = ( GEOMETRIC_REPRESENTATION_CONTEXT(2) 
PARAMETRIC_REPRESENTATION_CONTEXT() REPRESENTATION_CONTEXT('2D SPACE',''
  ) );
#4078 = PCURVE('',#1792,#4079);
#4079 = DEFINITIONAL_REPRESENTATION('',(#4080),#4084);
#4080 = LINE('',#4081,#4082);
#4081 = CARTESIAN_POINT('',(4.6355,0.));
#4082 = VECTOR('',#4083,1.);
#4083 = DIRECTION('',(0.,1.));
#4084 = ( GEOMETRIC_REPRESENTATION_CONTEXT(2) 
PARAMETRIC_REPRESENTATION_CONTEXT() REPRESENTATION_CONTEXT('2D SPACE',''
  ) );
#4085 = ORIENTED_EDGE('',*,*,#2779,.F.);
#4086 = ADVANCED_FACE('',(#4087),#1792,.T.);
#4087 = FACE_BOUND('',#4088,.T.);
#4088 = EDGE_LOOP('',(#4089,#4090,#4110,#4111));
#4089 = ORIENTED_EDGE('',*,*,#2756,.F.);
#4090 = ORIENTED_EDGE('',*,*,#4091,.F.);
#4091 = EDGE_CURVE('',#1749,#2734,#4092,.T.);
#4092 = SURFACE_CURVE('',#4093,(#4097,#4104),.PCURVE_S1.);
#4093 = LINE('',#4094,#4095);
#4094 = CARTESIAN_POINT('',(-14.478,-25.4,-9.525));
#4095 = VECTOR('',#4096,1.);
#4096 = DIRECTION('',(0.,1.,0.));
#4097 = PCURVE('',#1792,#4098);
#4098 = DEFINITIONAL_REPRESENTATION('',(#4099),#4103);
#4099 = LINE('',#4100,#4101);
#4100 = CARTESIAN_POINT('',(0.762,0.));
#4101 = VECTOR('',#4102,1.);
#4102 = DIRECTION('',(0.,1.));
#4103 = ( GEOMETRIC_REPRESENTATION_CONTEXT(2) 
PARAMETRIC_REPRESENTATION_CONTEXT() REPRESENTATION_CONTEXT('2D SPACE',''
  ) );
#4104 = PCURVE('',#1765,#4105);
#4105 = DEFINITIONAL_REPRESENTATION('',(#4106),#4109);
#4106 = B_SPLINE_CURVE_WITH_KNOTS('',1,(#4107,#4108),.UNSPECIFIED.,.F.,
  .F.,(2,2),(15.875,34.925),.PIECEWISE_BEZIER_KNOTS.);
#4107 = CARTESIAN_POINT('',(-1.570796326795,15.875));
#4108 = CARTESIAN_POINT('',(-1.570796326795,34.925));
#4109 = ( GEOMETRIC_REPRESENTATION_CONTEXT(2) 
PARAMETRIC_REPRESENTATION_CONTEXT() REPRESENTATION_CONTEXT('2D SPACE',''
  ) );
#4110 = ORIENTED_EDGE('',*,*,#1776,.T.);
#4111 = ORIENTED_EDGE('',*,*,#4066,.T.);
#4112 = ADVANCED_FACE('',(#4113),#1765,.F.);
#4113 = FACE_BOUND('',#4114,.T.);
#4114 = EDGE_LOOP('',(#4115,#4135,#4136,#4137));
#4115 = ORIENTED_EDGE('',*,*,#4116,.F.);
#4116 = EDGE_CURVE('',#1721,#2711,#4117,.T.);
#4117 = SURFACE_CURVE('',#4118,(#4122,#4128),.PCURVE_S1.);
#4118 = LINE('',#4119,#4120);
#4119 = CARTESIAN_POINT('',(-15.24,-25.4,-8.763));
#4120 = VECTOR('',#4121,1.);
#4121 = DIRECTION('',(0.,1.,0.));
#4122 = PCURVE('',#1765,#4123);
#4123 = DEFINITIONAL_REPRESENTATION('',(#4124),#4127);
#4124 = B_SPLINE_CURVE_WITH_KNOTS('',1,(#4125,#4126),.UNSPECIFIED.,.F.,
  .F.,(2,2),(15.875,34.925),.PIECEWISE_BEZIER_KNOTS.);
#4125 = CARTESIAN_POINT('',(0.,15.875));
#4126 = CARTESIAN_POINT('',(0.,34.925));
#4127 = ( GEOMETRIC_REPRESENTATION_CONTEXT(2) 
PARAMETRIC_REPRESENTATION_CONTEXT() REPRESENTATION_CONTEXT('2D SPACE',''
  ) );
#4128 = PCURVE('',#1736,#4129);
#4129 = DEFINITIONAL_REPRESENTATION('',(#4130),#4134);
#4130 = LINE('',#4131,#4132);
#4131 = CARTESIAN_POINT('',(0.762,0.));
#4132 = VECTOR('',#4133,1.);
#4133 = DIRECTION('',(0.,-1.));
#4134 = ( GEOMETRIC_REPRESENTATION_CONTEXT(2) 
PARAMETRIC_REPRESENTATION_CONTEXT() REPRESENTATION_CONTEXT('2D SPACE',''
  ) );
#4135 = ORIENTED_EDGE('',*,*,#1748,.F.);
#4136 = ORIENTED_EDGE('',*,*,#4091,.T.);
#4137 = ORIENTED_EDGE('',*,*,#2733,.T.);
#4138 = ADVANCED_FACE('',(#4139),#1736,.T.);
#4139 = FACE_BOUND('',#4140,.T.);
#4140 = EDGE_LOOP('',(#4141,#4162,#4163,#4164));
#4141 = ORIENTED_EDGE('',*,*,#4142,.F.);
#4142 = EDGE_CURVE('',#1693,#2688,#4143,.T.);
#4143 = SURFACE_CURVE('',#4144,(#4148,#4155),.PCURVE_S1.);
#4144 = LINE('',#4145,#4146);
#4145 = CARTESIAN_POINT('',(-15.24,-25.4,7.62));
#4146 = VECTOR('',#4147,1.);
#4147 = DIRECTION('',(0.,1.,0.));
#4148 = PCURVE('',#1736,#4149);
#4149 = DEFINITIONAL_REPRESENTATION('',(#4150),#4154);
#4150 = LINE('',#4151,#4152);
#4151 = CARTESIAN_POINT('',(17.145,0.));
#4152 = VECTOR('',#4153,1.);
#4153 = DIRECTION('',(0.,-1.));
#4154 = ( GEOMETRIC_REPRESENTATION_CONTEXT(2) 
PARAMETRIC_REPRESENTATION_CONTEXT() REPRESENTATION_CONTEXT('2D SPACE',''
  ) );
#4155 = PCURVE('',#1708,#4156);
#4156 = DEFINITIONAL_REPRESENTATION('',(#4157),#4161);
#4157 = LINE('',#4158,#4159);
#4158 = CARTESIAN_POINT('',(0.3048,0.));
#4159 = VECTOR('',#4160,1.);
#4160 = DIRECTION('',(0.,1.));
#4161 = ( GEOMETRIC_REPRESENTATION_CONTEXT(2) 
PARAMETRIC_REPRESENTATION_CONTEXT() REPRESENTATION_CONTEXT('2D SPACE',''
  ) );
#4162 = ORIENTED_EDGE('',*,*,#1720,.T.);
#4163 = ORIENTED_EDGE('',*,*,#4116,.T.);
#4164 = ORIENTED_EDGE('',*,*,#2710,.F.);
#4165 = ADVANCED_FACE('',(#4166),#1708,.T.);
#4166 = FACE_BOUND('',#4167,.T.);
#4167 = EDGE_LOOP('',(#4168,#4189,#4190,#4191));
#4168 = ORIENTED_EDGE('',*,*,#4169,.F.);
#4169 = EDGE_CURVE('',#1665,#2665,#4170,.T.);
#4170 = SURFACE_CURVE('',#4171,(#4175,#4182),.PCURVE_S1.);
#4171 = LINE('',#4172,#4173);
#4172 = CARTESIAN_POINT('',(-15.5448,-25.4,7.62));
#4173 = VECTOR('',#4174,1.);
#4174 = DIRECTION('',(0.,1.,0.));
#4175 = PCURVE('',#1708,#4176);
#4176 = DEFINITIONAL_REPRESENTATION('',(#4177),#4181);
#4177 = LINE('',#4178,#4179);
#4178 = CARTESIAN_POINT('',(0.,0.));
#4179 = VECTOR('',#4180,1.);
#4180 = DIRECTION('',(0.,1.));
#4181 = ( GEOMETRIC_REPRESENTATION_CONTEXT(2) 
PARAMETRIC_REPRESENTATION_CONTEXT() REPRESENTATION_CONTEXT('2D SPACE',''
  ) );
#4182 = PCURVE('',#1680,#4183);
#4183 = DEFINITIONAL_REPRESENTATION('',(#4184),#4188);
#4184 = LINE('',#4185,#4186);
#4185 = CARTESIAN_POINT('',(0.,0.));
#4186 = VECTOR('',#4187,1.);
#4187 = DIRECTION('',(0.,-1.));
#4188 = ( GEOMETRIC_REPRESENTATION_CONTEXT(2) 
PARAMETRIC_REPRESENTATION_CONTEXT() REPRESENTATION_CONTEXT('2D SPACE',''
  ) );
#4189 = ORIENTED_EDGE('',*,*,#1692,.T.);
#4190 = ORIENTED_EDGE('',*,*,#4142,.T.);
#4191 = ORIENTED_EDGE('',*,*,#2687,.F.);
#4192 = ADVANCED_FACE('',(#4193),#1680,.T.);
#4193 = FACE_BOUND('',#4194,.T.);
#4194 = EDGE_LOOP('',(#4195,#4196,#4197,#4198));
#4195 = ORIENTED_EDGE('',*,*,#1664,.T.);
#4196 = ORIENTED_EDGE('',*,*,#4169,.T.);
#4197 = ORIENTED_EDGE('',*,*,#2664,.F.);
#4198 = ORIENTED_EDGE('',*,*,#3430,.F.);
#4199 = ADVANCED_FACE('',(#4200),#2383,.F.);
#4200 = FACE_BOUND('',#4201,.F.);
#4201 = EDGE_LOOP('',(#4202,#4222,#4223,#4243));
#4202 = ORIENTED_EDGE('',*,*,#4203,.F.);
#4203 = EDGE_CURVE('',#2365,#3241,#4204,.T.);
#4204 = SURFACE_CURVE('',#4205,(#4209,#4215),.PCURVE_S1.);
#4205 = LINE('',#4206,#4207);
#4206 = CARTESIAN_POINT('',(-9.2075,-25.4,8.763));
#4207 = VECTOR('',#4208,1.);
#4208 = DIRECTION('',(0.,1.,0.));
#4209 = PCURVE('',#2383,#4210);
#4210 = DEFINITIONAL_REPRESENTATION('',(#4211),#4214);
#4211 = B_SPLINE_CURVE_WITH_KNOTS('',1,(#4212,#4213),.UNSPECIFIED.,.F.,
  .F.,(2,2),(15.875,34.925),.PIECEWISE_BEZIER_KNOTS.);
#4212 = CARTESIAN_POINT('',(0.,15.875));
#4213 = CARTESIAN_POINT('',(0.,34.925));
#4214 = ( GEOMETRIC_REPRESENTATION_CONTEXT(2) 
PARAMETRIC_REPRESENTATION_CONTEXT() REPRESENTATION_CONTEXT('2D SPACE',''
  ) );
#4215 = PCURVE('',#2410,#4216);
#4216 = DEFINITIONAL_REPRESENTATION('',(#4217),#4221);
#4217 = LINE('',#4218,#4219);
#4218 = CARTESIAN_POINT('',(18.288,0.));
#4219 = VECTOR('',#4220,1.);
#4220 = DIRECTION('',(0.,-1.));
#4221 = ( GEOMETRIC_REPRESENTATION_CONTEXT(2) 
PARAMETRIC_REPRESENTATION_CONTEXT() REPRESENTATION_CONTEXT('2D SPACE',''
  ) );
#4222 = ORIENTED_EDGE('',*,*,#2364,.T.);
#4223 = ORIENTED_EDGE('',*,*,#4224,.T.);
#4224 = EDGE_CURVE('',#2367,#3243,#4225,.T.);
#4225 = SURFACE_CURVE('',#4226,(#4230,#4236),.PCURVE_S1.);
#4226 = LINE('',#4227,#4228);
#4227 = CARTESIAN_POINT('',(-8.4455,-25.4,9.525));
#4228 = VECTOR('',#4229,1.);
#4229 = DIRECTION('',(0.,1.,0.));
#4230 = PCURVE('',#2383,#4231);
#4231 = DEFINITIONAL_REPRESENTATION('',(#4232),#4235);
#4232 = B_SPLINE_CURVE_WITH_KNOTS('',1,(#4233,#4234),.UNSPECIFIED.,.F.,
  .F.,(2,2),(15.875,34.925),.PIECEWISE_BEZIER_KNOTS.);
#4233 = CARTESIAN_POINT('',(1.570796326795,15.875));
#4234 = CARTESIAN_POINT('',(1.570796326795,34.925));
#4235 = ( GEOMETRIC_REPRESENTATION_CONTEXT(2) 
PARAMETRIC_REPRESENTATION_CONTEXT() REPRESENTATION_CONTEXT('2D SPACE',''
  ) );
#4236 = PCURVE('',#2576,#4237);
#4237 = DEFINITIONAL_REPRESENTATION('',(#4238),#4242);
#4238 = LINE('',#4239,#4240);
#4239 = CARTESIAN_POINT('',(0.762,0.));
#4240 = VECTOR('',#4241,1.);
#4241 = DIRECTION('',(0.,1.));
#4242 = ( GEOMETRIC_REPRESENTATION_CONTEXT(2) 
PARAMETRIC_REPRESENTATION_CONTEXT() REPRESENTATION_CONTEXT('2D SPACE',''
  ) );
#4243 = ORIENTED_EDGE('',*,*,#3240,.F.);
#4244 = ADVANCED_FACE('',(#4245),#2410,.T.);
#4245 = FACE_BOUND('',#4246,.T.);
#4246 = EDGE_LOOP('',(#4247,#4248,#4268,#4269));
#4247 = ORIENTED_EDGE('',*,*,#2394,.T.);
#4248 = ORIENTED_EDGE('',*,*,#4249,.T.);
#4249 = EDGE_CURVE('',#2395,#3266,#4250,.T.);
#4250 = SURFACE_CURVE('',#4251,(#4255,#4262),.PCURVE_S1.);
#4251 = LINE('',#4252,#4253);
#4252 = CARTESIAN_POINT('',(-9.2075,-25.4,-8.763));
#4253 = VECTOR('',#4254,1.);
#4254 = DIRECTION('',(0.,1.,0.));
#4255 = PCURVE('',#2410,#4256);
#4256 = DEFINITIONAL_REPRESENTATION('',(#4257),#4261);
#4257 = LINE('',#4258,#4259);
#4258 = CARTESIAN_POINT('',(0.762,0.));
#4259 = VECTOR('',#4260,1.);
#4260 = DIRECTION('',(0.,-1.));
#4261 = ( GEOMETRIC_REPRESENTATION_CONTEXT(2) 
PARAMETRIC_REPRESENTATION_CONTEXT() REPRESENTATION_CONTEXT('2D SPACE',''
  ) );
#4262 = PCURVE('',#2439,#4263);
#4263 = DEFINITIONAL_REPRESENTATION('',(#4264),#4267);
#4264 = B_SPLINE_CURVE_WITH_KNOTS('',1,(#4265,#4266),.UNSPECIFIED.,.F.,
  .F.,(2,2),(15.875,34.925),.PIECEWISE_BEZIER_KNOTS.);
#4265 = CARTESIAN_POINT('',(0.,15.875));
#4266 = CARTESIAN_POINT('',(0.,34.925));
#4267 = ( GEOMETRIC_REPRESENTATION_CONTEXT(2) 
PARAMETRIC_REPRESENTATION_CONTEXT() REPRESENTATION_CONTEXT('2D SPACE',''
  ) );
#4268 = ORIENTED_EDGE('',*,*,#3265,.F.);
#4269 = ORIENTED_EDGE('',*,*,#4203,.F.);
#4270 = ADVANCED_FACE('',(#4271),#2576,.F.);
#4271 = FACE_BOUND('',#4272,.F.);
#4272 = EDGE_LOOP('',(#4273,#4274,#4275,#4276));
#4273 = ORIENTED_EDGE('',*,*,#3403,.F.);
#4274 = ORIENTED_EDGE('',*,*,#4224,.F.);
#4275 = ORIENTED_EDGE('',*,*,#2562,.T.);
#4276 = ORIENTED_EDGE('',*,*,#4277,.T.);
#4277 = EDGE_CURVE('',#2535,#3381,#4278,.T.);
#4278 = SURFACE_CURVE('',#4279,(#4283,#4290),.PCURVE_S1.);
#4279 = LINE('',#4280,#4281);
#4280 = CARTESIAN_POINT('',(8.4455,-25.4,9.525));
#4281 = VECTOR('',#4282,1.);
#4282 = DIRECTION('',(0.,1.,0.));
#4283 = PCURVE('',#2576,#4284);
#4284 = DEFINITIONAL_REPRESENTATION('',(#4285),#4289);
#4285 = LINE('',#4286,#4287);
#4286 = CARTESIAN_POINT('',(17.653,0.));
#4287 = VECTOR('',#4288,1.);
#4288 = DIRECTION('',(0.,1.));
#4289 = ( GEOMETRIC_REPRESENTATION_CONTEXT(2) 
PARAMETRIC_REPRESENTATION_CONTEXT() REPRESENTATION_CONTEXT('2D SPACE',''
  ) );
#4290 = PCURVE('',#2551,#4291);
#4291 = DEFINITIONAL_REPRESENTATION('',(#4292),#4295);
#4292 = B_SPLINE_CURVE_WITH_KNOTS('',1,(#4293,#4294),.UNSPECIFIED.,.F.,
  .F.,(2,2),(15.875,34.925),.PIECEWISE_BEZIER_KNOTS.);
#4293 = CARTESIAN_POINT('',(-1.570796326795,15.875));
#4294 = CARTESIAN_POINT('',(-1.570796326795,34.925));
#4295 = ( GEOMETRIC_REPRESENTATION_CONTEXT(2) 
PARAMETRIC_REPRESENTATION_CONTEXT() REPRESENTATION_CONTEXT('2D SPACE',''
  ) );
#4296 = ADVANCED_FACE('',(#4297),#2439,.F.);
#4297 = FACE_BOUND('',#4298,.T.);
#4298 = EDGE_LOOP('',(#4299,#4300,#4301,#4321));
#4299 = ORIENTED_EDGE('',*,*,#4249,.F.);
#4300 = ORIENTED_EDGE('',*,*,#2422,.F.);
#4301 = ORIENTED_EDGE('',*,*,#4302,.T.);
#4302 = EDGE_CURVE('',#2423,#3289,#4303,.T.);
#4303 = SURFACE_CURVE('',#4304,(#4308,#4314),.PCURVE_S1.);
#4304 = LINE('',#4305,#4306);
#4305 = CARTESIAN_POINT('',(-8.4455,-25.4,-9.525));
#4306 = VECTOR('',#4307,1.);
#4307 = DIRECTION('',(0.,1.,0.));
#4308 = PCURVE('',#2439,#4309);
#4309 = DEFINITIONAL_REPRESENTATION('',(#4310),#4313);
#4310 = B_SPLINE_CURVE_WITH_KNOTS('',1,(#4311,#4312),.UNSPECIFIED.,.F.,
  .F.,(2,2),(15.875,34.925),.PIECEWISE_BEZIER_KNOTS.);
#4311 = CARTESIAN_POINT('',(-1.570796326795,15.875));
#4312 = CARTESIAN_POINT('',(-1.570796326795,34.925));
#4313 = ( GEOMETRIC_REPRESENTATION_CONTEXT(2) 
PARAMETRIC_REPRESENTATION_CONTEXT() REPRESENTATION_CONTEXT('2D SPACE',''
  ) );
#4314 = PCURVE('',#2466,#4315);
#4315 = DEFINITIONAL_REPRESENTATION('',(#4316),#4320);
#4316 = LINE('',#4317,#4318);
#4317 = CARTESIAN_POINT('',(0.762,0.));
#4318 = VECTOR('',#4319,1.);
#4319 = DIRECTION('',(0.,1.));
#4320 = ( GEOMETRIC_REPRESENTATION_CONTEXT(2) 
PARAMETRIC_REPRESENTATION_CONTEXT() REPRESENTATION_CONTEXT('2D SPACE',''
  ) );
#4321 = ORIENTED_EDGE('',*,*,#3288,.T.);
#4322 = ADVANCED_FACE('',(#4323),#2551,.F.);
#4323 = FACE_BOUND('',#4324,.T.);
#4324 = EDGE_LOOP('',(#4325,#4345,#4346,#4347));
#4325 = ORIENTED_EDGE('',*,*,#4326,.F.);
#4326 = EDGE_CURVE('',#2507,#3358,#4327,.T.);
#4327 = SURFACE_CURVE('',#4328,(#4332,#4338),.PCURVE_S1.);
#4328 = LINE('',#4329,#4330);
#4329 = CARTESIAN_POINT('',(9.2075,-25.4,8.763));
#4330 = VECTOR('',#4331,1.);
#4331 = DIRECTION('',(0.,1.,0.));
#4332 = PCURVE('',#2551,#4333);
#4333 = DEFINITIONAL_REPRESENTATION('',(#4334),#4337);
#4334 = B_SPLINE_CURVE_WITH_KNOTS('',1,(#4335,#4336),.UNSPECIFIED.,.F.,
  .F.,(2,2),(15.875,34.925),.PIECEWISE_BEZIER_KNOTS.);
#4335 = CARTESIAN_POINT('',(0.,15.875));
#4336 = CARTESIAN_POINT('',(0.,34.925));
#4337 = ( GEOMETRIC_REPRESENTATION_CONTEXT(2) 
PARAMETRIC_REPRESENTATION_CONTEXT() REPRESENTATION_CONTEXT('2D SPACE',''
  ) );
#4338 = PCURVE('',#2522,#4339);
#4339 = DEFINITIONAL_REPRESENTATION('',(#4340),#4344);
#4340 = LINE('',#4341,#4342);
#4341 = CARTESIAN_POINT('',(18.288,0.));
#4342 = VECTOR('',#4343,1.);
#4343 = DIRECTION('',(0.,-1.));
#4344 = ( GEOMETRIC_REPRESENTATION_CONTEXT(2) 
PARAMETRIC_REPRESENTATION_CONTEXT() REPRESENTATION_CONTEXT('2D SPACE',''
  ) );
#4345 = ORIENTED_EDGE('',*,*,#2534,.F.);
#4346 = ORIENTED_EDGE('',*,*,#4277,.T.);
#4347 = ORIENTED_EDGE('',*,*,#3380,.T.);
#4348 = ADVANCED_FACE('',(#4349),#2466,.T.);
#4349 = FACE_BOUND('',#4350,.T.);
#4350 = EDGE_LOOP('',(#4351,#4352,#4353,#4354));
#4351 = ORIENTED_EDGE('',*,*,#3311,.F.);
#4352 = ORIENTED_EDGE('',*,*,#4302,.F.);
#4353 = ORIENTED_EDGE('',*,*,#2450,.T.);
#4354 = ORIENTED_EDGE('',*,*,#4355,.T.);
#4355 = EDGE_CURVE('',#2451,#3312,#4356,.T.);
#4356 = SURFACE_CURVE('',#4357,(#4361,#4368),.PCURVE_S1.);
#4357 = LINE('',#4358,#4359);
#4358 = CARTESIAN_POINT('',(8.4455,-25.4,-9.525));
#4359 = VECTOR('',#4360,1.);
#4360 = DIRECTION('',(0.,1.,0.));
#4361 = PCURVE('',#2466,#4362);
#4362 = DEFINITIONAL_REPRESENTATION('',(#4363),#4367);
#4363 = LINE('',#4364,#4365);
#4364 = CARTESIAN_POINT('',(17.653,0.));
#4365 = VECTOR('',#4366,1.);
#4366 = DIRECTION('',(0.,1.));
#4367 = ( GEOMETRIC_REPRESENTATION_CONTEXT(2) 
PARAMETRIC_REPRESENTATION_CONTEXT() REPRESENTATION_CONTEXT('2D SPACE',''
  ) );
#4368 = PCURVE('',#2495,#4369);
#4369 = DEFINITIONAL_REPRESENTATION('',(#4370),#4373);
#4370 = B_SPLINE_CURVE_WITH_KNOTS('',1,(#4371,#4372),.UNSPECIFIED.,.F.,
  .F.,(2,2),(15.875,34.925),.PIECEWISE_BEZIER_KNOTS.);
#4371 = CARTESIAN_POINT('',(1.570796326795,15.875));
#4372 = CARTESIAN_POINT('',(1.570796326795,34.925));
#4373 = ( GEOMETRIC_REPRESENTATION_CONTEXT(2) 
PARAMETRIC_REPRESENTATION_CONTEXT() REPRESENTATION_CONTEXT('2D SPACE',''
  ) );
#4374 = ADVANCED_FACE('',(#4375),#2522,.F.);
#4375 = FACE_BOUND('',#4376,.F.);
#4376 = EDGE_LOOP('',(#4377,#4378,#4398,#4399));
#4377 = ORIENTED_EDGE('',*,*,#2506,.T.);
#4378 = ORIENTED_EDGE('',*,*,#4379,.T.);
#4379 = EDGE_CURVE('',#2479,#3335,#4380,.T.);
#4380 = SURFACE_CURVE('',#4381,(#4385,#4392),.PCURVE_S1.);
#4381 = LINE('',#4382,#4383);
#4382 = CARTESIAN_POINT('',(9.2075,-25.4,-8.763));
#4383 = VECTOR('',#4384,1.);
#4384 = DIRECTION('',(0.,1.,0.));
#4385 = PCURVE('',#2522,#4386);
#4386 = DEFINITIONAL_REPRESENTATION('',(#4387),#4391);
#4387 = LINE('',#4388,#4389);
#4388 = CARTESIAN_POINT('',(0.762,0.));
#4389 = VECTOR('',#4390,1.);
#4390 = DIRECTION('',(0.,-1.));
#4391 = ( GEOMETRIC_REPRESENTATION_CONTEXT(2) 
PARAMETRIC_REPRESENTATION_CONTEXT() REPRESENTATION_CONTEXT('2D SPACE',''
  ) );
#4392 = PCURVE('',#2495,#4393);
#4393 = DEFINITIONAL_REPRESENTATION('',(#4394),#4397);
#4394 = B_SPLINE_CURVE_WITH_KNOTS('',1,(#4395,#4396),.UNSPECIFIED.,.F.,
  .F.,(2,2),(15.875,34.925),.PIECEWISE_BEZIER_KNOTS.);
#4395 = CARTESIAN_POINT('',(0.,15.875));
#4396 = CARTESIAN_POINT('',(0.,34.925));
#4397 = ( GEOMETRIC_REPRESENTATION_CONTEXT(2) 
PARAMETRIC_REPRESENTATION_CONTEXT() REPRESENTATION_CONTEXT('2D SPACE',''
  ) );
#4398 = ORIENTED_EDGE('',*,*,#3357,.F.);
#4399 = ORIENTED_EDGE('',*,*,#4326,.F.);
#4400 = ADVANCED_FACE('',(#4401),#2495,.F.);
#4401 = FACE_BOUND('',#4402,.F.);
#4402 = EDGE_LOOP('',(#4403,#4404,#4405,#4406));
#4403 = ORIENTED_EDGE('',*,*,#4379,.F.);
#4404 = ORIENTED_EDGE('',*,*,#2478,.T.);
#4405 = ORIENTED_EDGE('',*,*,#4355,.T.);
#4406 = ORIENTED_EDGE('',*,*,#3334,.F.);
#4407 = ADVANCED_FACE('',(#4408),#3814,.F.);
#4408 = FACE_BOUND('',#4409,.T.);
#4409 = EDGE_LOOP('',(#4410,#4442,#4469,#4499));
#4410 = ORIENTED_EDGE('',*,*,#4411,.T.);
#4411 = EDGE_CURVE('',#3797,#4412,#4414,.T.);
#4412 = VERTEX_POINT('',#4413);
#4413 = CARTESIAN_POINT('',(24.384,-2.794,-6.477));
#4414 = SURFACE_CURVE('',#4415,(#4420,#4431),.PCURVE_S1.);
#4415 = ELLIPSE('',#4416,2.155261469057,1.524);
#4416 = AXIS2_PLACEMENT_3D('',#4417,#4418,#4419);
#4417 = CARTESIAN_POINT('',(24.384,-4.318,-8.001));
#4418 = DIRECTION('',(0.,0.707106781187,-0.707106781187));
#4419 = DIRECTION('',(0.,0.707106781187,0.707106781187));
#4420 = PCURVE('',#3814,#4421);
#4421 = DEFINITIONAL_REPRESENTATION('',(#4422),#4430);
#4422 = B_SPLINE_CURVE_WITH_KNOTS('',6,(#4423,#4424,#4425,#4426,#4427,
    #4428,#4429),.UNSPECIFIED.,.F.,.F.,(7,7),(4.712388980385,
    6.28318530718),.PIECEWISE_BEZIER_KNOTS.);
#4423 = CARTESIAN_POINT('',(-9.251858538543E-16,42.799));
#4424 = CARTESIAN_POINT('',(-0.261799387799,43.197982267006));
#4425 = CARTESIAN_POINT('',(-0.523598775598,43.596934058034));
#4426 = CARTESIAN_POINT('',(-0.785398163397,43.94686097871));
#4427 = CARTESIAN_POINT('',(-1.047197551197,44.197682421945));
#4428 = CARTESIAN_POINT('',(-1.308996938996,44.323));
#4429 = CARTESIAN_POINT('',(-1.570796326795,44.323));
#4430 = ( GEOMETRIC_REPRESENTATION_CONTEXT(2) 
PARAMETRIC_REPRESENTATION_CONTEXT() REPRESENTATION_CONTEXT('2D SPACE',''
  ) );
#4431 = PCURVE('',#3893,#4432);
#4432 = DEFINITIONAL_REPRESENTATION('',(#4433),#4441);
#4433 = B_SPLINE_CURVE_WITH_KNOTS('',6,(#4434,#4435,#4436,#4437,#4438,
    #4439,#4440),.UNSPECIFIED.,.F.,.F.,(7,7),(4.712388980385,
    6.28318530718),.PIECEWISE_BEZIER_KNOTS.);
#4434 = CARTESIAN_POINT('',(0.,21.082));
#4435 = CARTESIAN_POINT('',(0.261799387799,21.480982267006));
#4436 = CARTESIAN_POINT('',(0.523598775598,21.879934058032));
#4437 = CARTESIAN_POINT('',(0.785398163397,22.229860978715));
#4438 = CARTESIAN_POINT('',(1.047197551197,22.480682421944));
#4439 = CARTESIAN_POINT('',(1.308996938996,22.606));
#4440 = CARTESIAN_POINT('',(1.570796326795,22.606));
#4441 = ( GEOMETRIC_REPRESENTATION_CONTEXT(2) 
PARAMETRIC_REPRESENTATION_CONTEXT() REPRESENTATION_CONTEXT('2D SPACE',''
  ) );
#4442 = ORIENTED_EDGE('',*,*,#4443,.T.);
#4443 = EDGE_CURVE('',#4412,#4444,#4446,.T.);
#4444 = VERTEX_POINT('',#4445);
#4445 = CARTESIAN_POINT('',(24.384,-2.794,6.477));
#4446 = SURFACE_CURVE('',#4447,(#4451,#4457),.PCURVE_S1.);
#4447 = LINE('',#4448,#4449);
#4448 = CARTESIAN_POINT('',(24.384,-2.794,-50.8));
#4449 = VECTOR('',#4450,1.);
#4450 = DIRECTION('',(0.,0.,1.));
#4451 = PCURVE('',#3814,#4452);
#4452 = DEFINITIONAL_REPRESENTATION('',(#4453),#4456);
#4453 = B_SPLINE_CURVE_WITH_KNOTS('',1,(#4454,#4455),.UNSPECIFIED.,.F.,
  .F.,(2,2),(44.323,57.277),.PIECEWISE_BEZIER_KNOTS.);
#4454 = CARTESIAN_POINT('',(-1.570796326795,44.323));
#4455 = CARTESIAN_POINT('',(-1.570796326795,57.277));
#4456 = ( GEOMETRIC_REPRESENTATION_CONTEXT(2) 
PARAMETRIC_REPRESENTATION_CONTEXT() REPRESENTATION_CONTEXT('2D SPACE',''
  ) );
#4457 = PCURVE('',#4458,#4463);
#4458 = PLANE('',#4459);
#4459 = AXIS2_PLACEMENT_3D('',#4460,#4461,#4462);
#4460 = CARTESIAN_POINT('',(22.86,-2.794,-50.8));
#4461 = DIRECTION('',(0.,1.,0.));
#4462 = DIRECTION('',(0.,0.,1.));
#4463 = DEFINITIONAL_REPRESENTATION('',(#4464),#4468);
#4464 = LINE('',#4465,#4466);
#4465 = CARTESIAN_POINT('',(0.,1.524));
#4466 = VECTOR('',#4467,1.);
#4467 = DIRECTION('',(1.,0.));
#4468 = ( GEOMETRIC_REPRESENTATION_CONTEXT(2) 
PARAMETRIC_REPRESENTATION_CONTEXT() REPRESENTATION_CONTEXT('2D SPACE',''
  ) );
#4469 = ORIENTED_EDGE('',*,*,#4470,.T.);
#4470 = EDGE_CURVE('',#4444,#3799,#4471,.T.);
#4471 = SURFACE_CURVE('',#4472,(#4477,#4488),.PCURVE_S1.);
#4472 = ELLIPSE('',#4473,2.155261469057,1.524);
#4473 = AXIS2_PLACEMENT_3D('',#4474,#4475,#4476);
#4474 = CARTESIAN_POINT('',(24.384,-4.318,8.001));
#4475 = DIRECTION('',(0.,0.707106781187,0.707106781187));
#4476 = DIRECTION('',(0.,0.707106781187,-0.707106781187));
#4477 = PCURVE('',#3814,#4478);
#4478 = DEFINITIONAL_REPRESENTATION('',(#4479),#4487);
#4479 = B_SPLINE_CURVE_WITH_KNOTS('',6,(#4480,#4481,#4482,#4483,#4484,
    #4485,#4486),.UNSPECIFIED.,.F.,.F.,(7,7),(0.,1.570796326795),
  .PIECEWISE_BEZIER_KNOTS.);
#4480 = CARTESIAN_POINT('',(-1.570796326795,57.277));
#4481 = CARTESIAN_POINT('',(-1.308996938996,57.277));
#4482 = CARTESIAN_POINT('',(-1.047197551197,57.402317578057));
#4483 = CARTESIAN_POINT('',(-0.785398163397,57.653139021282));
#4484 = CARTESIAN_POINT('',(-0.523598775598,58.003065941968));
#4485 = CARTESIAN_POINT('',(-0.261799387799,58.402017732994));
#4486 = CARTESIAN_POINT('',(-9.251858538543E-16,58.801));
#4487 = ( GEOMETRIC_REPRESENTATION_CONTEXT(2) 
PARAMETRIC_REPRESENTATION_CONTEXT() REPRESENTATION_CONTEXT('2D SPACE',''
  ) );
#4488 = PCURVE('',#3841,#4489);
#4489 = DEFINITIONAL_REPRESENTATION('',(#4490),#4498);
#4490 = B_SPLINE_CURVE_WITH_KNOTS('',6,(#4491,#4492,#4493,#4494,#4495,
    #4496,#4497),.UNSPECIFIED.,.F.,.F.,(7,7),(0.,1.570796326795),
  .PIECEWISE_BEZIER_KNOTS.);
#4491 = CARTESIAN_POINT('',(-1.570796326795,22.606));
#4492 = CARTESIAN_POINT('',(-1.308996938996,22.606));
#4493 = CARTESIAN_POINT('',(-1.047197551197,22.480682421945));
#4494 = CARTESIAN_POINT('',(-0.785398163397,22.229860978713));
#4495 = CARTESIAN_POINT('',(-0.523598775598,21.879934058033));
#4496 = CARTESIAN_POINT('',(-0.261799387799,21.480982267006));
#4497 = CARTESIAN_POINT('',(0.,21.082));
#4498 = ( GEOMETRIC_REPRESENTATION_CONTEXT(2) 
PARAMETRIC_REPRESENTATION_CONTEXT() REPRESENTATION_CONTEXT('2D SPACE',''
  ) );
#4499 = ORIENTED_EDGE('',*,*,#3796,.F.);
#4500 = ADVANCED_FACE('',(#4501),#3841,.F.);
#4501 = FACE_BOUND('',#4502,.T.);
#4502 = EDGE_LOOP('',(#4503,#4504,#4505,#4532));
#4503 = ORIENTED_EDGE('',*,*,#3825,.F.);
#4504 = ORIENTED_EDGE('',*,*,#4470,.F.);
#4505 = ORIENTED_EDGE('',*,*,#4506,.T.);
#4506 = EDGE_CURVE('',#4444,#4507,#4509,.T.);
#4507 = VERTEX_POINT('',#4508);
#4508 = CARTESIAN_POINT('',(24.384,2.794,6.477));
#4509 = SURFACE_CURVE('',#4510,(#4514,#4520),.PCURVE_S1.);
#4510 = LINE('',#4511,#4512);
#4511 = CARTESIAN_POINT('',(24.384,-25.4,6.477));
#4512 = VECTOR('',#4513,1.);
#4513 = DIRECTION('',(0.,1.,0.));
#4514 = PCURVE('',#3841,#4515);
#4515 = DEFINITIONAL_REPRESENTATION('',(#4516),#4519);
#4516 = B_SPLINE_CURVE_WITH_KNOTS('',1,(#4517,#4518),.UNSPECIFIED.,.F.,
  .F.,(2,2),(22.606,28.194),.PIECEWISE_BEZIER_KNOTS.);
#4517 = CARTESIAN_POINT('',(-1.570796326795,22.606));
#4518 = CARTESIAN_POINT('',(-1.570796326795,28.194));
#4519 = ( GEOMETRIC_REPRESENTATION_CONTEXT(2) 
PARAMETRIC_REPRESENTATION_CONTEXT() REPRESENTATION_CONTEXT('2D SPACE',''
  ) );
#4520 = PCURVE('',#4521,#4526);
#4521 = PLANE('',#4522);
#4522 = AXIS2_PLACEMENT_3D('',#4523,#4524,#4525);
#4523 = CARTESIAN_POINT('',(22.86,-25.4,6.477));
#4524 = DIRECTION('',(0.,0.,1.));
#4525 = DIRECTION('',(1.,0.,0.));
#4526 = DEFINITIONAL_REPRESENTATION('',(#4527),#4531);
#4527 = LINE('',#4528,#4529);
#4528 = CARTESIAN_POINT('',(1.524,0.));
#4529 = VECTOR('',#4530,1.);
#4530 = DIRECTION('',(0.,1.));
#4531 = ( GEOMETRIC_REPRESENTATION_CONTEXT(2) 
PARAMETRIC_REPRESENTATION_CONTEXT() REPRESENTATION_CONTEXT('2D SPACE',''
  ) );
#4532 = ORIENTED_EDGE('',*,*,#4533,.T.);
#4533 = EDGE_CURVE('',#4507,#3826,#4534,.T.);
#4534 = SURFACE_CURVE('',#4535,(#4540,#4551),.PCURVE_S1.);
#4535 = ELLIPSE('',#4536,2.155261469057,1.524);
#4536 = AXIS2_PLACEMENT_3D('',#4537,#4538,#4539);
#4537 = CARTESIAN_POINT('',(24.384,4.318,8.001));
#4538 = DIRECTION('',(0.,0.707106781187,-0.707106781187));
#4539 = DIRECTION('',(0.,0.707106781187,0.707106781187));
#4540 = PCURVE('',#3841,#4541);
#4541 = DEFINITIONAL_REPRESENTATION('',(#4542),#4550);
#4542 = B_SPLINE_CURVE_WITH_KNOTS('',6,(#4543,#4544,#4545,#4546,#4547,
    #4548,#4549),.UNSPECIFIED.,.F.,.F.,(7,7),(3.14159265359,
    4.712388980385),.PIECEWISE_BEZIER_KNOTS.);
#4543 = CARTESIAN_POINT('',(-1.570796326795,28.194));
#4544 = CARTESIAN_POINT('',(-1.308996938996,28.194));
#4545 = CARTESIAN_POINT('',(-1.047197551197,28.319317578056));
#4546 = CARTESIAN_POINT('',(-0.785398163397,28.570139021284));
#4547 = CARTESIAN_POINT('',(-0.523598775598,28.920065941968));
#4548 = CARTESIAN_POINT('',(-0.261799387799,29.319017732994));
#4549 = CARTESIAN_POINT('',(0.,29.718));
#4550 = ( GEOMETRIC_REPRESENTATION_CONTEXT(2) 
PARAMETRIC_REPRESENTATION_CONTEXT() REPRESENTATION_CONTEXT('2D SPACE',''
  ) );
#4551 = PCURVE('',#3868,#4552);
#4552 = DEFINITIONAL_REPRESENTATION('',(#4553),#4561);
#4553 = B_SPLINE_CURVE_WITH_KNOTS('',6,(#4554,#4555,#4556,#4557,#4558,
    #4559,#4560),.UNSPECIFIED.,.F.,.F.,(7,7),(3.14159265359,
    4.712388980385),.PIECEWISE_BEZIER_KNOTS.);
#4554 = CARTESIAN_POINT('',(1.570796326795,57.277));
#4555 = CARTESIAN_POINT('',(1.308996938996,57.277));
#4556 = CARTESIAN_POINT('',(1.047197551197,57.402317578057));
#4557 = CARTESIAN_POINT('',(0.785398163397,57.653139021282));
#4558 = CARTESIAN_POINT('',(0.523598775598,58.003065941968));
#4559 = CARTESIAN_POINT('',(0.261799387799,58.402017732994));
#4560 = CARTESIAN_POINT('',(9.251858538543E-16,58.801));
#4561 = ( GEOMETRIC_REPRESENTATION_CONTEXT(2) 
PARAMETRIC_REPRESENTATION_CONTEXT() REPRESENTATION_CONTEXT('2D SPACE',''
  ) );
#4562 = ADVANCED_FACE('',(#4563),#3868,.F.);
#4563 = FACE_BOUND('',#4564,.F.);
#4564 = EDGE_LOOP('',(#4565,#4597,#4622,#4623));
#4565 = ORIENTED_EDGE('',*,*,#4566,.T.);
#4566 = EDGE_CURVE('',#3853,#4567,#4569,.T.);
#4567 = VERTEX_POINT('',#4568);
#4568 = CARTESIAN_POINT('',(24.384,2.794,-6.477));
#4569 = SURFACE_CURVE('',#4570,(#4575,#4586),.PCURVE_S1.);
#4570 = ELLIPSE('',#4571,2.155261469057,1.524);
#4571 = AXIS2_PLACEMENT_3D('',#4572,#4573,#4574);
#4572 = CARTESIAN_POINT('',(24.384,4.318,-8.001));
#4573 = DIRECTION('',(0.,0.707106781187,0.707106781187));
#4574 = DIRECTION('',(0.,0.707106781187,-0.707106781187));
#4575 = PCURVE('',#3868,#4576);
#4576 = DEFINITIONAL_REPRESENTATION('',(#4577),#4585);
#4577 = B_SPLINE_CURVE_WITH_KNOTS('',6,(#4578,#4579,#4580,#4581,#4582,
    #4583,#4584),.UNSPECIFIED.,.F.,.F.,(7,7),(1.570796326795,
    3.14159265359),.PIECEWISE_BEZIER_KNOTS.);
#4578 = CARTESIAN_POINT('',(9.251858538543E-16,42.799));
#4579 = CARTESIAN_POINT('',(0.261799387799,43.197982267006));
#4580 = CARTESIAN_POINT('',(0.523598775598,43.596934058034));
#4581 = CARTESIAN_POINT('',(0.785398163397,43.94686097871));
#4582 = CARTESIAN_POINT('',(1.047197551197,44.197682421945));
#4583 = CARTESIAN_POINT('',(1.308996938996,44.323));
#4584 = CARTESIAN_POINT('',(1.570796326795,44.323));
#4585 = ( GEOMETRIC_REPRESENTATION_CONTEXT(2) 
PARAMETRIC_REPRESENTATION_CONTEXT() REPRESENTATION_CONTEXT('2D SPACE',''
  ) );
#4586 = PCURVE('',#3893,#4587);
#4587 = DEFINITIONAL_REPRESENTATION('',(#4588),#4596);
#4588 = B_SPLINE_CURVE_WITH_KNOTS('',6,(#4589,#4590,#4591,#4592,#4593,
    #4594,#4595),.UNSPECIFIED.,.F.,.F.,(7,7),(1.570796326795,
    3.14159265359),.PIECEWISE_BEZIER_KNOTS.);
#4589 = CARTESIAN_POINT('',(0.,29.718));
#4590 = CARTESIAN_POINT('',(0.261799387799,29.319017732994));
#4591 = CARTESIAN_POINT('',(0.523598775598,28.920065941967));
#4592 = CARTESIAN_POINT('',(0.785398163397,28.570139021285));
#4593 = CARTESIAN_POINT('',(1.047197551197,28.319317578055));
#4594 = CARTESIAN_POINT('',(1.308996938996,28.194));
#4595 = CARTESIAN_POINT('',(1.570796326795,28.194));
#4596 = ( GEOMETRIC_REPRESENTATION_CONTEXT(2) 
PARAMETRIC_REPRESENTATION_CONTEXT() REPRESENTATION_CONTEXT('2D SPACE',''
  ) );
#4597 = ORIENTED_EDGE('',*,*,#4598,.T.);
#4598 = EDGE_CURVE('',#4567,#4507,#4599,.T.);
#4599 = SURFACE_CURVE('',#4600,(#4604,#4610),.PCURVE_S1.);
#4600 = LINE('',#4601,#4602);
#4601 = CARTESIAN_POINT('',(24.384,2.794,-50.8));
#4602 = VECTOR('',#4603,1.);
#4603 = DIRECTION('',(0.,0.,1.));
#4604 = PCURVE('',#3868,#4605);
#4605 = DEFINITIONAL_REPRESENTATION('',(#4606),#4609);
#4606 = B_SPLINE_CURVE_WITH_KNOTS('',1,(#4607,#4608),.UNSPECIFIED.,.F.,
  .F.,(2,2),(44.323,57.277),.PIECEWISE_BEZIER_KNOTS.);
#4607 = CARTESIAN_POINT('',(1.570796326795,44.323));
#4608 = CARTESIAN_POINT('',(1.570796326795,57.277));
#4609 = ( GEOMETRIC_REPRESENTATION_CONTEXT(2) 
PARAMETRIC_REPRESENTATION_CONTEXT() REPRESENTATION_CONTEXT('2D SPACE',''
  ) );
#4610 = PCURVE('',#4611,#4616);
#4611 = PLANE('',#4612);
#4612 = AXIS2_PLACEMENT_3D('',#4613,#4614,#4615);
#4613 = CARTESIAN_POINT('',(22.86,2.794,-50.8));
#4614 = DIRECTION('',(0.,1.,0.));
#4615 = DIRECTION('',(0.,0.,1.));
#4616 = DEFINITIONAL_REPRESENTATION('',(#4617),#4621);
#4617 = LINE('',#4618,#4619);
#4618 = CARTESIAN_POINT('',(0.,1.524));
#4619 = VECTOR('',#4620,1.);
#4620 = DIRECTION('',(1.,0.));
#4621 = ( GEOMETRIC_REPRESENTATION_CONTEXT(2) 
PARAMETRIC_REPRESENTATION_CONTEXT() REPRESENTATION_CONTEXT('2D SPACE',''
  ) );
#4622 = ORIENTED_EDGE('',*,*,#4533,.T.);
#4623 = ORIENTED_EDGE('',*,*,#3852,.F.);
#4624 = ADVANCED_FACE('',(#4625),#3893,.F.);
#4625 = FACE_BOUND('',#4626,.F.);
#4626 = EDGE_LOOP('',(#4627,#4628,#4629,#4654));
#4627 = ORIENTED_EDGE('',*,*,#3879,.F.);
#4628 = ORIENTED_EDGE('',*,*,#4411,.T.);
#4629 = ORIENTED_EDGE('',*,*,#4630,.T.);
#4630 = EDGE_CURVE('',#4412,#4567,#4631,.T.);
#4631 = SURFACE_CURVE('',#4632,(#4636,#4642),.PCURVE_S1.);
#4632 = LINE('',#4633,#4634);
#4633 = CARTESIAN_POINT('',(24.384,-25.4,-6.477));
#4634 = VECTOR('',#4635,1.);
#4635 = DIRECTION('',(0.,1.,0.));
#4636 = PCURVE('',#3893,#4637);
#4637 = DEFINITIONAL_REPRESENTATION('',(#4638),#4641);
#4638 = B_SPLINE_CURVE_WITH_KNOTS('',1,(#4639,#4640),.UNSPECIFIED.,.F.,
  .F.,(2,2),(22.606,28.194),.PIECEWISE_BEZIER_KNOTS.);
#4639 = CARTESIAN_POINT('',(1.570796326795,22.606));
#4640 = CARTESIAN_POINT('',(1.570796326795,28.194));
#4641 = ( GEOMETRIC_REPRESENTATION_CONTEXT(2) 
PARAMETRIC_REPRESENTATION_CONTEXT() REPRESENTATION_CONTEXT('2D SPACE',''
  ) );
#4642 = PCURVE('',#4643,#4648);
#4643 = PLANE('',#4644);
#4644 = AXIS2_PLACEMENT_3D('',#4645,#4646,#4647);
#4645 = CARTESIAN_POINT('',(22.86,-25.4,-6.477));
#4646 = DIRECTION('',(0.,0.,1.));
#4647 = DIRECTION('',(1.,0.,0.));
#4648 = DEFINITIONAL_REPRESENTATION('',(#4649),#4653);
#4649 = LINE('',#4650,#4651);
#4650 = CARTESIAN_POINT('',(1.524,0.));
#4651 = VECTOR('',#4652,1.);
#4652 = DIRECTION('',(0.,1.));
#4653 = ( GEOMETRIC_REPRESENTATION_CONTEXT(2) 
PARAMETRIC_REPRESENTATION_CONTEXT() REPRESENTATION_CONTEXT('2D SPACE',''
  ) );
#4654 = ORIENTED_EDGE('',*,*,#4566,.F.);
#4655 = ADVANCED_FACE('',(#4656),#4458,.F.);
#4656 = FACE_BOUND('',#4657,.F.);
#4657 = EDGE_LOOP('',(#4658,#4681,#4682,#4705));
#4658 = ORIENTED_EDGE('',*,*,#4659,.T.);
#4659 = EDGE_CURVE('',#4660,#4412,#4662,.T.);
#4660 = VERTEX_POINT('',#4661);
#4661 = CARTESIAN_POINT('',(44.196,-2.794,-6.477));
#4662 = SURFACE_CURVE('',#4663,(#4667,#4674),.PCURVE_S1.);
#4663 = LINE('',#4664,#4665);
#4664 = CARTESIAN_POINT('',(22.86,-2.794,-6.477));
#4665 = VECTOR('',#4666,1.);
#4666 = DIRECTION('',(-1.,0.,0.));
#4667 = PCURVE('',#4458,#4668);
#4668 = DEFINITIONAL_REPRESENTATION('',(#4669),#4673);
#4669 = LINE('',#4670,#4671);
#4670 = CARTESIAN_POINT('',(44.323,0.));
#4671 = VECTOR('',#4672,1.);
#4672 = DIRECTION('',(0.,-1.));
#4673 = ( GEOMETRIC_REPRESENTATION_CONTEXT(2) 
PARAMETRIC_REPRESENTATION_CONTEXT() REPRESENTATION_CONTEXT('2D SPACE',''
  ) );
#4674 = PCURVE('',#4643,#4675);
#4675 = DEFINITIONAL_REPRESENTATION('',(#4676),#4680);
#4676 = LINE('',#4677,#4678);
#4677 = CARTESIAN_POINT('',(0.,22.606));
#4678 = VECTOR('',#4679,1.);
#4679 = DIRECTION('',(-1.,0.));
#4680 = ( GEOMETRIC_REPRESENTATION_CONTEXT(2) 
PARAMETRIC_REPRESENTATION_CONTEXT() REPRESENTATION_CONTEXT('2D SPACE',''
  ) );
#4681 = ORIENTED_EDGE('',*,*,#4443,.T.);
#4682 = ORIENTED_EDGE('',*,*,#4683,.F.);
#4683 = EDGE_CURVE('',#4684,#4444,#4686,.T.);
#4684 = VERTEX_POINT('',#4685);
#4685 = CARTESIAN_POINT('',(44.196,-2.794,6.477));
#4686 = SURFACE_CURVE('',#4687,(#4691,#4698),.PCURVE_S1.);
#4687 = LINE('',#4688,#4689);
#4688 = CARTESIAN_POINT('',(22.86,-2.794,6.477));
#4689 = VECTOR('',#4690,1.);
#4690 = DIRECTION('',(-1.,0.,0.));
#4691 = PCURVE('',#4458,#4692);
#4692 = DEFINITIONAL_REPRESENTATION('',(#4693),#4697);
#4693 = LINE('',#4694,#4695);
#4694 = CARTESIAN_POINT('',(57.277,0.));
#4695 = VECTOR('',#4696,1.);
#4696 = DIRECTION('',(0.,-1.));
#4697 = ( GEOMETRIC_REPRESENTATION_CONTEXT(2) 
PARAMETRIC_REPRESENTATION_CONTEXT() REPRESENTATION_CONTEXT('2D SPACE',''
  ) );
#4698 = PCURVE('',#4521,#4699);
#4699 = DEFINITIONAL_REPRESENTATION('',(#4700),#4704);
#4700 = LINE('',#4701,#4702);
#4701 = CARTESIAN_POINT('',(0.,22.606));
#4702 = VECTOR('',#4703,1.);
#4703 = DIRECTION('',(-1.,0.));
#4704 = ( GEOMETRIC_REPRESENTATION_CONTEXT(2) 
PARAMETRIC_REPRESENTATION_CONTEXT() REPRESENTATION_CONTEXT('2D SPACE',''
  ) );
#4705 = ORIENTED_EDGE('',*,*,#4706,.F.);
#4706 = EDGE_CURVE('',#4660,#4684,#4707,.T.);
#4707 = SURFACE_CURVE('',#4708,(#4712,#4719),.PCURVE_S1.);
#4708 = LINE('',#4709,#4710);
#4709 = CARTESIAN_POINT('',(44.196,-2.794,-50.8));
#4710 = VECTOR('',#4711,1.);
#4711 = DIRECTION('',(0.,0.,1.));
#4712 = PCURVE('',#4458,#4713);
#4713 = DEFINITIONAL_REPRESENTATION('',(#4714),#4718);
#4714 = LINE('',#4715,#4716);
#4715 = CARTESIAN_POINT('',(0.,21.336));
#4716 = VECTOR('',#4717,1.);
#4717 = DIRECTION('',(1.,0.));
#4718 = ( GEOMETRIC_REPRESENTATION_CONTEXT(2) 
PARAMETRIC_REPRESENTATION_CONTEXT() REPRESENTATION_CONTEXT('2D SPACE',''
  ) );
#4719 = PCURVE('',#4720,#4725);
#4720 = CYLINDRICAL_SURFACE('',#4721,1.524);
#4721 = AXIS2_PLACEMENT_3D('',#4722,#4723,#4724);
#4722 = CARTESIAN_POINT('',(44.196,-4.318,-50.8));
#4723 = DIRECTION('',(0.,0.,1.));
#4724 = DIRECTION('',(1.,0.,-0.));
#4725 = DEFINITIONAL_REPRESENTATION('',(#4726),#4729);
#4726 = B_SPLINE_CURVE_WITH_KNOTS('',1,(#4727,#4728),.UNSPECIFIED.,.F.,
  .F.,(2,2),(44.323,57.277),.PIECEWISE_BEZIER_KNOTS.);
#4727 = CARTESIAN_POINT('',(1.570796326795,44.323));
#4728 = CARTESIAN_POINT('',(1.570796326795,57.277));
#4729 = ( GEOMETRIC_REPRESENTATION_CONTEXT(2) 
PARAMETRIC_REPRESENTATION_CONTEXT() REPRESENTATION_CONTEXT('2D SPACE',''
  ) );
#4730 = ADVANCED_FACE('',(#4731),#4521,.T.);
#4731 = FACE_BOUND('',#4732,.T.);
#4732 = EDGE_LOOP('',(#4733,#4760,#4781,#4782));
#4733 = ORIENTED_EDGE('',*,*,#4734,.T.);
#4734 = EDGE_CURVE('',#4684,#4735,#4737,.T.);
#4735 = VERTEX_POINT('',#4736);
#4736 = CARTESIAN_POINT('',(44.196,2.794,6.477));
#4737 = SURFACE_CURVE('',#4738,(#4742,#4749),.PCURVE_S1.);
#4738 = LINE('',#4739,#4740);
#4739 = CARTESIAN_POINT('',(44.196,-25.4,6.477));
#4740 = VECTOR('',#4741,1.);
#4741 = DIRECTION('',(0.,1.,0.));
#4742 = PCURVE('',#4521,#4743);
#4743 = DEFINITIONAL_REPRESENTATION('',(#4744),#4748);
#4744 = LINE('',#4745,#4746);
#4745 = CARTESIAN_POINT('',(21.336,0.));
#4746 = VECTOR('',#4747,1.);
#4747 = DIRECTION('',(0.,1.));
#4748 = ( GEOMETRIC_REPRESENTATION_CONTEXT(2) 
PARAMETRIC_REPRESENTATION_CONTEXT() REPRESENTATION_CONTEXT('2D SPACE',''
  ) );
#4749 = PCURVE('',#4750,#4755);
#4750 = CYLINDRICAL_SURFACE('',#4751,1.524);
#4751 = AXIS2_PLACEMENT_3D('',#4752,#4753,#4754);
#4752 = CARTESIAN_POINT('',(44.196,-25.4,8.001));
#4753 = DIRECTION('',(0.,1.,0.));
#4754 = DIRECTION('',(1.,0.,-0.));
#4755 = DEFINITIONAL_REPRESENTATION('',(#4756),#4759);
#4756 = B_SPLINE_CURVE_WITH_KNOTS('',1,(#4757,#4758),.UNSPECIFIED.,.F.,
  .F.,(2,2),(22.606,28.194),.PIECEWISE_BEZIER_KNOTS.);
#4757 = CARTESIAN_POINT('',(1.570796326795,22.606));
#4758 = CARTESIAN_POINT('',(1.570796326795,28.194));
#4759 = ( GEOMETRIC_REPRESENTATION_CONTEXT(2) 
PARAMETRIC_REPRESENTATION_CONTEXT() REPRESENTATION_CONTEXT('2D SPACE',''
  ) );
#4760 = ORIENTED_EDGE('',*,*,#4761,.T.);
#4761 = EDGE_CURVE('',#4735,#4507,#4762,.T.);
#4762 = SURFACE_CURVE('',#4763,(#4767,#4774),.PCURVE_S1.);
#4763 = LINE('',#4764,#4765);
#4764 = CARTESIAN_POINT('',(22.86,2.794,6.477));
#4765 = VECTOR('',#4766,1.);
#4766 = DIRECTION('',(-1.,0.,0.));
#4767 = PCURVE('',#4521,#4768);
#4768 = DEFINITIONAL_REPRESENTATION('',(#4769),#4773);
#4769 = LINE('',#4770,#4771);
#4770 = CARTESIAN_POINT('',(0.,28.194));
#4771 = VECTOR('',#4772,1.);
#4772 = DIRECTION('',(-1.,0.));
#4773 = ( GEOMETRIC_REPRESENTATION_CONTEXT(2) 
PARAMETRIC_REPRESENTATION_CONTEXT() REPRESENTATION_CONTEXT('2D SPACE',''
  ) );
#4774 = PCURVE('',#4611,#4775);
#4775 = DEFINITIONAL_REPRESENTATION('',(#4776),#4780);
#4776 = LINE('',#4777,#4778);
#4777 = CARTESIAN_POINT('',(57.277,0.));
#4778 = VECTOR('',#4779,1.);
#4779 = DIRECTION('',(0.,-1.));
#4780 = ( GEOMETRIC_REPRESENTATION_CONTEXT(2) 
PARAMETRIC_REPRESENTATION_CONTEXT() REPRESENTATION_CONTEXT('2D SPACE',''
  ) );
#4781 = ORIENTED_EDGE('',*,*,#4506,.F.);
#4782 = ORIENTED_EDGE('',*,*,#4683,.F.);
#4783 = ADVANCED_FACE('',(#4784),#4611,.T.);
#4784 = FACE_BOUND('',#4785,.T.);
#4785 = EDGE_LOOP('',(#4786,#4809,#4810,#4811));
#4786 = ORIENTED_EDGE('',*,*,#4787,.T.);
#4787 = EDGE_CURVE('',#4788,#4567,#4790,.T.);
#4788 = VERTEX_POINT('',#4789);
#4789 = CARTESIAN_POINT('',(44.196,2.794,-6.477));
#4790 = SURFACE_CURVE('',#4791,(#4795,#4802),.PCURVE_S1.);
#4791 = LINE('',#4792,#4793);
#4792 = CARTESIAN_POINT('',(22.86,2.794,-6.477));
#4793 = VECTOR('',#4794,1.);
#4794 = DIRECTION('',(-1.,0.,0.));
#4795 = PCURVE('',#4611,#4796);
#4796 = DEFINITIONAL_REPRESENTATION('',(#4797),#4801);
#4797 = LINE('',#4798,#4799);
#4798 = CARTESIAN_POINT('',(44.323,0.));
#4799 = VECTOR('',#4800,1.);
#4800 = DIRECTION('',(0.,-1.));
#4801 = ( GEOMETRIC_REPRESENTATION_CONTEXT(2) 
PARAMETRIC_REPRESENTATION_CONTEXT() REPRESENTATION_CONTEXT('2D SPACE',''
  ) );
#4802 = PCURVE('',#4643,#4803);
#4803 = DEFINITIONAL_REPRESENTATION('',(#4804),#4808);
#4804 = LINE('',#4805,#4806);
#4805 = CARTESIAN_POINT('',(0.,28.194));
#4806 = VECTOR('',#4807,1.);
#4807 = DIRECTION('',(-1.,0.));
#4808 = ( GEOMETRIC_REPRESENTATION_CONTEXT(2) 
PARAMETRIC_REPRESENTATION_CONTEXT() REPRESENTATION_CONTEXT('2D SPACE',''
  ) );
#4809 = ORIENTED_EDGE('',*,*,#4598,.T.);
#4810 = ORIENTED_EDGE('',*,*,#4761,.F.);
#4811 = ORIENTED_EDGE('',*,*,#4812,.F.);
#4812 = EDGE_CURVE('',#4788,#4735,#4813,.T.);
#4813 = SURFACE_CURVE('',#4814,(#4818,#4825),.PCURVE_S1.);
#4814 = LINE('',#4815,#4816);
#4815 = CARTESIAN_POINT('',(44.196,2.794,-50.8));
#4816 = VECTOR('',#4817,1.);
#4817 = DIRECTION('',(0.,0.,1.));
#4818 = PCURVE('',#4611,#4819);
#4819 = DEFINITIONAL_REPRESENTATION('',(#4820),#4824);
#4820 = LINE('',#4821,#4822);
#4821 = CARTESIAN_POINT('',(0.,21.336));
#4822 = VECTOR('',#4823,1.);
#4823 = DIRECTION('',(1.,0.));
#4824 = ( GEOMETRIC_REPRESENTATION_CONTEXT(2) 
PARAMETRIC_REPRESENTATION_CONTEXT() REPRESENTATION_CONTEXT('2D SPACE',''
  ) );
#4825 = PCURVE('',#4826,#4831);
#4826 = CYLINDRICAL_SURFACE('',#4827,1.524);
#4827 = AXIS2_PLACEMENT_3D('',#4828,#4829,#4830);
#4828 = CARTESIAN_POINT('',(44.196,4.318,-50.8));
#4829 = DIRECTION('',(0.,0.,1.));
#4830 = DIRECTION('',(1.,0.,-0.));
#4831 = DEFINITIONAL_REPRESENTATION('',(#4832),#4835);
#4832 = B_SPLINE_CURVE_WITH_KNOTS('',1,(#4833,#4834),.UNSPECIFIED.,.F.,
  .F.,(2,2),(44.323,57.277),.PIECEWISE_BEZIER_KNOTS.);
#4833 = CARTESIAN_POINT('',(-1.570796326795,44.323));
#4834 = CARTESIAN_POINT('',(-1.570796326795,57.277));
#4835 = ( GEOMETRIC_REPRESENTATION_CONTEXT(2) 
PARAMETRIC_REPRESENTATION_CONTEXT() REPRESENTATION_CONTEXT('2D SPACE',''
  ) );
#4836 = ADVANCED_FACE('',(#4837),#4643,.F.);
#4837 = FACE_BOUND('',#4838,.F.);
#4838 = EDGE_LOOP('',(#4839,#4864,#4865,#4866));
#4839 = ORIENTED_EDGE('',*,*,#4840,.T.);
#4840 = EDGE_CURVE('',#4660,#4788,#4841,.T.);
#4841 = SURFACE_CURVE('',#4842,(#4846,#4853),.PCURVE_S1.);
#4842 = LINE('',#4843,#4844);
#4843 = CARTESIAN_POINT('',(44.196,-25.4,-6.477));
#4844 = VECTOR('',#4845,1.);
#4845 = DIRECTION('',(0.,1.,0.));
#4846 = PCURVE('',#4643,#4847);
#4847 = DEFINITIONAL_REPRESENTATION('',(#4848),#4852);
#4848 = LINE('',#4849,#4850);
#4849 = CARTESIAN_POINT('',(21.336,0.));
#4850 = VECTOR('',#4851,1.);
#4851 = DIRECTION('',(0.,1.));
#4852 = ( GEOMETRIC_REPRESENTATION_CONTEXT(2) 
PARAMETRIC_REPRESENTATION_CONTEXT() REPRESENTATION_CONTEXT('2D SPACE',''
  ) );
#4853 = PCURVE('',#4854,#4859);
#4854 = CYLINDRICAL_SURFACE('',#4855,1.524);
#4855 = AXIS2_PLACEMENT_3D('',#4856,#4857,#4858);
#4856 = CARTESIAN_POINT('',(44.196,-25.4,-8.001));
#4857 = DIRECTION('',(0.,1.,0.));
#4858 = DIRECTION('',(1.,0.,-0.));
#4859 = DEFINITIONAL_REPRESENTATION('',(#4860),#4863);
#4860 = B_SPLINE_CURVE_WITH_KNOTS('',1,(#4861,#4862),.UNSPECIFIED.,.F.,
  .F.,(2,2),(22.606,28.194),.PIECEWISE_BEZIER_KNOTS.);
#4861 = CARTESIAN_POINT('',(-1.570796326795,22.606));
#4862 = CARTESIAN_POINT('',(-1.570796326795,28.194));
#4863 = ( GEOMETRIC_REPRESENTATION_CONTEXT(2) 
PARAMETRIC_REPRESENTATION_CONTEXT() REPRESENTATION_CONTEXT('2D SPACE',''
  ) );
#4864 = ORIENTED_EDGE('',*,*,#4787,.T.);
#4865 = ORIENTED_EDGE('',*,*,#4630,.F.);
#4866 = ORIENTED_EDGE('',*,*,#4659,.F.);
#4867 = ADVANCED_FACE('',(#4868),#4720,.F.);
#4868 = FACE_BOUND('',#4869,.F.);
#4869 = EDGE_LOOP('',(#4870,#4902,#4903,#4935));
#4870 = ORIENTED_EDGE('',*,*,#4871,.F.);
#4871 = EDGE_CURVE('',#4660,#4872,#4874,.T.);
#4872 = VERTEX_POINT('',#4873);
#4873 = CARTESIAN_POINT('',(45.72,-4.318,-8.001));
#4874 = SURFACE_CURVE('',#4875,(#4880,#4891),.PCURVE_S1.);
#4875 = ELLIPSE('',#4876,2.155261469057,1.524);
#4876 = AXIS2_PLACEMENT_3D('',#4877,#4878,#4879);
#4877 = CARTESIAN_POINT('',(44.196,-4.318,-8.001));
#4878 = DIRECTION('',(0.,0.707106781187,-0.707106781187));
#4879 = DIRECTION('',(0.,0.707106781187,0.707106781187));
#4880 = PCURVE('',#4720,#4881);
#4881 = DEFINITIONAL_REPRESENTATION('',(#4882),#4890);
#4882 = B_SPLINE_CURVE_WITH_KNOTS('',6,(#4883,#4884,#4885,#4886,#4887,
    #4888,#4889),.UNSPECIFIED.,.F.,.F.,(7,7),(0.,1.570796326795),
  .PIECEWISE_BEZIER_KNOTS.);
#4883 = CARTESIAN_POINT('',(1.570796326795,44.323));
#4884 = CARTESIAN_POINT('',(1.308996938996,44.323));
#4885 = CARTESIAN_POINT('',(1.047197551197,44.197682421944));
#4886 = CARTESIAN_POINT('',(0.785398163397,43.946860978712));
#4887 = CARTESIAN_POINT('',(0.523598775598,43.596934058033));
#4888 = CARTESIAN_POINT('',(0.261799387799,43.197982267006));
#4889 = CARTESIAN_POINT('',(9.251858538543E-16,42.799));
#4890 = ( GEOMETRIC_REPRESENTATION_CONTEXT(2) 
PARAMETRIC_REPRESENTATION_CONTEXT() REPRESENTATION_CONTEXT('2D SPACE',''
  ) );
#4891 = PCURVE('',#4854,#4892);
#4892 = DEFINITIONAL_REPRESENTATION('',(#4893),#4901);
#4893 = B_SPLINE_CURVE_WITH_KNOTS('',6,(#4894,#4895,#4896,#4897,#4898,
    #4899,#4900),.UNSPECIFIED.,.F.,.F.,(7,7),(0.,1.570796326795),
  .PIECEWISE_BEZIER_KNOTS.);
#4894 = CARTESIAN_POINT('',(-1.570796326795,22.606));
#4895 = CARTESIAN_POINT('',(-1.308996938996,22.606));
#4896 = CARTESIAN_POINT('',(-1.047197551197,22.480682421945));
#4897 = CARTESIAN_POINT('',(-0.785398163397,22.229860978713));
#4898 = CARTESIAN_POINT('',(-0.523598775598,21.879934058033));
#4899 = CARTESIAN_POINT('',(-0.261799387799,21.480982267006));
#4900 = CARTESIAN_POINT('',(0.,21.082));
#4901 = ( GEOMETRIC_REPRESENTATION_CONTEXT(2) 
PARAMETRIC_REPRESENTATION_CONTEXT() REPRESENTATION_CONTEXT('2D SPACE',''
  ) );
#4902 = ORIENTED_EDGE('',*,*,#4706,.T.);
#4903 = ORIENTED_EDGE('',*,*,#4904,.F.);
#4904 = EDGE_CURVE('',#4905,#4684,#4907,.T.);
#4905 = VERTEX_POINT('',#4906);
#4906 = CARTESIAN_POINT('',(45.72,-4.318,8.001));
#4907 = SURFACE_CURVE('',#4908,(#4913,#4924),.PCURVE_S1.);
#4908 = ELLIPSE('',#4909,2.155261469057,1.524);
#4909 = AXIS2_PLACEMENT_3D('',#4910,#4911,#4912);
#4910 = CARTESIAN_POINT('',(44.196,-4.318,8.001));
#4911 = DIRECTION('',(0.,0.707106781187,0.707106781187));
#4912 = DIRECTION('',(0.,0.707106781187,-0.707106781187));
#4913 = PCURVE('',#4720,#4914);
#4914 = DEFINITIONAL_REPRESENTATION('',(#4915),#4923);
#4915 = B_SPLINE_CURVE_WITH_KNOTS('',6,(#4916,#4917,#4918,#4919,#4920,
    #4921,#4922),.UNSPECIFIED.,.F.,.F.,(7,7),(4.712388980385,
    6.28318530718),.PIECEWISE_BEZIER_KNOTS.);
#4916 = CARTESIAN_POINT('',(9.251858538543E-16,58.801));
#4917 = CARTESIAN_POINT('',(0.261799387799,58.402017732994));
#4918 = CARTESIAN_POINT('',(0.523598775598,58.003065941969));
#4919 = CARTESIAN_POINT('',(0.785398163397,57.653139021281));
#4920 = CARTESIAN_POINT('',(1.047197551197,57.402317578057));
#4921 = CARTESIAN_POINT('',(1.308996938996,57.277));
#4922 = CARTESIAN_POINT('',(1.570796326795,57.277));
#4923 = ( GEOMETRIC_REPRESENTATION_CONTEXT(2) 
PARAMETRIC_REPRESENTATION_CONTEXT() REPRESENTATION_CONTEXT('2D SPACE',''
  ) );
#4924 = PCURVE('',#4750,#4925);
#4925 = DEFINITIONAL_REPRESENTATION('',(#4926),#4934);
#4926 = B_SPLINE_CURVE_WITH_KNOTS('',6,(#4927,#4928,#4929,#4930,#4931,
    #4932,#4933),.UNSPECIFIED.,.F.,.F.,(7,7),(4.712388980385,
    6.28318530718),.PIECEWISE_BEZIER_KNOTS.);
#4927 = CARTESIAN_POINT('',(0.,21.082));
#4928 = CARTESIAN_POINT('',(0.261799387799,21.480982267006));
#4929 = CARTESIAN_POINT('',(0.523598775598,21.879934058032));
#4930 = CARTESIAN_POINT('',(0.785398163397,22.229860978715));
#4931 = CARTESIAN_POINT('',(1.047197551197,22.480682421944));
#4932 = CARTESIAN_POINT('',(1.308996938996,22.606));
#4933 = CARTESIAN_POINT('',(1.570796326795,22.606));
#4934 = ( GEOMETRIC_REPRESENTATION_CONTEXT(2) 
PARAMETRIC_REPRESENTATION_CONTEXT() REPRESENTATION_CONTEXT('2D SPACE',''
  ) );
#4935 = ORIENTED_EDGE('',*,*,#4936,.F.);
#4936 = EDGE_CURVE('',#4872,#4905,#4937,.T.);
#4937 = SURFACE_CURVE('',#4938,(#4942,#4948),.PCURVE_S1.);
#4938 = LINE('',#4939,#4940);
#4939 = CARTESIAN_POINT('',(45.72,-4.318,-50.8));
#4940 = VECTOR('',#4941,1.);
#4941 = DIRECTION('',(0.,0.,1.));
#4942 = PCURVE('',#4720,#4943);
#4943 = DEFINITIONAL_REPRESENTATION('',(#4944),#4947);
#4944 = B_SPLINE_CURVE_WITH_KNOTS('',1,(#4945,#4946),.UNSPECIFIED.,.F.,
  .F.,(2,2),(42.799,58.801),.PIECEWISE_BEZIER_KNOTS.);
#4945 = CARTESIAN_POINT('',(0.,42.799));
#4946 = CARTESIAN_POINT('',(0.,58.801));
#4947 = ( GEOMETRIC_REPRESENTATION_CONTEXT(2) 
PARAMETRIC_REPRESENTATION_CONTEXT() REPRESENTATION_CONTEXT('2D SPACE',''
  ) );
#4948 = PCURVE('',#4949,#4954);
#4949 = PLANE('',#4950);
#4950 = AXIS2_PLACEMENT_3D('',#4951,#4952,#4953);
#4951 = CARTESIAN_POINT('',(45.72,-25.4,-50.8));
#4952 = DIRECTION('',(1.,0.,0.));
#4953 = DIRECTION('',(0.,0.,1.));
#4954 = DEFINITIONAL_REPRESENTATION('',(#4955),#4959);
#4955 = LINE('',#4956,#4957);
#4956 = CARTESIAN_POINT('',(0.,-21.082));
#4957 = VECTOR('',#4958,1.);
#4958 = DIRECTION('',(1.,0.));
#4959 = ( GEOMETRIC_REPRESENTATION_CONTEXT(2) 
PARAMETRIC_REPRESENTATION_CONTEXT() REPRESENTATION_CONTEXT('2D SPACE',''
  ) );
#4960 = ADVANCED_FACE('',(#4961),#4750,.F.);
#4961 = FACE_BOUND('',#4962,.F.);
#4962 = EDGE_LOOP('',(#4963,#4985,#4986,#4987));
#4963 = ORIENTED_EDGE('',*,*,#4964,.F.);
#4964 = EDGE_CURVE('',#4905,#4965,#4967,.T.);
#4965 = VERTEX_POINT('',#4966);
#4966 = CARTESIAN_POINT('',(45.72,4.318,8.001));
#4967 = SURFACE_CURVE('',#4968,(#4972,#4978),.PCURVE_S1.);
#4968 = LINE('',#4969,#4970);
#4969 = CARTESIAN_POINT('',(45.72,-25.4,8.001));
#4970 = VECTOR('',#4971,1.);
#4971 = DIRECTION('',(0.,1.,0.));
#4972 = PCURVE('',#4750,#4973);
#4973 = DEFINITIONAL_REPRESENTATION('',(#4974),#4977);
#4974 = B_SPLINE_CURVE_WITH_KNOTS('',1,(#4975,#4976),.UNSPECIFIED.,.F.,
  .F.,(2,2),(21.082,29.718),.PIECEWISE_BEZIER_KNOTS.);
#4975 = CARTESIAN_POINT('',(0.,21.082));
#4976 = CARTESIAN_POINT('',(0.,29.718));
#4977 = ( GEOMETRIC_REPRESENTATION_CONTEXT(2) 
PARAMETRIC_REPRESENTATION_CONTEXT() REPRESENTATION_CONTEXT('2D SPACE',''
  ) );
#4978 = PCURVE('',#4949,#4979);
#4979 = DEFINITIONAL_REPRESENTATION('',(#4980),#4984);
#4980 = LINE('',#4981,#4982);
#4981 = CARTESIAN_POINT('',(58.801,0.));
#4982 = VECTOR('',#4983,1.);
#4983 = DIRECTION('',(0.,-1.));
#4984 = ( GEOMETRIC_REPRESENTATION_CONTEXT(2) 
PARAMETRIC_REPRESENTATION_CONTEXT() REPRESENTATION_CONTEXT('2D SPACE',''
  ) );
#4985 = ORIENTED_EDGE('',*,*,#4904,.T.);
#4986 = ORIENTED_EDGE('',*,*,#4734,.T.);
#4987 = ORIENTED_EDGE('',*,*,#4988,.F.);
#4988 = EDGE_CURVE('',#4965,#4735,#4989,.T.);
#4989 = SURFACE_CURVE('',#4990,(#4995,#5006),.PCURVE_S1.);
#4990 = ELLIPSE('',#4991,2.155261469057,1.524);
#4991 = AXIS2_PLACEMENT_3D('',#4992,#4993,#4994);
#4992 = CARTESIAN_POINT('',(44.196,4.318,8.001));
#4993 = DIRECTION('',(0.,0.707106781187,-0.707106781187));
#4994 = DIRECTION('',(0.,0.707106781187,0.707106781187));
#4995 = PCURVE('',#4750,#4996);
#4996 = DEFINITIONAL_REPRESENTATION('',(#4997),#5005);
#4997 = B_SPLINE_CURVE_WITH_KNOTS('',6,(#4998,#4999,#5000,#5001,#5002,
    #5003,#5004),.UNSPECIFIED.,.F.,.F.,(7,7),(1.570796326795,
    3.14159265359),.PIECEWISE_BEZIER_KNOTS.);
#4998 = CARTESIAN_POINT('',(0.,29.718));
#4999 = CARTESIAN_POINT('',(0.261799387799,29.319017732994));
#5000 = CARTESIAN_POINT('',(0.523598775598,28.920065941967));
#5001 = CARTESIAN_POINT('',(0.785398163397,28.570139021285));
#5002 = CARTESIAN_POINT('',(1.047197551197,28.319317578055));
#5003 = CARTESIAN_POINT('',(1.308996938996,28.194));
#5004 = CARTESIAN_POINT('',(1.570796326795,28.194));
#5005 = ( GEOMETRIC_REPRESENTATION_CONTEXT(2) 
PARAMETRIC_REPRESENTATION_CONTEXT() REPRESENTATION_CONTEXT('2D SPACE',''
  ) );
#5006 = PCURVE('',#4826,#5007);
#5007 = DEFINITIONAL_REPRESENTATION('',(#5008),#5016);
#5008 = B_SPLINE_CURVE_WITH_KNOTS('',6,(#5009,#5010,#5011,#5012,#5013,
    #5014,#5015),.UNSPECIFIED.,.F.,.F.,(7,7),(1.570796326795,
    3.14159265359),.PIECEWISE_BEZIER_KNOTS.);
#5009 = CARTESIAN_POINT('',(-9.251858538543E-16,58.801));
#5010 = CARTESIAN_POINT('',(-0.261799387799,58.402017732994));
#5011 = CARTESIAN_POINT('',(-0.523598775598,58.003065941969));
#5012 = CARTESIAN_POINT('',(-0.785398163397,57.653139021281));
#5013 = CARTESIAN_POINT('',(-1.047197551197,57.402317578057));
#5014 = CARTESIAN_POINT('',(-1.308996938996,57.277));
#5015 = CARTESIAN_POINT('',(-1.570796326795,57.277));
#5016 = ( GEOMETRIC_REPRESENTATION_CONTEXT(2) 
PARAMETRIC_REPRESENTATION_CONTEXT() REPRESENTATION_CONTEXT('2D SPACE',''
  ) );
#5017 = ADVANCED_FACE('',(#5018),#4826,.F.);
#5018 = FACE_BOUND('',#5019,.T.);
#5019 = EDGE_LOOP('',(#5020,#5052,#5053,#5054));
#5020 = ORIENTED_EDGE('',*,*,#5021,.F.);
#5021 = EDGE_CURVE('',#4788,#5022,#5024,.T.);
#5022 = VERTEX_POINT('',#5023);
#5023 = CARTESIAN_POINT('',(45.72,4.318,-8.001));
#5024 = SURFACE_CURVE('',#5025,(#5030,#5041),.PCURVE_S1.);
#5025 = ELLIPSE('',#5026,2.155261469057,1.524);
#5026 = AXIS2_PLACEMENT_3D('',#5027,#5028,#5029);
#5027 = CARTESIAN_POINT('',(44.196,4.318,-8.001));
#5028 = DIRECTION('',(0.,0.707106781187,0.707106781187));
#5029 = DIRECTION('',(0.,0.707106781187,-0.707106781187));
#5030 = PCURVE('',#4826,#5031);
#5031 = DEFINITIONAL_REPRESENTATION('',(#5032),#5040);
#5032 = B_SPLINE_CURVE_WITH_KNOTS('',6,(#5033,#5034,#5035,#5036,#5037,
    #5038,#5039),.UNSPECIFIED.,.F.,.F.,(7,7),(3.14159265359,
    4.712388980385),.PIECEWISE_BEZIER_KNOTS.);
#5033 = CARTESIAN_POINT('',(-1.570796326795,44.323));
#5034 = CARTESIAN_POINT('',(-1.308996938996,44.323));
#5035 = CARTESIAN_POINT('',(-1.047197551197,44.197682421944));
#5036 = CARTESIAN_POINT('',(-0.785398163397,43.946860978712));
#5037 = CARTESIAN_POINT('',(-0.523598775598,43.596934058033));
#5038 = CARTESIAN_POINT('',(-0.261799387799,43.197982267006));
#5039 = CARTESIAN_POINT('',(-9.251858538543E-16,42.799));
#5040 = ( GEOMETRIC_REPRESENTATION_CONTEXT(2) 
PARAMETRIC_REPRESENTATION_CONTEXT() REPRESENTATION_CONTEXT('2D SPACE',''
  ) );
#5041 = PCURVE('',#4854,#5042);
#5042 = DEFINITIONAL_REPRESENTATION('',(#5043),#5051);
#5043 = B_SPLINE_CURVE_WITH_KNOTS('',6,(#5044,#5045,#5046,#5047,#5048,
    #5049,#5050),.UNSPECIFIED.,.F.,.F.,(7,7),(3.14159265359,
    4.712388980385),.PIECEWISE_BEZIER_KNOTS.);
#5044 = CARTESIAN_POINT('',(-1.570796326795,28.194));
#5045 = CARTESIAN_POINT('',(-1.308996938996,28.194));
#5046 = CARTESIAN_POINT('',(-1.047197551197,28.319317578056));
#5047 = CARTESIAN_POINT('',(-0.785398163397,28.570139021284));
#5048 = CARTESIAN_POINT('',(-0.523598775598,28.920065941968));
#5049 = CARTESIAN_POINT('',(-0.261799387799,29.319017732994));
#5050 = CARTESIAN_POINT('',(0.,29.718));
#5051 = ( GEOMETRIC_REPRESENTATION_CONTEXT(2) 
PARAMETRIC_REPRESENTATION_CONTEXT() REPRESENTATION_CONTEXT('2D SPACE',''
  ) );
#5052 = ORIENTED_EDGE('',*,*,#4812,.T.);
#5053 = ORIENTED_EDGE('',*,*,#4988,.F.);
#5054 = ORIENTED_EDGE('',*,*,#5055,.F.);
#5055 = EDGE_CURVE('',#5022,#4965,#5056,.T.);
#5056 = SURFACE_CURVE('',#5057,(#5061,#5067),.PCURVE_S1.);
#5057 = LINE('',#5058,#5059);
#5058 = CARTESIAN_POINT('',(45.72,4.318,-50.8));
#5059 = VECTOR('',#5060,1.);
#5060 = DIRECTION('',(0.,0.,1.));
#5061 = PCURVE('',#4826,#5062);
#5062 = DEFINITIONAL_REPRESENTATION('',(#5063),#5066);
#5063 = B_SPLINE_CURVE_WITH_KNOTS('',1,(#5064,#5065),.UNSPECIFIED.,.F.,
  .F.,(2,2),(42.799,58.801),.PIECEWISE_BEZIER_KNOTS.);
#5064 = CARTESIAN_POINT('',(0.,42.799));
#5065 = CARTESIAN_POINT('',(0.,58.801));
#5066 = ( GEOMETRIC_REPRESENTATION_CONTEXT(2) 
PARAMETRIC_REPRESENTATION_CONTEXT() REPRESENTATION_CONTEXT('2D SPACE',''
  ) );
#5067 = PCURVE('',#4949,#5068);
#5068 = DEFINITIONAL_REPRESENTATION('',(#5069),#5073);
#5069 = LINE('',#5070,#5071);
#5070 = CARTESIAN_POINT('',(0.,-29.718));
#5071 = VECTOR('',#5072,1.);
#5072 = DIRECTION('',(1.,0.));
#5073 = ( GEOMETRIC_REPRESENTATION_CONTEXT(2) 
PARAMETRIC_REPRESENTATION_CONTEXT() REPRESENTATION_CONTEXT('2D SPACE',''
  ) );
#5074 = ADVANCED_FACE('',(#5075),#4854,.F.);
#5075 = FACE_BOUND('',#5076,.T.);
#5076 = EDGE_LOOP('',(#5077,#5097,#5098,#5099));
#5077 = ORIENTED_EDGE('',*,*,#5078,.F.);
#5078 = EDGE_CURVE('',#4872,#5022,#5079,.T.);
#5079 = SURFACE_CURVE('',#5080,(#5084,#5090),.PCURVE_S1.);
#5080 = LINE('',#5081,#5082);
#5081 = CARTESIAN_POINT('',(45.72,-25.4,-8.001));
#5082 = VECTOR('',#5083,1.);
#5083 = DIRECTION('',(0.,1.,0.));
#5084 = PCURVE('',#4854,#5085);
#5085 = DEFINITIONAL_REPRESENTATION('',(#5086),#5089);
#5086 = B_SPLINE_CURVE_WITH_KNOTS('',1,(#5087,#5088),.UNSPECIFIED.,.F.,
  .F.,(2,2),(21.082,29.718),.PIECEWISE_BEZIER_KNOTS.);
#5087 = CARTESIAN_POINT('',(0.,21.082));
#5088 = CARTESIAN_POINT('',(0.,29.718));
#5089 = ( GEOMETRIC_REPRESENTATION_CONTEXT(2) 
PARAMETRIC_REPRESENTATION_CONTEXT() REPRESENTATION_CONTEXT('2D SPACE',''
  ) );
#5090 = PCURVE('',#4949,#5091);
#5091 = DEFINITIONAL_REPRESENTATION('',(#5092),#5096);
#5092 = LINE('',#5093,#5094);
#5093 = CARTESIAN_POINT('',(42.799,0.));
#5094 = VECTOR('',#5095,1.);
#5095 = DIRECTION('',(0.,-1.));
#5096 = ( GEOMETRIC_REPRESENTATION_CONTEXT(2) 
PARAMETRIC_REPRESENTATION_CONTEXT() REPRESENTATION_CONTEXT('2D SPACE',''
  ) );
#5097 = ORIENTED_EDGE('',*,*,#4871,.F.);
#5098 = ORIENTED_EDGE('',*,*,#4840,.T.);
#5099 = ORIENTED_EDGE('',*,*,#5021,.T.);
#5100 = ADVANCED_FACE('',(#5101,#5107),#4949,.F.);
#5101 = FACE_BOUND('',#5102,.F.);
#5102 = EDGE_LOOP('',(#5103,#5104,#5105,#5106));
#5103 = ORIENTED_EDGE('',*,*,#4936,.T.);
#5104 = ORIENTED_EDGE('',*,*,#4964,.T.);
#5105 = ORIENTED_EDGE('',*,*,#5055,.F.);
#5106 = ORIENTED_EDGE('',*,*,#5078,.F.);
#5107 = FACE_BOUND('',#5108,.F.);
#5108 = EDGE_LOOP('',(#5109,#5139,#5167,#5195));
#5109 = ORIENTED_EDGE('',*,*,#5110,.F.);
#5110 = EDGE_CURVE('',#5111,#5113,#5115,.T.);
#5111 = VERTEX_POINT('',#5112);
#5112 = CARTESIAN_POINT('',(45.72,-9.525,-15.875));
#5113 = VERTEX_POINT('',#5114);
#5114 = CARTESIAN_POINT('',(45.72,-9.525,15.875));
#5115 = SURFACE_CURVE('',#5116,(#5120,#5127),.PCURVE_S1.);
#5116 = LINE('',#5117,#5118);
#5117 = CARTESIAN_POINT('',(45.72,-9.525,-15.875));
#5118 = VECTOR('',#5119,1.);
#5119 = DIRECTION('',(0.,0.,1.));
#5120 = PCURVE('',#4949,#5121);
#5121 = DEFINITIONAL_REPRESENTATION('',(#5122),#5126);
#5122 = LINE('',#5123,#5124);
#5123 = CARTESIAN_POINT('',(34.925,-15.875));
#5124 = VECTOR('',#5125,1.);
#5125 = DIRECTION('',(1.,0.));
#5126 = ( GEOMETRIC_REPRESENTATION_CONTEXT(2) 
PARAMETRIC_REPRESENTATION_CONTEXT() REPRESENTATION_CONTEXT('2D SPACE',''
  ) );
#5127 = PCURVE('',#5128,#5133);
#5128 = PLANE('',#5129);
#5129 = AXIS2_PLACEMENT_3D('',#5130,#5131,#5132);
#5130 = CARTESIAN_POINT('',(-64.77,-9.525,-15.875));
#5131 = DIRECTION('',(0.,1.,0.));
#5132 = DIRECTION('',(0.,0.,1.));
#5133 = DEFINITIONAL_REPRESENTATION('',(#5134),#5138);
#5134 = LINE('',#5135,#5136);
#5135 = CARTESIAN_POINT('',(0.,110.49));
#5136 = VECTOR('',#5137,1.);
#5137 = DIRECTION('',(1.,0.));
#5138 = ( GEOMETRIC_REPRESENTATION_CONTEXT(2) 
PARAMETRIC_REPRESENTATION_CONTEXT() REPRESENTATION_CONTEXT('2D SPACE',''
  ) );
#5139 = ORIENTED_EDGE('',*,*,#5140,.F.);
#5140 = EDGE_CURVE('',#5141,#5111,#5143,.T.);
#5141 = VERTEX_POINT('',#5142);
#5142 = CARTESIAN_POINT('',(45.72,9.525,-15.875));
#5143 = SURFACE_CURVE('',#5144,(#5148,#5155),.PCURVE_S1.);
#5144 = LINE('',#5145,#5146);
#5145 = CARTESIAN_POINT('',(45.72,9.525,-15.875));
#5146 = VECTOR('',#5147,1.);
#5147 = DIRECTION('',(0.,-1.,0.));
#5148 = PCURVE('',#4949,#5149);
#5149 = DEFINITIONAL_REPRESENTATION('',(#5150),#5154);
#5150 = LINE('',#5151,#5152);
#5151 = CARTESIAN_POINT('',(34.925,-34.925));
#5152 = VECTOR('',#5153,1.);
#5153 = DIRECTION('',(0.,1.));
#5154 = ( GEOMETRIC_REPRESENTATION_CONTEXT(2) 
PARAMETRIC_REPRESENTATION_CONTEXT() REPRESENTATION_CONTEXT('2D SPACE',''
  ) );
#5155 = PCURVE('',#5156,#5161);
#5156 = PLANE('',#5157);
#5157 = AXIS2_PLACEMENT_3D('',#5158,#5159,#5160);
#5158 = CARTESIAN_POINT('',(-64.77,-9.525,-15.875));
#5159 = DIRECTION('',(0.,0.,1.));
#5160 = DIRECTION('',(1.,0.,0.));
#5161 = DEFINITIONAL_REPRESENTATION('',(#5162),#5166);
#5162 = LINE('',#5163,#5164);
#5163 = CARTESIAN_POINT('',(110.49,19.05));
#5164 = VECTOR('',#5165,1.);
#5165 = DIRECTION('',(0.,-1.));
#5166 = ( GEOMETRIC_REPRESENTATION_CONTEXT(2) 
PARAMETRIC_REPRESENTATION_CONTEXT() REPRESENTATION_CONTEXT('2D SPACE',''
  ) );
#5167 = ORIENTED_EDGE('',*,*,#5168,.F.);
#5168 = EDGE_CURVE('',#5169,#5141,#5171,.T.);
#5169 = VERTEX_POINT('',#5170);
#5170 = CARTESIAN_POINT('',(45.72,9.525,15.875));
#5171 = SURFACE_CURVE('',#5172,(#5176,#5183),.PCURVE_S1.);
#5172 = LINE('',#5173,#5174);
#5173 = CARTESIAN_POINT('',(45.72,9.525,15.875));
#5174 = VECTOR('',#5175,1.);
#5175 = DIRECTION('',(0.,0.,-1.));
#5176 = PCURVE('',#4949,#5177);
#5177 = DEFINITIONAL_REPRESENTATION('',(#5178),#5182);
#5178 = LINE('',#5179,#5180);
#5179 = CARTESIAN_POINT('',(66.675,-34.925));
#5180 = VECTOR('',#5181,1.);
#5181 = DIRECTION('',(-1.,0.));
#5182 = ( GEOMETRIC_REPRESENTATION_CONTEXT(2) 
PARAMETRIC_REPRESENTATION_CONTEXT() REPRESENTATION_CONTEXT('2D SPACE',''
  ) );
#5183 = PCURVE('',#5184,#5189);
#5184 = PLANE('',#5185);
#5185 = AXIS2_PLACEMENT_3D('',#5186,#5187,#5188);
#5186 = CARTESIAN_POINT('',(-64.77,9.525,-15.875));
#5187 = DIRECTION('',(0.,1.,0.));
#5188 = DIRECTION('',(0.,0.,1.));
#5189 = DEFINITIONAL_REPRESENTATION('',(#5190),#5194);
#5190 = LINE('',#5191,#5192);
#5191 = CARTESIAN_POINT('',(31.75,110.49));
#5192 = VECTOR('',#5193,1.);
#5193 = DIRECTION('',(-1.,0.));
#5194 = ( GEOMETRIC_REPRESENTATION_CONTEXT(2) 
PARAMETRIC_REPRESENTATION_CONTEXT() REPRESENTATION_CONTEXT('2D SPACE',''
  ) );
#5195 = ORIENTED_EDGE('',*,*,#5196,.F.);
#5196 = EDGE_CURVE('',#5113,#5169,#5197,.T.);
#5197 = SURFACE_CURVE('',#5198,(#5202,#5209),.PCURVE_S1.);
#5198 = LINE('',#5199,#5200);
#5199 = CARTESIAN_POINT('',(45.72,-9.525,15.875));
#5200 = VECTOR('',#5201,1.);
#5201 = DIRECTION('',(0.,1.,0.));
#5202 = PCURVE('',#4949,#5203);
#5203 = DEFINITIONAL_REPRESENTATION('',(#5204),#5208);
#5204 = LINE('',#5205,#5206);
#5205 = CARTESIAN_POINT('',(66.675,-15.875));
#5206 = VECTOR('',#5207,1.);
#5207 = DIRECTION('',(0.,-1.));
#5208 = ( GEOMETRIC_REPRESENTATION_CONTEXT(2) 
PARAMETRIC_REPRESENTATION_CONTEXT() REPRESENTATION_CONTEXT('2D SPACE',''
  ) );
#5209 = PCURVE('',#5210,#5215);
#5210 = PLANE('',#5211);
#5211 = AXIS2_PLACEMENT_3D('',#5212,#5213,#5214);
#5212 = CARTESIAN_POINT('',(-64.77,-9.525,15.875));
#5213 = DIRECTION('',(0.,0.,1.));
#5214 = DIRECTION('',(1.,0.,0.));
#5215 = DEFINITIONAL_REPRESENTATION('',(#5216),#5220);
#5216 = LINE('',#5217,#5218);
#5217 = CARTESIAN_POINT('',(110.49,0.));
#5218 = VECTOR('',#5219,1.);
#5219 = DIRECTION('',(0.,1.));
#5220 = ( GEOMETRIC_REPRESENTATION_CONTEXT(2) 
PARAMETRIC_REPRESENTATION_CONTEXT() REPRESENTATION_CONTEXT('2D SPACE',''
  ) );
#5221 = ADVANCED_FACE('',(#5222),#5128,.F.);
#5222 = FACE_BOUND('',#5223,.F.);
#5223 = EDGE_LOOP('',(#5224,#5225,#5248,#5276,#5304));
#5224 = ORIENTED_EDGE('',*,*,#5110,.T.);
#5225 = ORIENTED_EDGE('',*,*,#5226,.T.);
#5226 = EDGE_CURVE('',#5113,#5227,#5229,.T.);
#5227 = VERTEX_POINT('',#5228);
#5228 = CARTESIAN_POINT('',(64.77,-9.525,15.875));
#5229 = SURFACE_CURVE('',#5230,(#5234,#5241),.PCURVE_S1.);
#5230 = LINE('',#5231,#5232);
#5231 = CARTESIAN_POINT('',(-64.77,-9.525,15.875));
#5232 = VECTOR('',#5233,1.);
#5233 = DIRECTION('',(1.,0.,0.));
#5234 = PCURVE('',#5128,#5235);
#5235 = DEFINITIONAL_REPRESENTATION('',(#5236),#5240);
#5236 = LINE('',#5237,#5238);
#5237 = CARTESIAN_POINT('',(31.75,0.));
#5238 = VECTOR('',#5239,1.);
#5239 = DIRECTION('',(0.,1.));
#5240 = ( GEOMETRIC_REPRESENTATION_CONTEXT(2) 
PARAMETRIC_REPRESENTATION_CONTEXT() REPRESENTATION_CONTEXT('2D SPACE',''
  ) );
#5241 = PCURVE('',#5210,#5242);
#5242 = DEFINITIONAL_REPRESENTATION('',(#5243),#5247);
#5243 = LINE('',#5244,#5245);
#5244 = CARTESIAN_POINT('',(0.,0.));
#5245 = VECTOR('',#5246,1.);
#5246 = DIRECTION('',(1.,0.));
#5247 = ( GEOMETRIC_REPRESENTATION_CONTEXT(2) 
PARAMETRIC_REPRESENTATION_CONTEXT() REPRESENTATION_CONTEXT('2D SPACE',''
  ) );
#5248 = ORIENTED_EDGE('',*,*,#5249,.F.);
#5249 = EDGE_CURVE('',#5250,#5227,#5252,.T.);
#5250 = VERTEX_POINT('',#5251);
#5251 = CARTESIAN_POINT('',(64.77,-9.525,9.043137485738E-15));
#5252 = SURFACE_CURVE('',#5253,(#5257,#5264),.PCURVE_S1.);
#5253 = LINE('',#5254,#5255);
#5254 = CARTESIAN_POINT('',(64.77,-9.525,-15.875));
#5255 = VECTOR('',#5256,1.);
#5256 = DIRECTION('',(0.,0.,1.));
#5257 = PCURVE('',#5128,#5258);
#5258 = DEFINITIONAL_REPRESENTATION('',(#5259),#5263);
#5259 = LINE('',#5260,#5261);
#5260 = CARTESIAN_POINT('',(0.,129.54));
#5261 = VECTOR('',#5262,1.);
#5262 = DIRECTION('',(1.,0.));
#5263 = ( GEOMETRIC_REPRESENTATION_CONTEXT(2) 
PARAMETRIC_REPRESENTATION_CONTEXT() REPRESENTATION_CONTEXT('2D SPACE',''
  ) );
#5264 = PCURVE('',#5265,#5270);
#5265 = PLANE('',#5266);
#5266 = AXIS2_PLACEMENT_3D('',#5267,#5268,#5269);
#5267 = CARTESIAN_POINT('',(64.77,-9.525,-15.875));
#5268 = DIRECTION('',(1.,0.,0.));
#5269 = DIRECTION('',(0.,0.,1.));
#5270 = DEFINITIONAL_REPRESENTATION('',(#5271),#5275);
#5271 = LINE('',#5272,#5273);
#5272 = CARTESIAN_POINT('',(0.,0.));
#5273 = VECTOR('',#5274,1.);
#5274 = DIRECTION('',(1.,0.));
#5275 = ( GEOMETRIC_REPRESENTATION_CONTEXT(2) 
PARAMETRIC_REPRESENTATION_CONTEXT() REPRESENTATION_CONTEXT('2D SPACE',''
  ) );
#5276 = ORIENTED_EDGE('',*,*,#5277,.F.);
#5277 = EDGE_CURVE('',#5278,#5250,#5280,.T.);
#5278 = VERTEX_POINT('',#5279);
#5279 = CARTESIAN_POINT('',(64.77,-9.525,-15.875));
#5280 = SURFACE_CURVE('',#5281,(#5285,#5292),.PCURVE_S1.);
#5281 = LINE('',#5282,#5283);
#5282 = CARTESIAN_POINT('',(64.77,-9.525,-15.875));
#5283 = VECTOR('',#5284,1.);
#5284 = DIRECTION('',(0.,0.,1.));
#5285 = PCURVE('',#5128,#5286);
#5286 = DEFINITIONAL_REPRESENTATION('',(#5287),#5291);
#5287 = LINE('',#5288,#5289);
#5288 = CARTESIAN_POINT('',(0.,129.54));
#5289 = VECTOR('',#5290,1.);
#5290 = DIRECTION('',(1.,0.));
#5291 = ( GEOMETRIC_REPRESENTATION_CONTEXT(2) 
PARAMETRIC_REPRESENTATION_CONTEXT() REPRESENTATION_CONTEXT('2D SPACE',''
  ) );
#5292 = PCURVE('',#5293,#5298);
#5293 = PLANE('',#5294);
#5294 = AXIS2_PLACEMENT_3D('',#5295,#5296,#5297);
#5295 = CARTESIAN_POINT('',(64.77,-9.525,-15.875));
#5296 = DIRECTION('',(1.,0.,0.));
#5297 = DIRECTION('',(0.,0.,1.));
#5298 = DEFINITIONAL_REPRESENTATION('',(#5299),#5303);
#5299 = LINE('',#5300,#5301);
#5300 = CARTESIAN_POINT('',(0.,0.));
#5301 = VECTOR('',#5302,1.);
#5302 = DIRECTION('',(1.,0.));
#5303 = ( GEOMETRIC_REPRESENTATION_CONTEXT(2) 
PARAMETRIC_REPRESENTATION_CONTEXT() REPRESENTATION_CONTEXT('2D SPACE',''
  ) );
#5304 = ORIENTED_EDGE('',*,*,#5305,.F.);
#5305 = EDGE_CURVE('',#5111,#5278,#5306,.T.);
#5306 = SURFACE_CURVE('',#5307,(#5311,#5318),.PCURVE_S1.);
#5307 = LINE('',#5308,#5309);
#5308 = CARTESIAN_POINT('',(-64.77,-9.525,-15.875));
#5309 = VECTOR('',#5310,1.);
#5310 = DIRECTION('',(1.,0.,0.));
#5311 = PCURVE('',#5128,#5312);
#5312 = DEFINITIONAL_REPRESENTATION('',(#5313),#5317);
#5313 = LINE('',#5314,#5315);
#5314 = CARTESIAN_POINT('',(0.,0.));
#5315 = VECTOR('',#5316,1.);
#5316 = DIRECTION('',(0.,1.));
#5317 = ( GEOMETRIC_REPRESENTATION_CONTEXT(2) 
PARAMETRIC_REPRESENTATION_CONTEXT() REPRESENTATION_CONTEXT('2D SPACE',''
  ) );
#5318 = PCURVE('',#5156,#5319);
#5319 = DEFINITIONAL_REPRESENTATION('',(#5320),#5324);
#5320 = LINE('',#5321,#5322);
#5321 = CARTESIAN_POINT('',(0.,0.));
#5322 = VECTOR('',#5323,1.);
#5323 = DIRECTION('',(1.,0.));
#5324 = ( GEOMETRIC_REPRESENTATION_CONTEXT(2) 
PARAMETRIC_REPRESENTATION_CONTEXT() REPRESENTATION_CONTEXT('2D SPACE',''
  ) );
#5325 = ADVANCED_FACE('',(#5326),#5156,.F.);
#5326 = FACE_BOUND('',#5327,.F.);
#5327 = EDGE_LOOP('',(#5328,#5351,#5352,#5353));
#5328 = ORIENTED_EDGE('',*,*,#5329,.F.);
#5329 = EDGE_CURVE('',#5141,#5330,#5332,.T.);
#5330 = VERTEX_POINT('',#5331);
#5331 = CARTESIAN_POINT('',(64.77,9.525,-15.875));
#5332 = SURFACE_CURVE('',#5333,(#5337,#5344),.PCURVE_S1.);
#5333 = LINE('',#5334,#5335);
#5334 = CARTESIAN_POINT('',(-64.77,9.525,-15.875));
#5335 = VECTOR('',#5336,1.);
#5336 = DIRECTION('',(1.,0.,0.));
#5337 = PCURVE('',#5156,#5338);
#5338 = DEFINITIONAL_REPRESENTATION('',(#5339),#5343);
#5339 = LINE('',#5340,#5341);
#5340 = CARTESIAN_POINT('',(0.,19.05));
#5341 = VECTOR('',#5342,1.);
#5342 = DIRECTION('',(1.,0.));
#5343 = ( GEOMETRIC_REPRESENTATION_CONTEXT(2) 
PARAMETRIC_REPRESENTATION_CONTEXT() REPRESENTATION_CONTEXT('2D SPACE',''
  ) );
#5344 = PCURVE('',#5184,#5345);
#5345 = DEFINITIONAL_REPRESENTATION('',(#5346),#5350);
#5346 = LINE('',#5347,#5348);
#5347 = CARTESIAN_POINT('',(0.,0.));
#5348 = VECTOR('',#5349,1.);
#5349 = DIRECTION('',(0.,1.));
#5350 = ( GEOMETRIC_REPRESENTATION_CONTEXT(2) 
PARAMETRIC_REPRESENTATION_CONTEXT() REPRESENTATION_CONTEXT('2D SPACE',''
  ) );
#5351 = ORIENTED_EDGE('',*,*,#5140,.T.);
#5352 = ORIENTED_EDGE('',*,*,#5305,.T.);
#5353 = ORIENTED_EDGE('',*,*,#5354,.T.);
#5354 = EDGE_CURVE('',#5278,#5330,#5355,.T.);
#5355 = SURFACE_CURVE('',#5356,(#5360,#5367),.PCURVE_S1.);
#5356 = LINE('',#5357,#5358);
#5357 = CARTESIAN_POINT('',(64.77,-9.525,-15.875));
#5358 = VECTOR('',#5359,1.);
#5359 = DIRECTION('',(0.,1.,0.));
#5360 = PCURVE('',#5156,#5361);
#5361 = DEFINITIONAL_REPRESENTATION('',(#5362),#5366);
#5362 = LINE('',#5363,#5364);
#5363 = CARTESIAN_POINT('',(129.54,0.));
#5364 = VECTOR('',#5365,1.);
#5365 = DIRECTION('',(0.,1.));
#5366 = ( GEOMETRIC_REPRESENTATION_CONTEXT(2) 
PARAMETRIC_REPRESENTATION_CONTEXT() REPRESENTATION_CONTEXT('2D SPACE',''
  ) );
#5367 = PCURVE('',#5293,#5368);
#5368 = DEFINITIONAL_REPRESENTATION('',(#5369),#5373);
#5369 = LINE('',#5370,#5371);
#5370 = CARTESIAN_POINT('',(0.,0.));
#5371 = VECTOR('',#5372,1.);
#5372 = DIRECTION('',(0.,-1.));
#5373 = ( GEOMETRIC_REPRESENTATION_CONTEXT(2) 
PARAMETRIC_REPRESENTATION_CONTEXT() REPRESENTATION_CONTEXT('2D SPACE',''
  ) );
#5374 = ADVANCED_FACE('',(#5375),#5184,.T.);
#5375 = FACE_BOUND('',#5376,.T.);
#5376 = EDGE_LOOP('',(#5377,#5378,#5379,#5402,#5425));
#5377 = ORIENTED_EDGE('',*,*,#5329,.F.);
#5378 = ORIENTED_EDGE('',*,*,#5168,.F.);
#5379 = ORIENTED_EDGE('',*,*,#5380,.T.);
#5380 = EDGE_CURVE('',#5169,#5381,#5383,.T.);
#5381 = VERTEX_POINT('',#5382);
#5382 = CARTESIAN_POINT('',(64.77,9.525,15.875));
#5383 = SURFACE_CURVE('',#5384,(#5388,#5395),.PCURVE_S1.);
#5384 = LINE('',#5385,#5386);
#5385 = CARTESIAN_POINT('',(-64.77,9.525,15.875));
#5386 = VECTOR('',#5387,1.);
#5387 = DIRECTION('',(1.,0.,0.));
#5388 = PCURVE('',#5184,#5389);
#5389 = DEFINITIONAL_REPRESENTATION('',(#5390),#5394);
#5390 = LINE('',#5391,#5392);
#5391 = CARTESIAN_POINT('',(31.75,0.));
#5392 = VECTOR('',#5393,1.);
#5393 = DIRECTION('',(0.,1.));
#5394 = ( GEOMETRIC_REPRESENTATION_CONTEXT(2) 
PARAMETRIC_REPRESENTATION_CONTEXT() REPRESENTATION_CONTEXT('2D SPACE',''
  ) );
#5395 = PCURVE('',#5210,#5396);
#5396 = DEFINITIONAL_REPRESENTATION('',(#5397),#5401);
#5397 = LINE('',#5398,#5399);
#5398 = CARTESIAN_POINT('',(0.,19.05));
#5399 = VECTOR('',#5400,1.);
#5400 = DIRECTION('',(1.,0.));
#5401 = ( GEOMETRIC_REPRESENTATION_CONTEXT(2) 
PARAMETRIC_REPRESENTATION_CONTEXT() REPRESENTATION_CONTEXT('2D SPACE',''
  ) );
#5402 = ORIENTED_EDGE('',*,*,#5403,.F.);
#5403 = EDGE_CURVE('',#5404,#5381,#5406,.T.);
#5404 = VERTEX_POINT('',#5405);
#5405 = CARTESIAN_POINT('',(64.77,9.525,0.));
#5406 = SURFACE_CURVE('',#5407,(#5411,#5418),.PCURVE_S1.);
#5407 = LINE('',#5408,#5409);
#5408 = CARTESIAN_POINT('',(64.77,9.525,-15.875));
#5409 = VECTOR('',#5410,1.);
#5410 = DIRECTION('',(0.,0.,1.));
#5411 = PCURVE('',#5184,#5412);
#5412 = DEFINITIONAL_REPRESENTATION('',(#5413),#5417);
#5413 = LINE('',#5414,#5415);
#5414 = CARTESIAN_POINT('',(0.,129.54));
#5415 = VECTOR('',#5416,1.);
#5416 = DIRECTION('',(1.,0.));
#5417 = ( GEOMETRIC_REPRESENTATION_CONTEXT(2) 
PARAMETRIC_REPRESENTATION_CONTEXT() REPRESENTATION_CONTEXT('2D SPACE',''
  ) );
#5418 = PCURVE('',#5265,#5419);
#5419 = DEFINITIONAL_REPRESENTATION('',(#5420),#5424);
#5420 = LINE('',#5421,#5422);
#5421 = CARTESIAN_POINT('',(0.,-19.05));
#5422 = VECTOR('',#5423,1.);
#5423 = DIRECTION('',(1.,0.));
#5424 = ( GEOMETRIC_REPRESENTATION_CONTEXT(2) 
PARAMETRIC_REPRESENTATION_CONTEXT() REPRESENTATION_CONTEXT('2D SPACE',''
  ) );
#5425 = ORIENTED_EDGE('',*,*,#5426,.F.);
#5426 = EDGE_CURVE('',#5330,#5404,#5427,.T.);
#5427 = SURFACE_CURVE('',#5428,(#5432,#5439),.PCURVE_S1.);
#5428 = LINE('',#5429,#5430);
#5429 = CARTESIAN_POINT('',(64.77,9.525,-15.875));
#5430 = VECTOR('',#5431,1.);
#5431 = DIRECTION('',(0.,0.,1.));
#5432 = PCURVE('',#5184,#5433);
#5433 = DEFINITIONAL_REPRESENTATION('',(#5434),#5438);
#5434 = LINE('',#5435,#5436);
#5435 = CARTESIAN_POINT('',(0.,129.54));
#5436 = VECTOR('',#5437,1.);
#5437 = DIRECTION('',(1.,0.));
#5438 = ( GEOMETRIC_REPRESENTATION_CONTEXT(2) 
PARAMETRIC_REPRESENTATION_CONTEXT() REPRESENTATION_CONTEXT('2D SPACE',''
  ) );
#5439 = PCURVE('',#5293,#5440);
#5440 = DEFINITIONAL_REPRESENTATION('',(#5441),#5445);
#5441 = LINE('',#5442,#5443);
#5442 = CARTESIAN_POINT('',(0.,-19.05));
#5443 = VECTOR('',#5444,1.);
#5444 = DIRECTION('',(1.,0.));
#5445 = ( GEOMETRIC_REPRESENTATION_CONTEXT(2) 
PARAMETRIC_REPRESENTATION_CONTEXT() REPRESENTATION_CONTEXT('2D SPACE',''
  ) );
#5446 = ADVANCED_FACE('',(#5447,#5473),#5210,.T.);
#5447 = FACE_BOUND('',#5448,.T.);
#5448 = EDGE_LOOP('',(#5449,#5450,#5451,#5452));
#5449 = ORIENTED_EDGE('',*,*,#5380,.F.);
#5450 = ORIENTED_EDGE('',*,*,#5196,.F.);
#5451 = ORIENTED_EDGE('',*,*,#5226,.T.);
#5452 = ORIENTED_EDGE('',*,*,#5453,.T.);
#5453 = EDGE_CURVE('',#5227,#5381,#5454,.T.);
#5454 = SURFACE_CURVE('',#5455,(#5459,#5466),.PCURVE_S1.);
#5455 = LINE('',#5456,#5457);
#5456 = CARTESIAN_POINT('',(64.77,-9.525,15.875));
#5457 = VECTOR('',#5458,1.);
#5458 = DIRECTION('',(0.,1.,0.));
#5459 = PCURVE('',#5210,#5460);
#5460 = DEFINITIONAL_REPRESENTATION('',(#5461),#5465);
#5461 = LINE('',#5462,#5463);
#5462 = CARTESIAN_POINT('',(129.54,0.));
#5463 = VECTOR('',#5464,1.);
#5464 = DIRECTION('',(0.,1.));
#5465 = ( GEOMETRIC_REPRESENTATION_CONTEXT(2) 
PARAMETRIC_REPRESENTATION_CONTEXT() REPRESENTATION_CONTEXT('2D SPACE',''
  ) );
#5466 = PCURVE('',#5265,#5467);
#5467 = DEFINITIONAL_REPRESENTATION('',(#5468),#5472);
#5468 = LINE('',#5469,#5470);
#5469 = CARTESIAN_POINT('',(31.75,0.));
#5470 = VECTOR('',#5471,1.);
#5471 = DIRECTION('',(0.,-1.));
#5472 = ( GEOMETRIC_REPRESENTATION_CONTEXT(2) 
PARAMETRIC_REPRESENTATION_CONTEXT() REPRESENTATION_CONTEXT('2D SPACE',''
  ) );
#5473 = FACE_BOUND('',#5474,.T.);
#5474 = EDGE_LOOP('',(#5475));
#5475 = ORIENTED_EDGE('',*,*,#5476,.T.);
#5476 = EDGE_CURVE('',#5477,#5477,#5479,.T.);
#5477 = VERTEX_POINT('',#5478);
#5478 = CARTESIAN_POINT('',(60.8076,0.,15.875));
#5479 = SURFACE_CURVE('',#5480,(#5485,#5496),.PCURVE_S1.);
#5480 = CIRCLE('',#5481,2.3876);
#5481 = AXIS2_PLACEMENT_3D('',#5482,#5483,#5484);
#5482 = CARTESIAN_POINT('',(58.42,0.,15.875));
#5483 = DIRECTION('',(0.,0.,-1.));
#5484 = DIRECTION('',(1.,0.,0.));
#5485 = PCURVE('',#5210,#5486);
#5486 = DEFINITIONAL_REPRESENTATION('',(#5487),#5495);
#5487 = ( BOUNDED_CURVE() B_SPLINE_CURVE(2,(#5488,#5489,#5490,#5491,
#5492,#5493,#5494),.UNSPECIFIED.,.T.,.F.) B_SPLINE_CURVE_WITH_KNOTS((1,2
    ,2,2,2,1),(-2.094395102393,0.,2.094395102393,4.188790204786,
6.28318530718,8.377580409573),.UNSPECIFIED.) CURVE() 
GEOMETRIC_REPRESENTATION_ITEM() RATIONAL_B_SPLINE_CURVE((1.,0.5,1.,0.5,
1.,0.5,1.)) REPRESENTATION_ITEM('') );
#5488 = CARTESIAN_POINT('',(125.5776,9.525));
#5489 = CARTESIAN_POINT('',(125.5776,5.389555491849));
#5490 = CARTESIAN_POINT('',(121.9962,7.457277745924));
#5491 = CARTESIAN_POINT('',(118.4148,9.525));
#5492 = CARTESIAN_POINT('',(121.9962,11.592722254076));
#5493 = CARTESIAN_POINT('',(125.5776,13.660444508151));
#5494 = CARTESIAN_POINT('',(125.5776,9.525));
#5495 = ( GEOMETRIC_REPRESENTATION_CONTEXT(2) 
PARAMETRIC_REPRESENTATION_CONTEXT() REPRESENTATION_CONTEXT('2D SPACE',''
  ) );
#5496 = PCURVE('',#5497,#5502);
#5497 = CYLINDRICAL_SURFACE('',#5498,2.3876);
#5498 = AXIS2_PLACEMENT_3D('',#5499,#5500,#5501);
#5499 = CARTESIAN_POINT('',(58.42,0.,0.));
#5500 = DIRECTION('',(-0.,-0.,-1.));
#5501 = DIRECTION('',(1.,0.,0.));
#5502 = DEFINITIONAL_REPRESENTATION('',(#5503),#5506);
#5503 = B_SPLINE_CURVE_WITH_KNOTS('',1,(#5504,#5505),.UNSPECIFIED.,.F.,
  .F.,(2,2),(0.,6.28318530718),.PIECEWISE_BEZIER_KNOTS.);
#5504 = CARTESIAN_POINT('',(-6.28318530718,-15.875));
#5505 = CARTESIAN_POINT('',(0.,-15.875));
#5506 = ( GEOMETRIC_REPRESENTATION_CONTEXT(2) 
PARAMETRIC_REPRESENTATION_CONTEXT() REPRESENTATION_CONTEXT('2D SPACE',''
  ) );
#5507 = ADVANCED_FACE('',(#5508),#5293,.T.);
#5508 = FACE_BOUND('',#5509,.T.);
#5509 = EDGE_LOOP('',(#5510,#5511,#5512,#5513));
#5510 = ORIENTED_EDGE('',*,*,#5277,.F.);
#5511 = ORIENTED_EDGE('',*,*,#5354,.T.);
#5512 = ORIENTED_EDGE('',*,*,#5426,.T.);
#5513 = ORIENTED_EDGE('',*,*,#5514,.F.);
#5514 = EDGE_CURVE('',#5250,#5404,#5515,.T.);
#5515 = SURFACE_CURVE('',#5516,(#5521,#5528),.PCURVE_S1.);
#5516 = CIRCLE('',#5517,9.525);
#5517 = AXIS2_PLACEMENT_3D('',#5518,#5519,#5520);
#5518 = CARTESIAN_POINT('',(64.77,0.,0.));
#5519 = DIRECTION('',(1.,0.,0.));
#5520 = DIRECTION('',(0.,1.,0.));
#5521 = PCURVE('',#5293,#5522);
#5522 = DEFINITIONAL_REPRESENTATION('',(#5523),#5527);
#5523 = CIRCLE('',#5524,9.525);
#5524 = AXIS2_PLACEMENT_2D('',#5525,#5526);
#5525 = CARTESIAN_POINT('',(15.875,-9.525));
#5526 = DIRECTION('',(0.,-1.));
#5527 = ( GEOMETRIC_REPRESENTATION_CONTEXT(2) 
PARAMETRIC_REPRESENTATION_CONTEXT() REPRESENTATION_CONTEXT('2D SPACE',''
  ) );
#5528 = PCURVE('',#5529,#5534);
#5529 = CYLINDRICAL_SURFACE('',#5530,9.525);
#5530 = AXIS2_PLACEMENT_3D('',#5531,#5532,#5533);
#5531 = CARTESIAN_POINT('',(64.77,0.,0.));
#5532 = DIRECTION('',(-1.,-0.,-0.));
#5533 = DIRECTION('',(0.,1.,0.));
#5534 = DEFINITIONAL_REPRESENTATION('',(#5535),#5538);
#5535 = B_SPLINE_CURVE_WITH_KNOTS('',1,(#5536,#5537),.UNSPECIFIED.,.F.,
  .F.,(2,2),(3.14159265359,6.28318530718),.PIECEWISE_BEZIER_KNOTS.);
#5536 = CARTESIAN_POINT('',(-3.14159265359,0.));
#5537 = CARTESIAN_POINT('',(-6.28318530718,0.));
#5538 = ( GEOMETRIC_REPRESENTATION_CONTEXT(2) 
PARAMETRIC_REPRESENTATION_CONTEXT() REPRESENTATION_CONTEXT('2D SPACE',''
  ) );
#5539 = ADVANCED_FACE('',(#5540),#5265,.T.);
#5540 = FACE_BOUND('',#5541,.T.);
#5541 = EDGE_LOOP('',(#5542,#5543,#5564,#5565));
#5542 = ORIENTED_EDGE('',*,*,#5249,.F.);
#5543 = ORIENTED_EDGE('',*,*,#5544,.F.);
#5544 = EDGE_CURVE('',#5404,#5250,#5545,.T.);
#5545 = SURFACE_CURVE('',#5546,(#5551,#5558),.PCURVE_S1.);
#5546 = CIRCLE('',#5547,9.525);
#5547 = AXIS2_PLACEMENT_3D('',#5548,#5549,#5550);
#5548 = CARTESIAN_POINT('',(64.77,0.,0.));
#5549 = DIRECTION('',(1.,0.,0.));
#5550 = DIRECTION('',(0.,1.,0.));
#5551 = PCURVE('',#5265,#5552);
#5552 = DEFINITIONAL_REPRESENTATION('',(#5553),#5557);
#5553 = CIRCLE('',#5554,9.525);
#5554 = AXIS2_PLACEMENT_2D('',#5555,#5556);
#5555 = CARTESIAN_POINT('',(15.875,-9.525));
#5556 = DIRECTION('',(0.,-1.));
#5557 = ( GEOMETRIC_REPRESENTATION_CONTEXT(2) 
PARAMETRIC_REPRESENTATION_CONTEXT() REPRESENTATION_CONTEXT('2D SPACE',''
  ) );
#5558 = PCURVE('',#5529,#5559);
#5559 = DEFINITIONAL_REPRESENTATION('',(#5560),#5563);
#5560 = B_SPLINE_CURVE_WITH_KNOTS('',1,(#5561,#5562),.UNSPECIFIED.,.F.,
  .F.,(2,2),(0.,3.14159265359),.PIECEWISE_BEZIER_KNOTS.);
#5561 = CARTESIAN_POINT('',(0.,0.));
#5562 = CARTESIAN_POINT('',(-3.14159265359,0.));
#5563 = ( GEOMETRIC_REPRESENTATION_CONTEXT(2) 
PARAMETRIC_REPRESENTATION_CONTEXT() REPRESENTATION_CONTEXT('2D SPACE',''
  ) );
#5564 = ORIENTED_EDGE('',*,*,#5403,.T.);
#5565 = ORIENTED_EDGE('',*,*,#5453,.F.);
#5566 = ADVANCED_FACE('',(#5567),#5497,.F.);
#5567 = FACE_BOUND('',#5568,.T.);
#5568 = EDGE_LOOP('',(#5569,#5659,#5678,#5679,#5680,#5745,#5772,#5800));
#5569 = ORIENTED_EDGE('',*,*,#5570,.F.);
#5570 = EDGE_CURVE('',#5571,#5573,#5575,.T.);
#5571 = VERTEX_POINT('',#5572);
#5572 = CARTESIAN_POINT('',(60.8076,0.,3.175));
#5573 = VERTEX_POINT('',#5574);
#5574 = CARTESIAN_POINT('',(58.42,2.3876,2.0928428608));
#5575 = SURFACE_CURVE('',#5576,(#5600,#5627),.PCURVE_S1.);
#5576 = B_SPLINE_CURVE_WITH_KNOTS('',8,(#5577,#5578,#5579,#5580,#5581,
    #5582,#5583,#5584,#5585,#5586,#5587,#5588,#5589,#5590,#5591,#5592,
    #5593,#5594,#5595,#5596,#5597,#5598,#5599),.UNSPECIFIED.,.F.,.F.,(9,
    7,7,9),(0.,0.601785221023,0.89201095106,1.),.UNSPECIFIED.);
#5577 = CARTESIAN_POINT('',(60.8076,-1.951903300821E-16,3.175));
#5578 = CARTESIAN_POINT('',(60.8076,0.266748392518,3.175));
#5579 = CARTESIAN_POINT('',(60.773544970771,0.525847100664,
    3.149390040123));
#5580 = CARTESIAN_POINT('',(60.708819920999,0.780065593524,
    3.100721454439));
#5581 = CARTESIAN_POINT('',(60.612148265112,1.028864160722,3.02889215943
    ));
#5582 = CARTESIAN_POINT('',(60.482109650334,1.26882409729,2.934293563586
    ));
#5583 = CARTESIAN_POINT('',(60.318382129555,1.493066879253,
    2.819655353789));
#5584 = CARTESIAN_POINT('',(60.124922064461,1.694593687314,2.69352977668
    ));
#5585 = CARTESIAN_POINT('',(59.801465404674,1.951992900198,
    2.506207687747));
#5586 = CARTESIAN_POINT('',(59.689122123071,2.030327832328,
    2.444422554055));
#5587 = CARTESIAN_POINT('',(59.569772047411,2.102541006575,
    2.382946313316));
#5588 = CARTESIAN_POINT('',(59.44368488535,2.167793131225,2.323267223313
    ));
#5589 = CARTESIAN_POINT('',(59.311224987131,2.225261977148,
    2.267217391142));
#5590 = CARTESIAN_POINT('',(59.172760258849,2.274183732369,
    2.216908815276));
#5591 = CARTESIAN_POINT('',(59.028558804998,2.313788336913,2.17460318626
    ));
#5592 = CARTESIAN_POINT('',(58.822902941469,2.354045984607,
    2.130576034052));
#5593 = CARTESIAN_POINT('',(58.766460396399,2.363517629918,
    2.120074353519));
#5594 = CARTESIAN_POINT('',(58.709465778682,2.371487048403,
    2.111141461516));
#5595 = CARTESIAN_POINT('',(58.652033047398,2.377908743936,
    2.103883372759));
#5596 = CARTESIAN_POINT('',(58.594270007107,2.382748409702,
    2.098381059575));
#5597 = CARTESIAN_POINT('',(58.536278307851,2.385982928199,
    2.094690451898));
#5598 = CARTESIAN_POINT('',(58.478153445148,2.387600371241,
    2.092842437273));
#5599 = CARTESIAN_POINT('',(58.41998476,2.387599999951,2.092842860855));
#5600 = PCURVE('',#5497,#5601);
#5601 = DEFINITIONAL_REPRESENTATION('',(#5602),#5626);
#5602 = B_SPLINE_CURVE_WITH_KNOTS('',8,(#5603,#5604,#5605,#5606,#5607,
    #5608,#5609,#5610,#5611,#5612,#5613,#5614,#5615,#5616,#5617,#5618,
    #5619,#5620,#5621,#5622,#5623,#5624,#5625),.UNSPECIFIED.,.F.,.F.,(9,
    7,7,9),(0.,0.601785221023,0.89201095106,0.999996463404),
  .UNSPECIFIED.);
#5603 = CARTESIAN_POINT('',(0.,-3.175));
#5604 = CARTESIAN_POINT('',(-0.111722395928,-3.175));
#5605 = CARTESIAN_POINT('',(-0.220243362138,-3.149390040122));
#5606 = CARTESIAN_POINT('',(-0.328828215228,-3.10072145444));
#5607 = CARTESIAN_POINT('',(-0.438941989099,-3.02889215943));
#5608 = CARTESIAN_POINT('',(-0.551316411886,-2.934293563586));
#5609 = CARTESIAN_POINT('',(-0.665871674015,-2.819655353789));
#5610 = CARTESIAN_POINT('',(-0.781833111013,-2.69352977668));
#5611 = CARTESIAN_POINT('',(-0.954967055898,-2.506207687747));
#5612 = CARTESIAN_POINT('',(-1.012215442539,-2.444422554055));
#5613 = CARTESIAN_POINT('',(-1.070432113918,-2.382946313316));
#5614 = CARTESIAN_POINT('',(-1.129627526533,-2.323267223313));
#5615 = CARTESIAN_POINT('',(-1.189816185493,-2.267217391142));
#5616 = CARTESIAN_POINT('',(-1.25106138313,-2.216908815276));
#5617 = CARTESIAN_POINT('',(-1.313520122482,-2.17460318626));
#5618 = CARTESIAN_POINT('',(-1.401289107805,-2.130576425063));
#5619 = CARTESIAN_POINT('',(-1.425249532427,-2.120075041371));
#5620 = CARTESIAN_POINT('',(-1.449337011275,-2.111142339166));
#5621 = CARTESIAN_POINT('',(-1.473522673193,-2.103884323568));
#5622 = CARTESIAN_POINT('',(-1.49778126412,-2.098381960586));
#5623 = CARTESIAN_POINT('',(-1.522091147093,-2.094691177122));
#5624 = CARTESIAN_POINT('',(-1.546434302242,-2.092842860966));
#5625 = CARTESIAN_POINT('',(-1.570796326795,-2.0928428608));
#5626 = ( GEOMETRIC_REPRESENTATION_CONTEXT(2) 
PARAMETRIC_REPRESENTATION_CONTEXT() REPRESENTATION_CONTEXT('2D SPACE',''
  ) );
#5627 = PCURVE('',#5628,#5633);
#5628 = CYLINDRICAL_SURFACE('',#5629,3.175);
#5629 = AXIS2_PLACEMENT_3D('',#5630,#5631,#5632);
#5630 = CARTESIAN_POINT('',(58.42,0.,0.));
#5631 = DIRECTION('',(-1.,-0.,-0.));
#5632 = DIRECTION('',(0.,1.,0.));
#5633 = DEFINITIONAL_REPRESENTATION('',(#5634),#5658);
#5634 = B_SPLINE_CURVE_WITH_KNOTS('',8,(#5635,#5636,#5637,#5638,#5639,
    #5640,#5641,#5642,#5643,#5644,#5645,#5646,#5647,#5648,#5649,#5650,
    #5651,#5652,#5653,#5654,#5655,#5656,#5657),.UNSPECIFIED.,.F.,.F.,(9,
    7,7,9),(0.,0.601785221023,0.89201095106,0.999996463404),
  .UNSPECIFIED.);
#5635 = CARTESIAN_POINT('',(-1.570796326795,-2.3876));
#5636 = CARTESIAN_POINT('',(-1.486781085057,-2.3876));
#5637 = CARTESIAN_POINT('',(-1.405174022401,-2.35354497077));
#5638 = CARTESIAN_POINT('',(-1.32420839285,-2.288819921001));
#5639 = CARTESIAN_POINT('',(-1.243332006948,-2.192148265109));
#5640 = CARTESIAN_POINT('',(-1.162847433129,-2.062109650336));
#5641 = CARTESIAN_POINT('',(-1.084029074739,-1.898382129555));
#5642 = CARTESIAN_POINT('',(-1.009331986438,-1.704922064461));
#5643 = CARTESIAN_POINT('',(-0.909065656345,-1.381465404674));
#5644 = CARTESIAN_POINT('',(-0.877665595773,-1.269122123071));
#5645 = CARTESIAN_POINT('',(-0.847830508595,-1.149772047411));
#5646 = CARTESIAN_POINT('',(-0.820010015457,-1.02368488535));
#5647 = CARTESIAN_POINT('',(-0.794744823252,-0.891224987131));
#5648 = CARTESIAN_POINT('',(-0.772650161266,-0.752760258849));
#5649 = CARTESIAN_POINT('',(-0.754398924755,-0.608558804998));
#5650 = CARTESIAN_POINT('',(-0.735609193163,-0.402904767924));
#5651 = CARTESIAN_POINT('',(-0.731155147897,-0.346464093338));
#5652 = CARTESIAN_POINT('',(-0.727384873819,-0.28947137833));
#5653 = CARTESIAN_POINT('',(-0.724332687842,-0.232040570987));
#5654 = CARTESIAN_POINT('',(-0.7220247401,-0.174279465681));
#5655 = CARTESIAN_POINT('',(-0.720479013955,-0.116289703071));
#5656 = CARTESIAN_POINT('',(-0.719705325993,-5.816677010028E-02));
#5657 = CARTESIAN_POINT('',(-0.719705326025,9.878308718567E-15));
#5658 = ( GEOMETRIC_REPRESENTATION_CONTEXT(2) 
PARAMETRIC_REPRESENTATION_CONTEXT() REPRESENTATION_CONTEXT('2D SPACE',''
  ) );
#5659 = ORIENTED_EDGE('',*,*,#5660,.T.);
#5660 = EDGE_CURVE('',#5571,#5477,#5661,.T.);
#5661 = SEAM_CURVE('',#5662,(#5666,#5672),.PCURVE_S1.);
#5662 = LINE('',#5663,#5664);
#5663 = CARTESIAN_POINT('',(60.8076,0.,0.));
#5664 = VECTOR('',#5665,1.);
#5665 = DIRECTION('',(0.,0.,1.));
#5666 = PCURVE('',#5497,#5667);
#5667 = DEFINITIONAL_REPRESENTATION('',(#5668),#5671);
#5668 = B_SPLINE_CURVE_WITH_KNOTS('',1,(#5669,#5670),.UNSPECIFIED.,.F.,
  .F.,(2,2),(3.175,15.875),.PIECEWISE_BEZIER_KNOTS.);
#5669 = CARTESIAN_POINT('',(-6.28318530718,-3.175));
#5670 = CARTESIAN_POINT('',(-6.28318530718,-15.875));
#5671 = ( GEOMETRIC_REPRESENTATION_CONTEXT(2) 
PARAMETRIC_REPRESENTATION_CONTEXT() REPRESENTATION_CONTEXT('2D SPACE',''
  ) );
#5672 = PCURVE('',#5497,#5673);
#5673 = DEFINITIONAL_REPRESENTATION('',(#5674),#5677);
#5674 = B_SPLINE_CURVE_WITH_KNOTS('',1,(#5675,#5676),.UNSPECIFIED.,.F.,
  .F.,(2,2),(3.175,15.875),.PIECEWISE_BEZIER_KNOTS.);
#5675 = CARTESIAN_POINT('',(0.,-3.175));
#5676 = CARTESIAN_POINT('',(0.,-15.875));
#5677 = ( GEOMETRIC_REPRESENTATION_CONTEXT(2) 
PARAMETRIC_REPRESENTATION_CONTEXT() REPRESENTATION_CONTEXT('2D SPACE',''
  ) );
#5678 = ORIENTED_EDGE('',*,*,#5476,.F.);
#5679 = ORIENTED_EDGE('',*,*,#5660,.F.);
#5680 = ORIENTED_EDGE('',*,*,#5681,.F.);
#5681 = EDGE_CURVE('',#5682,#5571,#5684,.T.);
#5682 = VERTEX_POINT('',#5683);
#5683 = CARTESIAN_POINT('',(58.42,-2.3876,2.0928428608));
#5684 = SURFACE_CURVE('',#5685,(#5703,#5724),.PCURVE_S1.);
#5685 = B_SPLINE_CURVE_WITH_KNOTS('',6,(#5686,#5687,#5688,#5689,#5690,
    #5691,#5692,#5693,#5694,#5695,#5696,#5697,#5698,#5699,#5700,#5701,
    #5702),.UNSPECIFIED.,.F.,.F.,(7,5,5,7),(0.,0.234222141282,
    0.525072184599,1.),.UNSPECIFIED.);
#5686 = CARTESIAN_POINT('',(58.41998476,-2.387599999951,2.092842860855)
  );
#5687 = CARTESIAN_POINT('',(58.589715205454,-2.387601083337,
    2.092841624885));
#5688 = CARTESIAN_POINT('',(58.757166965466,-2.373120969828,
    2.109358185386));
#5689 = CARTESIAN_POINT('',(58.921223722456,-2.344903422901,
    2.141563609482));
#5690 = CARTESIAN_POINT('',(59.080531993089,-2.303586172906,
    2.186938879131));
#5691 = CARTESIAN_POINT('',(59.232635663718,-2.25038244831,
    2.241361429245));
#5692 = CARTESIAN_POINT('',(59.550729807202,-2.111643050906,
    2.373360673642));
#5693 = CARTESIAN_POINT('',(59.715249188694,-2.019626629529,
    2.45504028189));
#5694 = CARTESIAN_POINT('',(59.867144827236,-1.914677017531,
    2.539627859229));
#5695 = CARTESIAN_POINT('',(60.005549279027,-1.799046968066,
    2.622614376148));
#5696 = CARTESIAN_POINT('',(60.130892684917,-1.674562587864,
    2.701829728979));
#5697 = CARTESIAN_POINT('',(60.428492920883,-1.322268204671,
    2.897356439162));
#5698 = CARTESIAN_POINT('',(60.579923824628,-1.079307671978,
    3.005226486173));
#5699 = CARTESIAN_POINT('',(60.693679831784,-0.819401907455,
    3.089370320298));
#5700 = CARTESIAN_POINT('',(60.76900328736,-0.550679169495,
    3.145964287498));
#5701 = CARTESIAN_POINT('',(60.8076,-0.277094984812,3.175));
#5702 = CARTESIAN_POINT('',(60.8076,-3.524958103185E-16,3.175));
#5703 = PCURVE('',#5497,#5704);
#5704 = DEFINITIONAL_REPRESENTATION('',(#5705),#5723);
#5705 = B_SPLINE_CURVE_WITH_KNOTS('',6,(#5706,#5707,#5708,#5709,#5710,
    #5711,#5712,#5713,#5714,#5715,#5716,#5717,#5718,#5719,#5720,#5721,
    #5722),.UNSPECIFIED.,.F.,.F.,(7,5,5,7),(3.50511386544E-06,
    0.234222141282,0.525072184599,1.),.UNSPECIFIED.);
#5706 = CARTESIAN_POINT('',(-4.712388980385,-2.0928428608));
#5707 = CARTESIAN_POINT('',(-4.783476153653,-2.092842860764));
#5708 = CARTESIAN_POINT('',(-4.853608624963,-2.109360113209));
#5709 = CARTESIAN_POINT('',(-4.922967899105,-2.141565646599));
#5710 = CARTESIAN_POINT('',(-4.991537071535,-2.18694050799));
#5711 = CARTESIAN_POINT('',(-5.058837230945,-2.241362310405));
#5712 = CARTESIAN_POINT('',(-5.204184671847,-2.373360673642));
#5713 = CARTESIAN_POINT('',(-5.282753093381,-2.45504028189));
#5714 = CARTESIAN_POINT('',(-5.359571974832,-2.539627859229));
#5715 = CARTESIAN_POINT('',(-5.434678648472,-2.622614376148));
#5716 = CARTESIAN_POINT('',(-5.508386778943,-2.701829728979));
#5717 = CARTESIAN_POINT('',(-5.701538654819,-2.897356439162));
#5718 = CARTESIAN_POINT('',(-5.820203547201,-3.005226486173));
#5719 = CARTESIAN_POINT('',(-5.937195650695,-3.089370320298));
#5720 = CARTESIAN_POINT('',(-6.052539924211,-3.145964287498));
#5721 = CARTESIAN_POINT('',(-6.167129441535,-3.175));
#5722 = CARTESIAN_POINT('',(-6.28318530718,-3.175));
#5723 = ( GEOMETRIC_REPRESENTATION_CONTEXT(2) 
PARAMETRIC_REPRESENTATION_CONTEXT() REPRESENTATION_CONTEXT('2D SPACE',''
  ) );
#5724 = PCURVE('',#5628,#5725);
#5725 = DEFINITIONAL_REPRESENTATION('',(#5726),#5744);
#5726 = B_SPLINE_CURVE_WITH_KNOTS('',6,(#5727,#5728,#5729,#5730,#5731,
    #5732,#5733,#5734,#5735,#5736,#5737,#5738,#5739,#5740,#5741,#5742,
    #5743),.UNSPECIFIED.,.F.,.F.,(7,5,5,7),(3.50511386544E-06,
    0.234222141282,0.525072184599,1.),.UNSPECIFIED.);
#5727 = CARTESIAN_POINT('',(-2.421887327565,-1.870859881809E-15));
#5728 = CARTESIAN_POINT('',(-2.421887327586,-0.169727734951));
#5729 = CARTESIAN_POINT('',(-2.414969469791,-0.337176785839));
#5730 = CARTESIAN_POINT('',(-2.401480312143,-0.501230874554));
#5731 = CARTESIAN_POINT('',(-2.382163291036,-0.660536545523));
#5732 = CARTESIAN_POINT('',(-2.35820892974,-0.812637787152));
#5733 = CARTESIAN_POINT('',(-2.297894231192,-1.130729807202));
#5734 = CARTESIAN_POINT('',(-2.259163974419,-1.295249188694));
#5735 = CARTESIAN_POINT('',(-2.216789937501,-1.447144827236));
#5736 = CARTESIAN_POINT('',(-2.172066783031,-1.585549279027));
#5737 = CARTESIAN_POINT('',(-2.125676429508,-1.710892684917));
#5738 = CARTESIAN_POINT('',(-1.998773469457,-2.008492920883));
#5739 = CARTESIAN_POINT('',(-1.915377277081,-2.159923824628));
#5740 = CARTESIAN_POINT('',(-1.83006670898,-2.273679831784));
#5741 = CARTESIAN_POINT('',(-1.744240573741,-2.34900328736));
#5742 = CARTESIAN_POINT('',(-1.658070337759,-2.3876));
#5743 = CARTESIAN_POINT('',(-1.570796326795,-2.3876));
#5744 = ( GEOMETRIC_REPRESENTATION_CONTEXT(2) 
PARAMETRIC_REPRESENTATION_CONTEXT() REPRESENTATION_CONTEXT('2D SPACE',''
  ) );
#5745 = ORIENTED_EDGE('',*,*,#5746,.T.);
#5746 = EDGE_CURVE('',#5682,#5747,#5749,.T.);
#5747 = VERTEX_POINT('',#5748);
#5748 = CARTESIAN_POINT('',(58.42,-2.3876,0.));
#5749 = SURFACE_CURVE('',#5750,(#5754,#5760),.PCURVE_S1.);
#5750 = LINE('',#5751,#5752);
#5751 = CARTESIAN_POINT('',(58.42,-2.3876,0.));
#5752 = VECTOR('',#5753,1.);
#5753 = DIRECTION('',(-0.,-0.,-1.));
#5754 = PCURVE('',#5497,#5755);
#5755 = DEFINITIONAL_REPRESENTATION('',(#5756),#5759);
#5756 = B_SPLINE_CURVE_WITH_KNOTS('',1,(#5757,#5758),.UNSPECIFIED.,.F.,
  .F.,(2,2),(-2.0928428608,0.),.PIECEWISE_BEZIER_KNOTS.);
#5757 = CARTESIAN_POINT('',(-4.712388980385,-2.0928428608));
#5758 = CARTESIAN_POINT('',(-4.712388980385,0.));
#5759 = ( GEOMETRIC_REPRESENTATION_CONTEXT(2) 
PARAMETRIC_REPRESENTATION_CONTEXT() REPRESENTATION_CONTEXT('2D SPACE',''
  ) );
#5760 = PCURVE('',#5761,#5766);
#5761 = PLANE('',#5762);
#5762 = AXIS2_PLACEMENT_3D('',#5763,#5764,#5765);
#5763 = CARTESIAN_POINT('',(58.42,-2.035135509756E-16,6.067247740634E-18
    ));
#5764 = DIRECTION('',(1.,0.,0.));
#5765 = DIRECTION('',(-0.,0.,1.));
#5766 = DEFINITIONAL_REPRESENTATION('',(#5767),#5771);
#5767 = LINE('',#5768,#5769);
#5768 = CARTESIAN_POINT('',(-6.067247740634E-18,2.3876));
#5769 = VECTOR('',#5770,1.);
#5770 = DIRECTION('',(-1.,0.));
#5771 = ( GEOMETRIC_REPRESENTATION_CONTEXT(2) 
PARAMETRIC_REPRESENTATION_CONTEXT() REPRESENTATION_CONTEXT('2D SPACE',''
  ) );
#5772 = ORIENTED_EDGE('',*,*,#5773,.F.);
#5773 = EDGE_CURVE('',#5774,#5747,#5776,.T.);
#5774 = VERTEX_POINT('',#5775);
#5775 = CARTESIAN_POINT('',(58.42,2.3876,0.));
#5776 = SURFACE_CURVE('',#5777,(#5782,#5788),.PCURVE_S1.);
#5777 = CIRCLE('',#5778,2.3876);
#5778 = AXIS2_PLACEMENT_3D('',#5779,#5780,#5781);
#5779 = CARTESIAN_POINT('',(58.42,0.,0.));
#5780 = DIRECTION('',(0.,0.,1.));
#5781 = DIRECTION('',(1.,0.,0.));
#5782 = PCURVE('',#5497,#5783);
#5783 = DEFINITIONAL_REPRESENTATION('',(#5784),#5787);
#5784 = B_SPLINE_CURVE_WITH_KNOTS('',1,(#5785,#5786),.UNSPECIFIED.,.F.,
  .F.,(2,2),(1.570796326795,4.712388980385),.PIECEWISE_BEZIER_KNOTS.);
#5785 = CARTESIAN_POINT('',(-1.570796326795,0.));
#5786 = CARTESIAN_POINT('',(-4.712388980385,0.));
#5787 = ( GEOMETRIC_REPRESENTATION_CONTEXT(2) 
PARAMETRIC_REPRESENTATION_CONTEXT() REPRESENTATION_CONTEXT('2D SPACE',''
  ) );
#5788 = PCURVE('',#5789,#5794);
#5789 = PLANE('',#5790);
#5790 = AXIS2_PLACEMENT_3D('',#5791,#5792,#5793);
#5791 = CARTESIAN_POINT('',(58.42,8.295425810653E-17,0.));
#5792 = DIRECTION('',(0.,0.,1.));
#5793 = DIRECTION('',(1.,0.,-0.));
#5794 = DEFINITIONAL_REPRESENTATION('',(#5795),#5799);
#5795 = CIRCLE('',#5796,2.3876);
#5796 = AXIS2_PLACEMENT_2D('',#5797,#5798);
#5797 = CARTESIAN_POINT('',(1.42108547152E-14,-8.295425810653E-17));
#5798 = DIRECTION('',(1.,0.));
#5799 = ( GEOMETRIC_REPRESENTATION_CONTEXT(2) 
PARAMETRIC_REPRESENTATION_CONTEXT() REPRESENTATION_CONTEXT('2D SPACE',''
  ) );
#5800 = ORIENTED_EDGE('',*,*,#5801,.F.);
#5801 = EDGE_CURVE('',#5573,#5774,#5802,.T.);
#5802 = SURFACE_CURVE('',#5803,(#5807,#5813),.PCURVE_S1.);
#5803 = LINE('',#5804,#5805);
#5804 = CARTESIAN_POINT('',(58.42,2.3876,0.));
#5805 = VECTOR('',#5806,1.);
#5806 = DIRECTION('',(-0.,-0.,-1.));
#5807 = PCURVE('',#5497,#5808);
#5808 = DEFINITIONAL_REPRESENTATION('',(#5809),#5812);
#5809 = B_SPLINE_CURVE_WITH_KNOTS('',1,(#5810,#5811),.UNSPECIFIED.,.F.,
  .F.,(2,2),(-2.0928428608,0.),.PIECEWISE_BEZIER_KNOTS.);
#5810 = CARTESIAN_POINT('',(-1.570796326795,-2.0928428608));
#5811 = CARTESIAN_POINT('',(-1.570796326795,0.));
#5812 = ( GEOMETRIC_REPRESENTATION_CONTEXT(2) 
PARAMETRIC_REPRESENTATION_CONTEXT() REPRESENTATION_CONTEXT('2D SPACE',''
  ) );
#5813 = PCURVE('',#5761,#5814);
#5814 = DEFINITIONAL_REPRESENTATION('',(#5815),#5819);
#5815 = LINE('',#5816,#5817);
#5816 = CARTESIAN_POINT('',(-6.067247740634E-18,-2.3876));
#5817 = VECTOR('',#5818,1.);
#5818 = DIRECTION('',(-1.,0.));
#5819 = ( GEOMETRIC_REPRESENTATION_CONTEXT(2) 
PARAMETRIC_REPRESENTATION_CONTEXT() REPRESENTATION_CONTEXT('2D SPACE',''
  ) );
#5820 = ADVANCED_FACE('',(#5821,#6147),#5529,.T.);
#5821 = FACE_BOUND('',#5822,.F.);
#5822 = EDGE_LOOP('',(#5823,#5892,#5913,#5941,#5968,#6000,#6022,#6043,
    #6044,#6125,#6144,#6145,#6146));
#5823 = ORIENTED_EDGE('',*,*,#5824,.F.);
#5824 = EDGE_CURVE('',#5825,#5827,#5829,.T.);
#5825 = VERTEX_POINT('',#5826);
#5826 = CARTESIAN_POINT('',(90.01125,9.525,0.));
#5827 = VERTEX_POINT('',#5828);
#5828 = CARTESIAN_POINT('',(85.24875,9.525,0.));
#5829 = SURFACE_CURVE('',#5830,(#5847,#5867),.PCURVE_S1.);
#5830 = B_SPLINE_CURVE_WITH_KNOTS('',8,(#5831,#5832,#5833,#5834,#5835,
    #5836,#5837,#5838,#5839,#5840,#5841,#5842,#5843,#5844,#5845,#5846),
  .UNSPECIFIED.,.F.,.F.,(9,7,9),(0.,0.499887560512,1.),.UNSPECIFIED.);
#5831 = CARTESIAN_POINT('',(90.01125,9.525,-2.91619019047E-16));
#5832 = CARTESIAN_POINT('',(90.01125,9.525,0.45669949772));
#5833 = CARTESIAN_POINT('',(89.91112601491,9.499971129602,0.923045603978
    ));
#5834 = CARTESIAN_POINT('',(89.703643222064,9.448086265151,
    1.364037737436));
#5835 = CARTESIAN_POINT('',(89.399913815138,9.37773157974,1.749931691913
    ));
#5836 = CARTESIAN_POINT('',(89.017995660467,9.306203568921,
    2.057167204498));
#5837 = CARTESIAN_POINT('',(88.580214733185,9.250986349869,
    2.271095298635));
#5838 = CARTESIAN_POINT('',(88.109087404023,9.222541593156,2.38125));
#5839 = CARTESIAN_POINT('',(87.150697074142,9.222541593156,2.38125));
#5840 = CARTESIAN_POINT('',(86.679516761462,9.251012211959,
    2.270996686082));
#5841 = CARTESIAN_POINT('',(86.241823301418,9.30624505607,2.057003263924
    ));
#5842 = CARTESIAN_POINT('',(85.860032293773,9.377752374548,
    1.749797587069));
#5843 = CARTESIAN_POINT('',(85.556406878562,9.448074704089,
    1.364010313816));
#5844 = CARTESIAN_POINT('',(85.348964395792,9.499948328559,
    0.923159276863));
#5845 = CARTESIAN_POINT('',(85.24875,9.525,0.456908921768));
#5846 = CARTESIAN_POINT('',(85.24875,9.525,4.374285285704E-16));
#5847 = PCURVE('',#5529,#5848);
#5848 = DEFINITIONAL_REPRESENTATION('',(#5849),#5866);
#5849 = B_SPLINE_CURVE_WITH_KNOTS('',8,(#5850,#5851,#5852,#5853,#5854,
    #5855,#5856,#5857,#5858,#5859,#5860,#5861,#5862,#5863,#5864,#5865),
  .UNSPECIFIED.,.F.,.F.,(9,7,9),(0.,0.499887560512,1.),.UNSPECIFIED.);
#5850 = CARTESIAN_POINT('',(0.,-25.24125));
#5851 = CARTESIAN_POINT('',(-4.794745382882E-02,-25.24125));
#5852 = CARTESIAN_POINT('',(-9.690806162441E-02,-25.14112601491));
#5853 = CARTESIAN_POINT('',(-0.143372285185,-24.93364322206));
#5854 = CARTESIAN_POINT('',(-0.18442544683,-24.62991381513));
#5855 = CARTESIAN_POINT('',(-0.217542393338,-24.24799566046));
#5856 = CARTESIAN_POINT('',(-0.240735748817,-23.81021473318));
#5857 = CARTESIAN_POINT('',(-0.252680255142,-23.33908740402));
#5858 = CARTESIAN_POINT('',(-0.252680255142,-22.38069707414));
#5859 = CARTESIAN_POINT('',(-0.240724999846,-21.90951676146));
#5860 = CARTESIAN_POINT('',(-0.217524743413,-21.47182330141));
#5861 = CARTESIAN_POINT('',(-0.184411183615,-21.09003229377));
#5862 = CARTESIAN_POINT('',(-0.143369748613,-20.78640687856));
#5863 = CARTESIAN_POINT('',(-9.691996568658E-02,-20.57896439579));
#5864 = CARTESIAN_POINT('',(-4.796944060561E-02,-20.47875));
#5865 = CARTESIAN_POINT('',(0.,-20.47875));
#5866 = ( GEOMETRIC_REPRESENTATION_CONTEXT(2) 
PARAMETRIC_REPRESENTATION_CONTEXT() REPRESENTATION_CONTEXT('2D SPACE',''
  ) );
#5867 = PCURVE('',#5868,#5873);
#5868 = CYLINDRICAL_SURFACE('',#5869,2.38125);
#5869 = AXIS2_PLACEMENT_3D('',#5870,#5871,#5872);
#5870 = CARTESIAN_POINT('',(87.63,0.,0.));
#5871 = DIRECTION('',(0.,-1.,0.));
#5872 = DIRECTION('',(1.,0.,0.));
#5873 = DEFINITIONAL_REPRESENTATION('',(#5874),#5891);
#5874 = B_SPLINE_CURVE_WITH_KNOTS('',8,(#5875,#5876,#5877,#5878,#5879,
    #5880,#5881,#5882,#5883,#5884,#5885,#5886,#5887,#5888,#5889,#5890),
  .UNSPECIFIED.,.F.,.F.,(9,7,9),(0.,0.499887560512,1.),.UNSPECIFIED.);
#5875 = CARTESIAN_POINT('',(0.,-9.525));
#5876 = CARTESIAN_POINT('',(0.191789815315,-9.525));
#5877 = CARTESIAN_POINT('',(0.38762720034,-9.499971129602));
#5878 = CARTESIAN_POINT('',(0.583596421022,-9.448086265151));
#5879 = CARTESIAN_POINT('',(0.779703907286,-9.37773157974));
#5880 = CARTESIAN_POINT('',(0.975467181388,-9.306203568921));
#5881 = CARTESIAN_POINT('',(1.171762830203,-9.250986349869));
#5882 = CARTESIAN_POINT('',(1.369604766051,-9.222541593156));
#5883 = CARTESIAN_POINT('',(1.772078395397,-9.222541593156));
#5884 = CARTESIAN_POINT('',(1.969941696684,-9.251012211959));
#5885 = CARTESIAN_POINT('',(2.166219899591,-9.30624505607));
#5886 = CARTESIAN_POINT('',(2.361940861967,-9.377752374548));
#5887 = CARTESIAN_POINT('',(2.55799425231,-9.448074704089));
#5888 = CARTESIAN_POINT('',(2.753917460796,-9.499948328559));
#5889 = CARTESIAN_POINT('',(2.949714891167,-9.525));
#5890 = CARTESIAN_POINT('',(3.14159265359,-9.525));
#5891 = ( GEOMETRIC_REPRESENTATION_CONTEXT(2) 
PARAMETRIC_REPRESENTATION_CONTEXT() REPRESENTATION_CONTEXT('2D SPACE',''
  ) );
#5892 = ORIENTED_EDGE('',*,*,#5893,.T.);
#5893 = EDGE_CURVE('',#5825,#5894,#5896,.T.);
#5894 = VERTEX_POINT('',#5895);
#5895 = CARTESIAN_POINT('',(96.52,9.525,0.));
#5896 = SEAM_CURVE('',#5897,(#5901,#5907),.PCURVE_S1.);
#5897 = LINE('',#5898,#5899);
#5898 = CARTESIAN_POINT('',(64.77,9.525,0.));
#5899 = VECTOR('',#5900,1.);
#5900 = DIRECTION('',(1.,0.,0.));
#5901 = PCURVE('',#5529,#5902);
#5902 = DEFINITIONAL_REPRESENTATION('',(#5903),#5906);
#5903 = B_SPLINE_CURVE_WITH_KNOTS('',1,(#5904,#5905),.UNSPECIFIED.,.F.,
  .F.,(2,2),(25.24125,31.75),.PIECEWISE_BEZIER_KNOTS.);
#5904 = CARTESIAN_POINT('',(-6.28318530718,-25.24125));
#5905 = CARTESIAN_POINT('',(-6.28318530718,-31.75));
#5906 = ( GEOMETRIC_REPRESENTATION_CONTEXT(2) 
PARAMETRIC_REPRESENTATION_CONTEXT() REPRESENTATION_CONTEXT('2D SPACE',''
  ) );
#5907 = PCURVE('',#5529,#5908);
#5908 = DEFINITIONAL_REPRESENTATION('',(#5909),#5912);
#5909 = B_SPLINE_CURVE_WITH_KNOTS('',1,(#5910,#5911),.UNSPECIFIED.,.F.,
  .F.,(2,2),(25.24125,31.75),.PIECEWISE_BEZIER_KNOTS.);
#5910 = CARTESIAN_POINT('',(0.,-25.24125));
#5911 = CARTESIAN_POINT('',(0.,-31.75));
#5912 = ( GEOMETRIC_REPRESENTATION_CONTEXT(2) 
PARAMETRIC_REPRESENTATION_CONTEXT() REPRESENTATION_CONTEXT('2D SPACE',''
  ) );
#5913 = ORIENTED_EDGE('',*,*,#5914,.T.);
#5914 = EDGE_CURVE('',#5894,#5915,#5917,.T.);
#5915 = VERTEX_POINT('',#5916);
#5916 = CARTESIAN_POINT('',(96.52,5.715,7.62));
#5917 = SURFACE_CURVE('',#5918,(#5923,#5929),.PCURVE_S1.);
#5918 = CIRCLE('',#5919,9.525);
#5919 = AXIS2_PLACEMENT_3D('',#5920,#5921,#5922);
#5920 = CARTESIAN_POINT('',(96.52,0.,0.));
#5921 = DIRECTION('',(1.,0.,0.));
#5922 = DIRECTION('',(0.,1.,0.));
#5923 = PCURVE('',#5529,#5924);
#5924 = DEFINITIONAL_REPRESENTATION('',(#5925),#5928);
#5925 = B_SPLINE_CURVE_WITH_KNOTS('',1,(#5926,#5927),.UNSPECIFIED.,.F.,
  .F.,(2,2),(0.,0.927295218002),.PIECEWISE_BEZIER_KNOTS.);
#5926 = CARTESIAN_POINT('',(0.,-31.75));
#5927 = CARTESIAN_POINT('',(-0.927295218002,-31.75));
#5928 = ( GEOMETRIC_REPRESENTATION_CONTEXT(2) 
PARAMETRIC_REPRESENTATION_CONTEXT() REPRESENTATION_CONTEXT('2D SPACE',''
  ) );
#5929 = PCURVE('',#5930,#5935);
#5930 = PLANE('',#5931);
#5931 = AXIS2_PLACEMENT_3D('',#5932,#5933,#5934);
#5932 = CARTESIAN_POINT('',(96.52,-7.236037368021E-16,
    -2.702349032823E-17));
#5933 = DIRECTION('',(1.,0.,0.));
#5934 = DIRECTION('',(-0.,0.,1.));
#5935 = DEFINITIONAL_REPRESENTATION('',(#5936),#5940);
#5936 = CIRCLE('',#5937,9.525);
#5937 = AXIS2_PLACEMENT_2D('',#5938,#5939);
#5938 = CARTESIAN_POINT('',(2.702349032823E-17,-7.236037368021E-16));
#5939 = DIRECTION('',(0.,-1.));
#5940 = ( GEOMETRIC_REPRESENTATION_CONTEXT(2) 
PARAMETRIC_REPRESENTATION_CONTEXT() REPRESENTATION_CONTEXT('2D SPACE',''
  ) );
#5941 = ORIENTED_EDGE('',*,*,#5942,.T.);
#5942 = EDGE_CURVE('',#5915,#5943,#5945,.T.);
#5943 = VERTEX_POINT('',#5944);
#5944 = CARTESIAN_POINT('',(68.58,5.715,7.62));
#5945 = SURFACE_CURVE('',#5946,(#5950,#5956),.PCURVE_S1.);
#5946 = LINE('',#5947,#5948);
#5947 = CARTESIAN_POINT('',(64.77,5.715,7.62));
#5948 = VECTOR('',#5949,1.);
#5949 = DIRECTION('',(-1.,-0.,-0.));
#5950 = PCURVE('',#5529,#5951);
#5951 = DEFINITIONAL_REPRESENTATION('',(#5952),#5955);
#5952 = B_SPLINE_CURVE_WITH_KNOTS('',1,(#5953,#5954),.UNSPECIFIED.,.F.,
  .F.,(2,2),(-31.75,-3.81),.PIECEWISE_BEZIER_KNOTS.);
#5953 = CARTESIAN_POINT('',(-0.927295218002,-31.75));
#5954 = CARTESIAN_POINT('',(-0.927295218002,-3.81));
#5955 = ( GEOMETRIC_REPRESENTATION_CONTEXT(2) 
PARAMETRIC_REPRESENTATION_CONTEXT() REPRESENTATION_CONTEXT('2D SPACE',''
  ) );
#5956 = PCURVE('',#5957,#5962);
#5957 = PLANE('',#5958);
#5958 = AXIS2_PLACEMENT_3D('',#5959,#5960,#5961);
#5959 = CARTESIAN_POINT('',(68.58,-25.4,7.62));
#5960 = DIRECTION('',(0.,0.,1.));
#5961 = DIRECTION('',(1.,0.,0.));
#5962 = DEFINITIONAL_REPRESENTATION('',(#5963),#5967);
#5963 = LINE('',#5964,#5965);
#5964 = CARTESIAN_POINT('',(-3.81,31.115));
#5965 = VECTOR('',#5966,1.);
#5966 = DIRECTION('',(-1.,0.));
#5967 = ( GEOMETRIC_REPRESENTATION_CONTEXT(2) 
PARAMETRIC_REPRESENTATION_CONTEXT() REPRESENTATION_CONTEXT('2D SPACE',''
  ) );
#5968 = ORIENTED_EDGE('',*,*,#5969,.F.);
#5969 = EDGE_CURVE('',#5970,#5943,#5972,.T.);
#5970 = VERTEX_POINT('',#5971);
#5971 = CARTESIAN_POINT('',(68.58,-5.715,7.62));
#5972 = SURFACE_CURVE('',#5973,(#5978,#5984),.PCURVE_S1.);
#5973 = CIRCLE('',#5974,9.525);
#5974 = AXIS2_PLACEMENT_3D('',#5975,#5976,#5977);
#5975 = CARTESIAN_POINT('',(68.58,0.,0.));
#5976 = DIRECTION('',(-1.,0.,0.));
#5977 = DIRECTION('',(0.,1.,0.));
#5978 = PCURVE('',#5529,#5979);
#5979 = DEFINITIONAL_REPRESENTATION('',(#5980),#5983);
#5980 = B_SPLINE_CURVE_WITH_KNOTS('',1,(#5981,#5982),.UNSPECIFIED.,.F.,
  .F.,(2,2),(4.068887871591,5.355890089178),.PIECEWISE_BEZIER_KNOTS.);
#5981 = CARTESIAN_POINT('',(-2.214297435588,-3.81));
#5982 = CARTESIAN_POINT('',(-0.927295218002,-3.81));
#5983 = ( GEOMETRIC_REPRESENTATION_CONTEXT(2) 
PARAMETRIC_REPRESENTATION_CONTEXT() REPRESENTATION_CONTEXT('2D SPACE',''
  ) );
#5984 = PCURVE('',#5985,#5990);
#5985 = PLANE('',#5986);
#5986 = AXIS2_PLACEMENT_3D('',#5987,#5988,#5989);
#5987 = CARTESIAN_POINT('',(68.58,-25.4,7.62));
#5988 = DIRECTION('',(1.,0.,0.));
#5989 = DIRECTION('',(0.,0.,1.));
#5990 = DEFINITIONAL_REPRESENTATION('',(#5991),#5999);
#5991 = ( BOUNDED_CURVE() B_SPLINE_CURVE(2,(#5992,#5993,#5994,#5995,
#5996,#5997,#5998),.UNSPECIFIED.,.T.,.F.) B_SPLINE_CURVE_WITH_KNOTS((1,2
    ,2,2,2,1),(-2.094395102393,0.,2.094395102393,4.188790204786,
6.28318530718,8.377580409573),.UNSPECIFIED.) CURVE() 
GEOMETRIC_REPRESENTATION_ITEM() RATIONAL_B_SPLINE_CURVE((1.,0.5,1.,0.5,
1.,0.5,1.)) REPRESENTATION_ITEM('') );
#5992 = CARTESIAN_POINT('',(-7.62,-34.925));
#5993 = CARTESIAN_POINT('',(-24.11778394209,-34.925));
#5994 = CARTESIAN_POINT('',(-15.86889197104,-20.6375));
#5995 = CARTESIAN_POINT('',(-7.62,-6.35));
#5996 = CARTESIAN_POINT('',(0.628891971047,-20.6375));
#5997 = CARTESIAN_POINT('',(8.877783942094,-34.925));
#5998 = CARTESIAN_POINT('',(-7.62,-34.925));
#5999 = ( GEOMETRIC_REPRESENTATION_CONTEXT(2) 
PARAMETRIC_REPRESENTATION_CONTEXT() REPRESENTATION_CONTEXT('2D SPACE',''
  ) );
#6000 = ORIENTED_EDGE('',*,*,#6001,.F.);
#6001 = EDGE_CURVE('',#6002,#5970,#6004,.T.);
#6002 = VERTEX_POINT('',#6003);
#6003 = CARTESIAN_POINT('',(96.52,-5.715,7.62));
#6004 = SURFACE_CURVE('',#6005,(#6009,#6015),.PCURVE_S1.);
#6005 = LINE('',#6006,#6007);
#6006 = CARTESIAN_POINT('',(64.77,-5.715,7.62));
#6007 = VECTOR('',#6008,1.);
#6008 = DIRECTION('',(-1.,-0.,-0.));
#6009 = PCURVE('',#5529,#6010);
#6010 = DEFINITIONAL_REPRESENTATION('',(#6011),#6014);
#6011 = B_SPLINE_CURVE_WITH_KNOTS('',1,(#6012,#6013),.UNSPECIFIED.,.F.,
  .F.,(2,2),(-31.75,-3.81),.PIECEWISE_BEZIER_KNOTS.);
#6012 = CARTESIAN_POINT('',(-2.214297435588,-31.75));
#6013 = CARTESIAN_POINT('',(-2.214297435588,-3.81));
#6014 = ( GEOMETRIC_REPRESENTATION_CONTEXT(2) 
PARAMETRIC_REPRESENTATION_CONTEXT() REPRESENTATION_CONTEXT('2D SPACE',''
  ) );
#6015 = PCURVE('',#5957,#6016);
#6016 = DEFINITIONAL_REPRESENTATION('',(#6017),#6021);
#6017 = LINE('',#6018,#6019);
#6018 = CARTESIAN_POINT('',(-3.81,19.685));
#6019 = VECTOR('',#6020,1.);
#6020 = DIRECTION('',(-1.,0.));
#6021 = ( GEOMETRIC_REPRESENTATION_CONTEXT(2) 
PARAMETRIC_REPRESENTATION_CONTEXT() REPRESENTATION_CONTEXT('2D SPACE',''
  ) );
#6022 = ORIENTED_EDGE('',*,*,#6023,.T.);
#6023 = EDGE_CURVE('',#6002,#5894,#6024,.T.);
#6024 = SURFACE_CURVE('',#6025,(#6030,#6036),.PCURVE_S1.);
#6025 = CIRCLE('',#6026,9.525);
#6026 = AXIS2_PLACEMENT_3D('',#6027,#6028,#6029);
#6027 = CARTESIAN_POINT('',(96.52,0.,0.));
#6028 = DIRECTION('',(1.,0.,0.));
#6029 = DIRECTION('',(0.,1.,0.));
#6030 = PCURVE('',#5529,#6031);
#6031 = DEFINITIONAL_REPRESENTATION('',(#6032),#6035);
#6032 = B_SPLINE_CURVE_WITH_KNOTS('',1,(#6033,#6034),.UNSPECIFIED.,.F.,
  .F.,(2,2),(2.214297435588,6.28318530718),.PIECEWISE_BEZIER_KNOTS.);
#6033 = CARTESIAN_POINT('',(-2.214297435588,-31.75));
#6034 = CARTESIAN_POINT('',(-6.28318530718,-31.75));
#6035 = ( GEOMETRIC_REPRESENTATION_CONTEXT(2) 
PARAMETRIC_REPRESENTATION_CONTEXT() REPRESENTATION_CONTEXT('2D SPACE',''
  ) );
#6036 = PCURVE('',#5930,#6037);
#6037 = DEFINITIONAL_REPRESENTATION('',(#6038),#6042);
#6038 = CIRCLE('',#6039,9.525);
#6039 = AXIS2_PLACEMENT_2D('',#6040,#6041);
#6040 = CARTESIAN_POINT('',(2.702349032823E-17,-7.236037368021E-16));
#6041 = DIRECTION('',(0.,-1.));
#6042 = ( GEOMETRIC_REPRESENTATION_CONTEXT(2) 
PARAMETRIC_REPRESENTATION_CONTEXT() REPRESENTATION_CONTEXT('2D SPACE',''
  ) );
#6043 = ORIENTED_EDGE('',*,*,#5893,.F.);
#6044 = ORIENTED_EDGE('',*,*,#6045,.F.);
#6045 = EDGE_CURVE('',#5827,#5825,#6046,.T.);
#6046 = SURFACE_CURVE('',#6047,(#6071,#6098),.PCURVE_S1.);
#6047 = B_SPLINE_CURVE_WITH_KNOTS('',8,(#6048,#6049,#6050,#6051,#6052,
    #6053,#6054,#6055,#6056,#6057,#6058,#6059,#6060,#6061,#6062,#6063,
    #6064,#6065,#6066,#6067,#6068,#6069,#6070),.UNSPECIFIED.,.F.,.F.,(9,
    7,7,9),(0.,0.261079018461,0.497655968204,1.),.UNSPECIFIED.);
#6048 = CARTESIAN_POINT('',(85.24875,9.525,-7.04991620637E-16));
#6049 = CARTESIAN_POINT('',(85.24875,9.525,-0.241913170896));
#6050 = CARTESIAN_POINT('',(85.276836196594,9.517978894469,
    -0.483992251203));
#6051 = CARTESIAN_POINT('',(85.333079880212,9.503916846249,
    -0.722481410793));
#6052 = CARTESIAN_POINT('',(85.416955193964,9.483383457652,
    -0.953631296445));
#6053 = CARTESIAN_POINT('',(85.527381654441,9.457522137305,
    -1.17381795877));
#6054 = CARTESIAN_POINT('',(85.662773300476,9.427956174745,
    -1.379630311611));
#6055 = CARTESIAN_POINT('',(85.82109446986,9.396616522783,
    -1.567926123909));
#6056 = CARTESIAN_POINT('',(86.161967090355,9.337287132272,
    -1.888026821075));
#6057 = CARTESIAN_POINT('',(86.341105526259,9.309215950076,
    -2.023717105279));
#6058 = CARTESIAN_POINT('',(86.535113732736,9.282844957644,
    -2.140228286283));
#6059 = CARTESIAN_POINT('',(86.741337803312,9.259788177123,
    -2.235496003516));
#6060 = CARTESIAN_POINT('',(86.956907738223,9.241451612773,
    -2.308017332307));
#6061 = CARTESIAN_POINT('',(87.178871262535,9.228856638045,
    -2.356787981131));
#6062 = CARTESIAN_POINT('',(87.404247428192,9.222541593156,-2.38125));
#6063 = CARTESIAN_POINT('',(88.109359706147,9.222541593156,-2.38125));
#6064 = CARTESIAN_POINT('',(88.580541446586,9.25101918513,
    -2.270970404453));
#6065 = CARTESIAN_POINT('',(89.018194099808,9.306252359914,
    -2.056971376727));
#6066 = CARTESIAN_POINT('',(89.399949470643,9.377753536784,
    -1.749788186907));
#6067 = CARTESIAN_POINT('',(89.703520925315,9.448056520996,
    -1.364055277101));
#6068 = CARTESIAN_POINT('',(89.910997121455,9.499938672795,
    -0.923278348261));
#6069 = CARTESIAN_POINT('',(90.01125,9.525,-0.456997122105));
#6070 = CARTESIAN_POINT('',(90.01125,9.525,-1.409983241274E-15));
#6071 = PCURVE('',#5529,#6072);
#6072 = DEFINITIONAL_REPRESENTATION('',(#6073),#6097);
#6073 = B_SPLINE_CURVE_WITH_KNOTS('',8,(#6074,#6075,#6076,#6077,#6078,
    #6079,#6080,#6081,#6082,#6083,#6084,#6085,#6086,#6087,#6088,#6089,
    #6090,#6091,#6092,#6093,#6094,#6095,#6096),.UNSPECIFIED.,.F.,.F.,(9,
    7,7,9),(0.,0.261079018461,0.497655968204,1.),.UNSPECIFIED.);
#6074 = CARTESIAN_POINT('',(-6.28318530718,-20.47875));
#6075 = CARTESIAN_POINT('',(-6.257787598949,-20.47875));
#6076 = CARTESIAN_POINT('',(-6.232372368373,-20.50683619659));
#6077 = CARTESIAN_POINT('',(-6.207309460194,-20.56307988021));
#6078 = CARTESIAN_POINT('',(-6.182966490769,-20.64695519396));
#6079 = CARTESIAN_POINT('',(-6.15970701078,-20.75738165444));
#6080 = CARTESIAN_POINT('',(-6.137887008852,-20.89277330047));
#6081 = CARTESIAN_POINT('',(-6.117849756072,-21.05109446986));
#6082 = CARTESIAN_POINT('',(-6.083671015487,-21.39196709035));
#6083 = CARTESIAN_POINT('',(-6.069126922583,-21.57110552625));
#6084 = CARTESIAN_POINT('',(-6.056588186858,-21.76511373273));
#6085 = CARTESIAN_POINT('',(-6.046299037074,-21.97133780331));
#6086 = CARTESIAN_POINT('',(-6.038445870871,-22.18690773822));
#6087 = CARTESIAN_POINT('',(-6.033157332217,-22.40887126253));
#6088 = CARTESIAN_POINT('',(-6.030505052038,-22.63424742819));
#6089 = CARTESIAN_POINT('',(-6.030505052038,-23.33935970614));
#6090 = CARTESIAN_POINT('',(-6.042463157198,-23.81054144658));
#6091 = CARTESIAN_POINT('',(-6.065664023287,-24.24819409981));
#6092 = CARTESIAN_POINT('',(-6.098775033057,-24.62994947064));
#6093 = CARTESIAN_POINT('',(-6.139810666736,-24.93352092531));
#6094 = CARTESIAN_POINT('',(-6.186252863367,-25.14099712145));
#6095 = CARTESIAN_POINT('',(-6.235206606696,-25.24125));
#6096 = CARTESIAN_POINT('',(-6.28318530718,-25.24125));
#6097 = ( GEOMETRIC_REPRESENTATION_CONTEXT(2) 
PARAMETRIC_REPRESENTATION_CONTEXT() REPRESENTATION_CONTEXT('2D SPACE',''
  ) );
#6098 = PCURVE('',#5868,#6099);
#6099 = DEFINITIONAL_REPRESENTATION('',(#6100),#6124);
#6100 = B_SPLINE_CURVE_WITH_KNOTS('',8,(#6101,#6102,#6103,#6104,#6105,
    #6106,#6107,#6108,#6109,#6110,#6111,#6112,#6113,#6114,#6115,#6116,
    #6117,#6118,#6119,#6120,#6121,#6122,#6123),.UNSPECIFIED.,.F.,.F.,(9,
    7,7,9),(0.,0.261079018461,0.497655968204,1.),.UNSPECIFIED.);
#6101 = CARTESIAN_POINT('',(3.14159265359,-9.525));
#6102 = CARTESIAN_POINT('',(3.243183486512,-9.525));
#6103 = CARTESIAN_POINT('',(3.344843999802,-9.517978894469));
#6104 = CARTESIAN_POINT('',(3.446594558195,-9.503916846249));
#6105 = CARTESIAN_POINT('',(3.548467859332,-9.483383457652));
#6106 = CARTESIAN_POINT('',(3.650511435425,-9.457522137305));
#6107 = CARTESIAN_POINT('',(3.752789889011,-9.427956174745));
#6108 = CARTESIAN_POINT('',(3.855386862784,-9.396616522783));
#6109 = CARTESIAN_POINT('',(4.051758286255,-9.337287132272));
#6110 = CARTESIAN_POINT('',(4.145603962645,-9.309215950076));
#6111 = CARTESIAN_POINT('',(4.239731807848,-9.282844957644));
#6112 = CARTESIAN_POINT('',(4.334022448299,-9.259788177123));
#6113 = CARTESIAN_POINT('',(4.428425927071,-9.241451612773));
#6114 = CARTESIAN_POINT('',(4.522939264021,-9.228856638045));
#6115 = CARTESIAN_POINT('',(4.617584750754,-9.222541593156));
#6116 = CARTESIAN_POINT('',(4.913694893727,-9.222541593156));
#6117 = CARTESIAN_POINT('',(5.111558416994,-9.25101918513));
#6118 = CARTESIAN_POINT('',(5.307825975398,-9.306252359914));
#6119 = CARTESIAN_POINT('',(5.503527039919,-9.377753536784));
#6120 = CARTESIAN_POINT('',(5.699560723806,-9.448056520996));
#6121 = CARTESIAN_POINT('',(5.895460260149,-9.499938672795));
#6122 = CARTESIAN_POINT('',(6.091270505246,-9.525));
#6123 = CARTESIAN_POINT('',(6.28318530718,-9.525));
#6124 = ( GEOMETRIC_REPRESENTATION_CONTEXT(2) 
PARAMETRIC_REPRESENTATION_CONTEXT() REPRESENTATION_CONTEXT('2D SPACE',''
  ) );
#6125 = ORIENTED_EDGE('',*,*,#6126,.F.);
#6126 = EDGE_CURVE('',#5404,#5827,#6127,.T.);
#6127 = SEAM_CURVE('',#6128,(#6132,#6138),.PCURVE_S1.);
#6128 = LINE('',#6129,#6130);
#6129 = CARTESIAN_POINT('',(64.77,9.525,0.));
#6130 = VECTOR('',#6131,1.);
#6131 = DIRECTION('',(1.,0.,0.));
#6132 = PCURVE('',#5529,#6133);
#6133 = DEFINITIONAL_REPRESENTATION('',(#6134),#6137);
#6134 = B_SPLINE_CURVE_WITH_KNOTS('',1,(#6135,#6136),.UNSPECIFIED.,.F.,
  .F.,(2,2),(0.,20.47875),.PIECEWISE_BEZIER_KNOTS.);
#6135 = CARTESIAN_POINT('',(0.,0.));
#6136 = CARTESIAN_POINT('',(0.,-20.47875));
#6137 = ( GEOMETRIC_REPRESENTATION_CONTEXT(2) 
PARAMETRIC_REPRESENTATION_CONTEXT() REPRESENTATION_CONTEXT('2D SPACE',''
  ) );
#6138 = PCURVE('',#5529,#6139);
#6139 = DEFINITIONAL_REPRESENTATION('',(#6140),#6143);
#6140 = B_SPLINE_CURVE_WITH_KNOTS('',1,(#6141,#6142),.UNSPECIFIED.,.F.,
  .F.,(2,2),(0.,20.47875),.PIECEWISE_BEZIER_KNOTS.);
#6141 = CARTESIAN_POINT('',(-6.28318530718,0.));
#6142 = CARTESIAN_POINT('',(-6.28318530718,-20.47875));
#6143 = ( GEOMETRIC_REPRESENTATION_CONTEXT(2) 
PARAMETRIC_REPRESENTATION_CONTEXT() REPRESENTATION_CONTEXT('2D SPACE',''
  ) );
#6144 = ORIENTED_EDGE('',*,*,#5514,.F.);
#6145 = ORIENTED_EDGE('',*,*,#5544,.F.);
#6146 = ORIENTED_EDGE('',*,*,#6126,.T.);
#6147 = FACE_BOUND('',#6148,.F.);
#6148 = EDGE_LOOP('',(#6149));
#6149 = ORIENTED_EDGE('',*,*,#6150,.T.);
#6150 = EDGE_CURVE('',#6151,#6151,#6153,.T.);
#6151 = VERTEX_POINT('',#6152);
#6152 = CARTESIAN_POINT('',(90.01125,-9.525,0.));
#6153 = SURFACE_CURVE('',#6154,(#6199,#6247),.PCURVE_S1.);
#6154 = B_SPLINE_CURVE_WITH_KNOTS('',8,(#6155,#6156,#6157,#6158,#6159,
    #6160,#6161,#6162,#6163,#6164,#6165,#6166,#6167,#6168,#6169,#6170,
    #6171,#6172,#6173,#6174,#6175,#6176,#6177,#6178,#6179,#6180,#6181,
    #6182,#6183,#6184,#6185,#6186,#6187,#6188,#6189,#6190,#6191,#6192,
    #6193,#6194,#6195,#6196,#6197,#6198),.UNSPECIFIED.,.T.,.F.,(9,7,7,7,
    7,7,9),(0.,0.251041111777,0.37433116027,0.49993048661,0.625528824695
    ,0.748816072432,1.),.UNSPECIFIED.);
#6155 = CARTESIAN_POINT('',(90.01125,-9.525,3.524958103185E-16));
#6156 = CARTESIAN_POINT('',(90.01125,-9.525,0.456699497718));
#6157 = CARTESIAN_POINT('',(89.91112601491,-9.499971129602,
    0.923045603981));
#6158 = CARTESIAN_POINT('',(89.703643222062,-9.448086265151,
    1.364037737433));
#6159 = CARTESIAN_POINT('',(89.399913815142,-9.37773157974,
    1.749931691915));
#6160 = CARTESIAN_POINT('',(89.017995660463,-9.306203568921,
    2.057167204499));
#6161 = CARTESIAN_POINT('',(88.580214733187,-9.250986349869,
    2.271095298635));
#6162 = CARTESIAN_POINT('',(88.109087404022,-9.222541593156,2.38125));
#6163 = CARTESIAN_POINT('',(87.394713003159,-9.222541593156,2.38125));
#6164 = CARTESIAN_POINT('',(87.159882004349,-9.229401163023,
    2.354677495574));
#6165 = CARTESIAN_POINT('',(86.928928198653,-9.243076299081,
    2.301727042347));
#6166 = CARTESIAN_POINT('',(86.705199298872,-9.262930831765,
    2.223055313457));
#6167 = CARTESIAN_POINT('',(86.492008280943,-9.28776518865,
    2.119835561607));
#6168 = CARTESIAN_POINT('',(86.292569168601,-9.315941091904,
    1.993822257221));
#6169 = CARTESIAN_POINT('',(86.109829857285,-9.34560219019,
    1.847425902686));
#6170 = CARTESIAN_POINT('',(85.779509273809,-9.404929518351,
    1.51710531921));
#6171 = CARTESIAN_POINT('',(85.632309380871,-9.434645069096,
    1.332185352159));
#6172 = CARTESIAN_POINT('',(85.506688381411,-9.462380860667,
    1.131628168634));
#6173 = CARTESIAN_POINT('',(85.404390312621,-9.486462162068,
    0.918269011672));
#6174 = CARTESIAN_POINT('',(85.326767629621,-9.505495158072,
    0.69516220847));
#6175 = CARTESIAN_POINT('',(85.274738367256,-9.518503188993,
    0.465532304735));
#6176 = CARTESIAN_POINT('',(85.24875,-9.525,0.232702445151));
#6177 = CARTESIAN_POINT('',(85.24875,-9.525,-0.232700614176));
#6178 = CARTESIAN_POINT('',(85.274737959098,-9.518503290605,
    -0.465529574222));
#6179 = CARTESIAN_POINT('',(85.326766756077,-9.505495382439,
    -0.695159799906));
#6180 = CARTESIAN_POINT('',(85.404389466477,-9.48646235768,
    -0.918268033455));
#6181 = CARTESIAN_POINT('',(85.506688362098,-9.462380827427,
    -1.131629087329));
#6182 = CARTESIAN_POINT('',(85.632310702132,-9.434644755913,
    -1.332187608798));
#6183 = CARTESIAN_POINT('',(85.779511315915,-9.404929151578,
    -1.517107361316));
#6184 = CARTESIAN_POINT('',(86.10982542311,-9.345602986592,
    -1.847421468511));
#6185 = CARTESIAN_POINT('',(86.292564538237,-9.315941753134,
    -1.993819635237));
#6186 = CARTESIAN_POINT('',(86.492007043368,-9.287765146937,
    -2.119836139564));
#6187 = CARTESIAN_POINT('',(86.705202771376,-9.262930214297,
    -2.223057854179));
#6188 = CARTESIAN_POINT('',(86.928935280122,-9.243075634149,
    -2.301729583584));
#6189 = CARTESIAN_POINT('',(87.159889936225,-9.229400859719,
    -2.35467873723));
#6190 = CARTESIAN_POINT('',(87.394718469772,-9.222541593156,-2.38125));
#6191 = CARTESIAN_POINT('',(88.109359706146,-9.222541593156,-2.38125));
#6192 = CARTESIAN_POINT('',(88.580541446594,-9.251019185131,
    -2.270970404453));
#6193 = CARTESIAN_POINT('',(89.01819409979,-9.306252359913,
    -2.05697137672));
#6194 = CARTESIAN_POINT('',(89.399949470658,-9.377753536785,
    -1.749788186933));
#6195 = CARTESIAN_POINT('',(89.703520925311,-9.448056520996,
    -1.364055277063));
#6196 = CARTESIAN_POINT('',(89.910997121454,-9.499938672794,
    -0.923278348285));
#6197 = CARTESIAN_POINT('',(90.01125,-9.525,-0.4569971221));
#6198 = CARTESIAN_POINT('',(90.01125,-9.525,3.524958103185E-16));
#6199 = PCURVE('',#5529,#6200);
#6200 = DEFINITIONAL_REPRESENTATION('',(#6201),#6246);
#6201 = B_SPLINE_CURVE_WITH_KNOTS('',8,(#6202,#6203,#6204,#6205,#6206,
    #6207,#6208,#6209,#6210,#6211,#6212,#6213,#6214,#6215,#6216,#6217,
    #6218,#6219,#6220,#6221,#6222,#6223,#6224,#6225,#6226,#6227,#6228,
    #6229,#6230,#6231,#6232,#6233,#6234,#6235,#6236,#6237,#6238,#6239,
    #6240,#6241,#6242,#6243,#6244,#6245),.UNSPECIFIED.,.T.,.F.,(9,7,7,7,
    7,7,9),(0.,0.251041111777,0.37433116027,0.49993048661,0.625528824695
    ,0.748816072432,1.),.UNSPECIFIED.);
#6202 = CARTESIAN_POINT('',(-3.14159265359,-25.24125));
#6203 = CARTESIAN_POINT('',(-3.093645199761,-25.24125));
#6204 = CARTESIAN_POINT('',(-3.044684591965,-25.14112601491));
#6205 = CARTESIAN_POINT('',(-2.998220368405,-24.93364322206));
#6206 = CARTESIAN_POINT('',(-2.95716720676,-24.62991381514));
#6207 = CARTESIAN_POINT('',(-2.924050260251,-24.24799566046));
#6208 = CARTESIAN_POINT('',(-2.900856904772,-23.81021473318));
#6209 = CARTESIAN_POINT('',(-2.888912398448,-23.33908740402));
#6210 = CARTESIAN_POINT('',(-2.888912398448,-22.62471300315));
#6211 = CARTESIAN_POINT('',(-2.891793469615,-22.38988200434));
#6212 = CARTESIAN_POINT('',(-2.897535343914,-22.15892819865));
#6213 = CARTESIAN_POINT('',(-2.906053514601,-21.93519929887));
#6214 = CARTESIAN_POINT('',(-2.917197578013,-21.72200828094));
#6215 = CARTESIAN_POINT('',(-2.930750441111,-21.5225691686));
#6216 = CARTESIAN_POINT('',(-2.946428394759,-21.33982985728));
#6217 = CARTESIAN_POINT('',(-2.981662625564,-21.0095092738));
#6218 = CARTESIAN_POINT('',(-3.001322613724,-20.86230938087));
#6219 = CARTESIAN_POINT('',(-3.022570019223,-20.73668838141));
#6220 = CARTESIAN_POINT('',(-3.045097445589,-20.63439031262));
#6221 = CARTESIAN_POINT('',(-3.068587669327,-20.55676762962));
#6222 = CARTESIAN_POINT('',(-3.09271778882,-20.50473836725));
#6223 = CARTESIAN_POINT('',(-3.117161950687,-20.47875));
#6224 = CARTESIAN_POINT('',(-3.166023164264,-20.47875));
#6225 = CARTESIAN_POINT('',(-3.190467232658,-20.50473795909));
#6226 = CARTESIAN_POINT('',(-3.21459738423,-20.55676675607));
#6227 = CARTESIAN_POINT('',(-3.238087756758,-20.63438946647));
#6228 = CARTESIAN_POINT('',(-3.260615383764,-20.73668836209));
#6229 = CARTESIAN_POINT('',(-3.281862932922,-20.86231070213));
#6230 = CARTESIAN_POINT('',(-3.30152289944,-21.00951131591));
#6231 = CARTESIAN_POINT('',(-3.336756439441,-21.33982542311));
#6232 = CARTESIAN_POINT('',(-3.352434581585,-21.52256453823));
#6233 = CARTESIAN_POINT('',(-3.365987789907,-21.72200704336));
#6234 = CARTESIAN_POINT('',(-3.377132068113,-21.93520277137));
#6235 = CARTESIAN_POINT('',(-3.385650238754,-22.15893528012));
#6236 = CARTESIAN_POINT('',(-3.391391970535,-22.38988993622));
#6237 = CARTESIAN_POINT('',(-3.394272908732,-22.62471846977));
#6238 = CARTESIAN_POINT('',(-3.394272908732,-23.33935970614));
#6239 = CARTESIAN_POINT('',(-3.382314803571,-23.81054144659));
#6240 = CARTESIAN_POINT('',(-3.359113937482,-24.24819409979));
#6241 = CARTESIAN_POINT('',(-3.326002927715,-24.62994947065));
#6242 = CARTESIAN_POINT('',(-3.28496729403,-24.93352092531));
#6243 = CARTESIAN_POINT('',(-3.238525097405,-25.14099712145));
#6244 = CARTESIAN_POINT('',(-3.189571354073,-25.24125));
#6245 = CARTESIAN_POINT('',(-3.14159265359,-25.24125));
#6246 = ( GEOMETRIC_REPRESENTATION_CONTEXT(2) 
PARAMETRIC_REPRESENTATION_CONTEXT() REPRESENTATION_CONTEXT('2D SPACE',''
  ) );
#6247 = PCURVE('',#6248,#6253);
#6248 = CYLINDRICAL_SURFACE('',#6249,2.38125);
#6249 = AXIS2_PLACEMENT_3D('',#6250,#6251,#6252);
#6250 = CARTESIAN_POINT('',(87.63,0.,0.));
#6251 = DIRECTION('',(0.,-1.,0.));
#6252 = DIRECTION('',(1.,0.,0.));
#6253 = DEFINITIONAL_REPRESENTATION('',(#6254),#6299);
#6254 = B_SPLINE_CURVE_WITH_KNOTS('',8,(#6255,#6256,#6257,#6258,#6259,
    #6260,#6261,#6262,#6263,#6264,#6265,#6266,#6267,#6268,#6269,#6270,
    #6271,#6272,#6273,#6274,#6275,#6276,#6277,#6278,#6279,#6280,#6281,
    #6282,#6283,#6284,#6285,#6286,#6287,#6288,#6289,#6290,#6291,#6292,
    #6293,#6294,#6295,#6296,#6297,#6298),.UNSPECIFIED.,.F.,.F.,(9,7,7,7,
    7,7,9),(0.,0.251041111777,0.37433116027,0.49993048661,0.625528824695
    ,0.748816072432,1.),.UNSPECIFIED.);
#6255 = CARTESIAN_POINT('',(0.,9.525));
#6256 = CARTESIAN_POINT('',(0.191789815315,9.525));
#6257 = CARTESIAN_POINT('',(0.387627200341,9.499971129602));
#6258 = CARTESIAN_POINT('',(0.583596421021,9.448086265151));
#6259 = CARTESIAN_POINT('',(0.779703907285,9.37773157974));
#6260 = CARTESIAN_POINT('',(0.97546718139,9.306203568921));
#6261 = CARTESIAN_POINT('',(1.171762830201,9.250986349869));
#6262 = CARTESIAN_POINT('',(1.369604766051,9.222541593156));
#6263 = CARTESIAN_POINT('',(1.669604514445,9.222541593156));
#6264 = CARTESIAN_POINT('',(1.768220349845,9.229401163023));
#6265 = CARTESIAN_POINT('',(1.866681210668,9.243076299081));
#6266 = CARTESIAN_POINT('',(1.965019466144,9.262930831765));
#6267 = CARTESIAN_POINT('',(2.063237545274,9.28776518865));
#6268 = CARTESIAN_POINT('',(2.161282010272,9.315941091904));
#6269 = CARTESIAN_POINT('',(2.25901663526,9.34560219019));
#6270 = CARTESIAN_POINT('',(2.455192529888,9.404929518351));
#6271 = CARTESIAN_POINT('',(2.553814933327,9.434645069096));
#6272 = CARTESIAN_POINT('',(2.65215086365,9.462380860667));
#6273 = CARTESIAN_POINT('',(2.750272990762,9.486462162068));
#6274 = CARTESIAN_POINT('',(2.848239023579,9.505495158072));
#6275 = CARTESIAN_POINT('',(2.946093501051,9.518503188993));
#6276 = CARTESIAN_POINT('',(3.043869841978,9.525));
#6277 = CARTESIAN_POINT('',(3.239314696288,9.525));
#6278 = CARTESIAN_POINT('',(3.337090659587,9.518503290605));
#6279 = CARTESIAN_POINT('',(3.434945238893,9.505495382439));
#6280 = CARTESIAN_POINT('',(3.532911818231,9.48646235768));
#6281 = CARTESIAN_POINT('',(3.631034761584,9.462380827427));
#6282 = CARTESIAN_POINT('',(3.729371439378,9.434644755913));
#6283 = CARTESIAN_POINT('',(3.827993990089,9.404929151578));
#6284 = CARTESIAN_POINT('',(4.024166038483,9.345602986592));
#6285 = CARTESIAN_POINT('',(4.121901129601,9.315941753134));
#6286 = CARTESIAN_POINT('',(4.219947461231,9.287765146937));
#6287 = CARTESIAN_POINT('',(4.318167560951,9.262930214297));
#6288 = CARTESIAN_POINT('',(4.416507172693,9.243075634149));
#6289 = CARTESIAN_POINT('',(4.514968279367,9.229400859719));
#6290 = CARTESIAN_POINT('',(4.613583088425,9.222541593156));
#6291 = CARTESIAN_POINT('',(4.913694893727,9.222541593156));
#6292 = CARTESIAN_POINT('',(5.111558416996,9.251019185131));
#6293 = CARTESIAN_POINT('',(5.307825975397,9.306252359913));
#6294 = CARTESIAN_POINT('',(5.503527039911,9.377753536785));
#6295 = CARTESIAN_POINT('',(5.699560723821,9.448056520996));
#6296 = CARTESIAN_POINT('',(5.895460260139,9.499938672794));
#6297 = CARTESIAN_POINT('',(6.091270505248,9.525));
#6298 = CARTESIAN_POINT('',(6.28318530718,9.525));
#6299 = ( GEOMETRIC_REPRESENTATION_CONTEXT(2) 
PARAMETRIC_REPRESENTATION_CONTEXT() REPRESENTATION_CONTEXT('2D SPACE',''
  ) );
#6300 = ADVANCED_FACE('',(#6301,#6746),#5628,.F.);
#6301 = FACE_BOUND('',#6302,.T.);
#6302 = EDGE_LOOP('',(#6303,#6326,#6493,#6514,#6535,#6536,#6537,#6558,
    #6559,#6724,#6725));
#6303 = ORIENTED_EDGE('',*,*,#6304,.F.);
#6304 = EDGE_CURVE('',#6305,#6307,#6309,.T.);
#6305 = VERTEX_POINT('',#6306);
#6306 = CARTESIAN_POINT('',(90.01125,3.175,0.));
#6307 = VERTEX_POINT('',#6308);
#6308 = CARTESIAN_POINT('',(96.52,3.175,0.));
#6309 = SEAM_CURVE('',#6310,(#6314,#6320),.PCURVE_S1.);
#6310 = LINE('',#6311,#6312);
#6311 = CARTESIAN_POINT('',(58.42,3.175,0.));
#6312 = VECTOR('',#6313,1.);
#6313 = DIRECTION('',(1.,0.,0.));
#6314 = PCURVE('',#5628,#6315);
#6315 = DEFINITIONAL_REPRESENTATION('',(#6316),#6319);
#6316 = B_SPLINE_CURVE_WITH_KNOTS('',1,(#6317,#6318),.UNSPECIFIED.,.F.,
  .F.,(2,2),(31.59125,38.1),.PIECEWISE_BEZIER_KNOTS.);
#6317 = CARTESIAN_POINT('',(-6.28318530718,-31.59125));
#6318 = CARTESIAN_POINT('',(-6.28318530718,-38.1));
#6319 = ( GEOMETRIC_REPRESENTATION_CONTEXT(2) 
PARAMETRIC_REPRESENTATION_CONTEXT() REPRESENTATION_CONTEXT('2D SPACE',''
  ) );
#6320 = PCURVE('',#5628,#6321);
#6321 = DEFINITIONAL_REPRESENTATION('',(#6322),#6325);
#6322 = B_SPLINE_CURVE_WITH_KNOTS('',1,(#6323,#6324),.UNSPECIFIED.,.F.,
  .F.,(2,2),(31.59125,38.1),.PIECEWISE_BEZIER_KNOTS.);
#6323 = CARTESIAN_POINT('',(0.,-31.59125));
#6324 = CARTESIAN_POINT('',(0.,-38.1));
#6325 = ( GEOMETRIC_REPRESENTATION_CONTEXT(2) 
PARAMETRIC_REPRESENTATION_CONTEXT() REPRESENTATION_CONTEXT('2D SPACE',''
  ) );
#6326 = ORIENTED_EDGE('',*,*,#6327,.F.);
#6327 = EDGE_CURVE('',#6328,#6305,#6330,.T.);
#6328 = VERTEX_POINT('',#6329);
#6329 = CARTESIAN_POINT('',(85.24875,3.175,0.));
#6330 = SURFACE_CURVE('',#6331,(#6383,#6438),.PCURVE_S1.);
#6331 = B_SPLINE_CURVE_WITH_KNOTS('',8,(#6332,#6333,#6334,#6335,#6336,
    #6337,#6338,#6339,#6340,#6341,#6342,#6343,#6344,#6345,#6346,#6347,
    #6348,#6349,#6350,#6351,#6352,#6353,#6354,#6355,#6356,#6357,#6358,
    #6359,#6360,#6361,#6362,#6363,#6364,#6365,#6366,#6367,#6368,#6369,
    #6370,#6371,#6372,#6373,#6374,#6375,#6376,#6377,#6378,#6379,#6380,
    #6381,#6382),.UNSPECIFIED.,.F.,.F.,(9,7,7,7,7,7,7,9),(0.,
    0.299302932154,0.445046862096,0.500044109271,0.571017807626,
    0.617657390274,0.762414441065,1.),.UNSPECIFIED.);
#6332 = CARTESIAN_POINT('',(85.24875,3.175,0.));
#6333 = CARTESIAN_POINT('',(85.24875,3.175,-0.264177096988));
#6334 = CARTESIAN_POINT('',(85.282241243764,3.149881089077,
    -0.521162772599));
#6335 = CARTESIAN_POINT('',(85.346061930581,3.102019589687,
    -0.773511301306));
#6336 = CARTESIAN_POINT('',(85.441466087122,3.031313253843,
    -1.020581112736));
#6337 = CARTESIAN_POINT('',(85.569820924915,2.938171007186,
    -1.258936528802));
#6338 = CARTESIAN_POINT('',(85.731393698828,2.825306913617,
    -1.48185249256));
#6339 = CARTESIAN_POINT('',(85.922352786268,2.701013407219,
    -1.682484476909));
#6340 = CARTESIAN_POINT('',(86.242782033026,2.515418452197,
    -1.940130931836));
#6341 = CARTESIAN_POINT('',(86.35485093229,2.453752150052,
    -2.019076874816));
#6342 = CARTESIAN_POINT('',(86.473964751157,2.39233466425,
    -2.091893488728));
#6343 = CARTESIAN_POINT('',(86.5998600449,2.332643745076,-2.157742633161
    ));
#6344 = CARTESIAN_POINT('',(86.732175674423,2.276503142138,
    -2.215798675494));
#6345 = CARTESIAN_POINT('',(86.870542318496,2.226020141786,
    -2.265292153342));
#6346 = CARTESIAN_POINT('',(87.014685569692,2.18345590344,
    -2.305447671757));
#6347 = CARTESIAN_POINT('',(87.221091966726,2.138791977422,
    -2.346587021025));
#6348 = CARTESIAN_POINT('',(87.278342188093,2.128021621152,
    -2.356368487047));
#6349 = CARTESIAN_POINT('',(87.336167971403,2.118855280075,
    -2.364600528061));
#6350 = CARTESIAN_POINT('',(87.394450515934,2.111404421234,
    -2.371235057775));
#6351 = CARTESIAN_POINT('',(87.45307752691,2.105754224645,
    -2.376235808817));
#6352 = CARTESIAN_POINT('',(87.511943215506,2.101963583299,
    -2.379578332736));
#6353 = CARTESIAN_POINT('',(87.570948298845,2.100065103158,-2.38125));
#6354 = CARTESIAN_POINT('',(87.706205952851,2.100065103158,-2.38125));
#6355 = CARTESIAN_POINT('',(87.782273457656,2.103224701732,
    -2.378461874644));
#6356 = CARTESIAN_POINT('',(87.858025251411,2.109526329158,
    -2.372906370875));
#6357 = CARTESIAN_POINT('',(87.933275881673,2.118879949704,
    -2.364616908869));
#6358 = CARTESIAN_POINT('',(88.007825701843,2.131127207876,
    -2.353648536246));
#6359 = CARTESIAN_POINT('',(88.081454866438,2.146045574654,
    -2.34008688227));
#6360 = CARTESIAN_POINT('',(88.153917326369,2.163352493732,
    -2.324057112053));
#6361 = CARTESIAN_POINT('',(88.271603189222,2.195429789056,
    -2.293691314387));
#6362 = CARTESIAN_POINT('',(88.317706383594,2.209052115083,
    -2.280644819733));
#6363 = CARTESIAN_POINT('',(88.363229046695,2.223501978198,
    -2.266620859559));
#6364 = CARTESIAN_POINT('',(88.408154084536,2.238704822926,
    -2.251648300512));
#6365 = CARTESIAN_POINT('',(88.452462669783,2.254586065957,
    -2.235757413128));
#6366 = CARTESIAN_POINT('',(88.496134241758,2.271071096144,
    -2.218979871835));
#6367 = CARTESIAN_POINT('',(88.539146506434,2.288085274507,
    -2.201348754949));
#6368 = CARTESIAN_POINT('',(88.712853350281,2.359772079404,
    -2.125633923645));
#6369 = CARTESIAN_POINT('',(88.838033193889,2.418531892446,
    -2.060318496523));
#6370 = CARTESIAN_POINT('',(88.956686533251,2.479853942232,
    -1.987737734133));
#6371 = CARTESIAN_POINT('',(89.0684997365,2.5419959282,-1.908679546962)
  );
#6372 = CARTESIAN_POINT('',(89.173300299748,2.603576789162,
    -1.823889500023));
#6373 = CARTESIAN_POINT('',(89.27110787649,2.663613417294,
    -1.733976707762));
#6374 = CARTESIAN_POINT('',(89.362110010536,2.721469977267,
    -1.639270409008));
#6375 = CARTESIAN_POINT('',(89.585172118883,2.867399816104,
    -1.376085742234));
#6376 = CARTESIAN_POINT('',(89.706081906592,2.951029257803,
    -1.199320246993));
#6377 = CARTESIAN_POINT('',(89.807615663533,3.023870758793,
    -1.012028399694));
#6378 = CARTESIAN_POINT('',(89.888920828494,3.083583048781,
    -0.817061485431));
#6379 = CARTESIAN_POINT('',(89.949833013105,3.12894540295,
    -0.616903017599));
#6380 = CARTESIAN_POINT('',(89.990569246109,3.159483968669,
    -0.413374216307));
#6381 = CARTESIAN_POINT('',(90.01125,3.175,-0.207566358526));
#6382 = CARTESIAN_POINT('',(90.01125,3.175,-7.04991620637E-16));
#6383 = PCURVE('',#5628,#6384);
#6384 = DEFINITIONAL_REPRESENTATION('',(#6385),#6437);
#6385 = B_SPLINE_CURVE_WITH_KNOTS('',8,(#6386,#6387,#6388,#6389,#6390,
    #6391,#6392,#6393,#6394,#6395,#6396,#6397,#6398,#6399,#6400,#6401,
    #6402,#6403,#6404,#6405,#6406,#6407,#6408,#6409,#6410,#6411,#6412,
    #6413,#6414,#6415,#6416,#6417,#6418,#6419,#6420,#6421,#6422,#6423,
    #6424,#6425,#6426,#6427,#6428,#6429,#6430,#6431,#6432,#6433,#6434,
    #6435,#6436),.UNSPECIFIED.,.F.,.F.,(9,7,7,7,7,7,7,9),(0.,
    0.299302932154,0.445046862096,0.500044109271,0.571017807626,
    0.617657390274,0.762414441065,1.),.UNSPECIFIED.);
#6386 = CARTESIAN_POINT('',(-6.28318530718,-26.82875));
#6387 = CARTESIAN_POINT('',(-6.199979922302,-26.82875));
#6388 = CARTESIAN_POINT('',(-6.119038555361,-26.86224124376));
#6389 = CARTESIAN_POINT('',(-6.038686957387,-26.92606193057));
#6390 = CARTESIAN_POINT('',(-5.958417798961,-27.02146608712));
#6391 = CARTESIAN_POINT('',(-5.878552332171,-27.14982092491));
#6392 = CARTESIAN_POINT('',(-5.800348019363,-27.31139369882));
#6393 = CARTESIAN_POINT('',(-5.72619248161,-27.50235278626));
#6394 = CARTESIAN_POINT('',(-5.626182099328,-27.82278203302));
#6395 = CARTESIAN_POINT('',(-5.594654033984,-27.93485093229));
#6396 = CARTESIAN_POINT('',(-5.564686327001,-28.05396475115));
#6397 = CARTESIAN_POINT('',(-5.536724733919,-28.1798600449));
#6398 = CARTESIAN_POINT('',(-5.511307329065,-28.31217567442));
#6399 = CARTESIAN_POINT('',(-5.489047797517,-28.45054231849));
#6400 = CARTESIAN_POINT('',(-5.470618428388,-28.59468556969));
#6401 = CARTESIAN_POINT('',(-5.45149299725,-28.80109196672));
#6402 = CARTESIAN_POINT('',(-5.446910606942,-28.85834218809));
#6403 = CARTESIAN_POINT('',(-5.443030308907,-28.9161679714));
#6404 = CARTESIAN_POINT('',(-5.439888195854,-28.97445051593));
#6405 = CARTESIAN_POINT('',(-5.437511782792,-29.03307752691));
#6406 = CARTESIAN_POINT('',(-5.435920007035,-29.0919432155));
#6407 = CARTESIAN_POINT('',(-5.435123228198,-29.15094829884));
#6408 = CARTESIAN_POINT('',(-5.435123228198,-29.28620595285));
#6409 = CARTESIAN_POINT('',(-5.436450413206,-29.36227345765));
#6410 = CARTESIAN_POINT('',(-5.439096383528,-29.43802525141));
#6411 = CARTESIAN_POINT('',(-5.443032812355,-29.51327588167));
#6412 = CARTESIAN_POINT('',(-5.448210837871,-29.58782570184));
#6413 = CARTESIAN_POINT('',(-5.454560455366,-29.66145486643));
#6414 = CARTESIAN_POINT('',(-5.461989909346,-29.73391732636));
#6415 = CARTESIAN_POINT('',(-5.475901883102,-29.85160318922));
#6416 = CARTESIAN_POINT('',(-5.481842613017,-29.89770638359));
#6417 = CARTESIAN_POINT('',(-5.488184509966,-29.94322904669));
#6418 = CARTESIAN_POINT('',(-5.494904701546,-29.98815408453));
#6419 = CARTESIAN_POINT('',(-5.501980208373,-30.03246266978));
#6420 = CARTESIAN_POINT('',(-5.509387944084,-30.07613424175));
#6421 = CARTESIAN_POINT('',(-5.517104715335,-30.11914650643));
#6422 = CARTESIAN_POINT('',(-5.549944906224,-30.29285335028));
#6423 = CARTESIAN_POINT('',(-5.577607866943,-30.41803319388));
#6424 = CARTESIAN_POINT('',(-5.607508853735,-30.53668653325));
#6425 = CARTESIAN_POINT('',(-5.639140080848,-30.6484997365));
#6426 = CARTESIAN_POINT('',(-5.672097118009,-30.75330029974));
#6427 = CARTESIAN_POINT('',(-5.706102086624,-30.85110787649));
#6428 = CARTESIAN_POINT('',(-5.741026161172,-30.94211001053));
#6429 = CARTESIAN_POINT('',(-5.835808740199,-31.16517211888));
#6430 = CARTESIAN_POINT('',(-5.897272054438,-31.28608190659));
#6431 = CARTESIAN_POINT('',(-5.960297198776,-31.38761566353));
#6432 = CARTESIAN_POINT('',(-6.0241715253,-31.46892082849));
#6433 = CARTESIAN_POINT('',(-6.088460408683,-31.5298330131));
#6434 = CARTESIAN_POINT('',(-6.152987698938,-31.5705692461));
#6435 = CARTESIAN_POINT('',(-6.217810076148,-31.59125));
#6436 = CARTESIAN_POINT('',(-6.28318530718,-31.59125));
#6437 = ( GEOMETRIC_REPRESENTATION_CONTEXT(2) 
PARAMETRIC_REPRESENTATION_CONTEXT() REPRESENTATION_CONTEXT('2D SPACE',''
  ) );
#6438 = PCURVE('',#5868,#6439);
#6439 = DEFINITIONAL_REPRESENTATION('',(#6440),#6492);
#6440 = B_SPLINE_CURVE_WITH_KNOTS('',8,(#6441,#6442,#6443,#6444,#6445,
    #6446,#6447,#6448,#6449,#6450,#6451,#6452,#6453,#6454,#6455,#6456,
    #6457,#6458,#6459,#6460,#6461,#6462,#6463,#6464,#6465,#6466,#6467,
    #6468,#6469,#6470,#6471,#6472,#6473,#6474,#6475,#6476,#6477,#6478,
    #6479,#6480,#6481,#6482,#6483,#6484,#6485,#6486,#6487,#6488,#6489,
    #6490,#6491),.UNSPECIFIED.,.F.,.F.,(9,7,7,7,7,7,7,9),(0.,
    0.299302932154,0.445046862096,0.500044109271,0.571017807626,
    0.617657390274,0.762414441065,1.),.UNSPECIFIED.);
#6441 = CARTESIAN_POINT('',(3.14159265359,-3.175));
#6442 = CARTESIAN_POINT('',(3.252533166761,-3.175));
#6443 = CARTESIAN_POINT('',(3.360455820777,-3.149881089076));
#6444 = CARTESIAN_POINT('',(3.468496539947,-3.102019589688));
#6445 = CARTESIAN_POINT('',(3.578061528964,-3.031313253843));
#6446 = CARTESIAN_POINT('',(3.689843419923,-2.938171007186));
#6447 = CARTESIAN_POINT('',(3.80375684256,-2.825306913617));
#6448 = CARTESIAN_POINT('',(3.919050839562,-2.701013407219));
#6449 = CARTESIAN_POINT('',(4.091718525808,-2.515418452197));
#6450 = CARTESIAN_POINT('',(4.149171454214,-2.453752150052));
#6451 = CARTESIAN_POINT('',(4.207588669563,-2.39233466425));
#6452 = CARTESIAN_POINT('',(4.266984191505,-2.332643745076));
#6453 = CARTESIAN_POINT('',(4.327374300404,-2.276503142138));
#6454 = CARTESIAN_POINT('',(4.388822518483,-2.226020141786));
#6455 = CARTESIAN_POINT('',(4.451484765005,-2.18345590344));
#6456 = CARTESIAN_POINT('',(4.539869546304,-2.138791977422));
#6457 = CARTESIAN_POINT('',(4.564250330908,-2.128021621152));
#6458 = CARTESIAN_POINT('',(4.588763108418,-2.118855280075));
#6459 = CARTESIAN_POINT('',(4.613377800405,-2.111404421234));
#6460 = CARTESIAN_POINT('',(4.638068180892,-2.105754224645));
#6461 = CARTESIAN_POINT('',(4.662811876356,-2.101963583299));
#6462 = CARTESIAN_POINT('',(4.687590365726,-2.100065103158));
#6463 = CARTESIAN_POINT('',(4.74439148027,-2.100065103158));
#6464 = CARTESIAN_POINT('',(4.776336058913,-2.103224701732));
#6465 = CARTESIAN_POINT('',(4.808197543685,-2.109526329158));
#6466 = CARTESIAN_POINT('',(4.839947673072,-2.118879949704));
#6467 = CARTESIAN_POINT('',(4.871550527712,-2.131127207876));
#6468 = CARTESIAN_POINT('',(4.902957961426,-2.146045574654));
#6469 = CARTESIAN_POINT('',(4.934105032254,-2.163352493732));
#6470 = CARTESIAN_POINT('',(4.985145577251,-2.195429789056));
#6471 = CARTESIAN_POINT('',(5.005261331736,-2.209052115083));
#6472 = CARTESIAN_POINT('',(5.025256215336,-2.223501978198));
#6473 = CARTESIAN_POINT('',(5.045132256525,-2.238704822926));
#6474 = CARTESIAN_POINT('',(5.06488999385,-2.254586065957));
#6475 = CARTESIAN_POINT('',(5.084528475929,-2.271071096144));
#6476 = CARTESIAN_POINT('',(5.104045261455,-2.288085274507));
#6477 = CARTESIAN_POINT('',(5.183621494748,-2.359772079404));
#6478 = CARTESIAN_POINT('',(5.242772127431,-2.418531892446));
#6479 = CARTESIAN_POINT('',(5.300958973176,-2.479853942232));
#6480 = CARTESIAN_POINT('',(5.358219238954,-2.5419959282));
#6481 = CARTESIAN_POINT('',(5.414601692132,-2.603576789162));
#6482 = CARTESIAN_POINT('',(5.470212633632,-2.663613417294));
#6483 = CARTESIAN_POINT('',(5.525262834904,-2.721469977267));
#6484 = CARTESIAN_POINT('',(5.670143430131,-2.867399816104));
#6485 = CARTESIAN_POINT('',(5.759602547991,-2.951029257803));
#6486 = CARTESIAN_POINT('',(5.848282661645,-3.023870758793));
#6487 = CARTESIAN_POINT('',(5.936096845402,-3.083583048781));
#6488 = CARTESIAN_POINT('',(6.023112286557,-3.12894540295));
#6489 = CARTESIAN_POINT('',(6.109587854727,-3.159483968669));
#6490 = CARTESIAN_POINT('',(6.19601833247,-3.175));
#6491 = CARTESIAN_POINT('',(6.28318530718,-3.175));
#6492 = ( GEOMETRIC_REPRESENTATION_CONTEXT(2) 
PARAMETRIC_REPRESENTATION_CONTEXT() REPRESENTATION_CONTEXT('2D SPACE',''
  ) );
#6493 = ORIENTED_EDGE('',*,*,#6494,.F.);
#6494 = EDGE_CURVE('',#6495,#6328,#6497,.T.);
#6495 = VERTEX_POINT('',#6496);
#6496 = CARTESIAN_POINT('',(58.42,3.175,0.));
#6497 = SEAM_CURVE('',#6498,(#6502,#6508),.PCURVE_S1.);
#6498 = LINE('',#6499,#6500);
#6499 = CARTESIAN_POINT('',(58.42,3.175,0.));
#6500 = VECTOR('',#6501,1.);
#6501 = DIRECTION('',(1.,0.,0.));
#6502 = PCURVE('',#5628,#6503);
#6503 = DEFINITIONAL_REPRESENTATION('',(#6504),#6507);
#6504 = B_SPLINE_CURVE_WITH_KNOTS('',1,(#6505,#6506),.UNSPECIFIED.,.F.,
  .F.,(2,2),(0.,26.82875),.PIECEWISE_BEZIER_KNOTS.);
#6505 = CARTESIAN_POINT('',(0.,0.));
#6506 = CARTESIAN_POINT('',(0.,-26.82875));
#6507 = ( GEOMETRIC_REPRESENTATION_CONTEXT(2) 
PARAMETRIC_REPRESENTATION_CONTEXT() REPRESENTATION_CONTEXT('2D SPACE',''
  ) );
#6508 = PCURVE('',#5628,#6509);
#6509 = DEFINITIONAL_REPRESENTATION('',(#6510),#6513);
#6510 = B_SPLINE_CURVE_WITH_KNOTS('',1,(#6511,#6512),.UNSPECIFIED.,.F.,
  .F.,(2,2),(0.,26.82875),.PIECEWISE_BEZIER_KNOTS.);
#6511 = CARTESIAN_POINT('',(-6.28318530718,0.));
#6512 = CARTESIAN_POINT('',(-6.28318530718,-26.82875));
#6513 = ( GEOMETRIC_REPRESENTATION_CONTEXT(2) 
PARAMETRIC_REPRESENTATION_CONTEXT() REPRESENTATION_CONTEXT('2D SPACE',''
  ) );
#6514 = ORIENTED_EDGE('',*,*,#6515,.F.);
#6515 = EDGE_CURVE('',#5682,#6495,#6516,.T.);
#6516 = SURFACE_CURVE('',#6517,(#6522,#6528),.PCURVE_S1.);
#6517 = CIRCLE('',#6518,3.175);
#6518 = AXIS2_PLACEMENT_3D('',#6519,#6520,#6521);
#6519 = CARTESIAN_POINT('',(58.42,0.,0.));
#6520 = DIRECTION('',(1.,0.,0.));
#6521 = DIRECTION('',(0.,1.,0.));
#6522 = PCURVE('',#5628,#6523);
#6523 = DEFINITIONAL_REPRESENTATION('',(#6524),#6527);
#6524 = B_SPLINE_CURVE_WITH_KNOTS('',1,(#6525,#6526),.UNSPECIFIED.,.F.,
  .F.,(2,2),(2.421887327565,6.28318530718),.PIECEWISE_BEZIER_KNOTS.);
#6525 = CARTESIAN_POINT('',(-2.421887327565,0.));
#6526 = CARTESIAN_POINT('',(-6.28318530718,0.));
#6527 = ( GEOMETRIC_REPRESENTATION_CONTEXT(2) 
PARAMETRIC_REPRESENTATION_CONTEXT() REPRESENTATION_CONTEXT('2D SPACE',''
  ) );
#6528 = PCURVE('',#5761,#6529);
#6529 = DEFINITIONAL_REPRESENTATION('',(#6530),#6534);
#6530 = CIRCLE('',#6531,3.175);
#6531 = AXIS2_PLACEMENT_2D('',#6532,#6533);
#6532 = CARTESIAN_POINT('',(-6.067247740634E-18,-2.035135509756E-16));
#6533 = DIRECTION('',(0.,-1.));
#6534 = ( GEOMETRIC_REPRESENTATION_CONTEXT(2) 
PARAMETRIC_REPRESENTATION_CONTEXT() REPRESENTATION_CONTEXT('2D SPACE',''
  ) );
#6535 = ORIENTED_EDGE('',*,*,#5681,.T.);
#6536 = ORIENTED_EDGE('',*,*,#5570,.T.);
#6537 = ORIENTED_EDGE('',*,*,#6538,.F.);
#6538 = EDGE_CURVE('',#6495,#5573,#6539,.T.);
#6539 = SURFACE_CURVE('',#6540,(#6545,#6551),.PCURVE_S1.);
#6540 = CIRCLE('',#6541,3.175);
#6541 = AXIS2_PLACEMENT_3D('',#6542,#6543,#6544);
#6542 = CARTESIAN_POINT('',(58.42,0.,0.));
#6543 = DIRECTION('',(1.,0.,0.));
#6544 = DIRECTION('',(0.,1.,0.));
#6545 = PCURVE('',#5628,#6546);
#6546 = DEFINITIONAL_REPRESENTATION('',(#6547),#6550);
#6547 = B_SPLINE_CURVE_WITH_KNOTS('',1,(#6548,#6549),.UNSPECIFIED.,.F.,
  .F.,(2,2),(0.,0.719705326025),.PIECEWISE_BEZIER_KNOTS.);
#6548 = CARTESIAN_POINT('',(0.,0.));
#6549 = CARTESIAN_POINT('',(-0.719705326025,0.));
#6550 = ( GEOMETRIC_REPRESENTATION_CONTEXT(2) 
PARAMETRIC_REPRESENTATION_CONTEXT() REPRESENTATION_CONTEXT('2D SPACE',''
  ) );
#6551 = PCURVE('',#5761,#6552);
#6552 = DEFINITIONAL_REPRESENTATION('',(#6553),#6557);
#6553 = CIRCLE('',#6554,3.175);
#6554 = AXIS2_PLACEMENT_2D('',#6555,#6556);
#6555 = CARTESIAN_POINT('',(-6.067247740634E-18,-2.035135509756E-16));
#6556 = DIRECTION('',(0.,-1.));
#6557 = ( GEOMETRIC_REPRESENTATION_CONTEXT(2) 
PARAMETRIC_REPRESENTATION_CONTEXT() REPRESENTATION_CONTEXT('2D SPACE',''
  ) );
#6558 = ORIENTED_EDGE('',*,*,#6494,.T.);
#6559 = ORIENTED_EDGE('',*,*,#6560,.F.);
#6560 = EDGE_CURVE('',#6305,#6328,#6561,.T.);
#6561 = SURFACE_CURVE('',#6562,(#6614,#6669),.PCURVE_S1.);
#6562 = B_SPLINE_CURVE_WITH_KNOTS('',8,(#6563,#6564,#6565,#6566,#6567,
    #6568,#6569,#6570,#6571,#6572,#6573,#6574,#6575,#6576,#6577,#6578,
    #6579,#6580,#6581,#6582,#6583,#6584,#6585,#6586,#6587,#6588,#6589,
    #6590,#6591,#6592,#6593,#6594,#6595,#6596,#6597,#6598,#6599,#6600,
    #6601,#6602,#6603,#6604,#6605,#6606,#6607,#6608,#6609,#6610,#6611,
    #6612,#6613),.UNSPECIFIED.,.F.,.F.,(9,7,7,7,7,7,7,9),(0.,
    0.299303098129,0.445047108936,0.500044357769,0.571018020802,
    0.617657580272,0.762414559127,1.),.UNSPECIFIED.);
#6563 = CARTESIAN_POINT('',(90.01125,3.175,-2.91619019047E-16));
#6564 = CARTESIAN_POINT('',(90.01125,3.175,0.264177096991));
#6565 = CARTESIAN_POINT('',(89.977758756235,3.149881089076,0.5211627726)
  );
#6566 = CARTESIAN_POINT('',(89.913938069419,3.102019589687,
    0.773511301299));
#6567 = CARTESIAN_POINT('',(89.818533912883,3.031313253847,
    1.020581112735));
#6568 = CARTESIAN_POINT('',(89.690179075081,2.938171007182,
    1.258936528809));
#6569 = CARTESIAN_POINT('',(89.528606301167,2.825306913615,
    1.481852492561));
#6570 = CARTESIAN_POINT('',(89.337647213737,2.701013407222,
    1.682484476905));
#6571 = CARTESIAN_POINT('',(89.017217966941,2.515418452177,
    1.940130931863));
#6572 = CARTESIAN_POINT('',(88.905149067725,2.453752150066,
    2.019076874796));
#6573 = CARTESIAN_POINT('',(88.786035248882,2.392334664266,
    2.091893488708));
#6574 = CARTESIAN_POINT('',(88.660139955106,2.332643745072,
    2.157742633168));
#6575 = CARTESIAN_POINT('',(88.527824325537,2.276503142123,
    2.215798675511));
#6576 = CARTESIAN_POINT('',(88.389457681473,2.226020141783,
    2.265292153342));
#6577 = CARTESIAN_POINT('',(88.245314430354,2.18345590345,2.305447671748
    ));
#6578 = CARTESIAN_POINT('',(88.038908062927,2.138791983839,
    2.346587015115));
#6579 = CARTESIAN_POINT('',(87.981657822536,2.128021626027,2.35636848255
    ));
#6580 = CARTESIAN_POINT('',(87.923832011951,2.118855280658,2.36460052751
    ));
#6581 = CARTESIAN_POINT('',(87.865549456064,2.111404418267,
    2.371235060491));
#6582 = CARTESIAN_POINT('',(87.806922457556,2.105754220645,
    2.376235812487));
#6583 = CARTESIAN_POINT('',(87.748056796902,2.10196358084,2.379578334993
    ));
#6584 = CARTESIAN_POINT('',(87.689051732364,2.100065103158,2.38125));
#6585 = CARTESIAN_POINT('',(87.553794047098,2.100065103158,2.38125));
#6586 = CARTESIAN_POINT('',(87.477726542322,2.103224701736,2.37846187464
    ));
#6587 = CARTESIAN_POINT('',(87.401974748615,2.109526329158,
    2.372906370874));
#6588 = CARTESIAN_POINT('',(87.326724118375,2.118879949697,
    2.364616908876));
#6589 = CARTESIAN_POINT('',(87.252174298186,2.131127207868,
    2.353648536254));
#6590 = CARTESIAN_POINT('',(87.178545133544,2.146045574655,
    2.340086882269));
#6591 = CARTESIAN_POINT('',(87.106082673578,2.163352493746,
    2.324057112039));
#6592 = CARTESIAN_POINT('',(86.988396810778,2.195429789056,
    2.293691314387));
#6593 = CARTESIAN_POINT('',(86.942293616406,2.209052115083,
    2.280644819733));
#6594 = CARTESIAN_POINT('',(86.896770953305,2.223501978198,2.26662085956
    ));
#6595 = CARTESIAN_POINT('',(86.851845915464,2.238704822926,
    2.251648300512));
#6596 = CARTESIAN_POINT('',(86.807537330217,2.254586065957,
    2.235757413128));
#6597 = CARTESIAN_POINT('',(86.763865758242,2.271071096144,
    2.218979871835));
#6598 = CARTESIAN_POINT('',(86.720853493566,2.288085274507,
    2.201348754949));
#6599 = CARTESIAN_POINT('',(86.547146649719,2.359772079404,
    2.125633923646));
#6600 = CARTESIAN_POINT('',(86.421966806112,2.418531892446,
    2.060318496524));
#6601 = CARTESIAN_POINT('',(86.303313466749,2.479853942232,
    1.987737734134));
#6602 = CARTESIAN_POINT('',(86.1915002635,2.5419959282,1.908679546962));
#6603 = CARTESIAN_POINT('',(86.086699700251,2.603576789163,
    1.823889500023));
#6604 = CARTESIAN_POINT('',(85.98889212351,2.663613417294,1.733976707762
    ));
#6605 = CARTESIAN_POINT('',(85.897889989463,2.721469977267,
    1.639270409008));
#6606 = CARTESIAN_POINT('',(85.674827881114,2.867399816106,1.37608574223
    ));
#6607 = CARTESIAN_POINT('',(85.553918093409,2.951029257802,
    1.199320246993));
#6608 = CARTESIAN_POINT('',(85.452384336469,3.023870758792,
    1.012028399697));
#6609 = CARTESIAN_POINT('',(85.371079171506,3.08358304878,0.817061485434
    ));
#6610 = CARTESIAN_POINT('',(85.310166986895,3.12894540295,0.616903017601
    ));
#6611 = CARTESIAN_POINT('',(85.269430753891,3.159483968669,
    0.413374216306));
#6612 = CARTESIAN_POINT('',(85.24875,3.175,0.207566358524));
#6613 = CARTESIAN_POINT('',(85.24875,3.175,4.374285285704E-16));
#6614 = PCURVE('',#5628,#6615);
#6615 = DEFINITIONAL_REPRESENTATION('',(#6616),#6668);
#6616 = B_SPLINE_CURVE_WITH_KNOTS('',8,(#6617,#6618,#6619,#6620,#6621,
    #6622,#6623,#6624,#6625,#6626,#6627,#6628,#6629,#6630,#6631,#6632,
    #6633,#6634,#6635,#6636,#6637,#6638,#6639,#6640,#6641,#6642,#6643,
    #6644,#6645,#6646,#6647,#6648,#6649,#6650,#6651,#6652,#6653,#6654,
    #6655,#6656,#6657,#6658,#6659,#6660,#6661,#6662,#6663,#6664,#6665,
    #6666,#6667),.UNSPECIFIED.,.F.,.F.,(9,7,7,7,7,7,7,9),(0.,
    0.299303098129,0.445047108936,0.500044357769,0.571018020802,
    0.617657580272,0.762414559127,1.),.UNSPECIFIED.);
#6617 = CARTESIAN_POINT('',(0.,-31.59125));
#6618 = CARTESIAN_POINT('',(-8.320538487919E-02,-31.59125));
#6619 = CARTESIAN_POINT('',(-0.164146751818,-31.55775875623));
#6620 = CARTESIAN_POINT('',(-0.244498349792,-31.49393806941));
#6621 = CARTESIAN_POINT('',(-0.324767508217,-31.39853391288));
#6622 = CARTESIAN_POINT('',(-0.404632975012,-31.27017907508));
#6623 = CARTESIAN_POINT('',(-0.482837287818,-31.10860630116));
#6624 = CARTESIAN_POINT('',(-0.556992825568,-30.91764721373));
#6625 = CARTESIAN_POINT('',(-0.657003207862,-30.59721796694));
#6626 = CARTESIAN_POINT('',(-0.688531273188,-30.48514906772));
#6627 = CARTESIAN_POINT('',(-0.718498980171,-30.36603524888));
#6628 = CARTESIAN_POINT('',(-0.746460573263,-30.2401399551));
#6629 = CARTESIAN_POINT('',(-0.771877978121,-30.10782432553));
#6630 = CARTESIAN_POINT('',(-0.794137509664,-29.96945768147));
#6631 = CARTESIAN_POINT('',(-0.812566878787,-29.82531443035));
#6632 = CARTESIAN_POINT('',(-0.831692307182,-29.61890806292));
#6633 = CARTESIAN_POINT('',(-0.836274698149,-29.56165782253));
#6634 = CARTESIAN_POINT('',(-0.84015499802,-29.50383201195));
#6635 = CARTESIAN_POINT('',(-0.843297112593,-29.44554945606));
#6636 = CARTESIAN_POINT('',(-0.845673526097,-29.38692245755));
#6637 = CARTESIAN_POINT('',(-0.847265301196,-29.3280567969));
#6638 = CARTESIAN_POINT('',(-0.848062078981,-29.26905173236));
#6639 = CARTESIAN_POINT('',(-0.848062078981,-29.13379404709));
#6640 = CARTESIAN_POINT('',(-0.846734893972,-29.05772654232));
#6641 = CARTESIAN_POINT('',(-0.844088923651,-28.98197474861));
#6642 = CARTESIAN_POINT('',(-0.840152494828,-28.90672411837));
#6643 = CARTESIAN_POINT('',(-0.834974469312,-28.83217429818));
#6644 = CARTESIAN_POINT('',(-0.828624851813,-28.75854513354));
#6645 = CARTESIAN_POINT('',(-0.821195397827,-28.68608267357));
#6646 = CARTESIAN_POINT('',(-0.807283424078,-28.56839681077));
#6647 = CARTESIAN_POINT('',(-0.801342694162,-28.5222936164));
#6648 = CARTESIAN_POINT('',(-0.795000797213,-28.4767709533));
#6649 = CARTESIAN_POINT('',(-0.788280605634,-28.43184591546));
#6650 = CARTESIAN_POINT('',(-0.781205098807,-28.38753733021));
#6651 = CARTESIAN_POINT('',(-0.773797363096,-28.34386575824));
#6652 = CARTESIAN_POINT('',(-0.766080591844,-28.30085349356));
#6653 = CARTESIAN_POINT('',(-0.733240400956,-28.12714664971));
#6654 = CARTESIAN_POINT('',(-0.705577440237,-28.00196680611));
#6655 = CARTESIAN_POINT('',(-0.675676453444,-27.88331346674));
#6656 = CARTESIAN_POINT('',(-0.644045226332,-27.7715002635));
#6657 = CARTESIAN_POINT('',(-0.611088189171,-27.66669970025));
#6658 = CARTESIAN_POINT('',(-0.577083220555,-27.56889212351));
#6659 = CARTESIAN_POINT('',(-0.542159146007,-27.47788998946));
#6660 = CARTESIAN_POINT('',(-0.447376566979,-27.25482788111));
#6661 = CARTESIAN_POINT('',(-0.385913252742,-27.1339180934));
#6662 = CARTESIAN_POINT('',(-0.322888108405,-27.03238433646));
#6663 = CARTESIAN_POINT('',(-0.259013781881,-26.9510791715));
#6664 = CARTESIAN_POINT('',(-0.194724898497,-26.89016698689));
#6665 = CARTESIAN_POINT('',(-0.130197608242,-26.84943075389));
#6666 = CARTESIAN_POINT('',(-6.537523103128E-02,-26.82875));
#6667 = CARTESIAN_POINT('',(0.,-26.82875));
#6668 = ( GEOMETRIC_REPRESENTATION_CONTEXT(2) 
PARAMETRIC_REPRESENTATION_CONTEXT() REPRESENTATION_CONTEXT('2D SPACE',''
  ) );
#6669 = PCURVE('',#5868,#6670);
#6670 = DEFINITIONAL_REPRESENTATION('',(#6671),#6723);
#6671 = B_SPLINE_CURVE_WITH_KNOTS('',8,(#6672,#6673,#6674,#6675,#6676,
    #6677,#6678,#6679,#6680,#6681,#6682,#6683,#6684,#6685,#6686,#6687,
    #6688,#6689,#6690,#6691,#6692,#6693,#6694,#6695,#6696,#6697,#6698,
    #6699,#6700,#6701,#6702,#6703,#6704,#6705,#6706,#6707,#6708,#6709,
    #6710,#6711,#6712,#6713,#6714,#6715,#6716,#6717,#6718,#6719,#6720,
    #6721,#6722),.UNSPECIFIED.,.F.,.F.,(9,7,7,7,7,7,7,9),(0.,
    0.299303098129,0.445047108936,0.500044357769,0.571018020802,
    0.617657580272,0.762414559127,1.),.UNSPECIFIED.);
#6672 = CARTESIAN_POINT('',(0.,-3.175));
#6673 = CARTESIAN_POINT('',(0.110940513172,-3.175));
#6674 = CARTESIAN_POINT('',(0.218863167187,-3.149881089076));
#6675 = CARTESIAN_POINT('',(0.326903886355,-3.102019589688));
#6676 = CARTESIAN_POINT('',(0.436468875373,-3.031313253847));
#6677 = CARTESIAN_POINT('',(0.548250766337,-2.938171007182));
#6678 = CARTESIAN_POINT('',(0.662164188972,-2.825306913614));
#6679 = CARTESIAN_POINT('',(0.777458185969,-2.701013407222));
#6680 = CARTESIAN_POINT('',(0.950125872236,-2.515418452177));
#6681 = CARTESIAN_POINT('',(1.007578800615,-2.453752150066));
#6682 = CARTESIAN_POINT('',(1.065996015954,-2.392334664266));
#6683 = CARTESIAN_POINT('',(1.125391537914,-2.332643745072));
#6684 = CARTESIAN_POINT('',(1.185781646833,-2.276503142123));
#6685 = CARTESIAN_POINT('',(1.247229864906,-2.226020141783));
#6686 = CARTESIAN_POINT('',(1.309892111396,-2.18345590345));
#6687 = CARTESIAN_POINT('',(1.398276880016,-2.138791983839));
#6688 = CARTESIAN_POINT('',(1.422657672663,-2.128021626027));
#6689 = CARTESIAN_POINT('',(1.447170461786,-2.118855280658));
#6690 = CARTESIAN_POINT('',(1.471785158676,-2.111404418267));
#6691 = CARTESIAN_POINT('',(1.496475533969,-2.105754220645));
#6692 = CARTESIAN_POINT('',(1.521219217645,-2.10196358084));
#6693 = CARTESIAN_POINT('',(1.54599769903,-2.100065103158));
#6694 = CARTESIAN_POINT('',(1.602798826701,-2.100065103158));
#6695 = CARTESIAN_POINT('',(1.634743405333,-2.103224701736));
#6696 = CARTESIAN_POINT('',(1.666604890085,-2.109526329158));
#6697 = CARTESIAN_POINT('',(1.698355019462,-2.118879949697));
#6698 = CARTESIAN_POINT('',(1.729957874109,-2.131127207868));
#6699 = CARTESIAN_POINT('',(1.761365307844,-2.146045574655));
#6700 = CARTESIAN_POINT('',(1.792512378686,-2.163352493746));
#6701 = CARTESIAN_POINT('',(1.843552923661,-2.195429789056));
#6702 = CARTESIAN_POINT('',(1.863668678146,-2.209052115083));
#6703 = CARTESIAN_POINT('',(1.883663561746,-2.223501978198));
#6704 = CARTESIAN_POINT('',(1.903539602935,-2.238704822926));
#6705 = CARTESIAN_POINT('',(1.92329734026,-2.254586065957));
#6706 = CARTESIAN_POINT('',(1.942935822339,-2.271071096144));
#6707 = CARTESIAN_POINT('',(1.962452607865,-2.288085274507));
#6708 = CARTESIAN_POINT('',(2.042028841158,-2.359772079404));
#6709 = CARTESIAN_POINT('',(2.101179473841,-2.418531892446));
#6710 = CARTESIAN_POINT('',(2.159366319586,-2.479853942232));
#6711 = CARTESIAN_POINT('',(2.216626585365,-2.5419959282));
#6712 = CARTESIAN_POINT('',(2.273009038542,-2.603576789163));
#6713 = CARTESIAN_POINT('',(2.328619980043,-2.663613417294));
#6714 = CARTESIAN_POINT('',(2.383670181314,-2.721469977267));
#6715 = CARTESIAN_POINT('',(2.528550776544,-2.867399816106));
#6716 = CARTESIAN_POINT('',(2.618009894401,-2.951029257802));
#6717 = CARTESIAN_POINT('',(2.706690008054,-3.023870758792));
#6718 = CARTESIAN_POINT('',(2.794504191811,-3.08358304878));
#6719 = CARTESIAN_POINT('',(2.881519632967,-3.12894540295));
#6720 = CARTESIAN_POINT('',(2.967995201138,-3.159483968669));
#6721 = CARTESIAN_POINT('',(3.054425678881,-3.175));
#6722 = CARTESIAN_POINT('',(3.14159265359,-3.175));
#6723 = ( GEOMETRIC_REPRESENTATION_CONTEXT(2) 
PARAMETRIC_REPRESENTATION_CONTEXT() REPRESENTATION_CONTEXT('2D SPACE',''
  ) );
#6724 = ORIENTED_EDGE('',*,*,#6304,.T.);
#6725 = ORIENTED_EDGE('',*,*,#6726,.T.);
#6726 = EDGE_CURVE('',#6307,#6307,#6727,.T.);
#6727 = SURFACE_CURVE('',#6728,(#6733,#6739),.PCURVE_S1.);
#6728 = CIRCLE('',#6729,3.175);
#6729 = AXIS2_PLACEMENT_3D('',#6730,#6731,#6732);
#6730 = CARTESIAN_POINT('',(96.52,0.,0.));
#6731 = DIRECTION('',(1.,0.,0.));
#6732 = DIRECTION('',(0.,1.,0.));
#6733 = PCURVE('',#5628,#6734);
#6734 = DEFINITIONAL_REPRESENTATION('',(#6735),#6738);
#6735 = B_SPLINE_CURVE_WITH_KNOTS('',1,(#6736,#6737),.UNSPECIFIED.,.F.,
  .F.,(2,2),(0.,6.28318530718),.PIECEWISE_BEZIER_KNOTS.);
#6736 = CARTESIAN_POINT('',(0.,-38.1));
#6737 = CARTESIAN_POINT('',(-6.28318530718,-38.1));
#6738 = ( GEOMETRIC_REPRESENTATION_CONTEXT(2) 
PARAMETRIC_REPRESENTATION_CONTEXT() REPRESENTATION_CONTEXT('2D SPACE',''
  ) );
#6739 = PCURVE('',#5930,#6740);
#6740 = DEFINITIONAL_REPRESENTATION('',(#6741),#6745);
#6741 = CIRCLE('',#6742,3.175);
#6742 = AXIS2_PLACEMENT_2D('',#6743,#6744);
#6743 = CARTESIAN_POINT('',(2.702349032823E-17,-7.236037368021E-16));
#6744 = DIRECTION('',(0.,-1.));
#6745 = ( GEOMETRIC_REPRESENTATION_CONTEXT(2) 
PARAMETRIC_REPRESENTATION_CONTEXT() REPRESENTATION_CONTEXT('2D SPACE',''
  ) );
#6746 = FACE_BOUND('',#6747,.T.);
#6747 = EDGE_LOOP('',(#6748));
#6748 = ORIENTED_EDGE('',*,*,#6749,.T.);
#6749 = EDGE_CURVE('',#6750,#6750,#6752,.T.);
#6750 = VERTEX_POINT('',#6751);
#6751 = CARTESIAN_POINT('',(90.01125,-3.175,0.));
#6752 = SURFACE_CURVE('',#6753,(#6854,#6958),.PCURVE_S1.);
#6753 = B_SPLINE_CURVE_WITH_KNOTS('',8,(#6754,#6755,#6756,#6757,#6758,
    #6759,#6760,#6761,#6762,#6763,#6764,#6765,#6766,#6767,#6768,#6769,
    #6770,#6771,#6772,#6773,#6774,#6775,#6776,#6777,#6778,#6779,#6780,
    #6781,#6782,#6783,#6784,#6785,#6786,#6787,#6788,#6789,#6790,#6791,
    #6792,#6793,#6794,#6795,#6796,#6797,#6798,#6799,#6800,#6801,#6802,
    #6803,#6804,#6805,#6806,#6807,#6808,#6809,#6810,#6811,#6812,#6813,
    #6814,#6815,#6816,#6817,#6818,#6819,#6820,#6821,#6822,#6823,#6824,
    #6825,#6826,#6827,#6828,#6829,#6830,#6831,#6832,#6833,#6834,#6835,
    #6836,#6837,#6838,#6839,#6840,#6841,#6842,#6843,#6844,#6845,#6846,
    #6847,#6848,#6849,#6850,#6851,#6852,#6853),.UNSPECIFIED.,.T.,.F.,(9,
    7,7,7,7,7,7,7,7,7,7,7,7,7,9),(0.,0.148885227768,0.221384077175,
    0.248741903619,0.284047054722,0.307247451464,0.379255426577,
    0.497440032588,0.6478577898,0.721102896055,0.748742311998,
    0.784410828524,0.807850004228,0.880599067476,1.),.UNSPECIFIED.);
#6754 = CARTESIAN_POINT('',(90.01125,-3.175,0.));
#6755 = CARTESIAN_POINT('',(90.01125,-3.175,0.264177096978));
#6756 = CARTESIAN_POINT('',(89.977758756237,-3.149881089078,
    0.52116277261));
#6757 = CARTESIAN_POINT('',(89.913938069415,-3.102019589683,
    0.773511301312));
#6758 = CARTESIAN_POINT('',(89.818533912875,-3.031313253844,
    1.020581112728));
#6759 = CARTESIAN_POINT('',(89.690179075095,-2.938171007191,
    1.258936528798));
#6760 = CARTESIAN_POINT('',(89.528606301165,-2.825306913613,
    1.481852492564));
#6761 = CARTESIAN_POINT('',(89.337647213733,-2.701013407219,
    1.682484476909));
#6762 = CARTESIAN_POINT('',(89.017217966974,-2.515418452197,
    1.940130931836));
#6763 = CARTESIAN_POINT('',(88.90514906771,-2.453752150052,
    2.019076874816));
#6764 = CARTESIAN_POINT('',(88.786035248843,-2.39233466425,
    2.091893488728));
#6765 = CARTESIAN_POINT('',(88.6601399551,-2.332643745076,2.157742633161
    ));
#6766 = CARTESIAN_POINT('',(88.527824325577,-2.276503142138,
    2.215798675494));
#6767 = CARTESIAN_POINT('',(88.389457681503,-2.226020141786,
    2.265292153342));
#6768 = CARTESIAN_POINT('',(88.245314430308,-2.18345590344,
    2.305447671757));
#6769 = CARTESIAN_POINT('',(88.038908033273,-2.138791977422,
    2.346587021025));
#6770 = CARTESIAN_POINT('',(87.981657811907,-2.128021621152,
    2.356368487047));
#6771 = CARTESIAN_POINT('',(87.923832028597,-2.118855280075,
    2.364600528061));
#6772 = CARTESIAN_POINT('',(87.865549484066,-2.111404421234,
    2.371235057775));
#6773 = CARTESIAN_POINT('',(87.80692247309,-2.105754224645,
    2.376235808817));
#6774 = CARTESIAN_POINT('',(87.748056784494,-2.101963583299,
    2.379578332736));
#6775 = CARTESIAN_POINT('',(87.689051701155,-2.100065103158,2.38125));
#6776 = CARTESIAN_POINT('',(87.553794047149,-2.100065103158,2.38125));
#6777 = CARTESIAN_POINT('',(87.477726542344,-2.103224701732,
    2.378461874644));
#6778 = CARTESIAN_POINT('',(87.401974748589,-2.109526329158,
    2.372906370875));
#6779 = CARTESIAN_POINT('',(87.326724118327,-2.118879949704,
    2.364616908869));
#6780 = CARTESIAN_POINT('',(87.252174298157,-2.131127207876,
    2.353648536246));
#6781 = CARTESIAN_POINT('',(87.178545133562,-2.146045574654,
    2.34008688227));
#6782 = CARTESIAN_POINT('',(87.106082673631,-2.163352493732,
    2.324057112053));
#6783 = CARTESIAN_POINT('',(86.988396798099,-2.195429792512,
    2.293691311115));
#6784 = CARTESIAN_POINT('',(86.942293611062,-2.209052115932,
    2.280644819119));
#6785 = CARTESIAN_POINT('',(86.896770959117,-2.223501975626,
    2.266620862301));
#6786 = CARTESIAN_POINT('',(86.851845926453,-2.238704819198,
    2.251648304264));
#6787 = CARTESIAN_POINT('',(86.807537337009,-2.254586064249,
    2.235757414687));
#6788 = CARTESIAN_POINT('',(86.763865754468,-2.271071098376,
    2.218979869328));
#6789 = CARTESIAN_POINT('',(86.72085348226,-2.288085279173,2.20134875002
    ));
#6790 = CARTESIAN_POINT('',(86.547146649719,-2.359772079404,
    2.125633923646));
#6791 = CARTESIAN_POINT('',(86.421966806111,-2.418531892446,
    2.060318496523));
#6792 = CARTESIAN_POINT('',(86.303313466749,-2.479853942232,
    1.987737734133));
#6793 = CARTESIAN_POINT('',(86.1915002635,-2.5419959282,1.908679546962)
  );
#6794 = CARTESIAN_POINT('',(86.086699700251,-2.603576789163,
    1.823889500023));
#6795 = CARTESIAN_POINT('',(85.98889212351,-2.663613417294,
    1.733976707762));
#6796 = CARTESIAN_POINT('',(85.897889989464,-2.721469977266,
    1.639270409009));
#6797 = CARTESIAN_POINT('',(85.674827881118,-2.867399816103,
    1.376085742235));
#6798 = CARTESIAN_POINT('',(85.553918093407,-2.951029257803,
    1.199320246992));
#6799 = CARTESIAN_POINT('',(85.452384336466,-3.023870758794,
    1.012028399692));
#6800 = CARTESIAN_POINT('',(85.371079171506,-3.083583048781,
    0.817061485429));
#6801 = CARTESIAN_POINT('',(85.310166986896,-3.128945402949,0.6169030176
    ));
#6802 = CARTESIAN_POINT('',(85.269430753891,-3.159483968668,
    0.413374216309));
#6803 = CARTESIAN_POINT('',(85.24875,-3.175,0.207566358529));
#6804 = CARTESIAN_POINT('',(85.24875,-3.175,-0.264177096972));
#6805 = CARTESIAN_POINT('',(85.282241243761,-3.14988108908,
    -0.521162772632));
#6806 = CARTESIAN_POINT('',(85.346061930596,-3.102019589675,
    -0.7735113013));
#6807 = CARTESIAN_POINT('',(85.441466087108,-3.031313253858,
    -1.02058111271));
#6808 = CARTESIAN_POINT('',(85.569820924907,-2.938171007187,
    -1.258936528811));
#6809 = CARTESIAN_POINT('',(85.731393698849,-2.825306913606,
    -1.481852492572));
#6810 = CARTESIAN_POINT('',(85.922352786257,-2.701013407225,
    -1.682484476901));
#6811 = CARTESIAN_POINT('',(86.242782033025,-2.515418452197,
    -1.940130931835));
#6812 = CARTESIAN_POINT('',(86.35485093229,-2.453752150052,
    -2.019076874816));
#6813 = CARTESIAN_POINT('',(86.473964751157,-2.39233466425,
    -2.091893488728));
#6814 = CARTESIAN_POINT('',(86.5998600449,-2.332643745076,
    -2.157742633161));
#6815 = CARTESIAN_POINT('',(86.732175674423,-2.276503142138,
    -2.215798675494));
#6816 = CARTESIAN_POINT('',(86.870542318497,-2.226020141786,
    -2.265292153342));
#6817 = CARTESIAN_POINT('',(87.014685569692,-2.18345590344,
    -2.305447671757));
#6818 = CARTESIAN_POINT('',(87.221091937076,-2.138791983838,
    -2.346587015115));
#6819 = CARTESIAN_POINT('',(87.278342177465,-2.128021626027,
    -2.35636848255));
#6820 = CARTESIAN_POINT('',(87.336167988048,-2.118855280658,
    -2.36460052751));
#6821 = CARTESIAN_POINT('',(87.394450543934,-2.111404418267,
    -2.371235060491));
#6822 = CARTESIAN_POINT('',(87.453077542442,-2.105754220645,
    -2.376235812487));
#6823 = CARTESIAN_POINT('',(87.511943203099,-2.10196358084,
    -2.379578334993));
#6824 = CARTESIAN_POINT('',(87.570948267637,-2.100065103158,-2.38125));
#6825 = CARTESIAN_POINT('',(87.706205940674,-2.100065103158,-2.38125));
#6826 = CARTESIAN_POINT('',(87.782273464221,-2.103224703264,
    -2.378461873209));
#6827 = CARTESIAN_POINT('',(87.85802526342,-2.109526330017,
    -2.372906370076));
#6828 = CARTESIAN_POINT('',(87.933275882099,-2.118879948437,
    -2.364616910067));
#6829 = CARTESIAN_POINT('',(88.007825690305,-2.131127205631,
    -2.353648538356));
#6830 = CARTESIAN_POINT('',(88.081454859463,-2.146045574387,
    -2.340086882507));
#6831 = CARTESIAN_POINT('',(88.153917337541,-2.163352496777,
    -2.32405710917));
#6832 = CARTESIAN_POINT('',(88.271603189222,-2.195429789056,
    -2.293691314387));
#6833 = CARTESIAN_POINT('',(88.317706383594,-2.209052115083,
    -2.280644819733));
#6834 = CARTESIAN_POINT('',(88.363229046694,-2.223501978198,
    -2.26662085956));
#6835 = CARTESIAN_POINT('',(88.408154084536,-2.238704822926,
    -2.251648300512));
#6836 = CARTESIAN_POINT('',(88.452462669783,-2.254586065957,
    -2.235757413128));
#6837 = CARTESIAN_POINT('',(88.496134241758,-2.271071096144,
    -2.218979871835));
#6838 = CARTESIAN_POINT('',(88.539146506434,-2.288085274508,
    -2.201348754949));
#6839 = CARTESIAN_POINT('',(88.712853350281,-2.359772079404,
    -2.125633923646));
#6840 = CARTESIAN_POINT('',(88.838033193889,-2.418531892446,
    -2.060318496523));
#6841 = CARTESIAN_POINT('',(88.956686533251,-2.479853942232,
    -1.987737734133));
#6842 = CARTESIAN_POINT('',(89.068499736499,-2.541995928199,
    -1.908679546962));
#6843 = CARTESIAN_POINT('',(89.173300299748,-2.603576789162,
    -1.823889500023));
#6844 = CARTESIAN_POINT('',(89.27110787649,-2.663613417294,
    -1.733976707762));
#6845 = CARTESIAN_POINT('',(89.362110010536,-2.721469977266,
    -1.639270409008));
#6846 = CARTESIAN_POINT('',(89.585172118883,-2.867399816104,
    -1.376085742233));
#6847 = CARTESIAN_POINT('',(89.706081906593,-2.951029257803,
    -1.199320246992));
#6848 = CARTESIAN_POINT('',(89.807615663532,-3.023870758793,
    -1.012028399694));
#6849 = CARTESIAN_POINT('',(89.888920828494,-3.08358304878,
    -0.817061485432));
#6850 = CARTESIAN_POINT('',(89.949833013104,-3.128945402949,
    -0.616903017601));
#6851 = CARTESIAN_POINT('',(89.990569246109,-3.159483968669,
    -0.413374216308));
#6852 = CARTESIAN_POINT('',(90.01125,-3.175,-0.207566358527));
#6853 = CARTESIAN_POINT('',(90.01125,-3.175,0.));
#6854 = PCURVE('',#5628,#6855);
#6855 = DEFINITIONAL_REPRESENTATION('',(#6856),#6957);
#6856 = B_SPLINE_CURVE_WITH_KNOTS('',8,(#6857,#6858,#6859,#6860,#6861,
    #6862,#6863,#6864,#6865,#6866,#6867,#6868,#6869,#6870,#6871,#6872,
    #6873,#6874,#6875,#6876,#6877,#6878,#6879,#6880,#6881,#6882,#6883,
    #6884,#6885,#6886,#6887,#6888,#6889,#6890,#6891,#6892,#6893,#6894,
    #6895,#6896,#6897,#6898,#6899,#6900,#6901,#6902,#6903,#6904,#6905,
    #6906,#6907,#6908,#6909,#6910,#6911,#6912,#6913,#6914,#6915,#6916,
    #6917,#6918,#6919,#6920,#6921,#6922,#6923,#6924,#6925,#6926,#6927,
    #6928,#6929,#6930,#6931,#6932,#6933,#6934,#6935,#6936,#6937,#6938,
    #6939,#6940,#6941,#6942,#6943,#6944,#6945,#6946,#6947,#6948,#6949,
    #6950,#6951,#6952,#6953,#6954,#6955,#6956),.UNSPECIFIED.,.F.,.F.,(9,
    7,7,7,7,7,7,7,7,7,7,7,7,7,9),(0.,0.148885227768,0.221384077175,
    0.248741903619,0.284047054722,0.307247451464,0.379255426577,
    0.497440032588,0.6478577898,0.721102896055,0.748742311998,
    0.784410828524,0.807850004228,0.880599067476,1.),.UNSPECIFIED.);
#6857 = CARTESIAN_POINT('',(-3.14159265359,-31.59125));
#6858 = CARTESIAN_POINT('',(-3.058387268715,-31.59125));
#6859 = CARTESIAN_POINT('',(-2.977445901768,-31.55775875623));
#6860 = CARTESIAN_POINT('',(-2.897094303794,-31.49393806941));
#6861 = CARTESIAN_POINT('',(-2.816825145374,-31.39853391287));
#6862 = CARTESIAN_POINT('',(-2.736959678582,-31.27017907509));
#6863 = CARTESIAN_POINT('',(-2.658755365771,-31.10860630116));
#6864 = CARTESIAN_POINT('',(-2.584599828021,-30.91764721373));
#6865 = CARTESIAN_POINT('',(-2.484589445738,-30.59721796697));
#6866 = CARTESIAN_POINT('',(-2.453061380394,-30.48514906771));
#6867 = CARTESIAN_POINT('',(-2.423093673411,-30.36603524884));
#6868 = CARTESIAN_POINT('',(-2.39513208033,-30.2401399551));
#6869 = CARTESIAN_POINT('',(-2.369714675475,-30.10782432557));
#6870 = CARTESIAN_POINT('',(-2.347455143927,-29.9694576815));
#6871 = CARTESIAN_POINT('',(-2.329025774798,-29.8253144303));
#6872 = CARTESIAN_POINT('',(-2.30990034366,-29.61890803327));
#6873 = CARTESIAN_POINT('',(-2.305317953352,-29.5616578119));
#6874 = CARTESIAN_POINT('',(-2.301437655318,-29.50383202859));
#6875 = CARTESIAN_POINT('',(-2.298295542264,-29.44554948406));
#6876 = CARTESIAN_POINT('',(-2.295919129202,-29.38692247309));
#6877 = CARTESIAN_POINT('',(-2.294327353445,-29.32805678449));
#6878 = CARTESIAN_POINT('',(-2.293530574608,-29.26905170115));
#6879 = CARTESIAN_POINT('',(-2.293530574608,-29.13379404714));
#6880 = CARTESIAN_POINT('',(-2.294857759616,-29.05772654234));
#6881 = CARTESIAN_POINT('',(-2.297503729938,-28.98197474858));
#6882 = CARTESIAN_POINT('',(-2.301440158765,-28.90672411832));
#6883 = CARTESIAN_POINT('',(-2.306618184281,-28.83217429815));
#6884 = CARTESIAN_POINT('',(-2.312967801776,-28.75854513356));
#6885 = CARTESIAN_POINT('',(-2.320397255756,-28.68608267363));
#6886 = CARTESIAN_POINT('',(-2.334309231011,-28.56839679809));
#6887 = CARTESIAN_POINT('',(-2.340249959753,-28.52229361106));
#6888 = CARTESIAN_POINT('',(-2.346591855193,-28.47677095911));
#6889 = CARTESIAN_POINT('',(-2.35331204629,-28.43184592645));
#6890 = CARTESIAN_POINT('',(-2.360387554055,-28.387537337));
#6891 = CARTESIAN_POINT('',(-2.36779529155,-28.34386575446));
#6892 = CARTESIAN_POINT('',(-2.375512063883,-28.30085348226));
#6893 = CARTESIAN_POINT('',(-2.408352252634,-28.12714664971));
#6894 = CARTESIAN_POINT('',(-2.436015213353,-28.00196680611));
#6895 = CARTESIAN_POINT('',(-2.465916200146,-27.88331346674));
#6896 = CARTESIAN_POINT('',(-2.497547427258,-27.7715002635));
#6897 = CARTESIAN_POINT('',(-2.530504464419,-27.66669970025));
#6898 = CARTESIAN_POINT('',(-2.564509433034,-27.56889212351));
#6899 = CARTESIAN_POINT('',(-2.599433507582,-27.47788998946));
#6900 = CARTESIAN_POINT('',(-2.694216086609,-27.25482788111));
#6901 = CARTESIAN_POINT('',(-2.755679400848,-27.1339180934));
#6902 = CARTESIAN_POINT('',(-2.818704545187,-27.03238433646));
#6903 = CARTESIAN_POINT('',(-2.88257887171,-26.9510791715));
#6904 = CARTESIAN_POINT('',(-2.946867755093,-26.89016698689));
#6905 = CARTESIAN_POINT('',(-3.011395045347,-26.84943075389));
#6906 = CARTESIAN_POINT('',(-3.076217422557,-26.82875));
#6907 = CARTESIAN_POINT('',(-3.224798038463,-26.82875));
#6908 = CARTESIAN_POINT('',(-3.305739405418,-26.86224124376));
#6909 = CARTESIAN_POINT('',(-3.386091003381,-26.92606193059));
#6910 = CARTESIAN_POINT('',(-3.4663601618,-27.0214660871));
#6911 = CARTESIAN_POINT('',(-3.5462256286,-27.1498209249));
#6912 = CARTESIAN_POINT('',(-3.624429941412,-27.31139369884));
#6913 = CARTESIAN_POINT('',(-3.698585479156,-27.50235278625));
#6914 = CARTESIAN_POINT('',(-3.798595861441,-27.82278203302));
#6915 = CARTESIAN_POINT('',(-3.830123926785,-27.93485093229));
#6916 = CARTESIAN_POINT('',(-3.860091633769,-28.05396475115));
#6917 = CARTESIAN_POINT('',(-3.88805322685,-28.1798600449));
#6918 = CARTESIAN_POINT('',(-3.913470631704,-28.31217567442));
#6919 = CARTESIAN_POINT('',(-3.935730163253,-28.45054231849));
#6920 = CARTESIAN_POINT('',(-3.954159532381,-28.59468556969));
#6921 = CARTESIAN_POINT('',(-3.973284960772,-28.80109193707));
#6922 = CARTESIAN_POINT('',(-3.977867351738,-28.85834217746));
#6923 = CARTESIAN_POINT('',(-3.981747651609,-28.91616798804));
#6924 = CARTESIAN_POINT('',(-3.984889766182,-28.97445054393));
#6925 = CARTESIAN_POINT('',(-3.987266179687,-29.03307754244));
#6926 = CARTESIAN_POINT('',(-3.988857954785,-29.09194320309));
#6927 = CARTESIAN_POINT('',(-3.989654732571,-29.15094826763));
#6928 = CARTESIAN_POINT('',(-3.989654732571,-29.28620594067));
#6929 = CARTESIAN_POINT('',(-3.988327546902,-29.36227346422));
#6930 = CARTESIAN_POINT('',(-3.985681576872,-29.43802526342));
#6931 = CARTESIAN_POINT('',(-3.981745148964,-29.51327588209));
#6932 = CARTESIAN_POINT('',(-3.976567123869,-29.5878256903));
#6933 = CARTESIAN_POINT('',(-3.970217505516,-29.66145485946));
#6934 = CARTESIAN_POINT('',(-3.962788050103,-29.73391733754));
#6935 = CARTESIAN_POINT('',(-3.948876077668,-29.85160318922));
#6936 = CARTESIAN_POINT('',(-3.942935347752,-29.89770638359));
#6937 = CARTESIAN_POINT('',(-3.936593450803,-29.94322904669));
#6938 = CARTESIAN_POINT('',(-3.929873259223,-29.98815408453));
#6939 = CARTESIAN_POINT('',(-3.922797752396,-30.03246266978));
#6940 = CARTESIAN_POINT('',(-3.915390016685,-30.07613424175));
#6941 = CARTESIAN_POINT('',(-3.907673245434,-30.11914650643));
#6942 = CARTESIAN_POINT('',(-3.874833054546,-30.29285335028));
#6943 = CARTESIAN_POINT('',(-3.847170093826,-30.41803319388));
#6944 = CARTESIAN_POINT('',(-3.817269107034,-30.53668653325));
#6945 = CARTESIAN_POINT('',(-3.785637879922,-30.64849973649));
#6946 = CARTESIAN_POINT('',(-3.752680842761,-30.75330029974));
#6947 = CARTESIAN_POINT('',(-3.718675874145,-30.85110787649));
#6948 = CARTESIAN_POINT('',(-3.683751799597,-30.94211001053));
#6949 = CARTESIAN_POINT('',(-3.58896922057,-31.16517211888));
#6950 = CARTESIAN_POINT('',(-3.527505906331,-31.28608190659));
#6951 = CARTESIAN_POINT('',(-3.464480761994,-31.38761566353));
#6952 = CARTESIAN_POINT('',(-3.40060643547,-31.46892082849));
#6953 = CARTESIAN_POINT('',(-3.336317552087,-31.5298330131));
#6954 = CARTESIAN_POINT('',(-3.271790261832,-31.5705692461));
#6955 = CARTESIAN_POINT('',(-3.206967884622,-31.59125));
#6956 = CARTESIAN_POINT('',(-3.14159265359,-31.59125));
#6957 = ( GEOMETRIC_REPRESENTATION_CONTEXT(2) 
PARAMETRIC_REPRESENTATION_CONTEXT() REPRESENTATION_CONTEXT('2D SPACE',''
  ) );
#6958 = PCURVE('',#6248,#6959);
#6959 = DEFINITIONAL_REPRESENTATION('',(#6960),#7061);
#6960 = B_SPLINE_CURVE_WITH_KNOTS('',8,(#6961,#6962,#6963,#6964,#6965,
    #6966,#6967,#6968,#6969,#6970,#6971,#6972,#6973,#6974,#6975,#6976,
    #6977,#6978,#6979,#6980,#6981,#6982,#6983,#6984,#6985,#6986,#6987,
    #6988,#6989,#6990,#6991,#6992,#6993,#6994,#6995,#6996,#6997,#6998,
    #6999,#7000,#7001,#7002,#7003,#7004,#7005,#7006,#7007,#7008,#7009,
    #7010,#7011,#7012,#7013,#7014,#7015,#7016,#7017,#7018,#7019,#7020,
    #7021,#7022,#7023,#7024,#7025,#7026,#7027,#7028,#7029,#7030,#7031,
    #7032,#7033,#7034,#7035,#7036,#7037,#7038,#7039,#7040,#7041,#7042,
    #7043,#7044,#7045,#7046,#7047,#7048,#7049,#7050,#7051,#7052,#7053,
    #7054,#7055,#7056,#7057,#7058,#7059,#7060),.UNSPECIFIED.,.F.,.F.,(9,
    7,7,7,7,7,7,7,7,7,7,7,7,7,9),(0.,0.148885227768,0.221384077175,
    0.248741903619,0.284047054722,0.307247451464,0.379255426577,
    0.497440032588,0.6478577898,0.721102896055,0.748742311998,
    0.784410828524,0.807850004228,0.880599067476,1.),.UNSPECIFIED.);
#6961 = CARTESIAN_POINT('',(0.,3.175));
#6962 = CARTESIAN_POINT('',(0.110940513167,3.175));
#6963 = CARTESIAN_POINT('',(0.218863167192,3.149881089078));
#6964 = CARTESIAN_POINT('',(0.326903886359,3.102019589683));
#6965 = CARTESIAN_POINT('',(0.436468875373,3.031313253844));
#6966 = CARTESIAN_POINT('',(0.54825076633,2.938171007191));
#6967 = CARTESIAN_POINT('',(0.662164188973,2.825306913613));
#6968 = CARTESIAN_POINT('',(0.777458185972,2.701013407219));
#6969 = CARTESIAN_POINT('',(0.950125872218,2.515418452197));
#6970 = CARTESIAN_POINT('',(1.007578800625,2.453752150052));
#6971 = CARTESIAN_POINT('',(1.065996015973,2.39233466425));
#6972 = CARTESIAN_POINT('',(1.125391537915,2.332643745076));
#6973 = CARTESIAN_POINT('',(1.185781646814,2.276503142138));
#6974 = CARTESIAN_POINT('',(1.247229864894,2.226020141786));
#6975 = CARTESIAN_POINT('',(1.309892111416,2.18345590344));
#6976 = CARTESIAN_POINT('',(1.398276892714,2.138791977422));
#6977 = CARTESIAN_POINT('',(1.422657677318,2.128021621152));
#6978 = CARTESIAN_POINT('',(1.447170454828,2.118855280075));
#6979 = CARTESIAN_POINT('',(1.471785146815,2.111404421234));
#6980 = CARTESIAN_POINT('',(1.496475527303,2.105754224645));
#6981 = CARTESIAN_POINT('',(1.521219222767,2.101963583299));
#6982 = CARTESIAN_POINT('',(1.545997712137,2.100065103158));
#6983 = CARTESIAN_POINT('',(1.60279882668,2.100065103158));
#6984 = CARTESIAN_POINT('',(1.634743405324,2.103224701732));
#6985 = CARTESIAN_POINT('',(1.666604890095,2.109526329158));
#6986 = CARTESIAN_POINT('',(1.698355019482,2.118879949704));
#6987 = CARTESIAN_POINT('',(1.729957874122,2.131127207876));
#6988 = CARTESIAN_POINT('',(1.761365307836,2.146045574654));
#6989 = CARTESIAN_POINT('',(1.792512378664,2.163352493732));
#6990 = CARTESIAN_POINT('',(1.84355292916,2.195429792512));
#6991 = CARTESIAN_POINT('',(1.86366868036,2.209052115932));
#6992 = CARTESIAN_POINT('',(1.883663559058,2.223501975626));
#6993 = CARTESIAN_POINT('',(1.903539598047,2.238704819198));
#6994 = CARTESIAN_POINT('',(1.923297337343,2.254586064249));
#6995 = CARTESIAN_POINT('',(1.942935824188,2.271071098376));
#6996 = CARTESIAN_POINT('',(1.962452613044,2.288085279173));
#6997 = CARTESIAN_POINT('',(2.042028841158,2.359772079404));
#6998 = CARTESIAN_POINT('',(2.101179473841,2.418531892446));
#6999 = CARTESIAN_POINT('',(2.159366319586,2.479853942232));
#7000 = CARTESIAN_POINT('',(2.216626585364,2.5419959282));
#7001 = CARTESIAN_POINT('',(2.273009038542,2.603576789163));
#7002 = CARTESIAN_POINT('',(2.328619980043,2.663613417294));
#7003 = CARTESIAN_POINT('',(2.383670181314,2.721469977266));
#7004 = CARTESIAN_POINT('',(2.528550776541,2.867399816103));
#7005 = CARTESIAN_POINT('',(2.618009894401,2.951029257803));
#7006 = CARTESIAN_POINT('',(2.706690008056,3.023870758794));
#7007 = CARTESIAN_POINT('',(2.794504191813,3.083583048781));
#7008 = CARTESIAN_POINT('',(2.881519632967,3.128945402949));
#7009 = CARTESIAN_POINT('',(2.967995201137,3.159483968668));
#7010 = CARTESIAN_POINT('',(3.054425678879,3.175));
#7011 = CARTESIAN_POINT('',(3.252533166754,3.175));
#7012 = CARTESIAN_POINT('',(3.360455820791,3.14988108908));
#7013 = CARTESIAN_POINT('',(3.468496539944,3.102019589674));
#7014 = CARTESIAN_POINT('',(3.578061528956,3.031313253858));
#7015 = CARTESIAN_POINT('',(3.689843419922,2.938171007187));
#7016 = CARTESIAN_POINT('',(3.80375684257,2.825306913606));
#7017 = CARTESIAN_POINT('',(3.919050839556,2.701013407225));
#7018 = CARTESIAN_POINT('',(4.091718525808,2.515418452197));
#7019 = CARTESIAN_POINT('',(4.149171454214,2.453752150052));
#7020 = CARTESIAN_POINT('',(4.207588669563,2.39233466425));
#7021 = CARTESIAN_POINT('',(4.266984191504,2.332643745076));
#7022 = CARTESIAN_POINT('',(4.327374300404,2.276503142138));
#7023 = CARTESIAN_POINT('',(4.388822518484,2.226020141786));
#7024 = CARTESIAN_POINT('',(4.451484765005,2.18345590344));
#7025 = CARTESIAN_POINT('',(4.539869533607,2.138791983838));
#7026 = CARTESIAN_POINT('',(4.564250326253,2.128021626027));
#7027 = CARTESIAN_POINT('',(4.588763115376,2.118855280658));
#7028 = CARTESIAN_POINT('',(4.613377812265,2.111404418267));
#7029 = CARTESIAN_POINT('',(4.638068187558,2.105754220645));
#7030 = CARTESIAN_POINT('',(4.662811871235,2.10196358084));
#7031 = CARTESIAN_POINT('',(4.687590352621,2.100065103158));
#7032 = CARTESIAN_POINT('',(4.744391475156,2.100065103158));
#7033 = CARTESIAN_POINT('',(4.776336061739,2.103224703264));
#7034 = CARTESIAN_POINT('',(4.808197548763,2.109526330017));
#7035 = CARTESIAN_POINT('',(4.839947673187,2.118879948437));
#7036 = CARTESIAN_POINT('',(4.871550522761,2.131127205631));
#7037 = CARTESIAN_POINT('',(4.902957958492,2.146045574387));
#7038 = CARTESIAN_POINT('',(4.934105037099,2.163352496777));
#7039 = CARTESIAN_POINT('',(4.985145577251,2.195429789056));
#7040 = CARTESIAN_POINT('',(5.005261331736,2.209052115083));
#7041 = CARTESIAN_POINT('',(5.025256215336,2.223501978198));
#7042 = CARTESIAN_POINT('',(5.045132256525,2.238704822926));
#7043 = CARTESIAN_POINT('',(5.06488999385,2.254586065957));
#7044 = CARTESIAN_POINT('',(5.084528475929,2.271071096144));
#7045 = CARTESIAN_POINT('',(5.104045261455,2.288085274508));
#7046 = CARTESIAN_POINT('',(5.183621494748,2.359772079404));
#7047 = CARTESIAN_POINT('',(5.242772127431,2.418531892446));
#7048 = CARTESIAN_POINT('',(5.300958973176,2.479853942232));
#7049 = CARTESIAN_POINT('',(5.358219238954,2.541995928199));
#7050 = CARTESIAN_POINT('',(5.414601692132,2.603576789162));
#7051 = CARTESIAN_POINT('',(5.470212633632,2.663613417294));
#7052 = CARTESIAN_POINT('',(5.525262834904,2.721469977266));
#7053 = CARTESIAN_POINT('',(5.670143430132,2.867399816104));
#7054 = CARTESIAN_POINT('',(5.759602547991,2.951029257803));
#7055 = CARTESIAN_POINT('',(5.848282661645,3.023870758793));
#7056 = CARTESIAN_POINT('',(5.936096845402,3.08358304878));
#7057 = CARTESIAN_POINT('',(6.023112286556,3.128945402949));
#7058 = CARTESIAN_POINT('',(6.109587854727,3.159483968669));
#7059 = CARTESIAN_POINT('',(6.19601833247,3.175));
#7060 = CARTESIAN_POINT('',(6.28318530718,3.175));
#7061 = ( GEOMETRIC_REPRESENTATION_CONTEXT(2) 
PARAMETRIC_REPRESENTATION_CONTEXT() REPRESENTATION_CONTEXT('2D SPACE',''
  ) );
#7062 = ADVANCED_FACE('',(#7063),#5761,.T.);
#7063 = FACE_BOUND('',#7064,.T.);
#7064 = EDGE_LOOP('',(#7065,#7066,#7067,#7068,#7089));
#7065 = ORIENTED_EDGE('',*,*,#6515,.T.);
#7066 = ORIENTED_EDGE('',*,*,#6538,.T.);
#7067 = ORIENTED_EDGE('',*,*,#5801,.T.);
#7068 = ORIENTED_EDGE('',*,*,#7069,.T.);
#7069 = EDGE_CURVE('',#5774,#5747,#7070,.T.);
#7070 = SURFACE_CURVE('',#7071,(#7075,#7082),.PCURVE_S1.);
#7071 = LINE('',#7072,#7073);
#7072 = CARTESIAN_POINT('',(58.42,-6.027964643453E-17,0.));
#7073 = VECTOR('',#7074,1.);
#7074 = DIRECTION('',(0.,-1.,0.));
#7075 = PCURVE('',#5761,#7076);
#7076 = DEFINITIONAL_REPRESENTATION('',(#7077),#7081);
#7077 = LINE('',#7078,#7079);
#7078 = CARTESIAN_POINT('',(-6.067247740634E-18,-1.432339045411E-16));
#7079 = VECTOR('',#7080,1.);
#7080 = DIRECTION('',(0.,1.));
#7081 = ( GEOMETRIC_REPRESENTATION_CONTEXT(2) 
PARAMETRIC_REPRESENTATION_CONTEXT() REPRESENTATION_CONTEXT('2D SPACE',''
  ) );
#7082 = PCURVE('',#5789,#7083);
#7083 = DEFINITIONAL_REPRESENTATION('',(#7084),#7088);
#7084 = LINE('',#7085,#7086);
#7085 = CARTESIAN_POINT('',(1.42108547152E-14,-1.432339045411E-16));
#7086 = VECTOR('',#7087,1.);
#7087 = DIRECTION('',(0.,-1.));
#7088 = ( GEOMETRIC_REPRESENTATION_CONTEXT(2) 
PARAMETRIC_REPRESENTATION_CONTEXT() REPRESENTATION_CONTEXT('2D SPACE',''
  ) );
#7089 = ORIENTED_EDGE('',*,*,#5746,.F.);
#7090 = ADVANCED_FACE('',(#7091),#5789,.T.);
#7091 = FACE_BOUND('',#7092,.T.);
#7092 = EDGE_LOOP('',(#7093,#7094));
#7093 = ORIENTED_EDGE('',*,*,#7069,.F.);
#7094 = ORIENTED_EDGE('',*,*,#5773,.T.);
#7095 = ADVANCED_FACE('',(#7096),#5868,.F.);
#7096 = FACE_BOUND('',#7097,.F.);
#7097 = EDGE_LOOP('',(#7098,#7117,#7118,#7119,#7120,#7121));
#7098 = ORIENTED_EDGE('',*,*,#7099,.T.);
#7099 = EDGE_CURVE('',#6305,#5825,#7100,.T.);
#7100 = SEAM_CURVE('',#7101,(#7105,#7111),.PCURVE_S1.);
#7101 = LINE('',#7102,#7103);
#7102 = CARTESIAN_POINT('',(90.01125,-9.525,0.));
#7103 = VECTOR('',#7104,1.);
#7104 = DIRECTION('',(0.,1.,0.));
#7105 = PCURVE('',#5868,#7106);
#7106 = DEFINITIONAL_REPRESENTATION('',(#7107),#7110);
#7107 = B_SPLINE_CURVE_WITH_KNOTS('',1,(#7108,#7109),.UNSPECIFIED.,.F.,
  .F.,(2,2),(12.7,19.05),.PIECEWISE_BEZIER_KNOTS.);
#7108 = CARTESIAN_POINT('',(0.,-3.175));
#7109 = CARTESIAN_POINT('',(0.,-9.525));
#7110 = ( GEOMETRIC_REPRESENTATION_CONTEXT(2) 
PARAMETRIC_REPRESENTATION_CONTEXT() REPRESENTATION_CONTEXT('2D SPACE',''
  ) );
#7111 = PCURVE('',#5868,#7112);
#7112 = DEFINITIONAL_REPRESENTATION('',(#7113),#7116);
#7113 = B_SPLINE_CURVE_WITH_KNOTS('',1,(#7114,#7115),.UNSPECIFIED.,.F.,
  .F.,(2,2),(12.7,19.05),.PIECEWISE_BEZIER_KNOTS.);
#7114 = CARTESIAN_POINT('',(6.28318530718,-3.175));
#7115 = CARTESIAN_POINT('',(6.28318530718,-9.525));
#7116 = ( GEOMETRIC_REPRESENTATION_CONTEXT(2) 
PARAMETRIC_REPRESENTATION_CONTEXT() REPRESENTATION_CONTEXT('2D SPACE',''
  ) );
#7117 = ORIENTED_EDGE('',*,*,#5824,.T.);
#7118 = ORIENTED_EDGE('',*,*,#6045,.T.);
#7119 = ORIENTED_EDGE('',*,*,#7099,.F.);
#7120 = ORIENTED_EDGE('',*,*,#6327,.F.);
#7121 = ORIENTED_EDGE('',*,*,#6560,.F.);
#7122 = ADVANCED_FACE('',(#7123,#7148),#5930,.T.);
#7123 = FACE_BOUND('',#7124,.T.);
#7124 = EDGE_LOOP('',(#7125,#7126,#7127));
#7125 = ORIENTED_EDGE('',*,*,#6023,.T.);
#7126 = ORIENTED_EDGE('',*,*,#5914,.T.);
#7127 = ORIENTED_EDGE('',*,*,#7128,.T.);
#7128 = EDGE_CURVE('',#5915,#6002,#7129,.T.);
#7129 = SURFACE_CURVE('',#7130,(#7134,#7141),.PCURVE_S1.);
#7130 = LINE('',#7131,#7132);
#7131 = CARTESIAN_POINT('',(96.52,-12.7,7.62));
#7132 = VECTOR('',#7133,1.);
#7133 = DIRECTION('',(0.,-1.,0.));
#7134 = PCURVE('',#5930,#7135);
#7135 = DEFINITIONAL_REPRESENTATION('',(#7136),#7140);
#7136 = LINE('',#7137,#7138);
#7137 = CARTESIAN_POINT('',(7.62,12.7));
#7138 = VECTOR('',#7139,1.);
#7139 = DIRECTION('',(0.,1.));
#7140 = ( GEOMETRIC_REPRESENTATION_CONTEXT(2) 
PARAMETRIC_REPRESENTATION_CONTEXT() REPRESENTATION_CONTEXT('2D SPACE',''
  ) );
#7141 = PCURVE('',#5957,#7142);
#7142 = DEFINITIONAL_REPRESENTATION('',(#7143),#7147);
#7143 = LINE('',#7144,#7145);
#7144 = CARTESIAN_POINT('',(27.94,12.7));
#7145 = VECTOR('',#7146,1.);
#7146 = DIRECTION('',(0.,-1.));
#7147 = ( GEOMETRIC_REPRESENTATION_CONTEXT(2) 
PARAMETRIC_REPRESENTATION_CONTEXT() REPRESENTATION_CONTEXT('2D SPACE',''
  ) );
#7148 = FACE_BOUND('',#7149,.T.);
#7149 = EDGE_LOOP('',(#7150));
#7150 = ORIENTED_EDGE('',*,*,#6726,.F.);
#7151 = ADVANCED_FACE('',(#7152),#5957,.T.);
#7152 = FACE_BOUND('',#7153,.T.);
#7153 = EDGE_LOOP('',(#7154,#7175,#7176,#7177));
#7154 = ORIENTED_EDGE('',*,*,#7155,.F.);
#7155 = EDGE_CURVE('',#5970,#5943,#7156,.T.);
#7156 = SURFACE_CURVE('',#7157,(#7161,#7168),.PCURVE_S1.);
#7157 = LINE('',#7158,#7159);
#7158 = CARTESIAN_POINT('',(68.58,-25.4,7.62));
#7159 = VECTOR('',#7160,1.);
#7160 = DIRECTION('',(0.,1.,0.));
#7161 = PCURVE('',#5957,#7162);
#7162 = DEFINITIONAL_REPRESENTATION('',(#7163),#7167);
#7163 = LINE('',#7164,#7165);
#7164 = CARTESIAN_POINT('',(0.,0.));
#7165 = VECTOR('',#7166,1.);
#7166 = DIRECTION('',(0.,1.));
#7167 = ( GEOMETRIC_REPRESENTATION_CONTEXT(2) 
PARAMETRIC_REPRESENTATION_CONTEXT() REPRESENTATION_CONTEXT('2D SPACE',''
  ) );
#7168 = PCURVE('',#5985,#7169);
#7169 = DEFINITIONAL_REPRESENTATION('',(#7170),#7174);
#7170 = LINE('',#7171,#7172);
#7171 = CARTESIAN_POINT('',(0.,0.));
#7172 = VECTOR('',#7173,1.);
#7173 = DIRECTION('',(0.,-1.));
#7174 = ( GEOMETRIC_REPRESENTATION_CONTEXT(2) 
PARAMETRIC_REPRESENTATION_CONTEXT() REPRESENTATION_CONTEXT('2D SPACE',''
  ) );
#7175 = ORIENTED_EDGE('',*,*,#6001,.F.);
#7176 = ORIENTED_EDGE('',*,*,#7128,.F.);
#7177 = ORIENTED_EDGE('',*,*,#5942,.T.);
#7178 = ADVANCED_FACE('',(#7179),#5985,.T.);
#7179 = FACE_BOUND('',#7180,.T.);
#7180 = EDGE_LOOP('',(#7181,#7182));
#7181 = ORIENTED_EDGE('',*,*,#5969,.F.);
#7182 = ORIENTED_EDGE('',*,*,#7155,.T.);
#7183 = ADVANCED_FACE('',(#7184),#6248,.F.);
#7184 = FACE_BOUND('',#7185,.F.);
#7185 = EDGE_LOOP('',(#7186,#7187,#7206,#7207));
#7186 = ORIENTED_EDGE('',*,*,#6749,.T.);
#7187 = ORIENTED_EDGE('',*,*,#7188,.F.);
#7188 = EDGE_CURVE('',#6151,#6750,#7189,.T.);
#7189 = SEAM_CURVE('',#7190,(#7194,#7200),.PCURVE_S1.);
#7190 = LINE('',#7191,#7192);
#7191 = CARTESIAN_POINT('',(90.01125,-9.525,0.));
#7192 = VECTOR('',#7193,1.);
#7193 = DIRECTION('',(0.,1.,0.));
#7194 = PCURVE('',#6248,#7195);
#7195 = DEFINITIONAL_REPRESENTATION('',(#7196),#7199);
#7196 = B_SPLINE_CURVE_WITH_KNOTS('',1,(#7197,#7198),.UNSPECIFIED.,.F.,
  .F.,(2,2),(0.,6.35),.PIECEWISE_BEZIER_KNOTS.);
#7197 = CARTESIAN_POINT('',(0.,9.525));
#7198 = CARTESIAN_POINT('',(0.,3.175));
#7199 = ( GEOMETRIC_REPRESENTATION_CONTEXT(2) 
PARAMETRIC_REPRESENTATION_CONTEXT() REPRESENTATION_CONTEXT('2D SPACE',''
  ) );
#7200 = PCURVE('',#6248,#7201);
#7201 = DEFINITIONAL_REPRESENTATION('',(#7202),#7205);
#7202 = B_SPLINE_CURVE_WITH_KNOTS('',1,(#7203,#7204),.UNSPECIFIED.,.F.,
  .F.,(2,2),(0.,6.35),.PIECEWISE_BEZIER_KNOTS.);
#7203 = CARTESIAN_POINT('',(6.28318530718,9.525));
#7204 = CARTESIAN_POINT('',(6.28318530718,3.175));
#7205 = ( GEOMETRIC_REPRESENTATION_CONTEXT(2) 
PARAMETRIC_REPRESENTATION_CONTEXT() REPRESENTATION_CONTEXT('2D SPACE',''
  ) );
#7206 = ORIENTED_EDGE('',*,*,#6150,.F.);
#7207 = ORIENTED_EDGE('',*,*,#7188,.T.);
#7208 = ( GEOMETRIC_REPRESENTATION_CONTEXT(3) 
GLOBAL_UNCERTAINTY_ASSIGNED_CONTEXT((#7212)) 
GLOBAL_UNIT_ASSIGNED_CONTEXT((#7209,#7210,#7211)) REPRESENTATION_CONTEXT
('Context #1','3D Context with UNIT and UNCERTAINTY') );
#7209 = ( LENGTH_UNIT() NAMED_UNIT(*) SI_UNIT(.MILLI.,.METRE.) );
#7210 = ( NAMED_UNIT(*) PLANE_ANGLE_UNIT() SI_UNIT($,.RADIAN.) );
#7211 = ( NAMED_UNIT(*) SI_UNIT($,.STERADIAN.) SOLID_ANGLE_UNIT() );
#7212 = UNCERTAINTY_MEASURE_WITH_UNIT(LENGTH_MEASURE(2.E-06),#7209,
  'distance_accuracy_value','confusion accuracy');
#7213 = PRODUCT_RELATED_PRODUCT_CATEGORY('part',$,(#7));
ENDSEC;
END-ISO-10303-21;
