ISO-10303-21;
HEADER;
FILE_DESCRIPTION(('Open CASCADE Model'),'2;1');
FILE_NAME('Open CASCADE Shape Model','2026-10-02T20:13:23',('Author'),(
    'Open CASCADE'),'Open CASCADE STEP processor 7.9','Open CASCADE 7.9'
  ,'Unknown');
FILE_SCHEMA(('AUTOMOTIVE_DESIGN { 1 0 10303 214 1 1 1 1 }'));
ENDSEC;
DATA;
#1 = APPLICATION_PROTOCOL_DEFINITION('international standard',
  'automotive_design',2000,#2);
#2 = APPLICATION_CONTEXT(
  'core data for automotive mechanical design processes');
#3 = SHAPE_DEFINITION_REPRESENTATION(#4,#10);
#4 = PRODUCT_DEFINITION_SHAPE('','',#5);
#5 = PRODUCT_DEFINITION('design','',#6,#9);
#6 = PRODUCT_DEFINITION_FORMATION('','',#7);
#7 = PRODUCT('Open CASCADE STEP translator 7.9 4',
  'Open CASCADE STEP translator 7.9 4','',(#8));
#8 = PRODUCT_CONTEXT('',#2,'mechanical');
#9 = PRODUCT_DEFINITION_CONTEXT('part definition',#2,'design');
#10 = ADVANCED_BREP_SHAPE_REPRESENTATION('',(#11,#15),#6044);
#11 = AXIS2_PLACEMENT_3D('',#12,#13,#14);
#12 = CARTESIAN_POINT('',(0.,0.,0.));
#13 = DIRECTION('',(0.,0.,1.));
#14 = DIRECTION('',(1.,0.,-0.));
#15 = MANIFOLD_SOLID_BREP('',#16);
#16 = CLOSED_SHELL('',(#17,#74,#125,#176,#227,#278,#329,#380,#431,#482,
    #533,#584,#635,#1082,#1134,#1255,#1371,#1487,#1603,#1773,#1957,#2104
    ,#2251,#2363,#2388,#2500,#2534,#2683,#2713,#2918,#2948,#3153,#3184,
    #3442,#3473,#3731,#4019,#4201,#4206,#4255,#4498,#4503,#4552,#4817,
    #4823,#5055,#5060,#5066,#5328,#5333,#5337,#5390,#5442,#5446,#5549,
    #5976,#5983,#6012,#6017));
#17 = ADVANCED_FACE('',(#18),#32,.T.);
#18 = FACE_BOUND('',#19,.T.);
#19 = EDGE_LOOP('',(#20,#48,#73));
#20 = ORIENTED_EDGE('',*,*,#21,.T.);
#21 = EDGE_CURVE('',#22,#24,#26,.T.);
#22 = VERTEX_POINT('',#23);
#23 = CARTESIAN_POINT('',(-128.27,0.,0.));
#24 = VERTEX_POINT('',#25);
#25 = CARTESIAN_POINT('',(-124.0366666666,11.420073814888,0.));
#26 = SEAM_CURVE('',#27,(#31,#42),.PCURVE_S1.);
#27 = LINE('',#28,#29);
#28 = CARTESIAN_POINT('',(-128.27,0.,0.));
#29 = VECTOR('',#30,1.);
#30 = DIRECTION('',(0.347579780243,0.937650412663,0.));
#31 = PCURVE('',#32,#37);
#32 = CONICAL_SURFACE('',#33,0.,1.215807615666);
#33 = AXIS2_PLACEMENT_3D('',#34,#35,#36);
#34 = CARTESIAN_POINT('',(-128.27,0.,0.));
#35 = DIRECTION('',(1.,0.,0.));
#36 = DIRECTION('',(-0.,1.,0.));
#37 = DEFINITIONAL_REPRESENTATION('',(#38),#41);
#38 = B_SPLINE_CURVE_WITH_KNOTS('',1,(#39,#40),.UNSPECIFIED.,.F.,.F.,(2,
    2),(0.,12.179457994862),.PIECEWISE_BEZIER_KNOTS.);
#39 = CARTESIAN_POINT('',(0.,0.));
#40 = CARTESIAN_POINT('',(0.,4.233333333333));
#41 = ( GEOMETRIC_REPRESENTATION_CONTEXT(2) 
PARAMETRIC_REPRESENTATION_CONTEXT() REPRESENTATION_CONTEXT('2D SPACE',''
  ) );
#42 = PCURVE('',#32,#43);
#43 = DEFINITIONAL_REPRESENTATION('',(#44),#47);
#44 = B_SPLINE_CURVE_WITH_KNOTS('',1,(#45,#46),.UNSPECIFIED.,.F.,.F.,(2,
    2),(0.,12.179457994862),.PIECEWISE_BEZIER_KNOTS.);
#45 = CARTESIAN_POINT('',(6.28318530718,0.));
#46 = CARTESIAN_POINT('',(6.28318530718,4.233333333333));
#47 = ( GEOMETRIC_REPRESENTATION_CONTEXT(2) 
PARAMETRIC_REPRESENTATION_CONTEXT() REPRESENTATION_CONTEXT('2D SPACE',''
  ) );
#48 = ORIENTED_EDGE('',*,*,#49,.F.);
#49 = EDGE_CURVE('',#24,#24,#50,.T.);
#50 = SURFACE_CURVE('',#51,(#56,#62),.PCURVE_S1.);
#51 = CIRCLE('',#52,11.420073814888);
#52 = AXIS2_PLACEMENT_3D('',#53,#54,#55);
#53 = CARTESIAN_POINT('',(-124.0366666666,0.,0.));
#54 = DIRECTION('',(1.,0.,0.));
#55 = DIRECTION('',(-0.,1.,0.));
#56 = PCURVE('',#32,#57);
#57 = DEFINITIONAL_REPRESENTATION('',(#58),#61);
#58 = B_SPLINE_CURVE_WITH_KNOTS('',1,(#59,#60),.UNSPECIFIED.,.F.,.F.,(2,
    2),(0.,6.28318530718),.PIECEWISE_BEZIER_KNOTS.);
#59 = CARTESIAN_POINT('',(0.,4.233333333333));
#60 = CARTESIAN_POINT('',(6.28318530718,4.233333333333));
#61 = ( GEOMETRIC_REPRESENTATION_CONTEXT(2) 
PARAMETRIC_REPRESENTATION_CONTEXT() REPRESENTATION_CONTEXT('2D SPACE',''
  ) );
#62 = PCURVE('',#63,#68);
#63 = CONICAL_SURFACE('',#64,11.420073814888,0.801893776018);
#64 = AXIS2_PLACEMENT_3D('',#65,#66,#67);
#65 = CARTESIAN_POINT('',(-124.0366666666,0.,0.));
#66 = DIRECTION('',(1.,0.,0.));
#67 = DIRECTION('',(-0.,1.,0.));
#68 = DEFINITIONAL_REPRESENTATION('',(#69),#72);
#69 = B_SPLINE_CURVE_WITH_KNOTS('',1,(#70,#71),.UNSPECIFIED.,.F.,.F.,(2,
    2),(0.,6.28318530718),.PIECEWISE_BEZIER_KNOTS.);
#70 = CARTESIAN_POINT('',(0.,0.));
#71 = CARTESIAN_POINT('',(6.28318530718,0.));
#72 = ( GEOMETRIC_REPRESENTATION_CONTEXT(2) 
PARAMETRIC_REPRESENTATION_CONTEXT() REPRESENTATION_CONTEXT('2D SPACE',''
  ) );
#73 = ORIENTED_EDGE('',*,*,#21,.F.);
#74 = ADVANCED_FACE('',(#75),#63,.T.);
#75 = FACE_BOUND('',#76,.T.);
#76 = EDGE_LOOP('',(#77,#78,#99,#124));
#77 = ORIENTED_EDGE('',*,*,#49,.T.);
#78 = ORIENTED_EDGE('',*,*,#79,.T.);
#79 = EDGE_CURVE('',#24,#80,#82,.T.);
#80 = VERTEX_POINT('',#81);
#81 = CARTESIAN_POINT('',(-119.8033333333,15.795425564068,0.));
#82 = SEAM_CURVE('',#83,(#87,#93),.PCURVE_S1.);
#83 = LINE('',#84,#85);
#84 = CARTESIAN_POINT('',(-124.0366666666,11.420073814888,0.));
#85 = VECTOR('',#86,1.);
#86 = DIRECTION('',(0.695346949068,0.718674210211,0.));
#87 = PCURVE('',#63,#88);
#88 = DEFINITIONAL_REPRESENTATION('',(#89),#92);
#89 = B_SPLINE_CURVE_WITH_KNOTS('',1,(#90,#91),.UNSPECIFIED.,.F.,.F.,(2,
    2),(0.,6.088087880456),.PIECEWISE_BEZIER_KNOTS.);
#90 = CARTESIAN_POINT('',(0.,0.));
#91 = CARTESIAN_POINT('',(0.,4.233333333333));
#92 = ( GEOMETRIC_REPRESENTATION_CONTEXT(2) 
PARAMETRIC_REPRESENTATION_CONTEXT() REPRESENTATION_CONTEXT('2D SPACE',''
  ) );
#93 = PCURVE('',#63,#94);
#94 = DEFINITIONAL_REPRESENTATION('',(#95),#98);
#95 = B_SPLINE_CURVE_WITH_KNOTS('',1,(#96,#97),.UNSPECIFIED.,.F.,.F.,(2,
    2),(0.,6.088087880456),.PIECEWISE_BEZIER_KNOTS.);
#96 = CARTESIAN_POINT('',(6.28318530718,0.));
#97 = CARTESIAN_POINT('',(6.28318530718,4.233333333333));
#98 = ( GEOMETRIC_REPRESENTATION_CONTEXT(2) 
PARAMETRIC_REPRESENTATION_CONTEXT() REPRESENTATION_CONTEXT('2D SPACE',''
  ) );
#99 = ORIENTED_EDGE('',*,*,#100,.F.);
#100 = EDGE_CURVE('',#80,#80,#101,.T.);
#101 = SURFACE_CURVE('',#102,(#107,#113),.PCURVE_S1.);
#102 = CIRCLE('',#103,15.795425564068);
#103 = AXIS2_PLACEMENT_3D('',#104,#105,#106);
#104 = CARTESIAN_POINT('',(-119.8033333333,0.,0.));
#105 = DIRECTION('',(1.,0.,0.));
#106 = DIRECTION('',(-0.,1.,0.));
#107 = PCURVE('',#63,#108);
#108 = DEFINITIONAL_REPRESENTATION('',(#109),#112);
#109 = B_SPLINE_CURVE_WITH_KNOTS('',1,(#110,#111),.UNSPECIFIED.,.F.,.F.,
  (2,2),(0.,6.28318530718),.PIECEWISE_BEZIER_KNOTS.);
#110 = CARTESIAN_POINT('',(0.,4.233333333333));
#111 = CARTESIAN_POINT('',(6.28318530718,4.233333333333));
#112 = ( GEOMETRIC_REPRESENTATION_CONTEXT(2) 
PARAMETRIC_REPRESENTATION_CONTEXT() REPRESENTATION_CONTEXT('2D SPACE',''
  ) );
#113 = PCURVE('',#114,#119);
#114 = CONICAL_SURFACE('',#115,15.795425564068,0.63285879972);
#115 = AXIS2_PLACEMENT_3D('',#116,#117,#118);
#116 = CARTESIAN_POINT('',(-119.8033333333,0.,0.));
#117 = DIRECTION('',(1.,0.,0.));
#118 = DIRECTION('',(-0.,1.,0.));
#119 = DEFINITIONAL_REPRESENTATION('',(#120),#123);
#120 = B_SPLINE_CURVE_WITH_KNOTS('',1,(#121,#122),.UNSPECIFIED.,.F.,.F.,
  (2,2),(0.,6.28318530718),.PIECEWISE_BEZIER_KNOTS.);
#121 = CARTESIAN_POINT('',(0.,0.));
#122 = CARTESIAN_POINT('',(6.28318530718,0.));
#123 = ( GEOMETRIC_REPRESENTATION_CONTEXT(2) 
PARAMETRIC_REPRESENTATION_CONTEXT() REPRESENTATION_CONTEXT('2D SPACE',''
  ) );
#124 = ORIENTED_EDGE('',*,*,#79,.F.);
#125 = ADVANCED_FACE('',(#126),#114,.T.);
#126 = FACE_BOUND('',#127,.T.);
#127 = EDGE_LOOP('',(#128,#129,#150,#175));
#128 = ORIENTED_EDGE('',*,*,#100,.T.);
#129 = ORIENTED_EDGE('',*,*,#130,.T.);
#130 = EDGE_CURVE('',#80,#131,#133,.T.);
#131 = VERTEX_POINT('',#132);
#132 = CARTESIAN_POINT('',(-115.57,18.900585928418,0.));
#133 = SEAM_CURVE('',#134,(#138,#144),.PCURVE_S1.);
#134 = LINE('',#135,#136);
#135 = CARTESIAN_POINT('',(-119.8033333333,15.795425564068,0.));
#136 = VECTOR('',#137,1.);
#137 = DIRECTION('',(0.806339961842,0.59145233615,0.));
#138 = PCURVE('',#114,#139);
#139 = DEFINITIONAL_REPRESENTATION('',(#140),#143);
#140 = B_SPLINE_CURVE_WITH_KNOTS('',1,(#141,#142),.UNSPECIFIED.,.F.,.F.,
  (2,2),(0.,5.250060190078),.PIECEWISE_BEZIER_KNOTS.);
#141 = CARTESIAN_POINT('',(0.,0.));
#142 = CARTESIAN_POINT('',(0.,4.233333333333));
#143 = ( GEOMETRIC_REPRESENTATION_CONTEXT(2) 
PARAMETRIC_REPRESENTATION_CONTEXT() REPRESENTATION_CONTEXT('2D SPACE',''
  ) );
#144 = PCURVE('',#114,#145);
#145 = DEFINITIONAL_REPRESENTATION('',(#146),#149);
#146 = B_SPLINE_CURVE_WITH_KNOTS('',1,(#147,#148),.UNSPECIFIED.,.F.,.F.,
  (2,2),(0.,5.250060190078),.PIECEWISE_BEZIER_KNOTS.);
#147 = CARTESIAN_POINT('',(6.28318530718,0.));
#148 = CARTESIAN_POINT('',(6.28318530718,4.233333333333));
#149 = ( GEOMETRIC_REPRESENTATION_CONTEXT(2) 
PARAMETRIC_REPRESENTATION_CONTEXT() REPRESENTATION_CONTEXT('2D SPACE',''
  ) );
#150 = ORIENTED_EDGE('',*,*,#151,.F.);
#151 = EDGE_CURVE('',#131,#131,#152,.T.);
#152 = SURFACE_CURVE('',#153,(#158,#164),.PCURVE_S1.);
#153 = CIRCLE('',#154,18.900585928418);
#154 = AXIS2_PLACEMENT_3D('',#155,#156,#157);
#155 = CARTESIAN_POINT('',(-115.57,0.,0.));
#156 = DIRECTION('',(1.,0.,0.));
#157 = DIRECTION('',(-0.,1.,0.));
#158 = PCURVE('',#114,#159);
#159 = DEFINITIONAL_REPRESENTATION('',(#160),#163);
#160 = B_SPLINE_CURVE_WITH_KNOTS('',1,(#161,#162),.UNSPECIFIED.,.F.,.F.,
  (2,2),(0.,6.28318530718),.PIECEWISE_BEZIER_KNOTS.);
#161 = CARTESIAN_POINT('',(0.,4.233333333333));
#162 = CARTESIAN_POINT('',(6.28318530718,4.233333333333));
#163 = ( GEOMETRIC_REPRESENTATION_CONTEXT(2) 
PARAMETRIC_REPRESENTATION_CONTEXT() REPRESENTATION_CONTEXT('2D SPACE',''
  ) );
#164 = PCURVE('',#165,#170);
#165 = CONICAL_SURFACE('',#166,18.900585928418,0.51538318091);
#166 = AXIS2_PLACEMENT_3D('',#167,#168,#169);
#167 = CARTESIAN_POINT('',(-115.57,0.,0.));
#168 = DIRECTION('',(1.,0.,0.));
#169 = DIRECTION('',(-0.,1.,0.));
#170 = DEFINITIONAL_REPRESENTATION('',(#171),#174);
#171 = B_SPLINE_CURVE_WITH_KNOTS('',1,(#172,#173),.UNSPECIFIED.,.F.,.F.,
  (2,2),(0.,6.28318530718),.PIECEWISE_BEZIER_KNOTS.);
#172 = CARTESIAN_POINT('',(0.,0.));
#173 = CARTESIAN_POINT('',(6.28318530718,0.));
#174 = ( GEOMETRIC_REPRESENTATION_CONTEXT(2) 
PARAMETRIC_REPRESENTATION_CONTEXT() REPRESENTATION_CONTEXT('2D SPACE',''
  ) );
#175 = ORIENTED_EDGE('',*,*,#130,.F.);
#176 = ADVANCED_FACE('',(#177),#165,.T.);
#177 = FACE_BOUND('',#178,.T.);
#178 = EDGE_LOOP('',(#179,#180,#201,#226));
#179 = ORIENTED_EDGE('',*,*,#151,.T.);
#180 = ORIENTED_EDGE('',*,*,#181,.T.);
#181 = EDGE_CURVE('',#131,#182,#184,.T.);
#182 = VERTEX_POINT('',#183);
#183 = CARTESIAN_POINT('',(-111.3366666666,21.298547485685,0.));
#184 = SEAM_CURVE('',#185,(#189,#195),.PCURVE_S1.);
#185 = LINE('',#186,#187);
#186 = CARTESIAN_POINT('',(-115.57,18.900585928418,0.));
#187 = VECTOR('',#188,1.);
#188 = DIRECTION('',(0.870103928459,0.492868292427,0.));
#189 = PCURVE('',#165,#190);
#190 = DEFINITIONAL_REPRESENTATION('',(#191),#194);
#191 = B_SPLINE_CURVE_WITH_KNOTS('',1,(#192,#193),.UNSPECIFIED.,.F.,.F.,
  (2,2),(0.,4.865319181847),.PIECEWISE_BEZIER_KNOTS.);
#192 = CARTESIAN_POINT('',(0.,0.));
#193 = CARTESIAN_POINT('',(0.,4.233333333333));
#194 = ( GEOMETRIC_REPRESENTATION_CONTEXT(2) 
PARAMETRIC_REPRESENTATION_CONTEXT() REPRESENTATION_CONTEXT('2D SPACE',''
  ) );
#195 = PCURVE('',#165,#196);
#196 = DEFINITIONAL_REPRESENTATION('',(#197),#200);
#197 = B_SPLINE_CURVE_WITH_KNOTS('',1,(#198,#199),.UNSPECIFIED.,.F.,.F.,
  (2,2),(0.,4.865319181847),.PIECEWISE_BEZIER_KNOTS.);
#198 = CARTESIAN_POINT('',(6.28318530718,0.));
#199 = CARTESIAN_POINT('',(6.28318530718,4.233333333333));
#200 = ( GEOMETRIC_REPRESENTATION_CONTEXT(2) 
PARAMETRIC_REPRESENTATION_CONTEXT() REPRESENTATION_CONTEXT('2D SPACE',''
  ) );
#201 = ORIENTED_EDGE('',*,*,#202,.F.);
#202 = EDGE_CURVE('',#182,#182,#203,.T.);
#203 = SURFACE_CURVE('',#204,(#209,#215),.PCURVE_S1.);
#204 = CIRCLE('',#205,21.298547485685);
#205 = AXIS2_PLACEMENT_3D('',#206,#207,#208);
#206 = CARTESIAN_POINT('',(-111.3366666666,0.,0.));
#207 = DIRECTION('',(1.,0.,0.));
#208 = DIRECTION('',(-0.,1.,0.));
#209 = PCURVE('',#165,#210);
#210 = DEFINITIONAL_REPRESENTATION('',(#211),#214);
#211 = B_SPLINE_CURVE_WITH_KNOTS('',1,(#212,#213),.UNSPECIFIED.,.F.,.F.,
  (2,2),(0.,6.28318530718),.PIECEWISE_BEZIER_KNOTS.);
#212 = CARTESIAN_POINT('',(0.,4.233333333333));
#213 = CARTESIAN_POINT('',(6.28318530718,4.233333333333));
#214 = ( GEOMETRIC_REPRESENTATION_CONTEXT(2) 
PARAMETRIC_REPRESENTATION_CONTEXT() REPRESENTATION_CONTEXT('2D SPACE',''
  ) );
#215 = PCURVE('',#216,#221);
#216 = CONICAL_SURFACE('',#217,21.298547485685,0.424033232533);
#217 = AXIS2_PLACEMENT_3D('',#218,#219,#220);
#218 = CARTESIAN_POINT('',(-111.3366666666,0.,0.));
#219 = DIRECTION('',(1.,0.,0.));
#220 = DIRECTION('',(-0.,1.,0.));
#221 = DEFINITIONAL_REPRESENTATION('',(#222),#225);
#222 = B_SPLINE_CURVE_WITH_KNOTS('',1,(#223,#224),.UNSPECIFIED.,.F.,.F.,
  (2,2),(0.,6.28318530718),.PIECEWISE_BEZIER_KNOTS.);
#223 = CARTESIAN_POINT('',(0.,0.));
#224 = CARTESIAN_POINT('',(6.28318530718,0.));
#225 = ( GEOMETRIC_REPRESENTATION_CONTEXT(2) 
PARAMETRIC_REPRESENTATION_CONTEXT() REPRESENTATION_CONTEXT('2D SPACE',''
  ) );
#226 = ORIENTED_EDGE('',*,*,#181,.F.);
#227 = ADVANCED_FACE('',(#228),#216,.T.);
#228 = FACE_BOUND('',#229,.T.);
#229 = EDGE_LOOP('',(#230,#231,#252,#277));
#230 = ORIENTED_EDGE('',*,*,#202,.T.);
#231 = ORIENTED_EDGE('',*,*,#232,.T.);
#232 = EDGE_CURVE('',#182,#233,#235,.T.);
#233 = VERTEX_POINT('',#234);
#234 = CARTESIAN_POINT('',(-107.1033333333,23.209554033576,0.));
#235 = SEAM_CURVE('',#236,(#240,#246),.PCURVE_S1.);
#236 = LINE('',#237,#238);
#237 = CARTESIAN_POINT('',(-111.3366666666,21.298547485685,0.));
#238 = VECTOR('',#239,1.);
#239 = DIRECTION('',(0.911436925463,0.411439826587,0.));
#240 = PCURVE('',#216,#241);
#241 = DEFINITIONAL_REPRESENTATION('',(#242),#245);
#242 = B_SPLINE_CURVE_WITH_KNOTS('',1,(#243,#244),.UNSPECIFIED.,.F.,.F.,
  (2,2),(0.,4.644680520466),.PIECEWISE_BEZIER_KNOTS.);
#243 = CARTESIAN_POINT('',(0.,0.));
#244 = CARTESIAN_POINT('',(0.,4.233333333333));
#245 = ( GEOMETRIC_REPRESENTATION_CONTEXT(2) 
PARAMETRIC_REPRESENTATION_CONTEXT() REPRESENTATION_CONTEXT('2D SPACE',''
  ) );
#246 = PCURVE('',#216,#247);
#247 = DEFINITIONAL_REPRESENTATION('',(#248),#251);
#248 = B_SPLINE_CURVE_WITH_KNOTS('',1,(#249,#250),.UNSPECIFIED.,.F.,.F.,
  (2,2),(0.,4.644680520466),.PIECEWISE_BEZIER_KNOTS.);
#249 = CARTESIAN_POINT('',(6.28318530718,0.));
#250 = CARTESIAN_POINT('',(6.28318530718,4.233333333333));
#251 = ( GEOMETRIC_REPRESENTATION_CONTEXT(2) 
PARAMETRIC_REPRESENTATION_CONTEXT() REPRESENTATION_CONTEXT('2D SPACE',''
  ) );
#252 = ORIENTED_EDGE('',*,*,#253,.F.);
#253 = EDGE_CURVE('',#233,#233,#254,.T.);
#254 = SURFACE_CURVE('',#255,(#260,#266),.PCURVE_S1.);
#255 = CIRCLE('',#256,23.209554033576);
#256 = AXIS2_PLACEMENT_3D('',#257,#258,#259);
#257 = CARTESIAN_POINT('',(-107.1033333333,0.,0.));
#258 = DIRECTION('',(1.,0.,0.));
#259 = DIRECTION('',(-0.,1.,0.));
#260 = PCURVE('',#216,#261);
#261 = DEFINITIONAL_REPRESENTATION('',(#262),#265);
#262 = B_SPLINE_CURVE_WITH_KNOTS('',1,(#263,#264),.UNSPECIFIED.,.F.,.F.,
  (2,2),(0.,6.28318530718),.PIECEWISE_BEZIER_KNOTS.);
#263 = CARTESIAN_POINT('',(0.,4.233333333333));
#264 = CARTESIAN_POINT('',(6.28318530718,4.233333333333));
#265 = ( GEOMETRIC_REPRESENTATION_CONTEXT(2) 
PARAMETRIC_REPRESENTATION_CONTEXT() REPRESENTATION_CONTEXT('2D SPACE',''
  ) );
#266 = PCURVE('',#267,#272);
#267 = CONICAL_SURFACE('',#268,23.209554033576,0.348296895965);
#268 = AXIS2_PLACEMENT_3D('',#269,#270,#271);
#269 = CARTESIAN_POINT('',(-107.1033333333,0.,0.));
#270 = DIRECTION('',(1.,0.,0.));
#271 = DIRECTION('',(-0.,1.,0.));
#272 = DEFINITIONAL_REPRESENTATION('',(#273),#276);
#273 = B_SPLINE_CURVE_WITH_KNOTS('',1,(#274,#275),.UNSPECIFIED.,.F.,.F.,
  (2,2),(0.,6.28318530718),.PIECEWISE_BEZIER_KNOTS.);
#274 = CARTESIAN_POINT('',(0.,0.));
#275 = CARTESIAN_POINT('',(6.28318530718,0.));
#276 = ( GEOMETRIC_REPRESENTATION_CONTEXT(2) 
PARAMETRIC_REPRESENTATION_CONTEXT() REPRESENTATION_CONTEXT('2D SPACE',''
  ) );
#277 = ORIENTED_EDGE('',*,*,#232,.F.);
#278 = ADVANCED_FACE('',(#279),#267,.T.);
#279 = FACE_BOUND('',#280,.T.);
#280 = EDGE_LOOP('',(#281,#282,#303,#328));
#281 = ORIENTED_EDGE('',*,*,#253,.T.);
#282 = ORIENTED_EDGE('',*,*,#283,.T.);
#283 = EDGE_CURVE('',#233,#284,#286,.T.);
#284 = VERTEX_POINT('',#285);
#285 = CARTESIAN_POINT('',(-102.87,24.74667591314,0.));
#286 = SEAM_CURVE('',#287,(#291,#297),.PCURVE_S1.);
#287 = LINE('',#288,#289);
#288 = CARTESIAN_POINT('',(-107.1033333333,23.209554033576,0.));
#289 = VECTOR('',#290,1.);
#290 = DIRECTION('',(0.93995534085,0.341297461472,0.));
#291 = PCURVE('',#267,#292);
#292 = DEFINITIONAL_REPRESENTATION('',(#293),#296);
#293 = B_SPLINE_CURVE_WITH_KNOTS('',1,(#294,#295),.UNSPECIFIED.,.F.,.F.,
  (2,2),(0.,4.503760071734),.PIECEWISE_BEZIER_KNOTS.);
#294 = CARTESIAN_POINT('',(0.,0.));
#295 = CARTESIAN_POINT('',(0.,4.233333333333));
#296 = ( GEOMETRIC_REPRESENTATION_CONTEXT(2) 
PARAMETRIC_REPRESENTATION_CONTEXT() REPRESENTATION_CONTEXT('2D SPACE',''
  ) );
#297 = PCURVE('',#267,#298);
#298 = DEFINITIONAL_REPRESENTATION('',(#299),#302);
#299 = B_SPLINE_CURVE_WITH_KNOTS('',1,(#300,#301),.UNSPECIFIED.,.F.,.F.,
  (2,2),(0.,4.503760071734),.PIECEWISE_BEZIER_KNOTS.);
#300 = CARTESIAN_POINT('',(6.28318530718,0.));
#301 = CARTESIAN_POINT('',(6.28318530718,4.233333333333));
#302 = ( GEOMETRIC_REPRESENTATION_CONTEXT(2) 
PARAMETRIC_REPRESENTATION_CONTEXT() REPRESENTATION_CONTEXT('2D SPACE',''
  ) );
#303 = ORIENTED_EDGE('',*,*,#304,.F.);
#304 = EDGE_CURVE('',#284,#284,#305,.T.);
#305 = SURFACE_CURVE('',#306,(#311,#317),.PCURVE_S1.);
#306 = CIRCLE('',#307,24.74667591314);
#307 = AXIS2_PLACEMENT_3D('',#308,#309,#310);
#308 = CARTESIAN_POINT('',(-102.87,0.,0.));
#309 = DIRECTION('',(1.,0.,0.));
#310 = DIRECTION('',(-0.,1.,0.));
#311 = PCURVE('',#267,#312);
#312 = DEFINITIONAL_REPRESENTATION('',(#313),#316);
#313 = B_SPLINE_CURVE_WITH_KNOTS('',1,(#314,#315),.UNSPECIFIED.,.F.,.F.,
  (2,2),(0.,6.28318530718),.PIECEWISE_BEZIER_KNOTS.);
#314 = CARTESIAN_POINT('',(0.,4.233333333333));
#315 = CARTESIAN_POINT('',(6.28318530718,4.233333333333));
#316 = ( GEOMETRIC_REPRESENTATION_CONTEXT(2) 
PARAMETRIC_REPRESENTATION_CONTEXT() REPRESENTATION_CONTEXT('2D SPACE',''
  ) );
#317 = PCURVE('',#318,#323);
#318 = CONICAL_SURFACE('',#319,24.74667591314,0.282699288521);
#319 = AXIS2_PLACEMENT_3D('',#320,#321,#322);
#320 = CARTESIAN_POINT('',(-102.87,0.,0.));
#321 = DIRECTION('',(1.,0.,0.));
#322 = DIRECTION('',(-0.,1.,0.));
#323 = DEFINITIONAL_REPRESENTATION('',(#324),#327);
#324 = B_SPLINE_CURVE_WITH_KNOTS('',1,(#325,#326),.UNSPECIFIED.,.F.,.F.,
  (2,2),(0.,6.28318530718),.PIECEWISE_BEZIER_KNOTS.);
#325 = CARTESIAN_POINT('',(0.,0.));
#326 = CARTESIAN_POINT('',(6.28318530718,0.));
#327 = ( GEOMETRIC_REPRESENTATION_CONTEXT(2) 
PARAMETRIC_REPRESENTATION_CONTEXT() REPRESENTATION_CONTEXT('2D SPACE',''
  ) );
#328 = ORIENTED_EDGE('',*,*,#283,.F.);
#329 = ADVANCED_FACE('',(#330),#318,.T.);
#330 = FACE_BOUND('',#331,.T.);
#331 = EDGE_LOOP('',(#332,#333,#354,#379));
#332 = ORIENTED_EDGE('',*,*,#304,.T.);
#333 = ORIENTED_EDGE('',*,*,#334,.T.);
#334 = EDGE_CURVE('',#284,#335,#337,.T.);
#335 = VERTEX_POINT('',#336);
#336 = CARTESIAN_POINT('',(-98.63666666666,25.976370722976,0.));
#337 = SEAM_CURVE('',#338,(#342,#348),.PCURVE_S1.);
#338 = LINE('',#339,#340);
#339 = CARTESIAN_POINT('',(-102.87,24.74667591314,0.));
#340 = VECTOR('',#341,1.);
#341 = DIRECTION('',(0.960305974388,0.278948804542,0.));
#342 = PCURVE('',#318,#343);
#343 = DEFINITIONAL_REPRESENTATION('',(#344),#347);
#344 = B_SPLINE_CURVE_WITH_KNOTS('',1,(#345,#346),.UNSPECIFIED.,.F.,.F.,
  (2,2),(0.,4.40831718873),.PIECEWISE_BEZIER_KNOTS.);
#345 = CARTESIAN_POINT('',(0.,0.));
#346 = CARTESIAN_POINT('',(0.,4.233333333333));
#347 = ( GEOMETRIC_REPRESENTATION_CONTEXT(2) 
PARAMETRIC_REPRESENTATION_CONTEXT() REPRESENTATION_CONTEXT('2D SPACE',''
  ) );
#348 = PCURVE('',#318,#349);
#349 = DEFINITIONAL_REPRESENTATION('',(#350),#353);
#350 = B_SPLINE_CURVE_WITH_KNOTS('',1,(#351,#352),.UNSPECIFIED.,.F.,.F.,
  (2,2),(0.,4.40831718873),.PIECEWISE_BEZIER_KNOTS.);
#351 = CARTESIAN_POINT('',(6.28318530718,0.));
#352 = CARTESIAN_POINT('',(6.28318530718,4.233333333333));
#353 = ( GEOMETRIC_REPRESENTATION_CONTEXT(2) 
PARAMETRIC_REPRESENTATION_CONTEXT() REPRESENTATION_CONTEXT('2D SPACE',''
  ) );
#354 = ORIENTED_EDGE('',*,*,#355,.F.);
#355 = EDGE_CURVE('',#335,#335,#356,.T.);
#356 = SURFACE_CURVE('',#357,(#362,#368),.PCURVE_S1.);
#357 = CIRCLE('',#358,25.976370722976);
#358 = AXIS2_PLACEMENT_3D('',#359,#360,#361);
#359 = CARTESIAN_POINT('',(-98.63666666666,0.,0.));
#360 = DIRECTION('',(1.,0.,0.));
#361 = DIRECTION('',(-0.,1.,0.));
#362 = PCURVE('',#318,#363);
#363 = DEFINITIONAL_REPRESENTATION('',(#364),#367);
#364 = B_SPLINE_CURVE_WITH_KNOTS('',1,(#365,#366),.UNSPECIFIED.,.F.,.F.,
  (2,2),(0.,6.28318530718),.PIECEWISE_BEZIER_KNOTS.);
#365 = CARTESIAN_POINT('',(0.,4.233333333333));
#366 = CARTESIAN_POINT('',(6.28318530718,4.233333333333));
#367 = ( GEOMETRIC_REPRESENTATION_CONTEXT(2) 
PARAMETRIC_REPRESENTATION_CONTEXT() REPRESENTATION_CONTEXT('2D SPACE',''
  ) );
#368 = PCURVE('',#369,#374);
#369 = CONICAL_SURFACE('',#370,25.976370722976,0.223987869066);
#370 = AXIS2_PLACEMENT_3D('',#371,#372,#373);
#371 = CARTESIAN_POINT('',(-98.63666666666,0.,0.));
#372 = DIRECTION('',(1.,0.,0.));
#373 = DIRECTION('',(-0.,1.,0.));
#374 = DEFINITIONAL_REPRESENTATION('',(#375),#378);
#375 = B_SPLINE_CURVE_WITH_KNOTS('',1,(#376,#377),.UNSPECIFIED.,.F.,.F.,
  (2,2),(0.,6.28318530718),.PIECEWISE_BEZIER_KNOTS.);
#376 = CARTESIAN_POINT('',(0.,0.));
#377 = CARTESIAN_POINT('',(6.28318530718,0.));
#378 = ( GEOMETRIC_REPRESENTATION_CONTEXT(2) 
PARAMETRIC_REPRESENTATION_CONTEXT() REPRESENTATION_CONTEXT('2D SPACE',''
  ) );
#379 = ORIENTED_EDGE('',*,*,#334,.F.);
#380 = ADVANCED_FACE('',(#381),#369,.T.);
#381 = FACE_BOUND('',#382,.T.);
#382 = EDGE_LOOP('',(#383,#384,#405,#430));
#383 = ORIENTED_EDGE('',*,*,#355,.T.);
#384 = ORIENTED_EDGE('',*,*,#385,.T.);
#385 = EDGE_CURVE('',#335,#386,#388,.T.);
#386 = VERTEX_POINT('',#387);
#387 = CARTESIAN_POINT('',(-94.40333333333,26.940768363207,0.));
#388 = SEAM_CURVE('',#389,(#393,#399),.PCURVE_S1.);
#389 = LINE('',#390,#391);
#390 = CARTESIAN_POINT('',(-98.63666666666,25.976370722976,0.));
#391 = VECTOR('',#392,1.);
#392 = DIRECTION('',(0.975019420587,0.222119628754,0.));
#393 = PCURVE('',#369,#394);
#394 = DEFINITIONAL_REPRESENTATION('',(#395),#398);
#395 = B_SPLINE_CURVE_WITH_KNOTS('',1,(#396,#397),.UNSPECIFIED.,.F.,.F.,
  (2,2),(0.,4.341793859638),.PIECEWISE_BEZIER_KNOTS.);
#396 = CARTESIAN_POINT('',(0.,0.));
#397 = CARTESIAN_POINT('',(0.,4.233333333333));
#398 = ( GEOMETRIC_REPRESENTATION_CONTEXT(2) 
PARAMETRIC_REPRESENTATION_CONTEXT() REPRESENTATION_CONTEXT('2D SPACE',''
  ) );
#399 = PCURVE('',#369,#400);
#400 = DEFINITIONAL_REPRESENTATION('',(#401),#404);
#401 = B_SPLINE_CURVE_WITH_KNOTS('',1,(#402,#403),.UNSPECIFIED.,.F.,.F.,
  (2,2),(0.,4.341793859638),.PIECEWISE_BEZIER_KNOTS.);
#402 = CARTESIAN_POINT('',(6.28318530718,0.));
#403 = CARTESIAN_POINT('',(6.28318530718,4.233333333333));
#404 = ( GEOMETRIC_REPRESENTATION_CONTEXT(2) 
PARAMETRIC_REPRESENTATION_CONTEXT() REPRESENTATION_CONTEXT('2D SPACE',''
  ) );
#405 = ORIENTED_EDGE('',*,*,#406,.F.);
#406 = EDGE_CURVE('',#386,#386,#407,.T.);
#407 = SURFACE_CURVE('',#408,(#413,#419),.PCURVE_S1.);
#408 = CIRCLE('',#409,26.940768363207);
#409 = AXIS2_PLACEMENT_3D('',#410,#411,#412);
#410 = CARTESIAN_POINT('',(-94.40333333333,0.,0.));
#411 = DIRECTION('',(1.,0.,0.));
#412 = DIRECTION('',(-0.,1.,0.));
#413 = PCURVE('',#369,#414);
#414 = DEFINITIONAL_REPRESENTATION('',(#415),#418);
#415 = B_SPLINE_CURVE_WITH_KNOTS('',1,(#416,#417),.UNSPECIFIED.,.F.,.F.,
  (2,2),(0.,6.28318530718),.PIECEWISE_BEZIER_KNOTS.);
#416 = CARTESIAN_POINT('',(0.,4.233333333333));
#417 = CARTESIAN_POINT('',(6.28318530718,4.233333333333));
#418 = ( GEOMETRIC_REPRESENTATION_CONTEXT(2) 
PARAMETRIC_REPRESENTATION_CONTEXT() REPRESENTATION_CONTEXT('2D SPACE',''
  ) );
#419 = PCURVE('',#420,#425);
#420 = CONICAL_SURFACE('',#421,26.940768363207,0.1700403545);
#421 = AXIS2_PLACEMENT_3D('',#422,#423,#424);
#422 = CARTESIAN_POINT('',(-94.40333333333,0.,0.));
#423 = DIRECTION('',(1.,0.,0.));
#424 = DIRECTION('',(-0.,1.,0.));
#425 = DEFINITIONAL_REPRESENTATION('',(#426),#429);
#426 = B_SPLINE_CURVE_WITH_KNOTS('',1,(#427,#428),.UNSPECIFIED.,.F.,.F.,
  (2,2),(0.,6.28318530718),.PIECEWISE_BEZIER_KNOTS.);
#427 = CARTESIAN_POINT('',(0.,0.));
#428 = CARTESIAN_POINT('',(6.28318530718,0.));
#429 = ( GEOMETRIC_REPRESENTATION_CONTEXT(2) 
PARAMETRIC_REPRESENTATION_CONTEXT() REPRESENTATION_CONTEXT('2D SPACE',''
  ) );
#430 = ORIENTED_EDGE('',*,*,#385,.F.);
#431 = ADVANCED_FACE('',(#432),#420,.T.);
#432 = FACE_BOUND('',#433,.T.);
#433 = EDGE_LOOP('',(#434,#435,#456,#481));
#434 = ORIENTED_EDGE('',*,*,#406,.T.);
#435 = ORIENTED_EDGE('',*,*,#436,.T.);
#436 = EDGE_CURVE('',#386,#437,#439,.T.);
#437 = VERTEX_POINT('',#438);
#438 = CARTESIAN_POINT('',(-90.17,27.667624779469,0.));
#439 = SEAM_CURVE('',#440,(#444,#450),.PCURVE_S1.);
#440 = LINE('',#441,#442);
#441 = CARTESIAN_POINT('',(-94.40333333333,26.940768363207,0.));
#442 = VECTOR('',#443,1.);
#443 = DIRECTION('',(0.985577938838,0.16922212171,0.));
#444 = PCURVE('',#420,#445);
#445 = DEFINITIONAL_REPRESENTATION('',(#446),#449);
#446 = B_SPLINE_CURVE_WITH_KNOTS('',1,(#447,#448),.UNSPECIFIED.,.F.,.F.,
  (2,2),(0.,4.295280126019),.PIECEWISE_BEZIER_KNOTS.);
#447 = CARTESIAN_POINT('',(0.,0.));
#448 = CARTESIAN_POINT('',(0.,4.233333333333));
#449 = ( GEOMETRIC_REPRESENTATION_CONTEXT(2) 
PARAMETRIC_REPRESENTATION_CONTEXT() REPRESENTATION_CONTEXT('2D SPACE',''
  ) );
#450 = PCURVE('',#420,#451);
#451 = DEFINITIONAL_REPRESENTATION('',(#452),#455);
#452 = B_SPLINE_CURVE_WITH_KNOTS('',1,(#453,#454),.UNSPECIFIED.,.F.,.F.,
  (2,2),(0.,4.295280126019),.PIECEWISE_BEZIER_KNOTS.);
#453 = CARTESIAN_POINT('',(6.28318530718,0.));
#454 = CARTESIAN_POINT('',(6.28318530718,4.233333333333));
#455 = ( GEOMETRIC_REPRESENTATION_CONTEXT(2) 
PARAMETRIC_REPRESENTATION_CONTEXT() REPRESENTATION_CONTEXT('2D SPACE',''
  ) );
#456 = ORIENTED_EDGE('',*,*,#457,.F.);
#457 = EDGE_CURVE('',#437,#437,#458,.T.);
#458 = SURFACE_CURVE('',#459,(#464,#470),.PCURVE_S1.);
#459 = CIRCLE('',#460,27.667624779469);
#460 = AXIS2_PLACEMENT_3D('',#461,#462,#463);
#461 = CARTESIAN_POINT('',(-90.17,0.,0.));
#462 = DIRECTION('',(1.,0.,0.));
#463 = DIRECTION('',(-0.,1.,0.));
#464 = PCURVE('',#420,#465);
#465 = DEFINITIONAL_REPRESENTATION('',(#466),#469);
#466 = B_SPLINE_CURVE_WITH_KNOTS('',1,(#467,#468),.UNSPECIFIED.,.F.,.F.,
  (2,2),(0.,6.28318530718),.PIECEWISE_BEZIER_KNOTS.);
#467 = CARTESIAN_POINT('',(0.,4.233333333333));
#468 = CARTESIAN_POINT('',(6.28318530718,4.233333333333));
#469 = ( GEOMETRIC_REPRESENTATION_CONTEXT(2) 
PARAMETRIC_REPRESENTATION_CONTEXT() REPRESENTATION_CONTEXT('2D SPACE',''
  ) );
#470 = PCURVE('',#471,#476);
#471 = CONICAL_SURFACE('',#472,27.667624779469,0.119360273306);
#472 = AXIS2_PLACEMENT_3D('',#473,#474,#475);
#473 = CARTESIAN_POINT('',(-90.17,0.,0.));
#474 = DIRECTION('',(1.,0.,0.));
#475 = DIRECTION('',(-0.,1.,0.));
#476 = DEFINITIONAL_REPRESENTATION('',(#477),#480);
#477 = B_SPLINE_CURVE_WITH_KNOTS('',1,(#478,#479),.UNSPECIFIED.,.F.,.F.,
  (2,2),(0.,6.28318530718),.PIECEWISE_BEZIER_KNOTS.);
#478 = CARTESIAN_POINT('',(0.,0.));
#479 = CARTESIAN_POINT('',(6.28318530718,0.));
#480 = ( GEOMETRIC_REPRESENTATION_CONTEXT(2) 
PARAMETRIC_REPRESENTATION_CONTEXT() REPRESENTATION_CONTEXT('2D SPACE',''
  ) );
#481 = ORIENTED_EDGE('',*,*,#436,.F.);
#482 = ADVANCED_FACE('',(#483),#471,.T.);
#483 = FACE_BOUND('',#484,.T.);
#484 = EDGE_LOOP('',(#485,#486,#507,#532));
#485 = ORIENTED_EDGE('',*,*,#457,.T.);
#486 = ORIENTED_EDGE('',*,*,#487,.T.);
#487 = EDGE_CURVE('',#437,#488,#490,.T.);
#488 = VERTEX_POINT('',#489);
#489 = CARTESIAN_POINT('',(-85.93666666666,28.175329967012,0.));
#490 = SEAM_CURVE('',#491,(#495,#501),.PCURVE_S1.);
#491 = LINE('',#492,#493);
#492 = CARTESIAN_POINT('',(-90.17,27.667624779469,0.));
#493 = VECTOR('',#494,1.);
#494 = DIRECTION('',(0.99288501579,0.11907705665,0.));
#495 = PCURVE('',#471,#496);
#496 = DEFINITIONAL_REPRESENTATION('',(#497),#500);
#497 = B_SPLINE_CURVE_WITH_KNOTS('',1,(#498,#499),.UNSPECIFIED.,.F.,.F.,
  (2,2),(0.,4.263669272888),.PIECEWISE_BEZIER_KNOTS.);
#498 = CARTESIAN_POINT('',(0.,0.));
#499 = CARTESIAN_POINT('',(0.,4.233333333333));
#500 = ( GEOMETRIC_REPRESENTATION_CONTEXT(2) 
PARAMETRIC_REPRESENTATION_CONTEXT() REPRESENTATION_CONTEXT('2D SPACE',''
  ) );
#501 = PCURVE('',#471,#502);
#502 = DEFINITIONAL_REPRESENTATION('',(#503),#506);
#503 = B_SPLINE_CURVE_WITH_KNOTS('',1,(#504,#505),.UNSPECIFIED.,.F.,.F.,
  (2,2),(0.,4.263669272888),.PIECEWISE_BEZIER_KNOTS.);
#504 = CARTESIAN_POINT('',(6.28318530718,0.));
#505 = CARTESIAN_POINT('',(6.28318530718,4.233333333333));
#506 = ( GEOMETRIC_REPRESENTATION_CONTEXT(2) 
PARAMETRIC_REPRESENTATION_CONTEXT() REPRESENTATION_CONTEXT('2D SPACE',''
  ) );
#507 = ORIENTED_EDGE('',*,*,#508,.F.);
#508 = EDGE_CURVE('',#488,#488,#509,.T.);
#509 = SURFACE_CURVE('',#510,(#515,#521),.PCURVE_S1.);
#510 = CIRCLE('',#511,28.175329967012);
#511 = AXIS2_PLACEMENT_3D('',#512,#513,#514);
#512 = CARTESIAN_POINT('',(-85.93666666666,0.,0.));
#513 = DIRECTION('',(1.,0.,0.));
#514 = DIRECTION('',(-0.,1.,0.));
#515 = PCURVE('',#471,#516);
#516 = DEFINITIONAL_REPRESENTATION('',(#517),#520);
#517 = B_SPLINE_CURVE_WITH_KNOTS('',1,(#518,#519),.UNSPECIFIED.,.F.,.F.,
  (2,2),(0.,6.28318530718),.PIECEWISE_BEZIER_KNOTS.);
#518 = CARTESIAN_POINT('',(0.,4.233333333333));
#519 = CARTESIAN_POINT('',(6.28318530718,4.233333333333));
#520 = ( GEOMETRIC_REPRESENTATION_CONTEXT(2) 
PARAMETRIC_REPRESENTATION_CONTEXT() REPRESENTATION_CONTEXT('2D SPACE',''
  ) );
#521 = PCURVE('',#522,#527);
#522 = CONICAL_SURFACE('',#523,28.175329967012,7.08133090767E-02);
#523 = AXIS2_PLACEMENT_3D('',#524,#525,#526);
#524 = CARTESIAN_POINT('',(-85.93666666666,0.,0.));
#525 = DIRECTION('',(1.,0.,0.));
#526 = DIRECTION('',(-0.,1.,0.));
#527 = DEFINITIONAL_REPRESENTATION('',(#528),#531);
#528 = B_SPLINE_CURVE_WITH_KNOTS('',1,(#529,#530),.UNSPECIFIED.,.F.,.F.,
  (2,2),(0.,6.28318530718),.PIECEWISE_BEZIER_KNOTS.);
#529 = CARTESIAN_POINT('',(0.,0.));
#530 = CARTESIAN_POINT('',(6.28318530718,0.));
#531 = ( GEOMETRIC_REPRESENTATION_CONTEXT(2) 
PARAMETRIC_REPRESENTATION_CONTEXT() REPRESENTATION_CONTEXT('2D SPACE',''
  ) );
#532 = ORIENTED_EDGE('',*,*,#487,.F.);
#533 = ADVANCED_FACE('',(#534),#522,.T.);
#534 = FACE_BOUND('',#535,.T.);
#535 = EDGE_LOOP('',(#536,#537,#558,#583));
#536 = ORIENTED_EDGE('',*,*,#508,.T.);
#537 = ORIENTED_EDGE('',*,*,#538,.T.);
#538 = EDGE_CURVE('',#488,#539,#541,.T.);
#539 = VERTEX_POINT('',#540);
#540 = CARTESIAN_POINT('',(-81.70333333333,28.47560839451,0.));
#541 = SEAM_CURVE('',#542,(#546,#552),.PCURVE_S1.);
#542 = LINE('',#543,#544);
#543 = CARTESIAN_POINT('',(-85.93666666666,28.175329967012,0.));
#544 = VECTOR('',#545,1.);
#545 = DIRECTION('',(0.997493785181,7.075414139846E-02,0.));
#546 = PCURVE('',#522,#547);
#547 = DEFINITIONAL_REPRESENTATION('',(#548),#551);
#548 = B_SPLINE_CURVE_WITH_KNOTS('',1,(#549,#550),.UNSPECIFIED.,.F.,.F.,
  (2,2),(0.,4.243969632918),.PIECEWISE_BEZIER_KNOTS.);
#549 = CARTESIAN_POINT('',(0.,0.));
#550 = CARTESIAN_POINT('',(0.,4.233333333333));
#551 = ( GEOMETRIC_REPRESENTATION_CONTEXT(2) 
PARAMETRIC_REPRESENTATION_CONTEXT() REPRESENTATION_CONTEXT('2D SPACE',''
  ) );
#552 = PCURVE('',#522,#553);
#553 = DEFINITIONAL_REPRESENTATION('',(#554),#557);
#554 = B_SPLINE_CURVE_WITH_KNOTS('',1,(#555,#556),.UNSPECIFIED.,.F.,.F.,
  (2,2),(0.,4.243969632918),.PIECEWISE_BEZIER_KNOTS.);
#555 = CARTESIAN_POINT('',(6.28318530718,0.));
#556 = CARTESIAN_POINT('',(6.28318530718,4.233333333333));
#557 = ( GEOMETRIC_REPRESENTATION_CONTEXT(2) 
PARAMETRIC_REPRESENTATION_CONTEXT() REPRESENTATION_CONTEXT('2D SPACE',''
  ) );
#558 = ORIENTED_EDGE('',*,*,#559,.F.);
#559 = EDGE_CURVE('',#539,#539,#560,.T.);
#560 = SURFACE_CURVE('',#561,(#566,#572),.PCURVE_S1.);
#561 = CIRCLE('',#562,28.47560839451);
#562 = AXIS2_PLACEMENT_3D('',#563,#564,#565);
#563 = CARTESIAN_POINT('',(-81.70333333333,0.,0.));
#564 = DIRECTION('',(1.,0.,0.));
#565 = DIRECTION('',(-0.,1.,0.));
#566 = PCURVE('',#522,#567);
#567 = DEFINITIONAL_REPRESENTATION('',(#568),#571);
#568 = B_SPLINE_CURVE_WITH_KNOTS('',1,(#569,#570),.UNSPECIFIED.,.F.,.F.,
  (2,2),(0.,6.28318530718),.PIECEWISE_BEZIER_KNOTS.);
#569 = CARTESIAN_POINT('',(0.,4.233333333333));
#570 = CARTESIAN_POINT('',(6.28318530718,4.233333333333));
#571 = ( GEOMETRIC_REPRESENTATION_CONTEXT(2) 
PARAMETRIC_REPRESENTATION_CONTEXT() REPRESENTATION_CONTEXT('2D SPACE',''
  ) );
#572 = PCURVE('',#573,#578);
#573 = CONICAL_SURFACE('',#574,28.47560839451,2.34740194285E-02);
#574 = AXIS2_PLACEMENT_3D('',#575,#576,#577);
#575 = CARTESIAN_POINT('',(-81.70333333333,0.,0.));
#576 = DIRECTION('',(1.,0.,0.));
#577 = DIRECTION('',(-0.,1.,0.));
#578 = DEFINITIONAL_REPRESENTATION('',(#579),#582);
#579 = B_SPLINE_CURVE_WITH_KNOTS('',1,(#580,#581),.UNSPECIFIED.,.F.,.F.,
  (2,2),(0.,6.28318530718),.PIECEWISE_BEZIER_KNOTS.);
#580 = CARTESIAN_POINT('',(0.,0.));
#581 = CARTESIAN_POINT('',(6.28318530718,0.));
#582 = ( GEOMETRIC_REPRESENTATION_CONTEXT(2) 
PARAMETRIC_REPRESENTATION_CONTEXT() REPRESENTATION_CONTEXT('2D SPACE',''
  ) );
#583 = ORIENTED_EDGE('',*,*,#538,.F.);
#584 = ADVANCED_FACE('',(#585),#573,.T.);
#585 = FACE_BOUND('',#586,.T.);
#586 = EDGE_LOOP('',(#587,#588,#609,#634));
#587 = ORIENTED_EDGE('',*,*,#559,.T.);
#588 = ORIENTED_EDGE('',*,*,#589,.T.);
#589 = EDGE_CURVE('',#539,#590,#592,.T.);
#590 = VERTEX_POINT('',#591);
#591 = CARTESIAN_POINT('',(-77.47,28.575,0.));
#592 = SEAM_CURVE('',#593,(#597,#603),.PCURVE_S1.);
#593 = LINE('',#594,#595);
#594 = CARTESIAN_POINT('',(-81.70333333333,28.47560839451,0.));
#595 = VECTOR('',#596,1.);
#596 = DIRECTION('',(0.999724497857,2.347186367468E-02,0.));
#597 = PCURVE('',#573,#598);
#598 = DEFINITIONAL_REPRESENTATION('',(#599),#602);
#599 = B_SPLINE_CURVE_WITH_KNOTS('',1,(#600,#601),.UNSPECIFIED.,.F.,.F.,
  (2,2),(0.,4.234499947143),.PIECEWISE_BEZIER_KNOTS.);
#600 = CARTESIAN_POINT('',(0.,0.));
#601 = CARTESIAN_POINT('',(0.,4.233333333333));
#602 = ( GEOMETRIC_REPRESENTATION_CONTEXT(2) 
PARAMETRIC_REPRESENTATION_CONTEXT() REPRESENTATION_CONTEXT('2D SPACE',''
  ) );
#603 = PCURVE('',#573,#604);
#604 = DEFINITIONAL_REPRESENTATION('',(#605),#608);
#605 = B_SPLINE_CURVE_WITH_KNOTS('',1,(#606,#607),.UNSPECIFIED.,.F.,.F.,
  (2,2),(0.,4.234499947143),.PIECEWISE_BEZIER_KNOTS.);
#606 = CARTESIAN_POINT('',(6.28318530718,0.));
#607 = CARTESIAN_POINT('',(6.28318530718,4.233333333333));
#608 = ( GEOMETRIC_REPRESENTATION_CONTEXT(2) 
PARAMETRIC_REPRESENTATION_CONTEXT() REPRESENTATION_CONTEXT('2D SPACE',''
  ) );
#609 = ORIENTED_EDGE('',*,*,#610,.F.);
#610 = EDGE_CURVE('',#590,#590,#611,.T.);
#611 = SURFACE_CURVE('',#612,(#617,#623),.PCURVE_S1.);
#612 = CIRCLE('',#613,28.575);
#613 = AXIS2_PLACEMENT_3D('',#614,#615,#616);
#614 = CARTESIAN_POINT('',(-77.47,0.,0.));
#615 = DIRECTION('',(1.,0.,0.));
#616 = DIRECTION('',(-0.,1.,0.));
#617 = PCURVE('',#573,#618);
#618 = DEFINITIONAL_REPRESENTATION('',(#619),#622);
#619 = B_SPLINE_CURVE_WITH_KNOTS('',1,(#620,#621),.UNSPECIFIED.,.F.,.F.,
  (2,2),(0.,6.28318530718),.PIECEWISE_BEZIER_KNOTS.);
#620 = CARTESIAN_POINT('',(0.,4.233333333333));
#621 = CARTESIAN_POINT('',(6.28318530718,4.233333333333));
#622 = ( GEOMETRIC_REPRESENTATION_CONTEXT(2) 
PARAMETRIC_REPRESENTATION_CONTEXT() REPRESENTATION_CONTEXT('2D SPACE',''
  ) );
#623 = PCURVE('',#624,#629);
#624 = CYLINDRICAL_SURFACE('',#625,28.575);
#625 = AXIS2_PLACEMENT_3D('',#626,#627,#628);
#626 = CARTESIAN_POINT('',(-77.47,0.,0.));
#627 = DIRECTION('',(1.,0.,0.));
#628 = DIRECTION('',(-0.,1.,0.));
#629 = DEFINITIONAL_REPRESENTATION('',(#630),#633);
#630 = B_SPLINE_CURVE_WITH_KNOTS('',1,(#631,#632),.UNSPECIFIED.,.F.,.F.,
  (2,2),(0.,6.28318530718),.PIECEWISE_BEZIER_KNOTS.);
#631 = CARTESIAN_POINT('',(0.,0.));
#632 = CARTESIAN_POINT('',(6.28318530718,0.));
#633 = ( GEOMETRIC_REPRESENTATION_CONTEXT(2) 
PARAMETRIC_REPRESENTATION_CONTEXT() REPRESENTATION_CONTEXT('2D SPACE',''
  ) );
#634 = ORIENTED_EDGE('',*,*,#589,.F.);
#635 = ADVANCED_FACE('',(#636,#686,#785,#884,#983),#624,.T.);
#636 = FACE_BOUND('',#637,.T.);
#637 = EDGE_LOOP('',(#638,#639,#660,#685));
#638 = ORIENTED_EDGE('',*,*,#610,.T.);
#639 = ORIENTED_EDGE('',*,*,#640,.T.);
#640 = EDGE_CURVE('',#590,#641,#643,.T.);
#641 = VERTEX_POINT('',#642);
#642 = CARTESIAN_POINT('',(66.04,28.575,0.));
#643 = SEAM_CURVE('',#644,(#648,#654),.PCURVE_S1.);
#644 = LINE('',#645,#646);
#645 = CARTESIAN_POINT('',(-77.47,28.575,0.));
#646 = VECTOR('',#647,1.);
#647 = DIRECTION('',(1.,0.,0.));
#648 = PCURVE('',#624,#649);
#649 = DEFINITIONAL_REPRESENTATION('',(#650),#653);
#650 = B_SPLINE_CURVE_WITH_KNOTS('',1,(#651,#652),.UNSPECIFIED.,.F.,.F.,
  (2,2),(0.,143.51),.PIECEWISE_BEZIER_KNOTS.);
#651 = CARTESIAN_POINT('',(0.,0.));
#652 = CARTESIAN_POINT('',(0.,143.51));
#653 = ( GEOMETRIC_REPRESENTATION_CONTEXT(2) 
PARAMETRIC_REPRESENTATION_CONTEXT() REPRESENTATION_CONTEXT('2D SPACE',''
  ) );
#654 = PCURVE('',#624,#655);
#655 = DEFINITIONAL_REPRESENTATION('',(#656),#659);
#656 = B_SPLINE_CURVE_WITH_KNOTS('',1,(#657,#658),.UNSPECIFIED.,.F.,.F.,
  (2,2),(0.,143.51),.PIECEWISE_BEZIER_KNOTS.);
#657 = CARTESIAN_POINT('',(6.28318530718,0.));
#658 = CARTESIAN_POINT('',(6.28318530718,143.51));
#659 = ( GEOMETRIC_REPRESENTATION_CONTEXT(2) 
PARAMETRIC_REPRESENTATION_CONTEXT() REPRESENTATION_CONTEXT('2D SPACE',''
  ) );
#660 = ORIENTED_EDGE('',*,*,#661,.F.);
#661 = EDGE_CURVE('',#641,#641,#662,.T.);
#662 = SURFACE_CURVE('',#663,(#668,#674),.PCURVE_S1.);
#663 = CIRCLE('',#664,28.575);
#664 = AXIS2_PLACEMENT_3D('',#665,#666,#667);
#665 = CARTESIAN_POINT('',(66.04,0.,0.));
#666 = DIRECTION('',(1.,0.,0.));
#667 = DIRECTION('',(-0.,1.,0.));
#668 = PCURVE('',#624,#669);
#669 = DEFINITIONAL_REPRESENTATION('',(#670),#673);
#670 = B_SPLINE_CURVE_WITH_KNOTS('',1,(#671,#672),.UNSPECIFIED.,.F.,.F.,
  (2,2),(0.,6.28318530718),.PIECEWISE_BEZIER_KNOTS.);
#671 = CARTESIAN_POINT('',(0.,143.51));
#672 = CARTESIAN_POINT('',(6.28318530718,143.51));
#673 = ( GEOMETRIC_REPRESENTATION_CONTEXT(2) 
PARAMETRIC_REPRESENTATION_CONTEXT() REPRESENTATION_CONTEXT('2D SPACE',''
  ) );
#674 = PCURVE('',#675,#680);
#675 = CONICAL_SURFACE('',#676,28.575,0.211093333223);
#676 = AXIS2_PLACEMENT_3D('',#677,#678,#679);
#677 = CARTESIAN_POINT('',(66.04,0.,0.));
#678 = DIRECTION('',(-1.,-0.,-0.));
#679 = DIRECTION('',(-0.,1.,0.));
#680 = DEFINITIONAL_REPRESENTATION('',(#681),#684);
#681 = B_SPLINE_CURVE_WITH_KNOTS('',1,(#682,#683),.UNSPECIFIED.,.F.,.F.,
  (2,2),(0.,6.28318530718),.PIECEWISE_BEZIER_KNOTS.);
#682 = CARTESIAN_POINT('',(0.,0.));
#683 = CARTESIAN_POINT('',(-6.28318530718,0.));
#684 = ( GEOMETRIC_REPRESENTATION_CONTEXT(2) 
PARAMETRIC_REPRESENTATION_CONTEXT() REPRESENTATION_CONTEXT('2D SPACE',''
  ) );
#685 = ORIENTED_EDGE('',*,*,#640,.F.);
#686 = FACE_BOUND('',#687,.T.);
#687 = EDGE_LOOP('',(#688));
#688 = ORIENTED_EDGE('',*,*,#689,.F.);
#689 = EDGE_CURVE('',#690,#690,#692,.T.);
#690 = VERTEX_POINT('',#691);
#691 = CARTESIAN_POINT('',(-66.294,-20.2055762724,20.205576272406));
#692 = SURFACE_CURVE('',#693,(#720,#750),.PCURVE_S1.);
#693 = B_SPLINE_CURVE_WITH_KNOTS('',7,(#694,#695,#696,#697,#698,#699,
    #700,#701,#702,#703,#704,#705,#706,#707,#708,#709,#710,#711,#712,
    #713,#714,#715,#716,#717,#718,#719),.UNSPECIFIED.,.T.,.F.,(8,6,6,6,8
    ),(0.,0.249812485288,0.499814004761,0.749815524237,1.),
  .UNSPECIFIED.);
#694 = CARTESIAN_POINT('',(-66.294,-20.2055762724,20.205576272406));
#695 = CARTESIAN_POINT('',(-66.294,-19.83977274344,20.571379801365));
#696 = CARTESIAN_POINT('',(-66.43057319331,-19.47004125663,
    20.925646086999));
#697 = CARTESIAN_POINT('',(-66.69868078844,-19.12468586484,
    21.240741478032));
#698 = CARTESIAN_POINT('',(-67.08171778852,-18.83385738536,
    21.493811643948));
#699 = CARTESIAN_POINT('',(-67.55147045091,-18.62709079096,
    21.669790401142));
#700 = CARTESIAN_POINT('',(-68.06669313124,-18.52436854161,
    21.757260745198));
#701 = CARTESIAN_POINT('',(-69.09369529027,-18.52436854161,
    21.757260745198));
#702 = CARTESIAN_POINT('',(-69.60900505878,-18.62724690158,
    21.669655510888));
#703 = CARTESIAN_POINT('',(-70.07846085484,-18.83410541564,
    21.493606709674));
#704 = CARTESIAN_POINT('',(-70.46110431167,-19.12472379378,
    21.240680038067));
#705 = CARTESIAN_POINT('',(-70.72911805375,-19.46972241407,
    20.925929964474));
#706 = CARTESIAN_POINT('',(-70.866,-19.83935957256,20.571792972245));
#707 = CARTESIAN_POINT('',(-70.866,-20.57179297224,19.839359572562));
#708 = CARTESIAN_POINT('',(-70.72911805375,-20.92592996447,
    19.469722414069));
#709 = CARTESIAN_POINT('',(-70.46110431167,-21.24068003807,
    19.124723793772));
#710 = CARTESIAN_POINT('',(-70.07846085485,-21.49360670966,
    18.834105415653));
#711 = CARTESIAN_POINT('',(-69.60900505879,-21.66965551088,
    18.627246901589));
#712 = CARTESIAN_POINT('',(-69.09369529028,-21.75726074519,
    18.524368541613));
#713 = CARTESIAN_POINT('',(-68.06592877686,-21.75726074519,
    18.524368541613));
#714 = CARTESIAN_POINT('',(-67.55058251644,-21.66952631354,
    18.62739782403));
#715 = CARTESIAN_POINT('',(-67.08140907481,-21.49343380479,
    18.834311983354));
#716 = CARTESIAN_POINT('',(-66.69907733428,-21.24064340677,
    19.124739703539));
#717 = CARTESIAN_POINT('',(-66.43111006002,-20.92615748175,
    19.469469385259));
#718 = CARTESIAN_POINT('',(-66.294,-20.57209771777,19.839054827037));
#719 = CARTESIAN_POINT('',(-66.294,-20.2055762724,20.205576272406));
#720 = PCURVE('',#624,#721);
#721 = DEFINITIONAL_REPRESENTATION('',(#722),#749);
#722 = B_SPLINE_CURVE_WITH_KNOTS('',7,(#723,#724,#725,#726,#727,#728,
    #729,#730,#731,#732,#733,#734,#735,#736,#737,#738,#739,#740,#741,
    #742,#743,#744,#745,#746,#747,#748),.UNSPECIFIED.,.T.,.F.,(8,6,6,6,8
    ),(0.,0.249812485288,0.499814004761,0.749815524237,1.),
  .UNSPECIFIED.);
#723 = CARTESIAN_POINT('',(2.356194490192,11.176));
#724 = CARTESIAN_POINT('',(2.33809040229,11.176));
#725 = CARTESIAN_POINT('',(2.320174460388,11.039426806684));
#726 = CARTESIAN_POINT('',(2.303822303366,10.771319211558));
#727 = CARTESIAN_POINT('',(2.290332710531,10.388282211476));
#728 = CARTESIAN_POINT('',(2.280830367357,9.918529549089));
#729 = CARTESIAN_POINT('',(2.276108910159,9.403306868758));
#730 = CARTESIAN_POINT('',(2.276108910159,8.376304709721));
#731 = CARTESIAN_POINT('',(2.280837579806,7.860994941213));
#732 = CARTESIAN_POINT('',(2.290343981167,7.391539145153));
#733 = CARTESIAN_POINT('',(2.303824697587,7.008895688322));
#734 = CARTESIAN_POINT('',(2.320159554349,6.740881946242));
#735 = CARTESIAN_POINT('',(2.338069953931,6.604));
#736 = CARTESIAN_POINT('',(2.374319026454,6.604));
#737 = CARTESIAN_POINT('',(2.392229426036,6.740881946242));
#738 = CARTESIAN_POINT('',(2.408564282798,7.00889568833));
#739 = CARTESIAN_POINT('',(2.422044999217,7.39153914515));
#740 = CARTESIAN_POINT('',(2.431551400578,7.860994941207));
#741 = CARTESIAN_POINT('',(2.436280070226,8.376304709712));
#742 = CARTESIAN_POINT('',(2.436280070226,9.404071223136));
#743 = CARTESIAN_POINT('',(2.431544448442,9.919417483552));
#744 = CARTESIAN_POINT('',(2.422035571813,10.388590925182));
#745 = CARTESIAN_POINT('',(2.408563029313,10.770922665715));
#746 = CARTESIAN_POINT('',(2.392241309741,11.038889939977));
#747 = CARTESIAN_POINT('',(2.374334108703,11.176));
#748 = CARTESIAN_POINT('',(2.356194490192,11.176));
#749 = ( GEOMETRIC_REPRESENTATION_CONTEXT(2) 
PARAMETRIC_REPRESENTATION_CONTEXT() REPRESENTATION_CONTEXT('2D SPACE',''
  ) );
#750 = PCURVE('',#751,#756);
#751 = CYLINDRICAL_SURFACE('',#752,2.286);
#752 = AXIS2_PLACEMENT_3D('',#753,#754,#755);
#753 = CARTESIAN_POINT('',(-68.58,-12.12334576344,12.123345763443));
#754 = DIRECTION('',(-0.,0.707106781187,-0.707106781187));
#755 = DIRECTION('',(1.,0.,0.));
#756 = DEFINITIONAL_REPRESENTATION('',(#757),#784);
#757 = B_SPLINE_CURVE_WITH_KNOTS('',7,(#758,#759,#760,#761,#762,#763,
    #764,#765,#766,#767,#768,#769,#770,#771,#772,#773,#774,#775,#776,
    #777,#778,#779,#780,#781,#782,#783),.UNSPECIFIED.,.F.,.F.,(8,6,6,6,8
    ),(0.,0.249812485288,0.499814004761,0.749815524237,1.),
  .UNSPECIFIED.);
#758 = CARTESIAN_POINT('',(0.,-11.43));
#759 = CARTESIAN_POINT('',(-0.226301098783,-11.43));
#760 = CARTESIAN_POINT('',(-0.450259056085,-11.41906445137));
#761 = CARTESIAN_POINT('',(-0.673424023487,-11.39766739963));
#762 = CARTESIAN_POINT('',(-0.896830078206,-11.37096824007));
#763 = CARTESIAN_POINT('',(-1.120881703406,-11.3491979516));
#764 = CARTESIAN_POINT('',(-1.346252639674,-11.33841322594));
#765 = CARTESIAN_POINT('',(-1.795509927092,-11.33841322594));
#766 = CARTESIAN_POINT('',(-2.020917461494,-11.34921295667));
#767 = CARTESIAN_POINT('',(-2.244887141436,-11.37099871355));
#768 = CARTESIAN_POINT('',(-2.468136771734,-11.39765077483));
#769 = CARTESIAN_POINT('',(-2.691147031206,-11.41903972732));
#770 = CARTESIAN_POINT('',(-2.915035950317,-11.43));
#771 = CARTESIAN_POINT('',(-3.368149356865,-11.43));
#772 = CARTESIAN_POINT('',(-3.592038275973,-11.41903972732));
#773 = CARTESIAN_POINT('',(-3.815048535452,-11.39765077483));
#774 = CARTESIAN_POINT('',(-4.038298165739,-11.37099871355));
#775 = CARTESIAN_POINT('',(-4.262267845683,-11.34921295667));
#776 = CARTESIAN_POINT('',(-4.487675380084,-11.33841322594));
#777 = CARTESIAN_POINT('',(-4.93726703075,-11.33841322594));
#778 = CARTESIAN_POINT('',(-5.162690149316,-11.34922831863));
#779 = CARTESIAN_POINT('',(-5.386579000245,-11.37102251676));
#780 = CARTESIAN_POINT('',(-5.609699111704,-11.39763612249));
#781 = CARTESIAN_POINT('',(-5.832591117003,-11.41902168794));
#782 = CARTESIAN_POINT('',(-6.056440075797,-11.43));
#783 = CARTESIAN_POINT('',(-6.28318530718,-11.43));
#784 = ( GEOMETRIC_REPRESENTATION_CONTEXT(2) 
PARAMETRIC_REPRESENTATION_CONTEXT() REPRESENTATION_CONTEXT('2D SPACE',''
  ) );
#785 = FACE_BOUND('',#786,.T.);
#786 = EDGE_LOOP('',(#787));
#787 = ORIENTED_EDGE('',*,*,#788,.F.);
#788 = EDGE_CURVE('',#789,#789,#791,.T.);
#789 = VERTEX_POINT('',#790);
#790 = CARTESIAN_POINT('',(-66.294,-20.2055762724,-20.2055762724));
#791 = SURFACE_CURVE('',#792,(#819,#849),.PCURVE_S1.);
#792 = B_SPLINE_CURVE_WITH_KNOTS('',7,(#793,#794,#795,#796,#797,#798,
    #799,#800,#801,#802,#803,#804,#805,#806,#807,#808,#809,#810,#811,
    #812,#813,#814,#815,#816,#817,#818),.UNSPECIFIED.,.T.,.F.,(8,6,6,6,8
    ),(0.,0.249812485279,0.499814004746,0.749815524225,1.),
  .UNSPECIFIED.);
#793 = CARTESIAN_POINT('',(-66.294,-20.2055762724,-20.2055762724));
#794 = CARTESIAN_POINT('',(-66.294,-20.57137980136,-19.83977274344));
#795 = CARTESIAN_POINT('',(-66.43057319331,-20.92564608699,
    -19.47004125663));
#796 = CARTESIAN_POINT('',(-66.69868078844,-21.24074147804,
    -19.12468586483));
#797 = CARTESIAN_POINT('',(-67.08171778853,-21.49381164394,
    -18.83385738536));
#798 = CARTESIAN_POINT('',(-67.5514704509,-21.66979040114,
    -18.62709079096));
#799 = CARTESIAN_POINT('',(-68.06669313124,-21.75726074519,
    -18.52436854161));
#800 = CARTESIAN_POINT('',(-69.09369529028,-21.75726074519,
    -18.52436854161));
#801 = CARTESIAN_POINT('',(-69.60900505875,-21.66965551088,
    -18.62724690158));
#802 = CARTESIAN_POINT('',(-70.07846085487,-21.49360670969,
    -18.83410541562));
#803 = CARTESIAN_POINT('',(-70.46110431166,-21.24068003803,
    -19.12472379381));
#804 = CARTESIAN_POINT('',(-70.72911805376,-20.9259299645,
    -19.46972241403));
#805 = CARTESIAN_POINT('',(-70.866,-20.57179297222,-19.83935957258));
#806 = CARTESIAN_POINT('',(-70.866,-19.83935957256,-20.57179297224));
#807 = CARTESIAN_POINT('',(-70.72911805376,-19.46972241406,
    -20.92592996447));
#808 = CARTESIAN_POINT('',(-70.46110431166,-19.12472379375,
    -21.24068003808));
#809 = CARTESIAN_POINT('',(-70.07846085484,-18.83410541566,
    -21.49360670965));
#810 = CARTESIAN_POINT('',(-69.60900505881,-18.62724690158,
    -21.66965551088));
#811 = CARTESIAN_POINT('',(-69.09369529028,-18.52436854161,
    -21.75726074519));
#812 = CARTESIAN_POINT('',(-68.06592877685,-18.52436854161,
    -21.75726074519));
#813 = CARTESIAN_POINT('',(-67.55058251659,-18.62739782403,
    -21.66952631353));
#814 = CARTESIAN_POINT('',(-67.08140907472,-18.83431198324,
    -21.4934338049));
#815 = CARTESIAN_POINT('',(-66.69907733429,-19.1247397037,
    -21.24064340661));
#816 = CARTESIAN_POINT('',(-66.43111006,-19.46946938515,-20.92615748186)
  );
#817 = CARTESIAN_POINT('',(-66.294,-19.8390548271,-20.5720977177));
#818 = CARTESIAN_POINT('',(-66.294,-20.2055762724,-20.2055762724));
#819 = PCURVE('',#624,#820);
#820 = DEFINITIONAL_REPRESENTATION('',(#821),#848);
#821 = B_SPLINE_CURVE_WITH_KNOTS('',7,(#822,#823,#824,#825,#826,#827,
    #828,#829,#830,#831,#832,#833,#834,#835,#836,#837,#838,#839,#840,
    #841,#842,#843,#844,#845,#846,#847),.UNSPECIFIED.,.T.,.F.,(8,6,6,6,8
    ),(0.,0.249812485279,0.499814004746,0.749815524225,1.),
  .UNSPECIFIED.);
#822 = CARTESIAN_POINT('',(3.926990816987,11.176));
#823 = CARTESIAN_POINT('',(3.908886729084,11.176));
#824 = CARTESIAN_POINT('',(3.890970787183,11.039426806683));
#825 = CARTESIAN_POINT('',(3.87461863016,10.771319211559));
#826 = CARTESIAN_POINT('',(3.861129037327,10.38828221147));
#827 = CARTESIAN_POINT('',(3.851626694152,9.918529549096));
#828 = CARTESIAN_POINT('',(3.846905236954,9.403306868758));
#829 = CARTESIAN_POINT('',(3.846905236954,8.376304709716));
#830 = CARTESIAN_POINT('',(3.851633906601,7.860994941245));
#831 = CARTESIAN_POINT('',(3.861140307961,7.391539145125));
#832 = CARTESIAN_POINT('',(3.874621024384,7.008895688334));
#833 = CARTESIAN_POINT('',(3.890955881142,6.740881946236));
#834 = CARTESIAN_POINT('',(3.908866280726,6.604));
#835 = CARTESIAN_POINT('',(3.945115353249,6.604));
#836 = CARTESIAN_POINT('',(3.963025752831,6.740881946239));
#837 = CARTESIAN_POINT('',(3.979360609593,7.008895688338));
#838 = CARTESIAN_POINT('',(3.992841326011,7.391539145159));
#839 = CARTESIAN_POINT('',(4.002347727373,7.860994941186));
#840 = CARTESIAN_POINT('',(4.007076397021,8.376304709718));
#841 = CARTESIAN_POINT('',(4.007076397021,9.404071223147));
#842 = CARTESIAN_POINT('',(4.002340775236,9.919417483403));
#843 = CARTESIAN_POINT('',(3.992831898614,10.388590925278));
#844 = CARTESIAN_POINT('',(3.9793593561,10.770922665703));
#845 = CARTESIAN_POINT('',(3.963037636541,11.038889939995));
#846 = CARTESIAN_POINT('',(3.945130435494,11.176));
#847 = CARTESIAN_POINT('',(3.926990816987,11.176));
#848 = ( GEOMETRIC_REPRESENTATION_CONTEXT(2) 
PARAMETRIC_REPRESENTATION_CONTEXT() REPRESENTATION_CONTEXT('2D SPACE',''
  ) );
#849 = PCURVE('',#850,#855);
#850 = CYLINDRICAL_SURFACE('',#851,2.286);
#851 = AXIS2_PLACEMENT_3D('',#852,#853,#854);
#852 = CARTESIAN_POINT('',(-68.58,-12.12334576344,-12.12334576344));
#853 = DIRECTION('',(-0.,0.707106781187,0.707106781187));
#854 = DIRECTION('',(1.,0.,0.));
#855 = DEFINITIONAL_REPRESENTATION('',(#856),#883);
#856 = B_SPLINE_CURVE_WITH_KNOTS('',7,(#857,#858,#859,#860,#861,#862,
    #863,#864,#865,#866,#867,#868,#869,#870,#871,#872,#873,#874,#875,
    #876,#877,#878,#879,#880,#881,#882),.UNSPECIFIED.,.F.,.F.,(8,6,6,6,8
    ),(0.,0.249812485279,0.499814004746,0.749815524225,1.),
  .UNSPECIFIED.);
#857 = CARTESIAN_POINT('',(0.,-11.43));
#858 = CARTESIAN_POINT('',(-0.226301098785,-11.43));
#859 = CARTESIAN_POINT('',(-0.450259056082,-11.41906445137));
#860 = CARTESIAN_POINT('',(-0.673424023491,-11.39766739963));
#861 = CARTESIAN_POINT('',(-0.896830078206,-11.37096824007));
#862 = CARTESIAN_POINT('',(-1.120881703404,-11.3491979516));
#863 = CARTESIAN_POINT('',(-1.346252639674,-11.33841322594));
#864 = CARTESIAN_POINT('',(-1.795509927094,-11.33841322594));
#865 = CARTESIAN_POINT('',(-2.020917461484,-11.34921295667));
#866 = CARTESIAN_POINT('',(-2.244887141434,-11.37099871355));
#867 = CARTESIAN_POINT('',(-2.468136771751,-11.39765077483));
#868 = CARTESIAN_POINT('',(-2.691147031189,-11.41903972732));
#869 = CARTESIAN_POINT('',(-2.915035950329,-11.43));
#870 = CARTESIAN_POINT('',(-3.368149356862,-11.43));
#871 = CARTESIAN_POINT('',(-3.592038275975,-11.41903972732));
#872 = CARTESIAN_POINT('',(-3.815048535456,-11.39765077483));
#873 = CARTESIAN_POINT('',(-4.038298165741,-11.37099871355));
#874 = CARTESIAN_POINT('',(-4.262267845675,-11.34921295667));
#875 = CARTESIAN_POINT('',(-4.487675380086,-11.33841322594));
#876 = CARTESIAN_POINT('',(-4.937267030755,-11.33841322594));
#877 = CARTESIAN_POINT('',(-5.162690149266,-11.34922831863));
#878 = CARTESIAN_POINT('',(-5.386579000226,-11.37102251676));
#879 = CARTESIAN_POINT('',(-5.609699111788,-11.3976361225));
#880 = CARTESIAN_POINT('',(-5.832591116941,-11.41902168794));
#881 = CARTESIAN_POINT('',(-6.056440075841,-11.43));
#882 = CARTESIAN_POINT('',(-6.28318530718,-11.43));
#883 = ( GEOMETRIC_REPRESENTATION_CONTEXT(2) 
PARAMETRIC_REPRESENTATION_CONTEXT() REPRESENTATION_CONTEXT('2D SPACE',''
  ) );
#884 = FACE_BOUND('',#885,.T.);
#885 = EDGE_LOOP('',(#886));
#886 = ORIENTED_EDGE('',*,*,#887,.F.);
#887 = EDGE_CURVE('',#888,#888,#890,.T.);
#888 = VERTEX_POINT('',#889);
#889 = CARTESIAN_POINT('',(-66.294,20.205576272406,20.205576272406));
#890 = SURFACE_CURVE('',#891,(#918,#948),.PCURVE_S1.);
#891 = B_SPLINE_CURVE_WITH_KNOTS('',7,(#892,#893,#894,#895,#896,#897,
    #898,#899,#900,#901,#902,#903,#904,#905,#906,#907,#908,#909,#910,
    #911,#912,#913,#914,#915,#916,#917),.UNSPECIFIED.,.T.,.F.,(8,6,6,6,8
    ),(0.,0.249812485292,0.499814004767,0.749815524238,1.),
  .UNSPECIFIED.);
#892 = CARTESIAN_POINT('',(-66.294,20.205576272406,20.205576272406));
#893 = CARTESIAN_POINT('',(-66.294,20.571379801367,19.839772743444));
#894 = CARTESIAN_POINT('',(-66.43057319331,20.925646086999,
    19.470041256631));
#895 = CARTESIAN_POINT('',(-66.69868078844,21.240741478031,
    19.124685864842));
#896 = CARTESIAN_POINT('',(-67.08171778852,21.49381164395,
    18.833857385359));
#897 = CARTESIAN_POINT('',(-67.55147045091,21.669790401142,
    18.627090790963));
#898 = CARTESIAN_POINT('',(-68.06669313124,21.757260745198,
    18.524368541613));
#899 = CARTESIAN_POINT('',(-69.09369529027,21.757260745198,
    18.524368541613));
#900 = CARTESIAN_POINT('',(-69.60900505879,21.669655510889,
    18.627246901586));
#901 = CARTESIAN_POINT('',(-70.07846085484,21.493606709668,
    18.834105415651));
#902 = CARTESIAN_POINT('',(-70.46110431168,21.240680038077,
    19.124723793771));
#903 = CARTESIAN_POINT('',(-70.72911805375,20.925929964465,
    19.469722414078));
#904 = CARTESIAN_POINT('',(-70.866,20.571792972251,19.83935957256));
#905 = CARTESIAN_POINT('',(-70.866,19.839359572566,20.571792972245));
#906 = CARTESIAN_POINT('',(-70.72911805375,19.469722414056,
    20.925929964487));
#907 = CARTESIAN_POINT('',(-70.46110431166,19.124723793781,
    21.240680038065));
#908 = CARTESIAN_POINT('',(-70.07846085486,18.834105415652,
    21.493606709669));
#909 = CARTESIAN_POINT('',(-69.60900505879,18.62724690159,
    21.669655510885));
#910 = CARTESIAN_POINT('',(-69.09369529029,18.524368541613,
    21.757260745198));
#911 = CARTESIAN_POINT('',(-68.06592877685,18.524368541613,
    21.757260745198));
#912 = CARTESIAN_POINT('',(-67.55058251649,18.627397824036,
    21.669526313537));
#913 = CARTESIAN_POINT('',(-67.08140907475,18.834311983312,
    21.493433804837));
#914 = CARTESIAN_POINT('',(-66.69907733433,19.124739703621,
    21.240643406694));
#915 = CARTESIAN_POINT('',(-66.43111006,19.469469385168,20.926157481846)
  );
#916 = CARTESIAN_POINT('',(-66.294,19.839054827091,20.572097717721));
#917 = CARTESIAN_POINT('',(-66.294,20.205576272406,20.205576272406));
#918 = PCURVE('',#624,#919);
#919 = DEFINITIONAL_REPRESENTATION('',(#920),#947);
#920 = B_SPLINE_CURVE_WITH_KNOTS('',7,(#921,#922,#923,#924,#925,#926,
    #927,#928,#929,#930,#931,#932,#933,#934,#935,#936,#937,#938,#939,
    #940,#941,#942,#943,#944,#945,#946),.UNSPECIFIED.,.T.,.F.,(8,6,6,6,8
    ),(0.,0.249812485292,0.499814004767,0.749815524238,1.),
  .UNSPECIFIED.);
#921 = CARTESIAN_POINT('',(0.785398163397,11.176));
#922 = CARTESIAN_POINT('',(0.767294075495,11.176));
#923 = CARTESIAN_POINT('',(0.749378133593,11.039426806682));
#924 = CARTESIAN_POINT('',(0.733025976571,10.77131921156));
#925 = CARTESIAN_POINT('',(0.719536383736,10.388282211475));
#926 = CARTESIAN_POINT('',(0.710034040563,9.918529549087));
#927 = CARTESIAN_POINT('',(0.705312583364,9.40330686876));
#928 = CARTESIAN_POINT('',(0.705312583364,8.376304709722));
#929 = CARTESIAN_POINT('',(0.710041253011,7.860994941206));
#930 = CARTESIAN_POINT('',(0.719547654373,7.391539145159));
#931 = CARTESIAN_POINT('',(0.733028370792,7.008895688319));
#932 = CARTESIAN_POINT('',(0.749363227554,6.740881946244));
#933 = CARTESIAN_POINT('',(0.767273627135,6.604));
#934 = CARTESIAN_POINT('',(0.803522699659,6.604));
#935 = CARTESIAN_POINT('',(0.821433099241,6.740881946241));
#936 = CARTESIAN_POINT('',(0.837767956002,7.00889568834));
#937 = CARTESIAN_POINT('',(0.851248672422,7.391539145139));
#938 = CARTESIAN_POINT('',(0.860755073783,7.86099494121));
#939 = CARTESIAN_POINT('',(0.865483743431,8.37630470971));
#940 = CARTESIAN_POINT('',(0.865483743431,9.404071223145));
#941 = CARTESIAN_POINT('',(0.860748121647,9.919417483501));
#942 = CARTESIAN_POINT('',(0.85123924502,10.388590925243));
#943 = CARTESIAN_POINT('',(0.837766702514,10.770922665669));
#944 = CARTESIAN_POINT('',(0.82144498295,11.038889939995));
#945 = CARTESIAN_POINT('',(0.803537781905,11.176));
#946 = CARTESIAN_POINT('',(0.785398163397,11.176));
#947 = ( GEOMETRIC_REPRESENTATION_CONTEXT(2) 
PARAMETRIC_REPRESENTATION_CONTEXT() REPRESENTATION_CONTEXT('2D SPACE',''
  ) );
#948 = PCURVE('',#949,#954);
#949 = CYLINDRICAL_SURFACE('',#950,2.286);
#950 = AXIS2_PLACEMENT_3D('',#951,#952,#953);
#951 = CARTESIAN_POINT('',(-68.58,12.123345763443,12.123345763443));
#952 = DIRECTION('',(-0.,-0.707106781187,-0.707106781187));
#953 = DIRECTION('',(1.,0.,0.));
#954 = DEFINITIONAL_REPRESENTATION('',(#955),#982);
#955 = B_SPLINE_CURVE_WITH_KNOTS('',7,(#956,#957,#958,#959,#960,#961,
    #962,#963,#964,#965,#966,#967,#968,#969,#970,#971,#972,#973,#974,
    #975,#976,#977,#978,#979,#980,#981),.UNSPECIFIED.,.F.,.F.,(8,6,6,6,8
    ),(0.,0.249812485292,0.499814004767,0.749815524238,1.),
  .UNSPECIFIED.);
#956 = CARTESIAN_POINT('',(0.,-11.43));
#957 = CARTESIAN_POINT('',(-0.226301098784,-11.43));
#958 = CARTESIAN_POINT('',(-0.450259056085,-11.41906445137));
#959 = CARTESIAN_POINT('',(-0.673424023486,-11.39766739963));
#960 = CARTESIAN_POINT('',(-0.896830078206,-11.37096824007));
#961 = CARTESIAN_POINT('',(-1.120881703407,-11.3491979516));
#962 = CARTESIAN_POINT('',(-1.346252639673,-11.33841322594));
#963 = CARTESIAN_POINT('',(-1.795509927091,-11.33841322594));
#964 = CARTESIAN_POINT('',(-2.020917461496,-11.34921295667));
#965 = CARTESIAN_POINT('',(-2.244887141437,-11.37099871355));
#966 = CARTESIAN_POINT('',(-2.468136771729,-11.39765077483));
#967 = CARTESIAN_POINT('',(-2.691147031211,-11.41903972732));
#968 = CARTESIAN_POINT('',(-2.915035950314,-11.43));
#969 = CARTESIAN_POINT('',(-3.368149356862,-11.43));
#970 = CARTESIAN_POINT('',(-3.592038275981,-11.41903972732));
#971 = CARTESIAN_POINT('',(-3.815048535448,-11.39765077483));
#972 = CARTESIAN_POINT('',(-4.038298165738,-11.37099871355));
#973 = CARTESIAN_POINT('',(-4.262267845684,-11.34921295667));
#974 = CARTESIAN_POINT('',(-4.487675380083,-11.33841322594));
#975 = CARTESIAN_POINT('',(-4.937267030754,-11.33841322594));
#976 = CARTESIAN_POINT('',(-5.162690149303,-11.34922831863));
#977 = CARTESIAN_POINT('',(-5.386579000236,-11.37102251676));
#978 = CARTESIAN_POINT('',(-5.609699111745,-11.39763612249));
#979 = CARTESIAN_POINT('',(-5.832591116949,-11.41902168794));
#980 = CARTESIAN_POINT('',(-6.05644007583,-11.43));
#981 = CARTESIAN_POINT('',(-6.28318530718,-11.43));
#982 = ( GEOMETRIC_REPRESENTATION_CONTEXT(2) 
PARAMETRIC_REPRESENTATION_CONTEXT() REPRESENTATION_CONTEXT('2D SPACE',''
  ) );
#983 = FACE_BOUND('',#984,.T.);
#984 = EDGE_LOOP('',(#985));
#985 = ORIENTED_EDGE('',*,*,#986,.F.);
#986 = EDGE_CURVE('',#987,#987,#989,.T.);
#987 = VERTEX_POINT('',#988);
#988 = CARTESIAN_POINT('',(-66.294,20.205576272406,-20.2055762724));
#989 = SURFACE_CURVE('',#990,(#1017,#1047),.PCURVE_S1.);
#990 = B_SPLINE_CURVE_WITH_KNOTS('',7,(#991,#992,#993,#994,#995,#996,
    #997,#998,#999,#1000,#1001,#1002,#1003,#1004,#1005,#1006,#1007,#1008
    ,#1009,#1010,#1011,#1012,#1013,#1014,#1015,#1016),.UNSPECIFIED.,.T.,
  .F.,(8,6,6,6,8),(0.,0.249812485284,0.499814004758,0.749815524235,1.),
  .UNSPECIFIED.);
#991 = CARTESIAN_POINT('',(-66.294,20.205576272406,-20.2055762724));
#992 = CARTESIAN_POINT('',(-66.294,19.839772743444,-20.57137980136));
#993 = CARTESIAN_POINT('',(-66.43057319331,19.470041256629,-20.925646087
    ));
#994 = CARTESIAN_POINT('',(-66.69868078844,19.124685864844,
    -21.24074147802));
#995 = CARTESIAN_POINT('',(-67.08171778852,18.833857385359,
    -21.49381164395));
#996 = CARTESIAN_POINT('',(-67.55147045091,18.627090790963,
    -21.66979040114));
#997 = CARTESIAN_POINT('',(-68.06669313124,18.524368541613,
    -21.75726074519));
#998 = CARTESIAN_POINT('',(-69.09369529029,18.524368541613,
    -21.75726074519));
#999 = CARTESIAN_POINT('',(-69.60900505875,18.62724690159,
    -21.66965551088));
#1000 = CARTESIAN_POINT('',(-70.07846085487,18.834105415628,
    -21.49360670969));
#1001 = CARTESIAN_POINT('',(-70.46110431166,19.124723793813,
    -21.24068003803));
#1002 = CARTESIAN_POINT('',(-70.72911805376,19.46972241404,
    -20.9259299645));
#1003 = CARTESIAN_POINT('',(-70.866,19.839359572579,-20.57179297223));
#1004 = CARTESIAN_POINT('',(-70.866,20.571792972239,-19.83935957257));
#1005 = CARTESIAN_POINT('',(-70.72911805375,20.925929964495,
    -19.46972241404));
#1006 = CARTESIAN_POINT('',(-70.46110431167,21.240680038036,
    -19.12472379381));
#1007 = CARTESIAN_POINT('',(-70.07846085487,21.493606709692,
    -18.83410541562));
#1008 = CARTESIAN_POINT('',(-69.60900505875,21.669655510884,
    -18.62724690159));
#1009 = CARTESIAN_POINT('',(-69.09369529028,21.757260745198,
    -18.52436854161));
#1010 = CARTESIAN_POINT('',(-68.06592877686,21.757260745198,
    -18.52436854161));
#1011 = CARTESIAN_POINT('',(-67.5505825165,21.669526313541,
    -18.62739782403));
#1012 = CARTESIAN_POINT('',(-67.08140907478,21.493433804835,
    -18.83431198331));
#1013 = CARTESIAN_POINT('',(-66.6990773343,21.240643406718,
    -19.12473970359));
#1014 = CARTESIAN_POINT('',(-66.43111006,20.926157481805,-19.4694693852)
  );
#1015 = CARTESIAN_POINT('',(-66.294,20.572097717725,-19.83905482708));
#1016 = CARTESIAN_POINT('',(-66.294,20.205576272406,-20.2055762724));
#1017 = PCURVE('',#624,#1018);
#1018 = DEFINITIONAL_REPRESENTATION('',(#1019),#1046);
#1019 = B_SPLINE_CURVE_WITH_KNOTS('',7,(#1020,#1021,#1022,#1023,#1024,
    #1025,#1026,#1027,#1028,#1029,#1030,#1031,#1032,#1033,#1034,#1035,
    #1036,#1037,#1038,#1039,#1040,#1041,#1042,#1043,#1044,#1045),
  .UNSPECIFIED.,.T.,.F.,(8,6,6,6,8),(0.,0.249812485284,0.499814004758,
    0.749815524235,1.),.UNSPECIFIED.);
#1020 = CARTESIAN_POINT('',(5.497787143782,11.176));
#1021 = CARTESIAN_POINT('',(5.479683055879,11.176));
#1022 = CARTESIAN_POINT('',(5.461767113978,11.039426806682));
#1023 = CARTESIAN_POINT('',(5.445414956956,10.771319211558));
#1024 = CARTESIAN_POINT('',(5.431925364121,10.388282211478));
#1025 = CARTESIAN_POINT('',(5.422423020947,9.918529549087));
#1026 = CARTESIAN_POINT('',(5.417701563748,9.40330686876));
#1027 = CARTESIAN_POINT('',(5.417701563748,8.376304709709));
#1028 = CARTESIAN_POINT('',(5.422430233396,7.860994941245));
#1029 = CARTESIAN_POINT('',(5.431936634756,7.391539145121));
#1030 = CARTESIAN_POINT('',(5.445417351179,7.008895688339));
#1031 = CARTESIAN_POINT('',(5.461752207937,6.740881946238));
#1032 = CARTESIAN_POINT('',(5.479662607521,6.604));
#1033 = CARTESIAN_POINT('',(5.515911680044,6.604));
#1034 = CARTESIAN_POINT('',(5.533822079627,6.740881946242));
#1035 = CARTESIAN_POINT('',(5.550156936385,7.008895688328));
#1036 = CARTESIAN_POINT('',(5.563637652808,7.391539145127));
#1037 = CARTESIAN_POINT('',(5.573144054168,7.860994941241));
#1038 = CARTESIAN_POINT('',(5.577872723816,8.376304709712));
#1039 = CARTESIAN_POINT('',(5.577872723816,9.404071223135));
#1040 = CARTESIAN_POINT('',(5.573137102031,9.9194174835));
#1041 = CARTESIAN_POINT('',(5.563628225405,10.388590925212));
#1042 = CARTESIAN_POINT('',(5.5501556829,10.7709226657));
#1043 = CARTESIAN_POINT('',(5.533833963333,11.038889939997));
#1044 = CARTESIAN_POINT('',(5.51592676229,11.176));
#1045 = CARTESIAN_POINT('',(5.497787143782,11.176));
#1046 = ( GEOMETRIC_REPRESENTATION_CONTEXT(2) 
PARAMETRIC_REPRESENTATION_CONTEXT() REPRESENTATION_CONTEXT('2D SPACE',''
  ) );
#1047 = PCURVE('',#1048,#1053);
#1048 = CYLINDRICAL_SURFACE('',#1049,2.286);
#1049 = AXIS2_PLACEMENT_3D('',#1050,#1051,#1052);
#1050 = CARTESIAN_POINT('',(-68.58,12.123345763443,-12.12334576344));
#1051 = DIRECTION('',(-0.,-0.707106781187,0.707106781187));
#1052 = DIRECTION('',(1.,0.,0.));
#1053 = DEFINITIONAL_REPRESENTATION('',(#1054),#1081);
#1054 = B_SPLINE_CURVE_WITH_KNOTS('',7,(#1055,#1056,#1057,#1058,#1059,
    #1060,#1061,#1062,#1063,#1064,#1065,#1066,#1067,#1068,#1069,#1070,
    #1071,#1072,#1073,#1074,#1075,#1076,#1077,#1078,#1079,#1080),
  .UNSPECIFIED.,.F.,.F.,(8,6,6,6,8),(0.,0.249812485284,0.499814004758,
    0.749815524235,1.),.UNSPECIFIED.);
#1055 = CARTESIAN_POINT('',(0.,-11.43));
#1056 = CARTESIAN_POINT('',(-0.226301098784,-11.43));
#1057 = CARTESIAN_POINT('',(-0.450259056086,-11.41906445137));
#1058 = CARTESIAN_POINT('',(-0.673424023485,-11.39766739963));
#1059 = CARTESIAN_POINT('',(-0.896830078206,-11.37096824007));
#1060 = CARTESIAN_POINT('',(-1.120881703406,-11.3491979516));
#1061 = CARTESIAN_POINT('',(-1.346252639673,-11.33841322594));
#1062 = CARTESIAN_POINT('',(-1.795509927097,-11.33841322594));
#1063 = CARTESIAN_POINT('',(-2.020917461483,-11.34921295667));
#1064 = CARTESIAN_POINT('',(-2.244887141439,-11.37099871355));
#1065 = CARTESIAN_POINT('',(-2.468136771746,-11.39765077483));
#1066 = CARTESIAN_POINT('',(-2.69114703119,-11.41903972732));
#1067 = CARTESIAN_POINT('',(-2.915035950325,-11.43));
#1068 = CARTESIAN_POINT('',(-3.368149356858,-11.43));
#1069 = CARTESIAN_POINT('',(-3.592038275986,-11.41903972732));
#1070 = CARTESIAN_POINT('',(-3.815048535432,-11.39765077483));
#1071 = CARTESIAN_POINT('',(-4.038298165742,-11.37099871355));
#1072 = CARTESIAN_POINT('',(-4.262267845695,-11.34921295667));
#1073 = CARTESIAN_POINT('',(-4.487675380084,-11.33841322594));
#1074 = CARTESIAN_POINT('',(-4.93726703075,-11.33841322594));
#1075 = CARTESIAN_POINT('',(-5.1626901493,-11.34922831863));
#1076 = CARTESIAN_POINT('',(-5.38657900023,-11.37102251676));
#1077 = CARTESIAN_POINT('',(-5.609699111738,-11.39763612249));
#1078 = CARTESIAN_POINT('',(-5.832591116973,-11.41902168794));
#1079 = CARTESIAN_POINT('',(-6.056440075827,-11.43));
#1080 = CARTESIAN_POINT('',(-6.28318530718,-11.43));
#1081 = ( GEOMETRIC_REPRESENTATION_CONTEXT(2) 
PARAMETRIC_REPRESENTATION_CONTEXT() REPRESENTATION_CONTEXT('2D SPACE',''
  ) );
#1082 = ADVANCED_FACE('',(#1083),#675,.T.);
#1083 = FACE_BOUND('',#1084,.T.);
#1084 = EDGE_LOOP('',(#1085,#1086,#1107,#1133));
#1085 = ORIENTED_EDGE('',*,*,#661,.T.);
#1086 = ORIENTED_EDGE('',*,*,#1087,.T.);
#1087 = EDGE_CURVE('',#641,#1088,#1090,.T.);
#1088 = VERTEX_POINT('',#1089);
#1089 = CARTESIAN_POINT('',(110.49,19.05,0.));
#1090 = SEAM_CURVE('',#1091,(#1095,#1101),.PCURVE_S1.);
#1091 = LINE('',#1092,#1093);
#1092 = CARTESIAN_POINT('',(66.04,28.575,0.));
#1093 = VECTOR('',#1094,1.);
#1094 = DIRECTION('',(0.977802414077,-0.209529088731,0.));
#1095 = PCURVE('',#675,#1096);
#1096 = DEFINITIONAL_REPRESENTATION('',(#1097),#1100);
#1097 = B_SPLINE_CURVE_WITH_KNOTS('',1,(#1098,#1099),.UNSPECIFIED.,.F.,
  .F.,(2,2),(0.,45.459081875902),.PIECEWISE_BEZIER_KNOTS.);
#1098 = CARTESIAN_POINT('',(0.,0.));
#1099 = CARTESIAN_POINT('',(0.,-44.45));
#1100 = ( GEOMETRIC_REPRESENTATION_CONTEXT(2) 
PARAMETRIC_REPRESENTATION_CONTEXT() REPRESENTATION_CONTEXT('2D SPACE',''
  ) );
#1101 = PCURVE('',#675,#1102);
#1102 = DEFINITIONAL_REPRESENTATION('',(#1103),#1106);
#1103 = B_SPLINE_CURVE_WITH_KNOTS('',1,(#1104,#1105),.UNSPECIFIED.,.F.,
  .F.,(2,2),(0.,45.459081875902),.PIECEWISE_BEZIER_KNOTS.);
#1104 = CARTESIAN_POINT('',(-6.28318530718,0.));
#1105 = CARTESIAN_POINT('',(-6.28318530718,-44.45));
#1106 = ( GEOMETRIC_REPRESENTATION_CONTEXT(2) 
PARAMETRIC_REPRESENTATION_CONTEXT() REPRESENTATION_CONTEXT('2D SPACE',''
  ) );
#1107 = ORIENTED_EDGE('',*,*,#1108,.F.);
#1108 = EDGE_CURVE('',#1088,#1088,#1109,.T.);
#1109 = SURFACE_CURVE('',#1110,(#1115,#1121),.PCURVE_S1.);
#1110 = CIRCLE('',#1111,19.05);
#1111 = AXIS2_PLACEMENT_3D('',#1112,#1113,#1114);
#1112 = CARTESIAN_POINT('',(110.49,0.,0.));
#1113 = DIRECTION('',(1.,0.,0.));
#1114 = DIRECTION('',(-0.,1.,0.));
#1115 = PCURVE('',#675,#1116);
#1116 = DEFINITIONAL_REPRESENTATION('',(#1117),#1120);
#1117 = B_SPLINE_CURVE_WITH_KNOTS('',1,(#1118,#1119),.UNSPECIFIED.,.F.,
  .F.,(2,2),(0.,6.28318530718),.PIECEWISE_BEZIER_KNOTS.);
#1118 = CARTESIAN_POINT('',(0.,-44.45));
#1119 = CARTESIAN_POINT('',(-6.28318530718,-44.45));
#1120 = ( GEOMETRIC_REPRESENTATION_CONTEXT(2) 
PARAMETRIC_REPRESENTATION_CONTEXT() REPRESENTATION_CONTEXT('2D SPACE',''
  ) );
#1121 = PCURVE('',#1122,#1127);
#1122 = PLANE('',#1123);
#1123 = AXIS2_PLACEMENT_3D('',#1124,#1125,#1126);
#1124 = CARTESIAN_POINT('',(110.49,0.,0.));
#1125 = DIRECTION('',(1.,0.,0.));
#1126 = DIRECTION('',(-0.,1.,0.));
#1127 = DEFINITIONAL_REPRESENTATION('',(#1128),#1132);
#1128 = CIRCLE('',#1129,19.05);
#1129 = AXIS2_PLACEMENT_2D('',#1130,#1131);
#1130 = CARTESIAN_POINT('',(0.,0.));
#1131 = DIRECTION('',(1.,0.));
#1132 = ( GEOMETRIC_REPRESENTATION_CONTEXT(2) 
PARAMETRIC_REPRESENTATION_CONTEXT() REPRESENTATION_CONTEXT('2D SPACE',''
  ) );
#1133 = ORIENTED_EDGE('',*,*,#1087,.F.);
#1134 = ADVANCED_FACE('',(#1135),#751,.F.);
#1135 = FACE_BOUND('',#1136,.T.);
#1136 = EDGE_LOOP('',(#1137,#1234,#1253,#1254));
#1137 = ORIENTED_EDGE('',*,*,#1138,.F.);
#1138 = EDGE_CURVE('',#1139,#1139,#1141,.T.);
#1139 = VERTEX_POINT('',#1140);
#1140 = CARTESIAN_POINT('',(-66.294,-15.31133668642,15.311336686423));
#1141 = SURFACE_CURVE('',#1142,(#1169,#1199),.PCURVE_S1.);
#1142 = B_SPLINE_CURVE_WITH_KNOTS('',7,(#1143,#1144,#1145,#1146,#1147,
    #1148,#1149,#1150,#1151,#1152,#1153,#1154,#1155,#1156,#1157,#1158,
    #1159,#1160,#1161,#1162,#1163,#1164,#1165,#1166,#1167,#1168),
  .UNSPECIFIED.,.T.,.F.,(8,6,6,6,8),(0.,0.245008840173,0.500061182613,
    0.755113525059,1.),.UNSPECIFIED.);
#1143 = CARTESIAN_POINT('',(-66.294,-15.31133668642,15.311336686423));
#1144 = CARTESIAN_POINT('',(-66.294,-14.95651150603,15.666161866814));
#1145 = CARTESIAN_POINT('',(-66.42252074971,-14.59015470268,
    16.013338244077));
#1146 = CARTESIAN_POINT('',(-66.68199024585,-14.24342012501,
    16.321292193352));
#1147 = CARTESIAN_POINT('',(-67.05277086351,-13.94941333951,
    16.566774861759));
#1148 = CARTESIAN_POINT('',(-67.50507679746,-13.73691307993,
    16.73909956907));
#1149 = CARTESIAN_POINT('',(-68.00292560447,-13.62262756009,
    16.831468610372));
#1150 = CARTESIAN_POINT('',(-69.03417661427,-13.59727969792,
    16.851953102592));
#1151 = CARTESIAN_POINT('',(-69.56105254022,-13.69491679234,
    16.773040597833));
#1152 = CARTESIAN_POINT('',(-70.04539503837,-13.90181150537,
    16.606333561187));
#1153 = CARTESIAN_POINT('',(-70.44558271909,-14.20095264623,
    16.358903166985));
#1154 = CARTESIAN_POINT('',(-70.72690752597,-14.56029013302,
    16.041627824636));
#1155 = CARTESIAN_POINT('',(-70.866,-14.94221064943,15.680462723413));
#1156 = CARTESIAN_POINT('',(-70.866,-15.68046272342,14.942210649425));
#1157 = CARTESIAN_POINT('',(-70.72690752597,-16.04162782461,
    14.560290133045));
#1158 = CARTESIAN_POINT('',(-70.44558271911,-16.358903167,
    14.200952646215));
#1159 = CARTESIAN_POINT('',(-70.04539503833,-16.60633356117,
    13.901811505384));
#1160 = CARTESIAN_POINT('',(-69.56105254025,-16.77304059783,
    13.69491679234));
#1161 = CARTESIAN_POINT('',(-69.03417661426,-16.85195310259,
    13.59727969792));
#1162 = CARTESIAN_POINT('',(-68.00317795215,-16.83147362293,
    13.622621357461));
#1163 = CARTESIAN_POINT('',(-67.50520298576,-16.73918412555,
    13.736808180382));
#1164 = CARTESIAN_POINT('',(-67.05267473385,-16.5668018433,
    13.949383541633));
#1165 = CARTESIAN_POINT('',(-66.68184605224,-16.32120917481,
    14.243530165855));
#1166 = CARTESIAN_POINT('',(-66.42246996938,-16.01320513791,
    14.590293914522));
#1167 = CARTESIAN_POINT('',(-66.294,-15.66609337579,14.95657999705));
#1168 = CARTESIAN_POINT('',(-66.294,-15.31133668642,15.311336686423));
#1169 = PCURVE('',#751,#1170);
#1170 = DEFINITIONAL_REPRESENTATION('',(#1171),#1198);
#1171 = B_SPLINE_CURVE_WITH_KNOTS('',7,(#1172,#1173,#1174,#1175,#1176,
    #1177,#1178,#1179,#1180,#1181,#1182,#1183,#1184,#1185,#1186,#1187,
    #1188,#1189,#1190,#1191,#1192,#1193,#1194,#1195,#1196,#1197),
  .UNSPECIFIED.,.F.,.F.,(8,6,6,6,8),(0.,0.245008840173,0.500061182613,
    0.755113525059,1.),.UNSPECIFIED.);
#1172 = CARTESIAN_POINT('',(0.,-4.5085));
#1173 = CARTESIAN_POINT('',(-0.219509441111,-4.5085));
#1174 = CARTESIAN_POINT('',(-0.440212058434,-4.494937390651));
#1175 = CARTESIAN_POINT('',(-0.660044944918,-4.467515345331));
#1176 = CARTESIAN_POINT('',(-0.879423139454,-4.433203613083));
#1177 = CARTESIAN_POINT('',(-1.098555653036,-4.404795207642));
#1178 = CARTESIAN_POINT('',(-1.318243548421,-4.389297917046));
#1179 = CARTESIAN_POINT('',(-1.769582184086,-4.38585899517));
#1180 = CARTESIAN_POINT('',(-1.998240485695,-4.399099279496));
#1181 = CARTESIAN_POINT('',(-2.226264608262,-4.427516257989));
#1182 = CARTESIAN_POINT('',(-2.454590536313,-4.46408127761));
#1183 = CARTESIAN_POINT('',(-2.683394627509,-4.493823705178));
#1184 = CARTESIAN_POINT('',(-2.913236114772,-4.5085));
#1185 = CARTESIAN_POINT('',(-3.369949192412,-4.5085));
#1186 = CARTESIAN_POINT('',(-3.599790679662,-4.493823705179));
#1187 = CARTESIAN_POINT('',(-3.828594770869,-4.46408127761));
#1188 = CARTESIAN_POINT('',(-4.056920698927,-4.427516257989));
#1189 = CARTESIAN_POINT('',(-4.284944821471,-4.399099279496));
#1190 = CARTESIAN_POINT('',(-4.513603123098,-4.38585899517));
#1191 = CARTESIAN_POINT('',(-4.96483131595,-4.38929707554));
#1192 = CARTESIAN_POINT('',(-5.184572771116,-4.404780822916));
#1193 = CARTESIAN_POINT('',(-5.403778068777,-4.433201621633));
#1194 = CARTESIAN_POINT('',(-5.623213018238,-4.467534452984));
#1195 = CARTESIAN_POINT('',(-5.843056656906,-4.494941708013));
#1196 = CARTESIAN_POINT('',(-6.063718237427,-4.5085));
#1197 = CARTESIAN_POINT('',(-6.28318530718,-4.5085));
#1198 = ( GEOMETRIC_REPRESENTATION_CONTEXT(2) 
PARAMETRIC_REPRESENTATION_CONTEXT() REPRESENTATION_CONTEXT('2D SPACE',''
  ) );
#1199 = PCURVE('',#1200,#1205);
#1200 = CYLINDRICAL_SURFACE('',#1201,21.6535);
#1201 = AXIS2_PLACEMENT_3D('',#1202,#1203,#1204);
#1202 = CARTESIAN_POINT('',(-75.438,0.,0.));
#1203 = DIRECTION('',(1.,0.,0.));
#1204 = DIRECTION('',(-0.,1.,0.));
#1205 = DEFINITIONAL_REPRESENTATION('',(#1206),#1233);
#1206 = B_SPLINE_CURVE_WITH_KNOTS('',7,(#1207,#1208,#1209,#1210,#1211,
    #1212,#1213,#1214,#1215,#1216,#1217,#1218,#1219,#1220,#1221,#1222,
    #1223,#1224,#1225,#1226,#1227,#1228,#1229,#1230,#1231,#1232),
  .UNSPECIFIED.,.T.,.F.,(8,6,6,6,8),(0.,0.245008840173,0.500061182613,
    0.755113525059,1.),.UNSPECIFIED.);
#1207 = CARTESIAN_POINT('',(2.356194490192,9.144));
#1208 = CARTESIAN_POINT('',(2.333020472949,9.144));
#1209 = CARTESIAN_POINT('',(2.309719387957,9.015479250281));
#1210 = CARTESIAN_POINT('',(2.288321400101,8.75600975415));
#1211 = CARTESIAN_POINT('',(2.270637317573,8.385229136488));
#1212 = CARTESIAN_POINT('',(2.25800143423,7.932923202537));
#1213 = CARTESIAN_POINT('',(2.251215358496,7.435074395521));
#1214 = CARTESIAN_POINT('',(2.24971027555,6.403823385727));
#1215 = CARTESIAN_POINT('',(2.255507695063,5.87694745978));
#1216 = CARTESIAN_POINT('',(2.267779363072,5.392604961627));
#1217 = CARTESIAN_POINT('',(2.285704189271,4.992417280909));
#1218 = CARTESIAN_POINT('',(2.307820265149,4.711092474026));
#1219 = CARTESIAN_POINT('',(2.332086468499,4.572));
#1220 = CARTESIAN_POINT('',(2.380302511886,4.572));
#1221 = CARTESIAN_POINT('',(2.404568715234,4.71109247403));
#1222 = CARTESIAN_POINT('',(2.426684791115,4.992417280888));
#1223 = CARTESIAN_POINT('',(2.444609617312,5.392604961664));
#1224 = CARTESIAN_POINT('',(2.456881285321,5.876947459747));
#1225 = CARTESIAN_POINT('',(2.462678704834,6.403823385739));
#1226 = CARTESIAN_POINT('',(2.461173990183,7.434822047841));
#1227 = CARTESIAN_POINT('',(2.454393789505,7.932797014232));
#1228 = CARTESIAN_POINT('',(2.441753463142,8.385325266144));
#1229 = CARTESIAN_POINT('',(2.424061284128,8.756153947756));
#1230 = CARTESIAN_POINT('',(2.402660688089,9.015530030615));
#1231 = CARTESIAN_POINT('',(2.379364034213,9.144));
#1232 = CARTESIAN_POINT('',(2.356194490192,9.144));
#1233 = ( GEOMETRIC_REPRESENTATION_CONTEXT(2) 
PARAMETRIC_REPRESENTATION_CONTEXT() REPRESENTATION_CONTEXT('2D SPACE',''
  ) );
#1234 = ORIENTED_EDGE('',*,*,#1235,.T.);
#1235 = EDGE_CURVE('',#1139,#690,#1236,.T.);
#1236 = SEAM_CURVE('',#1237,(#1241,#1247),.PCURVE_S1.);
#1237 = LINE('',#1238,#1239);
#1238 = CARTESIAN_POINT('',(-66.294,-12.12334576344,12.123345763443));
#1239 = VECTOR('',#1240,1.);
#1240 = DIRECTION('',(0.,-0.707106781187,0.707106781187));
#1241 = PCURVE('',#751,#1242);
#1242 = DEFINITIONAL_REPRESENTATION('',(#1243),#1246);
#1243 = B_SPLINE_CURVE_WITH_KNOTS('',1,(#1244,#1245),.UNSPECIFIED.,.F.,
  .F.,(2,2),(4.5085,11.43),.PIECEWISE_BEZIER_KNOTS.);
#1244 = CARTESIAN_POINT('',(-6.28318530718,-4.5085));
#1245 = CARTESIAN_POINT('',(-6.28318530718,-11.43));
#1246 = ( GEOMETRIC_REPRESENTATION_CONTEXT(2) 
PARAMETRIC_REPRESENTATION_CONTEXT() REPRESENTATION_CONTEXT('2D SPACE',''
  ) );
#1247 = PCURVE('',#751,#1248);
#1248 = DEFINITIONAL_REPRESENTATION('',(#1249),#1252);
#1249 = B_SPLINE_CURVE_WITH_KNOTS('',1,(#1250,#1251),.UNSPECIFIED.,.F.,
  .F.,(2,2),(4.5085,11.43),.PIECEWISE_BEZIER_KNOTS.);
#1250 = CARTESIAN_POINT('',(0.,-4.5085));
#1251 = CARTESIAN_POINT('',(0.,-11.43));
#1252 = ( GEOMETRIC_REPRESENTATION_CONTEXT(2) 
PARAMETRIC_REPRESENTATION_CONTEXT() REPRESENTATION_CONTEXT('2D SPACE',''
  ) );
#1253 = ORIENTED_EDGE('',*,*,#689,.T.);
#1254 = ORIENTED_EDGE('',*,*,#1235,.F.);
#1255 = ADVANCED_FACE('',(#1256),#850,.F.);
#1256 = FACE_BOUND('',#1257,.T.);
#1257 = EDGE_LOOP('',(#1258,#1350,#1369,#1370));
#1258 = ORIENTED_EDGE('',*,*,#1259,.F.);
#1259 = EDGE_CURVE('',#1260,#1260,#1262,.T.);
#1260 = VERTEX_POINT('',#1261);
#1261 = CARTESIAN_POINT('',(-66.294,-15.31133668642,-15.31133668642));
#1262 = SURFACE_CURVE('',#1263,(#1290,#1320),.PCURVE_S1.);
#1263 = B_SPLINE_CURVE_WITH_KNOTS('',7,(#1264,#1265,#1266,#1267,#1268,
    #1269,#1270,#1271,#1272,#1273,#1274,#1275,#1276,#1277,#1278,#1279,
    #1280,#1281,#1282,#1283,#1284,#1285,#1286,#1287,#1288,#1289),
  .UNSPECIFIED.,.T.,.F.,(8,6,6,6,8),(0.,0.245008840175,0.500061182616,
    0.75511352506,1.),.UNSPECIFIED.);
#1264 = CARTESIAN_POINT('',(-66.294,-15.31133668642,-15.31133668642));
#1265 = CARTESIAN_POINT('',(-66.294,-15.66616186681,-14.95651150603));
#1266 = CARTESIAN_POINT('',(-66.42252074972,-16.01333824407,
    -14.59015470268));
#1267 = CARTESIAN_POINT('',(-66.68199024584,-16.32129219335,
    -14.24342012501));
#1268 = CARTESIAN_POINT('',(-67.05277086351,-16.56677486175,
    -13.94941333951));
#1269 = CARTESIAN_POINT('',(-67.50507679746,-16.73909956907,
    -13.73691307994));
#1270 = CARTESIAN_POINT('',(-68.00292560447,-16.83146861037,
    -13.62262756009));
#1271 = CARTESIAN_POINT('',(-69.03417661427,-16.85195310259,
    -13.59727969792));
#1272 = CARTESIAN_POINT('',(-69.56105254022,-16.77304059783,
    -13.69491679234));
#1273 = CARTESIAN_POINT('',(-70.04539503836,-16.60633356118,
    -13.90181150537));
#1274 = CARTESIAN_POINT('',(-70.44558271909,-16.35890316699,
    -14.20095264622));
#1275 = CARTESIAN_POINT('',(-70.72690752597,-16.04162782463,
    -14.56029013303));
#1276 = CARTESIAN_POINT('',(-70.866,-15.68046272341,-14.94221064943));
#1277 = CARTESIAN_POINT('',(-70.866,-14.94221064942,-15.68046272341));
#1278 = CARTESIAN_POINT('',(-70.72690752597,-14.56029013304,
    -16.04162782462));
#1279 = CARTESIAN_POINT('',(-70.4455827191,-14.20095264622,
    -16.35890316699));
#1280 = CARTESIAN_POINT('',(-70.04539503834,-13.90181150538,
    -16.60633356118));
#1281 = CARTESIAN_POINT('',(-69.56105254024,-13.69491679234,
    -16.77304059783));
#1282 = CARTESIAN_POINT('',(-69.03417661426,-13.59727969792,
    -16.85195310259));
#1283 = CARTESIAN_POINT('',(-68.00317795215,-13.62262135746,
    -16.83147362293));
#1284 = CARTESIAN_POINT('',(-67.50520298582,-13.73680818037,
    -16.73918412555));
#1285 = CARTESIAN_POINT('',(-67.05267473377,-13.94938354163,
    -16.5668018433));
#1286 = CARTESIAN_POINT('',(-66.6818460523,-14.24353016588,
    -16.32120917478));
#1287 = CARTESIAN_POINT('',(-66.42246996937,-14.59029391448,
    -16.01320513795));
#1288 = CARTESIAN_POINT('',(-66.294,-14.95657999707,-15.66609337577));
#1289 = CARTESIAN_POINT('',(-66.294,-15.31133668642,-15.31133668642));
#1290 = PCURVE('',#850,#1291);
#1291 = DEFINITIONAL_REPRESENTATION('',(#1292),#1319);
#1292 = B_SPLINE_CURVE_WITH_KNOTS('',7,(#1293,#1294,#1295,#1296,#1297,
    #1298,#1299,#1300,#1301,#1302,#1303,#1304,#1305,#1306,#1307,#1308,
    #1309,#1310,#1311,#1312,#1313,#1314,#1315,#1316,#1317,#1318),
  .UNSPECIFIED.,.F.,.F.,(8,6,6,6,8),(0.,0.245008840175,0.500061182616,
    0.75511352506,1.),.UNSPECIFIED.);
#1293 = CARTESIAN_POINT('',(0.,-4.5085));
#1294 = CARTESIAN_POINT('',(-0.219509441112,-4.5085));
#1295 = CARTESIAN_POINT('',(-0.440212058433,-4.494937390651));
#1296 = CARTESIAN_POINT('',(-0.660044944917,-4.467515345332));
#1297 = CARTESIAN_POINT('',(-0.879423139455,-4.433203613083));
#1298 = CARTESIAN_POINT('',(-1.098555653035,-4.404795207642));
#1299 = CARTESIAN_POINT('',(-1.318243548421,-4.389297917046));
#1300 = CARTESIAN_POINT('',(-1.769582184085,-4.38585899517));
#1301 = CARTESIAN_POINT('',(-1.998240485699,-4.399099279496));
#1302 = CARTESIAN_POINT('',(-2.226264608261,-4.427516257989));
#1303 = CARTESIAN_POINT('',(-2.454590536312,-4.46408127761));
#1304 = CARTESIAN_POINT('',(-2.68339462751,-4.493823705178));
#1305 = CARTESIAN_POINT('',(-2.913236114771,-4.5085));
#1306 = CARTESIAN_POINT('',(-3.36994919241,-4.5085));
#1307 = CARTESIAN_POINT('',(-3.599790679664,-4.493823705179));
#1308 = CARTESIAN_POINT('',(-3.828594770869,-4.46408127761));
#1309 = CARTESIAN_POINT('',(-4.056920698924,-4.427516257989));
#1310 = CARTESIAN_POINT('',(-4.284944821476,-4.399099279496));
#1311 = CARTESIAN_POINT('',(-4.513603123097,-4.38585899517));
#1312 = CARTESIAN_POINT('',(-4.964831315953,-4.38929707554));
#1313 = CARTESIAN_POINT('',(-5.184572771096,-4.404780822914));
#1314 = CARTESIAN_POINT('',(-5.403778068801,-4.433201621636));
#1315 = CARTESIAN_POINT('',(-5.623213018239,-4.467534452982));
#1316 = CARTESIAN_POINT('',(-5.843056656885,-4.494941708013));
#1317 = CARTESIAN_POINT('',(-6.06371823744,-4.5085));
#1318 = CARTESIAN_POINT('',(-6.28318530718,-4.5085));
#1319 = ( GEOMETRIC_REPRESENTATION_CONTEXT(2) 
PARAMETRIC_REPRESENTATION_CONTEXT() REPRESENTATION_CONTEXT('2D SPACE',''
  ) );
#1320 = PCURVE('',#1200,#1321);
#1321 = DEFINITIONAL_REPRESENTATION('',(#1322),#1349);
#1322 = B_SPLINE_CURVE_WITH_KNOTS('',7,(#1323,#1324,#1325,#1326,#1327,
    #1328,#1329,#1330,#1331,#1332,#1333,#1334,#1335,#1336,#1337,#1338,
    #1339,#1340,#1341,#1342,#1343,#1344,#1345,#1346,#1347,#1348),
  .UNSPECIFIED.,.T.,.F.,(8,6,6,6,8),(0.,0.245008840175,0.500061182616,
    0.75511352506,1.),.UNSPECIFIED.);
#1323 = CARTESIAN_POINT('',(3.926990816987,9.144));
#1324 = CARTESIAN_POINT('',(3.903816799744,9.144));
#1325 = CARTESIAN_POINT('',(3.880515714752,9.01547925028));
#1326 = CARTESIAN_POINT('',(3.859117726896,8.756009754154));
#1327 = CARTESIAN_POINT('',(3.841433644368,8.385229136483));
#1328 = CARTESIAN_POINT('',(3.828797761025,7.932923202539));
#1329 = CARTESIAN_POINT('',(3.822011685291,7.435074395521));
#1330 = CARTESIAN_POINT('',(3.820506602345,6.40382338573));
#1331 = CARTESIAN_POINT('',(3.826304021858,5.876947459771));
#1332 = CARTESIAN_POINT('',(3.838575689868,5.392604961634));
#1333 = CARTESIAN_POINT('',(3.856500516065,4.992417280906));
#1334 = CARTESIAN_POINT('',(3.878616591944,4.711092474027));
#1335 = CARTESIAN_POINT('',(3.902882795294,4.572));
#1336 = CARTESIAN_POINT('',(3.951098838681,4.572));
#1337 = CARTESIAN_POINT('',(3.97536504203,4.711092474029));
#1338 = CARTESIAN_POINT('',(3.99748111791,4.992417280894));
#1339 = CARTESIAN_POINT('',(4.015405944107,5.392604961652));
#1340 = CARTESIAN_POINT('',(4.027677612116,5.876947459758));
#1341 = CARTESIAN_POINT('',(4.033475031629,6.403823385735));
#1342 = CARTESIAN_POINT('',(4.031970316978,7.434822047847));
#1343 = CARTESIAN_POINT('',(4.0251901163,7.932797014179));
#1344 = CARTESIAN_POINT('',(4.012549789937,8.385325266228));
#1345 = CARTESIAN_POINT('',(3.994857610922,8.756153947699));
#1346 = CARTESIAN_POINT('',(3.973457014887,9.01553003063));
#1347 = CARTESIAN_POINT('',(3.950160361007,9.144));
#1348 = CARTESIAN_POINT('',(3.926990816987,9.144));
#1349 = ( GEOMETRIC_REPRESENTATION_CONTEXT(2) 
PARAMETRIC_REPRESENTATION_CONTEXT() REPRESENTATION_CONTEXT('2D SPACE',''
  ) );
#1350 = ORIENTED_EDGE('',*,*,#1351,.T.);
#1351 = EDGE_CURVE('',#1260,#789,#1352,.T.);
#1352 = SEAM_CURVE('',#1353,(#1357,#1363),.PCURVE_S1.);
#1353 = LINE('',#1354,#1355);
#1354 = CARTESIAN_POINT('',(-66.294,-12.12334576344,-12.12334576344));
#1355 = VECTOR('',#1356,1.);
#1356 = DIRECTION('',(0.,-0.707106781187,-0.707106781187));
#1357 = PCURVE('',#850,#1358);
#1358 = DEFINITIONAL_REPRESENTATION('',(#1359),#1362);
#1359 = B_SPLINE_CURVE_WITH_KNOTS('',1,(#1360,#1361),.UNSPECIFIED.,.F.,
  .F.,(2,2),(4.5085,11.43),.PIECEWISE_BEZIER_KNOTS.);
#1360 = CARTESIAN_POINT('',(-6.28318530718,-4.5085));
#1361 = CARTESIAN_POINT('',(-6.28318530718,-11.43));
#1362 = ( GEOMETRIC_REPRESENTATION_CONTEXT(2) 
PARAMETRIC_REPRESENTATION_CONTEXT() REPRESENTATION_CONTEXT('2D SPACE',''
  ) );
#1363 = PCURVE('',#850,#1364);
#1364 = DEFINITIONAL_REPRESENTATION('',(#1365),#1368);
#1365 = B_SPLINE_CURVE_WITH_KNOTS('',1,(#1366,#1367),.UNSPECIFIED.,.F.,
  .F.,(2,2),(4.5085,11.43),.PIECEWISE_BEZIER_KNOTS.);
#1366 = CARTESIAN_POINT('',(0.,-4.5085));
#1367 = CARTESIAN_POINT('',(0.,-11.43));
#1368 = ( GEOMETRIC_REPRESENTATION_CONTEXT(2) 
PARAMETRIC_REPRESENTATION_CONTEXT() REPRESENTATION_CONTEXT('2D SPACE',''
  ) );
#1369 = ORIENTED_EDGE('',*,*,#788,.T.);
#1370 = ORIENTED_EDGE('',*,*,#1351,.F.);
#1371 = ADVANCED_FACE('',(#1372),#949,.F.);
#1372 = FACE_BOUND('',#1373,.T.);
#1373 = EDGE_LOOP('',(#1374,#1466,#1485,#1486));
#1374 = ORIENTED_EDGE('',*,*,#1375,.F.);
#1375 = EDGE_CURVE('',#1376,#1376,#1378,.T.);
#1376 = VERTEX_POINT('',#1377);
#1377 = CARTESIAN_POINT('',(-66.294,15.311336686423,15.311336686423));
#1378 = SURFACE_CURVE('',#1379,(#1406,#1436),.PCURVE_S1.);
#1379 = B_SPLINE_CURVE_WITH_KNOTS('',7,(#1380,#1381,#1382,#1383,#1384,
    #1385,#1386,#1387,#1388,#1389,#1390,#1391,#1392,#1393,#1394,#1395,
    #1396,#1397,#1398,#1399,#1400,#1401,#1402,#1403,#1404,#1405),
  .UNSPECIFIED.,.T.,.F.,(8,6,6,6,8),(0.,0.245008840182,0.500061182623,
    0.755113525061,1.),.UNSPECIFIED.);
#1380 = CARTESIAN_POINT('',(-66.294,15.311336686423,15.311336686423));
#1381 = CARTESIAN_POINT('',(-66.294,15.666161866814,14.956511506031));
#1382 = CARTESIAN_POINT('',(-66.42252074971,16.013338244074,
    14.590154702689));
#1383 = CARTESIAN_POINT('',(-66.68199024584,16.321292193357,
    14.243420125006));
#1384 = CARTESIAN_POINT('',(-67.05277086352,16.566774861756,
    13.949413339514));
#1385 = CARTESIAN_POINT('',(-67.50507679745,16.73909956907,
    13.73691307994));
#1386 = CARTESIAN_POINT('',(-68.00292560448,16.831468610372,
    13.622627560097));
#1387 = CARTESIAN_POINT('',(-69.03417661425,16.851953102592,
    13.597279697921));
#1388 = CARTESIAN_POINT('',(-69.56105254028,16.773040597835,
    13.69491679234));
#1389 = CARTESIAN_POINT('',(-70.0453950383,16.606333561172,
    13.90181150539));
#1390 = CARTESIAN_POINT('',(-70.44558271913,16.358903167018,
    14.200952646201));
#1391 = CARTESIAN_POINT('',(-70.72690752596,16.041627824604,
    14.56029013306));
#1392 = CARTESIAN_POINT('',(-70.866,15.680462723427,14.942210649419));
#1393 = CARTESIAN_POINT('',(-70.866,14.942210649422,15.680462723424));
#1394 = CARTESIAN_POINT('',(-70.72690752596,14.56029013306,
    16.041627824604));
#1395 = CARTESIAN_POINT('',(-70.44558271912,14.200952646202,
    16.358903167017));
#1396 = CARTESIAN_POINT('',(-70.0453950383,13.901811505388,
    16.606333561173));
#1397 = CARTESIAN_POINT('',(-69.56105254027,13.694916792339,
    16.773040597836));
#1398 = CARTESIAN_POINT('',(-69.03417661425,13.597279697921,
    16.851953102592));
#1399 = CARTESIAN_POINT('',(-68.00317795215,13.622621357461,
    16.831473622939));
#1400 = CARTESIAN_POINT('',(-67.50520298578,13.736808180378,
    16.739184125556));
#1401 = CARTESIAN_POINT('',(-67.05267473382,13.94938354164,
    16.566801843298));
#1402 = CARTESIAN_POINT('',(-66.68184605227,14.243530165863,
    16.321209174802));
#1403 = CARTESIAN_POINT('',(-66.42246996937,14.590293914503,
    16.013205137932));
#1404 = CARTESIAN_POINT('',(-66.294,14.956579997057,15.666093375788));
#1405 = CARTESIAN_POINT('',(-66.294,15.311336686423,15.311336686423));
#1406 = PCURVE('',#949,#1407);
#1407 = DEFINITIONAL_REPRESENTATION('',(#1408),#1435);
#1408 = B_SPLINE_CURVE_WITH_KNOTS('',7,(#1409,#1410,#1411,#1412,#1413,
    #1414,#1415,#1416,#1417,#1418,#1419,#1420,#1421,#1422,#1423,#1424,
    #1425,#1426,#1427,#1428,#1429,#1430,#1431,#1432,#1433,#1434),
  .UNSPECIFIED.,.F.,.F.,(8,6,6,6,8),(0.,0.245008840182,0.500061182623,
    0.755113525061,1.),.UNSPECIFIED.);
#1409 = CARTESIAN_POINT('',(0.,-4.5085));
#1410 = CARTESIAN_POINT('',(-0.219509441112,-4.5085));
#1411 = CARTESIAN_POINT('',(-0.440212058433,-4.494937390651));
#1412 = CARTESIAN_POINT('',(-0.660044944918,-4.467515345331));
#1413 = CARTESIAN_POINT('',(-0.879423139457,-4.433203613083));
#1414 = CARTESIAN_POINT('',(-1.098555653031,-4.404795207642));
#1415 = CARTESIAN_POINT('',(-1.318243548422,-4.389297917046));
#1416 = CARTESIAN_POINT('',(-1.769582184077,-4.38585899517));
#1417 = CARTESIAN_POINT('',(-1.99824048572,-4.399099279496));
#1418 = CARTESIAN_POINT('',(-2.226264608241,-4.427516257988));
#1419 = CARTESIAN_POINT('',(-2.45459053631,-4.46408127761));
#1420 = CARTESIAN_POINT('',(-2.683394627525,-4.493823705179));
#1421 = CARTESIAN_POINT('',(-2.913236114764,-4.5085));
#1422 = CARTESIAN_POINT('',(-3.369949192414,-4.5085));
#1423 = CARTESIAN_POINT('',(-3.599790679655,-4.493823705179));
#1424 = CARTESIAN_POINT('',(-3.82859477087,-4.46408127761));
#1425 = CARTESIAN_POINT('',(-4.056920698935,-4.427516257988));
#1426 = CARTESIAN_POINT('',(-4.284944821463,-4.399099279496));
#1427 = CARTESIAN_POINT('',(-4.513603123102,-4.38585899517));
#1428 = CARTESIAN_POINT('',(-4.96483131595,-4.38929707554));
#1429 = CARTESIAN_POINT('',(-5.18457277111,-4.404780822915));
#1430 = CARTESIAN_POINT('',(-5.403778068789,-4.433201621635));
#1431 = CARTESIAN_POINT('',(-5.623213018237,-4.467534452983));
#1432 = CARTESIAN_POINT('',(-5.843056656896,-4.494941708013));
#1433 = CARTESIAN_POINT('',(-6.063718237432,-4.5085));
#1434 = CARTESIAN_POINT('',(-6.28318530718,-4.5085));
#1435 = ( GEOMETRIC_REPRESENTATION_CONTEXT(2) 
PARAMETRIC_REPRESENTATION_CONTEXT() REPRESENTATION_CONTEXT('2D SPACE',''
  ) );
#1436 = PCURVE('',#1200,#1437);
#1437 = DEFINITIONAL_REPRESENTATION('',(#1438),#1465);
#1438 = B_SPLINE_CURVE_WITH_KNOTS('',7,(#1439,#1440,#1441,#1442,#1443,
    #1444,#1445,#1446,#1447,#1448,#1449,#1450,#1451,#1452,#1453,#1454,
    #1455,#1456,#1457,#1458,#1459,#1460,#1461,#1462,#1463,#1464),
  .UNSPECIFIED.,.T.,.F.,(8,6,6,6,8),(0.,0.245008840182,0.500061182623,
    0.755113525061,1.),.UNSPECIFIED.);
#1439 = CARTESIAN_POINT('',(0.785398163397,9.144));
#1440 = CARTESIAN_POINT('',(0.762224146154,9.144));
#1441 = CARTESIAN_POINT('',(0.738923061162,9.015479250281));
#1442 = CARTESIAN_POINT('',(0.717525073306,8.756009754153));
#1443 = CARTESIAN_POINT('',(0.699840990779,8.385229136478));
#1444 = CARTESIAN_POINT('',(0.687205107435,7.932923202547));
#1445 = CARTESIAN_POINT('',(0.680419031701,7.435074395519));
#1446 = CARTESIAN_POINT('',(0.678913948755,6.403823385748));
#1447 = CARTESIAN_POINT('',(0.684711368268,5.876947459717));
#1448 = CARTESIAN_POINT('',(0.696983036279,5.3926049617));
#1449 = CARTESIAN_POINT('',(0.714907862473,4.992417280868));
#1450 = CARTESIAN_POINT('',(0.737023938356,4.711092474035));
#1451 = CARTESIAN_POINT('',(0.761290141703,4.572));
#1452 = CARTESIAN_POINT('',(0.809506185091,4.572));
#1453 = CARTESIAN_POINT('',(0.833772388438,4.711092474032));
#1454 = CARTESIAN_POINT('',(0.855888464321,4.992417280871));
#1455 = CARTESIAN_POINT('',(0.873813290516,5.392604961693));
#1456 = CARTESIAN_POINT('',(0.886084958527,5.876947459726));
#1457 = CARTESIAN_POINT('',(0.89188237804,6.403823385748));
#1458 = CARTESIAN_POINT('',(0.890377663388,7.434822047841));
#1459 = CARTESIAN_POINT('',(0.88359746271,7.932797014217));
#1460 = CARTESIAN_POINT('',(0.870957136347,8.38532526618));
#1461 = CARTESIAN_POINT('',(0.853264957333,8.756153947728));
#1462 = CARTESIAN_POINT('',(0.831864361295,9.015530030621));
#1463 = CARTESIAN_POINT('',(0.808567707418,9.144));
#1464 = CARTESIAN_POINT('',(0.785398163397,9.144));
#1465 = ( GEOMETRIC_REPRESENTATION_CONTEXT(2) 
PARAMETRIC_REPRESENTATION_CONTEXT() REPRESENTATION_CONTEXT('2D SPACE',''
  ) );
#1466 = ORIENTED_EDGE('',*,*,#1467,.T.);
#1467 = EDGE_CURVE('',#1376,#888,#1468,.T.);
#1468 = SEAM_CURVE('',#1469,(#1473,#1479),.PCURVE_S1.);
#1469 = LINE('',#1470,#1471);
#1470 = CARTESIAN_POINT('',(-66.294,12.123345763443,12.123345763443));
#1471 = VECTOR('',#1472,1.);
#1472 = DIRECTION('',(0.,0.707106781187,0.707106781187));
#1473 = PCURVE('',#949,#1474);
#1474 = DEFINITIONAL_REPRESENTATION('',(#1475),#1478);
#1475 = B_SPLINE_CURVE_WITH_KNOTS('',1,(#1476,#1477),.UNSPECIFIED.,.F.,
  .F.,(2,2),(4.5085,11.43),.PIECEWISE_BEZIER_KNOTS.);
#1476 = CARTESIAN_POINT('',(-6.28318530718,-4.5085));
#1477 = CARTESIAN_POINT('',(-6.28318530718,-11.43));
#1478 = ( GEOMETRIC_REPRESENTATION_CONTEXT(2) 
PARAMETRIC_REPRESENTATION_CONTEXT() REPRESENTATION_CONTEXT('2D SPACE',''
  ) );
#1479 = PCURVE('',#949,#1480);
#1480 = DEFINITIONAL_REPRESENTATION('',(#1481),#1484);
#1481 = B_SPLINE_CURVE_WITH_KNOTS('',1,(#1482,#1483),.UNSPECIFIED.,.F.,
  .F.,(2,2),(4.5085,11.43),.PIECEWISE_BEZIER_KNOTS.);
#1482 = CARTESIAN_POINT('',(0.,-4.5085));
#1483 = CARTESIAN_POINT('',(0.,-11.43));
#1484 = ( GEOMETRIC_REPRESENTATION_CONTEXT(2) 
PARAMETRIC_REPRESENTATION_CONTEXT() REPRESENTATION_CONTEXT('2D SPACE',''
  ) );
#1485 = ORIENTED_EDGE('',*,*,#887,.T.);
#1486 = ORIENTED_EDGE('',*,*,#1467,.F.);
#1487 = ADVANCED_FACE('',(#1488),#1048,.F.);
#1488 = FACE_BOUND('',#1489,.T.);
#1489 = EDGE_LOOP('',(#1490,#1582,#1601,#1602));
#1490 = ORIENTED_EDGE('',*,*,#1491,.F.);
#1491 = EDGE_CURVE('',#1492,#1492,#1494,.T.);
#1492 = VERTEX_POINT('',#1493);
#1493 = CARTESIAN_POINT('',(-66.294,15.311336686423,-15.31133668642));
#1494 = SURFACE_CURVE('',#1495,(#1522,#1552),.PCURVE_S1.);
#1495 = B_SPLINE_CURVE_WITH_KNOTS('',7,(#1496,#1497,#1498,#1499,#1500,
    #1501,#1502,#1503,#1504,#1505,#1506,#1507,#1508,#1509,#1510,#1511,
    #1512,#1513,#1514,#1515,#1516,#1517,#1518,#1519,#1520,#1521),
  .UNSPECIFIED.,.T.,.F.,(8,6,6,6,8),(0.,0.245008840169,0.500061182608,
    0.75511352505,1.),.UNSPECIFIED.);
#1496 = CARTESIAN_POINT('',(-66.294,15.311336686423,-15.31133668642));
#1497 = CARTESIAN_POINT('',(-66.294,14.956511506029,-15.66616186681));
#1498 = CARTESIAN_POINT('',(-66.42252074972,14.590154702691,
    -16.01333824407));
#1499 = CARTESIAN_POINT('',(-66.68199024584,14.24342012501,
    -16.32129219335));
#1500 = CARTESIAN_POINT('',(-67.05277086352,13.949413339511,
    -16.56677486175));
#1501 = CARTESIAN_POINT('',(-67.50507679745,13.73691307994,
    -16.73909956907));
#1502 = CARTESIAN_POINT('',(-68.00292560447,13.622627560097,
    -16.83146861037));
#1503 = CARTESIAN_POINT('',(-69.03417661427,13.59727969792,
    -16.85195310259));
#1504 = CARTESIAN_POINT('',(-69.56105254022,13.694916792343,
    -16.77304059783));
#1505 = CARTESIAN_POINT('',(-70.04539503837,13.901811505375,
    -16.60633356118));
#1506 = CARTESIAN_POINT('',(-70.44558271908,14.200952646234,
    -16.35890316698));
#1507 = CARTESIAN_POINT('',(-70.72690752597,14.560290133026,
    -16.04162782463));
#1508 = CARTESIAN_POINT('',(-70.866,14.942210649434,-15.68046272341));
#1509 = CARTESIAN_POINT('',(-70.866,15.680462723417,-14.94221064942));
#1510 = CARTESIAN_POINT('',(-70.72690752597,16.041627824626,
    -14.56029013303));
#1511 = CARTESIAN_POINT('',(-70.4455827191,16.358903166998,
    -14.20095264622));
#1512 = CARTESIAN_POINT('',(-70.04539503835,16.606333561177,
    -13.90181150538));
#1513 = CARTESIAN_POINT('',(-69.56105254024,16.773040597836,
    -13.69491679233));
#1514 = CARTESIAN_POINT('',(-69.03417661426,16.851953102592,
    -13.59727969792));
#1515 = CARTESIAN_POINT('',(-68.00317795213,16.831473622938,
    -13.62262135746));
#1516 = CARTESIAN_POINT('',(-67.50520298587,16.739184125559,
    -13.73680818037));
#1517 = CARTESIAN_POINT('',(-67.0526747337,16.566801843315,
    -13.94938354162));
#1518 = CARTESIAN_POINT('',(-66.68184605233,16.321209174752,
    -14.24353016591));
#1519 = CARTESIAN_POINT('',(-66.42246996936,16.013205137976,
    -14.59029391445));
#1520 = CARTESIAN_POINT('',(-66.294,15.666093375772,-14.95657999707));
#1521 = CARTESIAN_POINT('',(-66.294,15.311336686423,-15.31133668642));
#1522 = PCURVE('',#1048,#1523);
#1523 = DEFINITIONAL_REPRESENTATION('',(#1524),#1551);
#1524 = B_SPLINE_CURVE_WITH_KNOTS('',7,(#1525,#1526,#1527,#1528,#1529,
    #1530,#1531,#1532,#1533,#1534,#1535,#1536,#1537,#1538,#1539,#1540,
    #1541,#1542,#1543,#1544,#1545,#1546,#1547,#1548,#1549,#1550),
  .UNSPECIFIED.,.F.,.F.,(8,6,6,6,8),(0.,0.245008840169,0.500061182608,
    0.75511352505,1.),.UNSPECIFIED.);
#1525 = CARTESIAN_POINT('',(0.,-4.5085));
#1526 = CARTESIAN_POINT('',(-0.219509441113,-4.5085));
#1527 = CARTESIAN_POINT('',(-0.440212058432,-4.494937390651));
#1528 = CARTESIAN_POINT('',(-0.660044944917,-4.467515345332));
#1529 = CARTESIAN_POINT('',(-0.879423139456,-4.433203613083));
#1530 = CARTESIAN_POINT('',(-1.098555653034,-4.404795207642));
#1531 = CARTESIAN_POINT('',(-1.318243548421,-4.389297917046));
#1532 = CARTESIAN_POINT('',(-1.769582184087,-4.38585899517));
#1533 = CARTESIAN_POINT('',(-1.998240485695,-4.399099279496));
#1534 = CARTESIAN_POINT('',(-2.226264608262,-4.427516257989));
#1535 = CARTESIAN_POINT('',(-2.454590536313,-4.46408127761));
#1536 = CARTESIAN_POINT('',(-2.683394627508,-4.493823705179));
#1537 = CARTESIAN_POINT('',(-2.913236114773,-4.5085));
#1538 = CARTESIAN_POINT('',(-3.36994919241,-4.5085));
#1539 = CARTESIAN_POINT('',(-3.599790679665,-4.493823705179));
#1540 = CARTESIAN_POINT('',(-3.828594770869,-4.46408127761));
#1541 = CARTESIAN_POINT('',(-4.056920698922,-4.427516257989));
#1542 = CARTESIAN_POINT('',(-4.284944821474,-4.399099279495));
#1543 = CARTESIAN_POINT('',(-4.513603123099,-4.38585899517));
#1544 = CARTESIAN_POINT('',(-4.964831315961,-4.38929707554));
#1545 = CARTESIAN_POINT('',(-5.184572771072,-4.404780822913));
#1546 = CARTESIAN_POINT('',(-5.403778068824,-4.433201621637));
#1547 = CARTESIAN_POINT('',(-5.623213018241,-4.467534452983));
#1548 = CARTESIAN_POINT('',(-5.843056656875,-4.494941708012));
#1549 = CARTESIAN_POINT('',(-6.063718237442,-4.5085));
#1550 = CARTESIAN_POINT('',(-6.28318530718,-4.5085));
#1551 = ( GEOMETRIC_REPRESENTATION_CONTEXT(2) 
PARAMETRIC_REPRESENTATION_CONTEXT() REPRESENTATION_CONTEXT('2D SPACE',''
  ) );
#1552 = PCURVE('',#1200,#1553);
#1553 = DEFINITIONAL_REPRESENTATION('',(#1554),#1581);
#1554 = B_SPLINE_CURVE_WITH_KNOTS('',7,(#1555,#1556,#1557,#1558,#1559,
    #1560,#1561,#1562,#1563,#1564,#1565,#1566,#1567,#1568,#1569,#1570,
    #1571,#1572,#1573,#1574,#1575,#1576,#1577,#1578,#1579,#1580),
  .UNSPECIFIED.,.T.,.F.,(8,6,6,6,8),(0.,0.245008840169,0.500061182608,
    0.75511352505,1.),.UNSPECIFIED.);
#1555 = CARTESIAN_POINT('',(5.497787143782,9.144));
#1556 = CARTESIAN_POINT('',(5.474613126539,9.144));
#1557 = CARTESIAN_POINT('',(5.451312041547,9.015479250279));
#1558 = CARTESIAN_POINT('',(5.429914053691,8.756009754157));
#1559 = CARTESIAN_POINT('',(5.412229971163,8.38522913648));
#1560 = CARTESIAN_POINT('',(5.39959408782,7.932923202541));
#1561 = CARTESIAN_POINT('',(5.392808012086,7.435074395521));
#1562 = CARTESIAN_POINT('',(5.39130292914,6.403823385725));
#1563 = CARTESIAN_POINT('',(5.397100348653,5.87694745978));
#1564 = CARTESIAN_POINT('',(5.409372016662,5.392604961626));
#1565 = CARTESIAN_POINT('',(5.42729684286,4.992417280911));
#1566 = CARTESIAN_POINT('',(5.449412918739,4.711092474025));
#1567 = CARTESIAN_POINT('',(5.473679122089,4.572));
#1568 = CARTESIAN_POINT('',(5.521895165476,4.572));
#1569 = CARTESIAN_POINT('',(5.546161368825,4.711092474028));
#1570 = CARTESIAN_POINT('',(5.568277444705,4.992417280899));
#1571 = CARTESIAN_POINT('',(5.586202270901,5.392604961649));
#1572 = CARTESIAN_POINT('',(5.598473938911,5.876947459754));
#1573 = CARTESIAN_POINT('',(5.604271358424,6.40382338574));
#1574 = CARTESIAN_POINT('',(5.602766643773,7.434822047865));
#1575 = CARTESIAN_POINT('',(5.595986443095,7.932797014122));
#1576 = CARTESIAN_POINT('',(5.583346116733,8.385325266296));
#1577 = CARTESIAN_POINT('',(5.565653937715,8.75615394767));
#1578 = CARTESIAN_POINT('',(5.544253341683,9.015530030633));
#1579 = CARTESIAN_POINT('',(5.520956687801,9.144));
#1580 = CARTESIAN_POINT('',(5.497787143782,9.144));
#1581 = ( GEOMETRIC_REPRESENTATION_CONTEXT(2) 
PARAMETRIC_REPRESENTATION_CONTEXT() REPRESENTATION_CONTEXT('2D SPACE',''
  ) );
#1582 = ORIENTED_EDGE('',*,*,#1583,.T.);
#1583 = EDGE_CURVE('',#1492,#987,#1584,.T.);
#1584 = SEAM_CURVE('',#1585,(#1589,#1595),.PCURVE_S1.);
#1585 = LINE('',#1586,#1587);
#1586 = CARTESIAN_POINT('',(-66.294,12.123345763443,-12.12334576344));
#1587 = VECTOR('',#1588,1.);
#1588 = DIRECTION('',(0.,0.707106781187,-0.707106781187));
#1589 = PCURVE('',#1048,#1590);
#1590 = DEFINITIONAL_REPRESENTATION('',(#1591),#1594);
#1591 = B_SPLINE_CURVE_WITH_KNOTS('',1,(#1592,#1593),.UNSPECIFIED.,.F.,
  .F.,(2,2),(4.5085,11.43),.PIECEWISE_BEZIER_KNOTS.);
#1592 = CARTESIAN_POINT('',(-6.28318530718,-4.5085));
#1593 = CARTESIAN_POINT('',(-6.28318530718,-11.43));
#1594 = ( GEOMETRIC_REPRESENTATION_CONTEXT(2) 
PARAMETRIC_REPRESENTATION_CONTEXT() REPRESENTATION_CONTEXT('2D SPACE',''
  ) );
#1595 = PCURVE('',#1048,#1596);
#1596 = DEFINITIONAL_REPRESENTATION('',(#1597),#1600);
#1597 = B_SPLINE_CURVE_WITH_KNOTS('',1,(#1598,#1599),.UNSPECIFIED.,.F.,
  .F.,(2,2),(4.5085,11.43),.PIECEWISE_BEZIER_KNOTS.);
#1598 = CARTESIAN_POINT('',(0.,-4.5085));
#1599 = CARTESIAN_POINT('',(0.,-11.43));
#1600 = ( GEOMETRIC_REPRESENTATION_CONTEXT(2) 
PARAMETRIC_REPRESENTATION_CONTEXT() REPRESENTATION_CONTEXT('2D SPACE',''
  ) );
#1601 = ORIENTED_EDGE('',*,*,#986,.T.);
#1602 = ORIENTED_EDGE('',*,*,#1583,.F.);
#1603 = ADVANCED_FACE('',(#1604,#1607,#1641,#1675,#1709,#1739),#1122,.T.
  );
#1604 = FACE_BOUND('',#1605,.T.);
#1605 = EDGE_LOOP('',(#1606));
#1606 = ORIENTED_EDGE('',*,*,#1108,.T.);
#1607 = FACE_BOUND('',#1608,.T.);
#1608 = EDGE_LOOP('',(#1609));
#1609 = ORIENTED_EDGE('',*,*,#1610,.T.);
#1610 = EDGE_CURVE('',#1611,#1611,#1613,.T.);
#1611 = VERTEX_POINT('',#1612);
#1612 = CARTESIAN_POINT('',(110.49,-8.175625,-14.92259788363));
#1613 = SURFACE_CURVE('',#1614,(#1619,#1630),.PCURVE_S1.);
#1614 = CIRCLE('',#1615,0.762);
#1615 = AXIS2_PLACEMENT_3D('',#1616,#1617,#1618);
#1616 = CARTESIAN_POINT('',(110.49,-8.175625,-14.16059788363));
#1617 = DIRECTION('',(-1.,0.,0.));
#1618 = DIRECTION('',(0.,0.,-1.));
#1619 = PCURVE('',#1122,#1620);
#1620 = DEFINITIONAL_REPRESENTATION('',(#1621),#1629);
#1621 = ( BOUNDED_CURVE() B_SPLINE_CURVE(2,(#1622,#1623,#1624,#1625,
#1626,#1627,#1628),.UNSPECIFIED.,.T.,.F.) B_SPLINE_CURVE_WITH_KNOTS((1,2
    ,2,2,2,1),(-2.094395102393,0.,2.094395102393,4.188790204786,
6.28318530718,8.377580409573),.UNSPECIFIED.) CURVE() 
GEOMETRIC_REPRESENTATION_ITEM() RATIONAL_B_SPLINE_CURVE((1.,0.5,1.,0.5,
1.,0.5,1.)) REPRESENTATION_ITEM('') );
#1622 = CARTESIAN_POINT('',(-8.175625,-14.92259788363));
#1623 = CARTESIAN_POINT('',(-9.495447715367,-14.92259788363));
#1624 = CARTESIAN_POINT('',(-8.835536357684,-13.77959788363));
#1625 = CARTESIAN_POINT('',(-8.175625,-12.63659788363));
#1626 = CARTESIAN_POINT('',(-7.515713642316,-13.77959788363));
#1627 = CARTESIAN_POINT('',(-6.855802284633,-14.92259788363));
#1628 = CARTESIAN_POINT('',(-8.175625,-14.92259788363));
#1629 = ( GEOMETRIC_REPRESENTATION_CONTEXT(2) 
PARAMETRIC_REPRESENTATION_CONTEXT() REPRESENTATION_CONTEXT('2D SPACE',''
  ) );
#1630 = PCURVE('',#1631,#1636);
#1631 = CYLINDRICAL_SURFACE('',#1632,0.762);
#1632 = AXIS2_PLACEMENT_3D('',#1633,#1634,#1635);
#1633 = CARTESIAN_POINT('',(110.998,-8.175625,-14.16059788363));
#1634 = DIRECTION('',(-1.,0.,0.));
#1635 = DIRECTION('',(0.,0.,-1.));
#1636 = DEFINITIONAL_REPRESENTATION('',(#1637),#1640);
#1637 = B_SPLINE_CURVE_WITH_KNOTS('',1,(#1638,#1639),.UNSPECIFIED.,.F.,
  .F.,(2,2),(0.,6.28318530718),.PIECEWISE_BEZIER_KNOTS.);
#1638 = CARTESIAN_POINT('',(0.,0.508));
#1639 = CARTESIAN_POINT('',(6.28318530718,0.508));
#1640 = ( GEOMETRIC_REPRESENTATION_CONTEXT(2) 
PARAMETRIC_REPRESENTATION_CONTEXT() REPRESENTATION_CONTEXT('2D SPACE',''
  ) );
#1641 = FACE_BOUND('',#1642,.T.);
#1642 = EDGE_LOOP('',(#1643));
#1643 = ORIENTED_EDGE('',*,*,#1644,.T.);
#1644 = EDGE_CURVE('',#1645,#1645,#1647,.T.);
#1645 = VERTEX_POINT('',#1646);
#1646 = CARTESIAN_POINT('',(110.49,8.175625,-14.92259788363));
#1647 = SURFACE_CURVE('',#1648,(#1653,#1664),.PCURVE_S1.);
#1648 = CIRCLE('',#1649,0.762);
#1649 = AXIS2_PLACEMENT_3D('',#1650,#1651,#1652);
#1650 = CARTESIAN_POINT('',(110.49,8.175625,-14.16059788363));
#1651 = DIRECTION('',(-1.,0.,0.));
#1652 = DIRECTION('',(0.,0.,-1.));
#1653 = PCURVE('',#1122,#1654);
#1654 = DEFINITIONAL_REPRESENTATION('',(#1655),#1663);
#1655 = ( BOUNDED_CURVE() B_SPLINE_CURVE(2,(#1656,#1657,#1658,#1659,
#1660,#1661,#1662),.UNSPECIFIED.,.T.,.F.) B_SPLINE_CURVE_WITH_KNOTS((1,2
    ,2,2,2,1),(-2.094395102393,0.,2.094395102393,4.188790204786,
6.28318530718,8.377580409573),.UNSPECIFIED.) CURVE() 
GEOMETRIC_REPRESENTATION_ITEM() RATIONAL_B_SPLINE_CURVE((1.,0.5,1.,0.5,
1.,0.5,1.)) REPRESENTATION_ITEM('') );
#1656 = CARTESIAN_POINT('',(8.175625,-14.92259788363));
#1657 = CARTESIAN_POINT('',(6.855802284633,-14.92259788363));
#1658 = CARTESIAN_POINT('',(7.515713642316,-13.77959788363));
#1659 = CARTESIAN_POINT('',(8.175625,-12.63659788363));
#1660 = CARTESIAN_POINT('',(8.835536357684,-13.77959788363));
#1661 = CARTESIAN_POINT('',(9.495447715367,-14.92259788363));
#1662 = CARTESIAN_POINT('',(8.175625,-14.92259788363));
#1663 = ( GEOMETRIC_REPRESENTATION_CONTEXT(2) 
PARAMETRIC_REPRESENTATION_CONTEXT() REPRESENTATION_CONTEXT('2D SPACE',''
  ) );
#1664 = PCURVE('',#1665,#1670);
#1665 = CYLINDRICAL_SURFACE('',#1666,0.762);
#1666 = AXIS2_PLACEMENT_3D('',#1667,#1668,#1669);
#1667 = CARTESIAN_POINT('',(110.998,8.175625,-14.16059788363));
#1668 = DIRECTION('',(-1.,0.,0.));
#1669 = DIRECTION('',(0.,0.,-1.));
#1670 = DEFINITIONAL_REPRESENTATION('',(#1671),#1674);
#1671 = B_SPLINE_CURVE_WITH_KNOTS('',1,(#1672,#1673),.UNSPECIFIED.,.F.,
  .F.,(2,2),(0.,6.28318530718),.PIECEWISE_BEZIER_KNOTS.);
#1672 = CARTESIAN_POINT('',(0.,0.508));
#1673 = CARTESIAN_POINT('',(6.28318530718,0.508));
#1674 = ( GEOMETRIC_REPRESENTATION_CONTEXT(2) 
PARAMETRIC_REPRESENTATION_CONTEXT() REPRESENTATION_CONTEXT('2D SPACE',''
  ) );
#1675 = FACE_BOUND('',#1676,.T.);
#1676 = EDGE_LOOP('',(#1677));
#1677 = ORIENTED_EDGE('',*,*,#1678,.T.);
#1678 = EDGE_CURVE('',#1679,#1679,#1681,.T.);
#1679 = VERTEX_POINT('',#1680);
#1680 = CARTESIAN_POINT('',(110.49,-8.175625,13.39859788363));
#1681 = SURFACE_CURVE('',#1682,(#1687,#1698),.PCURVE_S1.);
#1682 = CIRCLE('',#1683,0.762);
#1683 = AXIS2_PLACEMENT_3D('',#1684,#1685,#1686);
#1684 = CARTESIAN_POINT('',(110.49,-8.175625,14.16059788363));
#1685 = DIRECTION('',(-1.,0.,0.));
#1686 = DIRECTION('',(0.,0.,-1.));
#1687 = PCURVE('',#1122,#1688);
#1688 = DEFINITIONAL_REPRESENTATION('',(#1689),#1697);
#1689 = ( BOUNDED_CURVE() B_SPLINE_CURVE(2,(#1690,#1691,#1692,#1693,
#1694,#1695,#1696),.UNSPECIFIED.,.T.,.F.) B_SPLINE_CURVE_WITH_KNOTS((1,2
    ,2,2,2,1),(-2.094395102393,0.,2.094395102393,4.188790204786,
6.28318530718,8.377580409573),.UNSPECIFIED.) CURVE() 
GEOMETRIC_REPRESENTATION_ITEM() RATIONAL_B_SPLINE_CURVE((1.,0.5,1.,0.5,
1.,0.5,1.)) REPRESENTATION_ITEM('') );
#1690 = CARTESIAN_POINT('',(-8.175625,13.39859788363));
#1691 = CARTESIAN_POINT('',(-9.495447715367,13.39859788363));
#1692 = CARTESIAN_POINT('',(-8.835536357684,14.54159788363));
#1693 = CARTESIAN_POINT('',(-8.175625,15.68459788363));
#1694 = CARTESIAN_POINT('',(-7.515713642316,14.54159788363));
#1695 = CARTESIAN_POINT('',(-6.855802284633,13.39859788363));
#1696 = CARTESIAN_POINT('',(-8.175625,13.39859788363));
#1697 = ( GEOMETRIC_REPRESENTATION_CONTEXT(2) 
PARAMETRIC_REPRESENTATION_CONTEXT() REPRESENTATION_CONTEXT('2D SPACE',''
  ) );
#1698 = PCURVE('',#1699,#1704);
#1699 = CYLINDRICAL_SURFACE('',#1700,0.762);
#1700 = AXIS2_PLACEMENT_3D('',#1701,#1702,#1703);
#1701 = CARTESIAN_POINT('',(110.998,-8.175625,14.16059788363));
#1702 = DIRECTION('',(-1.,0.,0.));
#1703 = DIRECTION('',(0.,0.,-1.));
#1704 = DEFINITIONAL_REPRESENTATION('',(#1705),#1708);
#1705 = B_SPLINE_CURVE_WITH_KNOTS('',1,(#1706,#1707),.UNSPECIFIED.,.F.,
  .F.,(2,2),(0.,6.28318530718),.PIECEWISE_BEZIER_KNOTS.);
#1706 = CARTESIAN_POINT('',(0.,0.508));
#1707 = CARTESIAN_POINT('',(6.28318530718,0.508));
#1708 = ( GEOMETRIC_REPRESENTATION_CONTEXT(2) 
PARAMETRIC_REPRESENTATION_CONTEXT() REPRESENTATION_CONTEXT('2D SPACE',''
  ) );
#1709 = FACE_BOUND('',#1710,.T.);
#1710 = EDGE_LOOP('',(#1711));
#1711 = ORIENTED_EDGE('',*,*,#1712,.F.);
#1712 = EDGE_CURVE('',#1713,#1713,#1715,.T.);
#1713 = VERTEX_POINT('',#1714);
#1714 = CARTESIAN_POINT('',(110.49,13.697960227273,0.));
#1715 = SURFACE_CURVE('',#1716,(#1721,#1728),.PCURVE_S1.);
#1716 = CIRCLE('',#1717,13.697960227273);
#1717 = AXIS2_PLACEMENT_3D('',#1718,#1719,#1720);
#1718 = CARTESIAN_POINT('',(110.49,0.,0.));
#1719 = DIRECTION('',(1.,0.,0.));
#1720 = DIRECTION('',(-0.,1.,0.));
#1721 = PCURVE('',#1122,#1722);
#1722 = DEFINITIONAL_REPRESENTATION('',(#1723),#1727);
#1723 = CIRCLE('',#1724,13.697960227273);
#1724 = AXIS2_PLACEMENT_2D('',#1725,#1726);
#1725 = CARTESIAN_POINT('',(0.,0.));
#1726 = DIRECTION('',(1.,0.));
#1727 = ( GEOMETRIC_REPRESENTATION_CONTEXT(2) 
PARAMETRIC_REPRESENTATION_CONTEXT() REPRESENTATION_CONTEXT('2D SPACE',''
  ) );
#1728 = PCURVE('',#1729,#1734);
#1729 = CONICAL_SURFACE('',#1730,21.6535,0.177102131047);
#1730 = AXIS2_PLACEMENT_3D('',#1731,#1732,#1733);
#1731 = CARTESIAN_POINT('',(66.04,0.,0.));
#1732 = DIRECTION('',(-1.,-0.,-0.));
#1733 = DIRECTION('',(-0.,1.,0.));
#1734 = DEFINITIONAL_REPRESENTATION('',(#1735),#1738);
#1735 = B_SPLINE_CURVE_WITH_KNOTS('',1,(#1736,#1737),.UNSPECIFIED.,.F.,
  .F.,(2,2),(0.,6.28318530718),.PIECEWISE_BEZIER_KNOTS.);
#1736 = CARTESIAN_POINT('',(0.,-44.45));
#1737 = CARTESIAN_POINT('',(-6.28318530718,-44.45));
#1738 = ( GEOMETRIC_REPRESENTATION_CONTEXT(2) 
PARAMETRIC_REPRESENTATION_CONTEXT() REPRESENTATION_CONTEXT('2D SPACE',''
  ) );
#1739 = FACE_BOUND('',#1740,.T.);
#1740 = EDGE_LOOP('',(#1741));
#1741 = ORIENTED_EDGE('',*,*,#1742,.T.);
#1742 = EDGE_CURVE('',#1743,#1743,#1745,.T.);
#1743 = VERTEX_POINT('',#1744);
#1744 = CARTESIAN_POINT('',(110.49,8.175625,13.39859788363));
#1745 = SURFACE_CURVE('',#1746,(#1751,#1762),.PCURVE_S1.);
#1746 = CIRCLE('',#1747,0.762);
#1747 = AXIS2_PLACEMENT_3D('',#1748,#1749,#1750);
#1748 = CARTESIAN_POINT('',(110.49,8.175625,14.16059788363));
#1749 = DIRECTION('',(-1.,0.,0.));
#1750 = DIRECTION('',(0.,0.,-1.));
#1751 = PCURVE('',#1122,#1752);
#1752 = DEFINITIONAL_REPRESENTATION('',(#1753),#1761);
#1753 = ( BOUNDED_CURVE() B_SPLINE_CURVE(2,(#1754,#1755,#1756,#1757,
#1758,#1759,#1760),.UNSPECIFIED.,.T.,.F.) B_SPLINE_CURVE_WITH_KNOTS((1,2
    ,2,2,2,1),(-2.094395102393,0.,2.094395102393,4.188790204786,
6.28318530718,8.377580409573),.UNSPECIFIED.) CURVE() 
GEOMETRIC_REPRESENTATION_ITEM() RATIONAL_B_SPLINE_CURVE((1.,0.5,1.,0.5,
1.,0.5,1.)) REPRESENTATION_ITEM('') );
#1754 = CARTESIAN_POINT('',(8.175625,13.39859788363));
#1755 = CARTESIAN_POINT('',(6.855802284633,13.39859788363));
#1756 = CARTESIAN_POINT('',(7.515713642316,14.54159788363));
#1757 = CARTESIAN_POINT('',(8.175625,15.68459788363));
#1758 = CARTESIAN_POINT('',(8.835536357684,14.54159788363));
#1759 = CARTESIAN_POINT('',(9.495447715367,13.39859788363));
#1760 = CARTESIAN_POINT('',(8.175625,13.39859788363));
#1761 = ( GEOMETRIC_REPRESENTATION_CONTEXT(2) 
PARAMETRIC_REPRESENTATION_CONTEXT() REPRESENTATION_CONTEXT('2D SPACE',''
  ) );
#1762 = PCURVE('',#1763,#1768);
#1763 = CYLINDRICAL_SURFACE('',#1764,0.762);
#1764 = AXIS2_PLACEMENT_3D('',#1765,#1766,#1767);
#1765 = CARTESIAN_POINT('',(110.998,8.175625,14.16059788363));
#1766 = DIRECTION('',(-1.,0.,0.));
#1767 = DIRECTION('',(0.,0.,-1.));
#1768 = DEFINITIONAL_REPRESENTATION('',(#1769),#1772);
#1769 = B_SPLINE_CURVE_WITH_KNOTS('',1,(#1770,#1771),.UNSPECIFIED.,.F.,
  .F.,(2,2),(0.,6.28318530718),.PIECEWISE_BEZIER_KNOTS.);
#1770 = CARTESIAN_POINT('',(0.,0.508));
#1771 = CARTESIAN_POINT('',(6.28318530718,0.508));
#1772 = ( GEOMETRIC_REPRESENTATION_CONTEXT(2) 
PARAMETRIC_REPRESENTATION_CONTEXT() REPRESENTATION_CONTEXT('2D SPACE',''
  ) );
#1773 = ADVANCED_FACE('',(#1774,#1846,#1849,#1852,#1855,#1858),#1200,.F.
  );
#1774 = FACE_BOUND('',#1775,.F.);
#1775 = EDGE_LOOP('',(#1776,#1799,#1825,#1826));
#1776 = ORIENTED_EDGE('',*,*,#1777,.F.);
#1777 = EDGE_CURVE('',#1778,#1780,#1782,.T.);
#1778 = VERTEX_POINT('',#1779);
#1779 = CARTESIAN_POINT('',(-75.438,21.6535,0.));
#1780 = VERTEX_POINT('',#1781);
#1781 = CARTESIAN_POINT('',(66.04,21.6535,0.));
#1782 = SEAM_CURVE('',#1783,(#1787,#1793),.PCURVE_S1.);
#1783 = LINE('',#1784,#1785);
#1784 = CARTESIAN_POINT('',(-75.438,21.6535,0.));
#1785 = VECTOR('',#1786,1.);
#1786 = DIRECTION('',(1.,0.,0.));
#1787 = PCURVE('',#1200,#1788);
#1788 = DEFINITIONAL_REPRESENTATION('',(#1789),#1792);
#1789 = B_SPLINE_CURVE_WITH_KNOTS('',1,(#1790,#1791),.UNSPECIFIED.,.F.,
  .F.,(2,2),(0.,141.478),.PIECEWISE_BEZIER_KNOTS.);
#1790 = CARTESIAN_POINT('',(0.,0.));
#1791 = CARTESIAN_POINT('',(0.,141.478));
#1792 = ( GEOMETRIC_REPRESENTATION_CONTEXT(2) 
PARAMETRIC_REPRESENTATION_CONTEXT() REPRESENTATION_CONTEXT('2D SPACE',''
  ) );
#1793 = PCURVE('',#1200,#1794);
#1794 = DEFINITIONAL_REPRESENTATION('',(#1795),#1798);
#1795 = B_SPLINE_CURVE_WITH_KNOTS('',1,(#1796,#1797),.UNSPECIFIED.,.F.,
  .F.,(2,2),(0.,141.478),.PIECEWISE_BEZIER_KNOTS.);
#1796 = CARTESIAN_POINT('',(6.28318530718,0.));
#1797 = CARTESIAN_POINT('',(6.28318530718,141.478));
#1798 = ( GEOMETRIC_REPRESENTATION_CONTEXT(2) 
PARAMETRIC_REPRESENTATION_CONTEXT() REPRESENTATION_CONTEXT('2D SPACE',''
  ) );
#1799 = ORIENTED_EDGE('',*,*,#1800,.T.);
#1800 = EDGE_CURVE('',#1778,#1778,#1801,.T.);
#1801 = SURFACE_CURVE('',#1802,(#1807,#1813),.PCURVE_S1.);
#1802 = CIRCLE('',#1803,21.6535);
#1803 = AXIS2_PLACEMENT_3D('',#1804,#1805,#1806);
#1804 = CARTESIAN_POINT('',(-75.438,0.,0.));
#1805 = DIRECTION('',(1.,0.,0.));
#1806 = DIRECTION('',(-0.,1.,0.));
#1807 = PCURVE('',#1200,#1808);
#1808 = DEFINITIONAL_REPRESENTATION('',(#1809),#1812);
#1809 = B_SPLINE_CURVE_WITH_KNOTS('',1,(#1810,#1811),.UNSPECIFIED.,.F.,
  .F.,(2,2),(0.,6.28318530718),.PIECEWISE_BEZIER_KNOTS.);
#1810 = CARTESIAN_POINT('',(0.,0.));
#1811 = CARTESIAN_POINT('',(6.28318530718,0.));
#1812 = ( GEOMETRIC_REPRESENTATION_CONTEXT(2) 
PARAMETRIC_REPRESENTATION_CONTEXT() REPRESENTATION_CONTEXT('2D SPACE',''
  ) );
#1813 = PCURVE('',#1814,#1819);
#1814 = PLANE('',#1815);
#1815 = AXIS2_PLACEMENT_3D('',#1816,#1817,#1818);
#1816 = CARTESIAN_POINT('',(-75.438,0.,0.));
#1817 = DIRECTION('',(1.,0.,0.));
#1818 = DIRECTION('',(-0.,1.,0.));
#1819 = DEFINITIONAL_REPRESENTATION('',(#1820),#1824);
#1820 = CIRCLE('',#1821,21.6535);
#1821 = AXIS2_PLACEMENT_2D('',#1822,#1823);
#1822 = CARTESIAN_POINT('',(0.,0.));
#1823 = DIRECTION('',(1.,-0.));
#1824 = ( GEOMETRIC_REPRESENTATION_CONTEXT(2) 
PARAMETRIC_REPRESENTATION_CONTEXT() REPRESENTATION_CONTEXT('2D SPACE',''
  ) );
#1825 = ORIENTED_EDGE('',*,*,#1777,.T.);
#1826 = ORIENTED_EDGE('',*,*,#1827,.F.);
#1827 = EDGE_CURVE('',#1780,#1780,#1828,.T.);
#1828 = SURFACE_CURVE('',#1829,(#1834,#1840),.PCURVE_S1.);
#1829 = CIRCLE('',#1830,21.6535);
#1830 = AXIS2_PLACEMENT_3D('',#1831,#1832,#1833);
#1831 = CARTESIAN_POINT('',(66.04,0.,0.));
#1832 = DIRECTION('',(1.,0.,0.));
#1833 = DIRECTION('',(-0.,1.,0.));
#1834 = PCURVE('',#1200,#1835);
#1835 = DEFINITIONAL_REPRESENTATION('',(#1836),#1839);
#1836 = B_SPLINE_CURVE_WITH_KNOTS('',1,(#1837,#1838),.UNSPECIFIED.,.F.,
  .F.,(2,2),(0.,6.28318530718),.PIECEWISE_BEZIER_KNOTS.);
#1837 = CARTESIAN_POINT('',(0.,141.478));
#1838 = CARTESIAN_POINT('',(6.28318530718,141.478));
#1839 = ( GEOMETRIC_REPRESENTATION_CONTEXT(2) 
PARAMETRIC_REPRESENTATION_CONTEXT() REPRESENTATION_CONTEXT('2D SPACE',''
  ) );
#1840 = PCURVE('',#1729,#1841);
#1841 = DEFINITIONAL_REPRESENTATION('',(#1842),#1845);
#1842 = B_SPLINE_CURVE_WITH_KNOTS('',1,(#1843,#1844),.UNSPECIFIED.,.F.,
  .F.,(2,2),(0.,6.28318530718),.PIECEWISE_BEZIER_KNOTS.);
#1843 = CARTESIAN_POINT('',(0.,0.));
#1844 = CARTESIAN_POINT('',(-6.28318530718,0.));
#1845 = ( GEOMETRIC_REPRESENTATION_CONTEXT(2) 
PARAMETRIC_REPRESENTATION_CONTEXT() REPRESENTATION_CONTEXT('2D SPACE',''
  ) );
#1846 = FACE_BOUND('',#1847,.F.);
#1847 = EDGE_LOOP('',(#1848));
#1848 = ORIENTED_EDGE('',*,*,#1375,.F.);
#1849 = FACE_BOUND('',#1850,.F.);
#1850 = EDGE_LOOP('',(#1851));
#1851 = ORIENTED_EDGE('',*,*,#1138,.F.);
#1852 = FACE_BOUND('',#1853,.F.);
#1853 = EDGE_LOOP('',(#1854));
#1854 = ORIENTED_EDGE('',*,*,#1259,.F.);
#1855 = FACE_BOUND('',#1856,.F.);
#1856 = EDGE_LOOP('',(#1857));
#1857 = ORIENTED_EDGE('',*,*,#1491,.F.);
#1858 = FACE_BOUND('',#1859,.F.);
#1859 = EDGE_LOOP('',(#1860));
#1860 = ORIENTED_EDGE('',*,*,#1861,.F.);
#1861 = EDGE_CURVE('',#1862,#1862,#1864,.T.);
#1862 = VERTEX_POINT('',#1863);
#1863 = CARTESIAN_POINT('',(56.642,-1.866361721901E-16,21.6535));
#1864 = SURFACE_CURVE('',#1865,(#1892,#1922),.PCURVE_S1.);
#1865 = B_SPLINE_CURVE_WITH_KNOTS('',7,(#1866,#1867,#1868,#1869,#1870,
    #1871,#1872,#1873,#1874,#1875,#1876,#1877,#1878,#1879,#1880,#1881,
    #1882,#1883,#1884,#1885,#1886,#1887,#1888,#1889,#1890,#1891),
  .UNSPECIFIED.,.T.,.F.,(8,6,6,6,8),(0.,0.245051439753,0.500116871784,
    0.755182303779,1.),.UNSPECIFIED.);
#1866 = CARTESIAN_POINT('',(56.642,5.287437154777E-16,21.6535));
#1867 = CARTESIAN_POINT('',(56.642,0.167542665555,21.6535));
#1868 = CARTESIAN_POINT('',(56.599025773004,0.335803330845,
    21.651988475424));
#1869 = CARTESIAN_POINT('',(56.512393685206,0.490042188524,
    21.648935637838));
#1870 = CARTESIAN_POINT('',(56.388886163024,0.616997011991,
    21.645138170267));
#1871 = CARTESIAN_POINT('',(56.238194794369,0.707624639971,
    21.642001404565));
#1872 = CARTESIAN_POINT('',(56.072376462925,0.756330512722,
    21.640287762903));
#1873 = CARTESIAN_POINT('',(55.728610197388,0.76713380284,
    21.639907540793));
#1874 = CARTESIAN_POINT('',(55.553128642602,0.725530129712,
    21.64137153581));
#1875 = CARTESIAN_POINT('',(55.39172551632,0.637541423873,
    21.644508081848));
#1876 = CARTESIAN_POINT('',(55.258434678843,0.508918829426,
    21.648553328932));
#1877 = CARTESIAN_POINT('',(55.164504969931,0.349511120164,
    21.65186448868));
#1878 = CARTESIAN_POINT('',(55.118,0.174291086742,21.6535));
#1879 = CARTESIAN_POINT('',(55.118,-0.174291086718,21.6535));
#1880 = CARTESIAN_POINT('',(55.164504969924,-0.349511120213,
    21.65186448868));
#1881 = CARTESIAN_POINT('',(55.25843467887,-0.50891882936,
    21.648553328932));
#1882 = CARTESIAN_POINT('',(55.391725516255,-0.637541423906,
    21.644508081848));
#1883 = CARTESIAN_POINT('',(55.553128642662,-0.725530129709,
    21.64137153581));
#1884 = CARTESIAN_POINT('',(55.728610197375,-0.76713380284,
    21.639907540793));
#1885 = CARTESIAN_POINT('',(56.072215794235,-0.756335561939,
    21.640287585195));
#1886 = CARTESIAN_POINT('',(56.238095093273,-0.70771172603,
    21.641998335146));
#1887 = CARTESIAN_POINT('',(56.388926782152,-0.617037640354,
    21.645137071851));
#1888 = CARTESIAN_POINT('',(56.512481174733,-0.489976189675,
    21.64893933295));
#1889 = CARTESIAN_POINT('',(56.599072112664,-0.335676904444,
    21.651989946295));
#1890 = CARTESIAN_POINT('',(56.642,-0.167452795868,21.6535));
#1891 = CARTESIAN_POINT('',(56.642,5.287437154777E-16,21.6535));
#1892 = PCURVE('',#1200,#1893);
#1893 = DEFINITIONAL_REPRESENTATION('',(#1894),#1921);
#1894 = B_SPLINE_CURVE_WITH_KNOTS('',7,(#1895,#1896,#1897,#1898,#1899,
    #1900,#1901,#1902,#1903,#1904,#1905,#1906,#1907,#1908,#1909,#1910,
    #1911,#1912,#1913,#1914,#1915,#1916,#1917,#1918,#1919,#1920),
  .UNSPECIFIED.,.T.,.F.,(8,6,6,6,8),(0.,0.245051439753,0.500116871784,
    0.755182303779,1.),.UNSPECIFIED.);
#1895 = CARTESIAN_POINT('',(1.570796326795,132.08));
#1896 = CARTESIAN_POINT('',(1.563058886402,132.08));
#1897 = CARTESIAN_POINT('',(1.555288278048,132.037025773));
#1898 = CARTESIAN_POINT('',(1.548164530342,131.9503936852));
#1899 = CARTESIAN_POINT('',(1.54229904402,131.82688616302));
#1900 = CARTESIAN_POINT('',(1.538111149053,131.67619479436));
#1901 = CARTESIAN_POINT('',(1.535860433557,131.51037646292));
#1902 = CARTESIAN_POINT('',(1.535361208073,131.16661019738));
#1903 = CARTESIAN_POINT('',(1.537283726084,130.9911286426));
#1904 = CARTESIAN_POINT('',(1.541349832137,130.82972551632));
#1905 = CARTESIAN_POINT('',(1.547292688082,130.69643467884));
#1906 = CARTESIAN_POINT('',(1.554655223852,130.60250496993));
#1907 = CARTESIAN_POINT('',(1.562747231418,130.556));
#1908 = CARTESIAN_POINT('',(1.578845422171,130.556));
#1909 = CARTESIAN_POINT('',(1.58693742974,130.60250496992));
#1910 = CARTESIAN_POINT('',(1.594299965504,130.69643467886));
#1911 = CARTESIAN_POINT('',(1.600242821454,130.82972551625));
#1912 = CARTESIAN_POINT('',(1.604308927506,130.99112864266));
#1913 = CARTESIAN_POINT('',(1.606231445516,131.16661019737));
#1914 = CARTESIAN_POINT('',(1.60573245336,131.51021579423));
#1915 = CARTESIAN_POINT('',(1.603485529667,131.67609509327));
#1916 = CARTESIAN_POINT('',(1.599295484261,131.82692678215));
#1917 = CARTESIAN_POINT('',(1.593425074145,131.95048117473));
#1918 = CARTESIAN_POINT('',(1.586298536679,132.03707211266));
#1919 = CARTESIAN_POINT('',(1.578529616834,132.08));
#1920 = CARTESIAN_POINT('',(1.570796326795,132.08));
#1921 = ( GEOMETRIC_REPRESENTATION_CONTEXT(2) 
PARAMETRIC_REPRESENTATION_CONTEXT() REPRESENTATION_CONTEXT('2D SPACE',''
  ) );
#1922 = PCURVE('',#1923,#1928);
#1923 = CYLINDRICAL_SURFACE('',#1924,0.762);
#1924 = AXIS2_PLACEMENT_3D('',#1925,#1926,#1927);
#1925 = CARTESIAN_POINT('',(55.88,0.,20.3835));
#1926 = DIRECTION('',(0.,0.,1.));
#1927 = DIRECTION('',(1.,0.,-0.));
#1928 = DEFINITIONAL_REPRESENTATION('',(#1929),#1956);
#1929 = B_SPLINE_CURVE_WITH_KNOTS('',7,(#1930,#1931,#1932,#1933,#1934,
    #1935,#1936,#1937,#1938,#1939,#1940,#1941,#1942,#1943,#1944,#1945,
    #1946,#1947,#1948,#1949,#1950,#1951,#1952,#1953,#1954,#1955),
  .UNSPECIFIED.,.F.,.F.,(8,6,6,6,8),(0.,0.245051439753,0.500116871784,
    0.755182303779,1.),.UNSPECIFIED.);
#1930 = CARTESIAN_POINT('',(0.,1.27));
#1931 = CARTESIAN_POINT('',(0.219872264507,1.27));
#1932 = CARTESIAN_POINT('',(0.440671737564,1.268488475424));
#1933 = CARTESIAN_POINT('',(0.660526488033,1.265435637838));
#1934 = CARTESIAN_POINT('',(0.879660305048,1.261638170267));
#1935 = CARTESIAN_POINT('',(1.098707696483,1.258501404565));
#1936 = CARTESIAN_POINT('',(1.318219480003,1.256787762903));
#1937 = CARTESIAN_POINT('',(1.769579030108,1.256407540793));
#1938 = CARTESIAN_POINT('',(1.99804347191,1.25787153581));
#1939 = CARTESIAN_POINT('',(2.226030845259,1.261008081848));
#1940 = CARTESIAN_POINT('',(2.454086510536,1.265053328932));
#1941 = CARTESIAN_POINT('',(2.682936957752,1.26836448868));
#1942 = CARTESIAN_POINT('',(2.912864193298,1.27));
#1943 = CARTESIAN_POINT('',(3.37032111385,1.27));
#1944 = CARTESIAN_POINT('',(3.600248349481,1.26836448868));
#1945 = CARTESIAN_POINT('',(3.829098796601,1.265053328932));
#1946 = CARTESIAN_POINT('',(4.05715446188,1.261008081848));
#1947 = CARTESIAN_POINT('',(4.285141835337,1.25787153581));
#1948 = CARTESIAN_POINT('',(4.513606277054,1.256407540793));
#1949 = CARTESIAN_POINT('',(4.964754871784,1.256787585195));
#1950 = CARTESIAN_POINT('',(5.184342743856,1.258498335146));
#1951 = CARTESIAN_POINT('',(5.403528466087,1.261637071851));
#1952 = CARTESIAN_POINT('',(5.622776496453,1.26543933295));
#1953 = CARTESIAN_POINT('',(5.842678348613,1.268489946295));
#1954 = CARTESIAN_POINT('',(6.063430981894,1.27));
#1955 = CARTESIAN_POINT('',(6.28318530718,1.27));
#1956 = ( GEOMETRIC_REPRESENTATION_CONTEXT(2) 
PARAMETRIC_REPRESENTATION_CONTEXT() REPRESENTATION_CONTEXT('2D SPACE',''
  ) );
#1957 = ADVANCED_FACE('',(#1958),#1631,.F.);
#1958 = FACE_BOUND('',#1959,.F.);
#1959 = EDGE_LOOP('',(#1960,#1990,#2025,#2055,#2074,#2075,#2076));
#1960 = ORIENTED_EDGE('',*,*,#1961,.F.);
#1961 = EDGE_CURVE('',#1962,#1964,#1966,.T.);
#1962 = VERTEX_POINT('',#1963);
#1963 = CARTESIAN_POINT('',(104.14,-8.835536357684,-13.77959788363));
#1964 = VERTEX_POINT('',#1965);
#1965 = CARTESIAN_POINT('',(104.14,-7.515713642316,-14.54159788363));
#1966 = SURFACE_CURVE('',#1967,(#1972,#1978),.PCURVE_S1.);
#1967 = CIRCLE('',#1968,0.762);
#1968 = AXIS2_PLACEMENT_3D('',#1969,#1970,#1971);
#1969 = CARTESIAN_POINT('',(104.14,-8.175625,-14.16059788363));
#1970 = DIRECTION('',(-1.,0.,0.));
#1971 = DIRECTION('',(0.,0.,-1.));
#1972 = PCURVE('',#1631,#1973);
#1973 = DEFINITIONAL_REPRESENTATION('',(#1974),#1977);
#1974 = B_SPLINE_CURVE_WITH_KNOTS('',1,(#1975,#1976),.UNSPECIFIED.,.F.,
  .F.,(2,2),(2.094395102393,5.235987755983),.PIECEWISE_BEZIER_KNOTS.);
#1975 = CARTESIAN_POINT('',(2.094395102393,6.858));
#1976 = CARTESIAN_POINT('',(5.235987755983,6.858));
#1977 = ( GEOMETRIC_REPRESENTATION_CONTEXT(2) 
PARAMETRIC_REPRESENTATION_CONTEXT() REPRESENTATION_CONTEXT('2D SPACE',''
  ) );
#1978 = PCURVE('',#1979,#1984);
#1979 = PLANE('',#1980);
#1980 = AXIS2_PLACEMENT_3D('',#1981,#1982,#1983);
#1981 = CARTESIAN_POINT('',(104.14,-8.175625,-14.16059788363));
#1982 = DIRECTION('',(-1.,0.,0.));
#1983 = DIRECTION('',(0.,0.,-1.));
#1984 = DEFINITIONAL_REPRESENTATION('',(#1985),#1989);
#1985 = CIRCLE('',#1986,0.762);
#1986 = AXIS2_PLACEMENT_2D('',#1987,#1988);
#1987 = CARTESIAN_POINT('',(0.,0.));
#1988 = DIRECTION('',(1.,0.));
#1989 = ( GEOMETRIC_REPRESENTATION_CONTEXT(2) 
PARAMETRIC_REPRESENTATION_CONTEXT() REPRESENTATION_CONTEXT('2D SPACE',''
  ) );
#1990 = ORIENTED_EDGE('',*,*,#1991,.F.);
#1991 = EDGE_CURVE('',#1992,#1962,#1994,.T.);
#1992 = VERTEX_POINT('',#1993);
#1993 = CARTESIAN_POINT('',(104.21538680926,-8.184073889686,
    -14.92255104246));
#1994 = SURFACE_CURVE('',#1995,(#2000,#2010),.PCURVE_S1.);
#1995 = ELLIPSE('',#1996,0.766893984219,0.762);
#1996 = AXIS2_PLACEMENT_3D('',#1997,#1998,#1999);
#1997 = CARTESIAN_POINT('',(104.14,-8.175625,-14.16059788363));
#1998 = DIRECTION('',(-0.993618434464,-5.639682325395E-02,
    -9.768216326133E-02));
#1999 = DIRECTION('',(-0.112793646508,0.496809217232,0.860498805915));
#2000 = PCURVE('',#1631,#2001);
#2001 = DEFINITIONAL_REPRESENTATION('',(#2002),#2009);
#2002 = B_SPLINE_CURVE_WITH_KNOTS('',5,(#2003,#2004,#2005,#2006,#2007,
    #2008),.UNSPECIFIED.,.F.,.F.,(6,6),(2.629081886931,4.712388980385),
  .PIECEWISE_BEZIER_KNOTS.);
#2003 = CARTESIAN_POINT('',(1.108800893975E-02,6.782613190739));
#2004 = CARTESIAN_POINT('',(0.42774942763,6.764939613579));
#2005 = CARTESIAN_POINT('',(0.844410846321,6.7634387721));
#2006 = CARTESIAN_POINT('',(1.261072265012,6.785754298035));
#2007 = CARTESIAN_POINT('',(1.677733683703,6.821958466885));
#2008 = CARTESIAN_POINT('',(2.094395102393,6.858));
#2009 = ( GEOMETRIC_REPRESENTATION_CONTEXT(2) 
PARAMETRIC_REPRESENTATION_CONTEXT() REPRESENTATION_CONTEXT('2D SPACE',''
  ) );
#2010 = PCURVE('',#2011,#2016);
#2011 = CYLINDRICAL_SURFACE('',#2012,0.762);
#2012 = AXIS2_PLACEMENT_3D('',#2013,#2014,#2015);
#2013 = CARTESIAN_POINT('',(104.14,-8.175625,-14.16059788363));
#2014 = DIRECTION('',(-0.974555186615,-0.112073846461,-0.19411759627));
#2015 = DIRECTION('',(0.195348313949,0.,-0.980733927341));
#2016 = DEFINITIONAL_REPRESENTATION('',(#2017),#2024);
#2017 = B_SPLINE_CURVE_WITH_KNOTS('',5,(#2018,#2019,#2020,#2021,#2022,
    #2023),.UNSPECIFIED.,.F.,.F.,(6,6),(2.629081886931,4.712388980385),
  .PIECEWISE_BEZIER_KNOTS.);
#2018 = CARTESIAN_POINT('',(-7.105427357601E-15,7.538680926123E-02));
#2019 = CARTESIAN_POINT('',(0.416661418691,9.306038642077E-02));
#2020 = CARTESIAN_POINT('',(0.833322837381,9.456122790025E-02));
#2021 = CARTESIAN_POINT('',(1.249984256072,7.224570196482E-02));
#2022 = CARTESIAN_POINT('',(1.666645674763,3.60415331148E-02));
#2023 = CARTESIAN_POINT('',(2.083307093453,-1.127986593019E-14));
#2024 = ( GEOMETRIC_REPRESENTATION_CONTEXT(2) 
PARAMETRIC_REPRESENTATION_CONTEXT() REPRESENTATION_CONTEXT('2D SPACE',''
  ) );
#2025 = ORIENTED_EDGE('',*,*,#2026,.F.);
#2026 = EDGE_CURVE('',#2027,#1992,#2029,.T.);
#2027 = VERTEX_POINT('',#2028);
#2028 = CARTESIAN_POINT('',(104.21491186337,-8.175625,-14.92259788363));
#2029 = SURFACE_CURVE('',#2030,(#2035,#2045),.PCURVE_S1.);
#2030 = ELLIPSE('',#2031,0.766893984219,0.762);
#2031 = AXIS2_PLACEMENT_3D('',#2032,#2033,#2034);
#2032 = CARTESIAN_POINT('',(104.14,-8.175625,-14.16059788363));
#2033 = DIRECTION('',(-0.993618434464,-5.639682325395E-02,
    -9.768216326133E-02));
#2034 = DIRECTION('',(-0.112793646508,0.496809217232,0.860498805915));
#2035 = PCURVE('',#1631,#2036);
#2036 = DEFINITIONAL_REPRESENTATION('',(#2037),#2044);
#2037 = B_SPLINE_CURVE_WITH_KNOTS('',5,(#2038,#2039,#2040,#2041,#2042,
    #2043),.UNSPECIFIED.,.F.,.F.,(6,6),(2.617993877991,2.629081886931),
  .PIECEWISE_BEZIER_KNOTS.);
#2038 = CARTESIAN_POINT('',(-1.314504061156E-13,6.783088136629));
#2039 = CARTESIAN_POINT('',(2.217601787844E-03,6.782992224499));
#2040 = CARTESIAN_POINT('',(4.435203575817E-03,6.782896772867));
#2041 = CARTESIAN_POINT('',(6.652805363795E-03,6.782801782716));
#2042 = CARTESIAN_POINT('',(8.87040715177E-03,6.782707255019));
#2043 = CARTESIAN_POINT('',(1.108800893975E-02,6.782613190739));
#2044 = ( GEOMETRIC_REPRESENTATION_CONTEXT(2) 
PARAMETRIC_REPRESENTATION_CONTEXT() REPRESENTATION_CONTEXT('2D SPACE',''
  ) );
#2045 = PCURVE('',#2011,#2046);
#2046 = DEFINITIONAL_REPRESENTATION('',(#2047),#2054);
#2047 = B_SPLINE_CURVE_WITH_KNOTS('',5,(#2048,#2049,#2050,#2051,#2052,
    #2053),.UNSPECIFIED.,.F.,.F.,(6,6),(2.617993877991,2.629081886931),
  .PIECEWISE_BEZIER_KNOTS.);
#2048 = CARTESIAN_POINT('',(6.27209729824,7.491186337063E-02));
#2049 = CARTESIAN_POINT('',(6.274314900028,7.500777550059E-02));
#2050 = CARTESIAN_POINT('',(6.276532501816,7.510322713252E-02));
#2051 = CARTESIAN_POINT('',(6.278750103604,7.519821728391E-02));
#2052 = CARTESIAN_POINT('',(6.280967705392,7.529274498133E-02));
#2053 = CARTESIAN_POINT('',(6.28318530718,7.538680926123E-02));
#2054 = ( GEOMETRIC_REPRESENTATION_CONTEXT(2) 
PARAMETRIC_REPRESENTATION_CONTEXT() REPRESENTATION_CONTEXT('2D SPACE',''
  ) );
#2055 = ORIENTED_EDGE('',*,*,#2056,.F.);
#2056 = EDGE_CURVE('',#1611,#2027,#2057,.T.);
#2057 = SEAM_CURVE('',#2058,(#2062,#2068),.PCURVE_S1.);
#2058 = LINE('',#2059,#2060);
#2059 = CARTESIAN_POINT('',(110.998,-8.175625,-14.92259788363));
#2060 = VECTOR('',#2061,1.);
#2061 = DIRECTION('',(-1.,0.,0.));
#2062 = PCURVE('',#1631,#2063);
#2063 = DEFINITIONAL_REPRESENTATION('',(#2064),#2067);
#2064 = B_SPLINE_CURVE_WITH_KNOTS('',1,(#2065,#2066),.UNSPECIFIED.,.F.,
  .F.,(2,2),(0.508,6.783088136629),.PIECEWISE_BEZIER_KNOTS.);
#2065 = CARTESIAN_POINT('',(6.28318530718,0.508));
#2066 = CARTESIAN_POINT('',(6.28318530718,6.783088136629));
#2067 = ( GEOMETRIC_REPRESENTATION_CONTEXT(2) 
PARAMETRIC_REPRESENTATION_CONTEXT() REPRESENTATION_CONTEXT('2D SPACE',''
  ) );
#2068 = PCURVE('',#1631,#2069);
#2069 = DEFINITIONAL_REPRESENTATION('',(#2070),#2073);
#2070 = B_SPLINE_CURVE_WITH_KNOTS('',1,(#2071,#2072),.UNSPECIFIED.,.F.,
  .F.,(2,2),(0.508,6.783088136629),.PIECEWISE_BEZIER_KNOTS.);
#2071 = CARTESIAN_POINT('',(0.,0.508));
#2072 = CARTESIAN_POINT('',(0.,6.783088136629));
#2073 = ( GEOMETRIC_REPRESENTATION_CONTEXT(2) 
PARAMETRIC_REPRESENTATION_CONTEXT() REPRESENTATION_CONTEXT('2D SPACE',''
  ) );
#2074 = ORIENTED_EDGE('',*,*,#1610,.T.);
#2075 = ORIENTED_EDGE('',*,*,#2056,.T.);
#2076 = ORIENTED_EDGE('',*,*,#2077,.F.);
#2077 = EDGE_CURVE('',#1964,#2027,#2078,.T.);
#2078 = SURFACE_CURVE('',#2079,(#2084,#2094),.PCURVE_S1.);
#2079 = ELLIPSE('',#2080,0.766893984219,0.762);
#2080 = AXIS2_PLACEMENT_3D('',#2081,#2082,#2083);
#2081 = CARTESIAN_POINT('',(104.14,-8.175625,-14.16059788363));
#2082 = DIRECTION('',(-0.993618434464,-5.639682325395E-02,
    -9.768216326133E-02));
#2083 = DIRECTION('',(-0.112793646508,0.496809217232,0.860498805915));
#2084 = PCURVE('',#1631,#2085);
#2085 = DEFINITIONAL_REPRESENTATION('',(#2086),#2093);
#2086 = B_SPLINE_CURVE_WITH_KNOTS('',5,(#2087,#2088,#2089,#2090,#2091,
    #2092),.UNSPECIFIED.,.F.,.F.,(6,6),(1.570796218627,2.617993877991),
  .PIECEWISE_BEZIER_KNOTS.);
#2087 = CARTESIAN_POINT('',(5.235987647815,6.858000009357));
#2088 = CARTESIAN_POINT('',(5.445427179688,6.839883328798));
#2089 = CARTESIAN_POINT('',(5.654866711561,6.821765114333));
#2090 = CARTESIAN_POINT('',(5.864306243434,6.805310437892));
#2091 = CARTESIAN_POINT('',(6.073745775306,6.792146476909));
#2092 = CARTESIAN_POINT('',(6.283185307179,6.783088136629));
#2093 = ( GEOMETRIC_REPRESENTATION_CONTEXT(2) 
PARAMETRIC_REPRESENTATION_CONTEXT() REPRESENTATION_CONTEXT('2D SPACE',''
  ) );
#2094 = PCURVE('',#2011,#2095);
#2095 = DEFINITIONAL_REPRESENTATION('',(#2096),#2103);
#2096 = B_SPLINE_CURVE_WITH_KNOTS('',5,(#2097,#2098,#2099,#2100,#2101,
    #2102),.UNSPECIFIED.,.F.,.F.,(6,6),(1.570796218627,2.617993877991),
  .PIECEWISE_BEZIER_KNOTS.);
#2097 = CARTESIAN_POINT('',(5.224899638875,-9.356648789094E-09));
#2098 = CARTESIAN_POINT('',(5.434339170748,1.811667120204E-02));
#2099 = CARTESIAN_POINT('',(5.643778702621,3.623488566668E-02));
#2100 = CARTESIAN_POINT('',(5.853218234494,5.268956210763E-02));
#2101 = CARTESIAN_POINT('',(6.062657766367,6.585352309128E-02));
#2102 = CARTESIAN_POINT('',(6.27209729824,7.491186337063E-02));
#2103 = ( GEOMETRIC_REPRESENTATION_CONTEXT(2) 
PARAMETRIC_REPRESENTATION_CONTEXT() REPRESENTATION_CONTEXT('2D SPACE',''
  ) );
#2104 = ADVANCED_FACE('',(#2105),#1665,.F.);
#2105 = FACE_BOUND('',#2106,.F.);
#2106 = EDGE_LOOP('',(#2107,#2137,#2172,#2191,#2192,#2193,#2223));
#2107 = ORIENTED_EDGE('',*,*,#2108,.F.);
#2108 = EDGE_CURVE('',#2109,#2111,#2113,.T.);
#2109 = VERTEX_POINT('',#2110);
#2110 = CARTESIAN_POINT('',(104.14,7.515713642316,-14.54159788363));
#2111 = VERTEX_POINT('',#2112);
#2112 = CARTESIAN_POINT('',(104.14,8.835536357684,-13.77959788363));
#2113 = SURFACE_CURVE('',#2114,(#2119,#2125),.PCURVE_S1.);
#2114 = CIRCLE('',#2115,0.762);
#2115 = AXIS2_PLACEMENT_3D('',#2116,#2117,#2118);
#2116 = CARTESIAN_POINT('',(104.14,8.175625,-14.16059788363));
#2117 = DIRECTION('',(-1.,0.,0.));
#2118 = DIRECTION('',(0.,0.,-1.));
#2119 = PCURVE('',#1665,#2120);
#2120 = DEFINITIONAL_REPRESENTATION('',(#2121),#2124);
#2121 = B_SPLINE_CURVE_WITH_KNOTS('',1,(#2122,#2123),.UNSPECIFIED.,.F.,
  .F.,(2,2),(1.047197551197,4.188790204786),.PIECEWISE_BEZIER_KNOTS.);
#2122 = CARTESIAN_POINT('',(1.047197551197,6.858));
#2123 = CARTESIAN_POINT('',(4.188790204786,6.858));
#2124 = ( GEOMETRIC_REPRESENTATION_CONTEXT(2) 
PARAMETRIC_REPRESENTATION_CONTEXT() REPRESENTATION_CONTEXT('2D SPACE',''
  ) );
#2125 = PCURVE('',#2126,#2131);
#2126 = PLANE('',#2127);
#2127 = AXIS2_PLACEMENT_3D('',#2128,#2129,#2130);
#2128 = CARTESIAN_POINT('',(104.14,8.175625,-14.16059788363));
#2129 = DIRECTION('',(-1.,0.,0.));
#2130 = DIRECTION('',(0.,0.,-1.));
#2131 = DEFINITIONAL_REPRESENTATION('',(#2132),#2136);
#2132 = CIRCLE('',#2133,0.762);
#2133 = AXIS2_PLACEMENT_2D('',#2134,#2135);
#2134 = CARTESIAN_POINT('',(0.,0.));
#2135 = DIRECTION('',(1.,0.));
#2136 = ( GEOMETRIC_REPRESENTATION_CONTEXT(2) 
PARAMETRIC_REPRESENTATION_CONTEXT() REPRESENTATION_CONTEXT('2D SPACE',''
  ) );
#2137 = ORIENTED_EDGE('',*,*,#2138,.F.);
#2138 = EDGE_CURVE('',#2139,#2109,#2141,.T.);
#2139 = VERTEX_POINT('',#2140);
#2140 = CARTESIAN_POINT('',(104.21491186337,8.175625,-14.92259788363));
#2141 = SURFACE_CURVE('',#2142,(#2147,#2157),.PCURVE_S1.);
#2142 = ELLIPSE('',#2143,0.766893984219,0.762);
#2143 = AXIS2_PLACEMENT_3D('',#2144,#2145,#2146);
#2144 = CARTESIAN_POINT('',(104.14,8.175625,-14.16059788363));
#2145 = DIRECTION('',(-0.993618434464,5.639682325395E-02,
    -9.768216326133E-02));
#2146 = DIRECTION('',(-0.112793646508,-0.496809217232,0.860498805915));
#2147 = PCURVE('',#1665,#2148);
#2148 = DEFINITIONAL_REPRESENTATION('',(#2149),#2156);
#2149 = B_SPLINE_CURVE_WITH_KNOTS('',5,(#2150,#2151,#2152,#2153,#2154,
    #2155),.UNSPECIFIED.,.F.,.F.,(6,6),(3.665191429188,4.712388980385),
  .PIECEWISE_BEZIER_KNOTS.);
#2150 = CARTESIAN_POINT('',(-8.171241461241E-14,6.783088136629));
#2151 = CARTESIAN_POINT('',(0.209439510239,6.792146475973));
#2152 = CARTESIAN_POINT('',(0.418879020479,6.805310435174));
#2153 = CARTESIAN_POINT('',(0.628318530718,6.821765109233));
#2154 = CARTESIAN_POINT('',(0.837758040957,6.839883321313));
#2155 = CARTESIAN_POINT('',(1.047197551197,6.858));
#2156 = ( GEOMETRIC_REPRESENTATION_CONTEXT(2) 
PARAMETRIC_REPRESENTATION_CONTEXT() REPRESENTATION_CONTEXT('2D SPACE',''
  ) );
#2157 = PCURVE('',#2158,#2163);
#2158 = CYLINDRICAL_SURFACE('',#2159,0.762);
#2159 = AXIS2_PLACEMENT_3D('',#2160,#2161,#2162);
#2160 = CARTESIAN_POINT('',(104.14,8.175625,-14.16059788363));
#2161 = DIRECTION('',(-0.974555186615,0.112073846461,-0.19411759627));
#2162 = DIRECTION('',(0.195348313949,0.,-0.980733927341));
#2163 = DEFINITIONAL_REPRESENTATION('',(#2164),#2171);
#2164 = B_SPLINE_CURVE_WITH_KNOTS('',5,(#2165,#2166,#2167,#2168,#2169,
    #2170),.UNSPECIFIED.,.F.,.F.,(6,6),(3.665191429188,4.712388980385),
  .PIECEWISE_BEZIER_KNOTS.);
#2165 = CARTESIAN_POINT('',(1.108800893968E-02,7.491186337062E-02));
#2166 = CARTESIAN_POINT('',(0.220527519179,6.585352402693E-02));
#2167 = CARTESIAN_POINT('',(0.429967029418,5.268956482652E-02));
#2168 = CARTESIAN_POINT('',(0.639406539658,3.623489076688E-02));
#2169 = CARTESIAN_POINT('',(0.848846049897,1.811667868737E-02));
#2170 = CARTESIAN_POINT('',(1.058285560136,0.));
#2171 = ( GEOMETRIC_REPRESENTATION_CONTEXT(2) 
PARAMETRIC_REPRESENTATION_CONTEXT() REPRESENTATION_CONTEXT('2D SPACE',''
  ) );
#2172 = ORIENTED_EDGE('',*,*,#2173,.F.);
#2173 = EDGE_CURVE('',#1645,#2139,#2174,.T.);
#2174 = SEAM_CURVE('',#2175,(#2179,#2185),.PCURVE_S1.);
#2175 = LINE('',#2176,#2177);
#2176 = CARTESIAN_POINT('',(110.998,8.175625,-14.92259788363));
#2177 = VECTOR('',#2178,1.);
#2178 = DIRECTION('',(-1.,0.,0.));
#2179 = PCURVE('',#1665,#2180);
#2180 = DEFINITIONAL_REPRESENTATION('',(#2181),#2184);
#2181 = B_SPLINE_CURVE_WITH_KNOTS('',1,(#2182,#2183),.UNSPECIFIED.,.F.,
  .F.,(2,2),(0.508,6.78308813663),.PIECEWISE_BEZIER_KNOTS.);
#2182 = CARTESIAN_POINT('',(6.28318530718,0.508));
#2183 = CARTESIAN_POINT('',(6.28318530718,6.78308813663));
#2184 = ( GEOMETRIC_REPRESENTATION_CONTEXT(2) 
PARAMETRIC_REPRESENTATION_CONTEXT() REPRESENTATION_CONTEXT('2D SPACE',''
  ) );
#2185 = PCURVE('',#1665,#2186);
#2186 = DEFINITIONAL_REPRESENTATION('',(#2187),#2190);
#2187 = B_SPLINE_CURVE_WITH_KNOTS('',1,(#2188,#2189),.UNSPECIFIED.,.F.,
  .F.,(2,2),(0.508,6.78308813663),.PIECEWISE_BEZIER_KNOTS.);
#2188 = CARTESIAN_POINT('',(0.,0.508));
#2189 = CARTESIAN_POINT('',(0.,6.78308813663));
#2190 = ( GEOMETRIC_REPRESENTATION_CONTEXT(2) 
PARAMETRIC_REPRESENTATION_CONTEXT() REPRESENTATION_CONTEXT('2D SPACE',''
  ) );
#2191 = ORIENTED_EDGE('',*,*,#1644,.T.);
#2192 = ORIENTED_EDGE('',*,*,#2173,.T.);
#2193 = ORIENTED_EDGE('',*,*,#2194,.F.);
#2194 = EDGE_CURVE('',#2195,#2139,#2197,.T.);
#2195 = VERTEX_POINT('',#2196);
#2196 = CARTESIAN_POINT('',(104.21538680926,8.184073889686,
    -14.92255104246));
#2197 = SURFACE_CURVE('',#2198,(#2203,#2213),.PCURVE_S1.);
#2198 = ELLIPSE('',#2199,0.766893984219,0.762);
#2199 = AXIS2_PLACEMENT_3D('',#2200,#2201,#2202);
#2200 = CARTESIAN_POINT('',(104.14,8.175625,-14.16059788363));
#2201 = DIRECTION('',(-0.993618434464,5.639682325395E-02,
    -9.768216326133E-02));
#2202 = DIRECTION('',(-0.112793646508,-0.496809217232,0.860498805915));
#2203 = PCURVE('',#1665,#2204);
#2204 = DEFINITIONAL_REPRESENTATION('',(#2205),#2212);
#2205 = B_SPLINE_CURVE_WITH_KNOTS('',5,(#2206,#2207,#2208,#2209,#2210,
    #2211),.UNSPECIFIED.,.F.,.F.,(6,6),(3.654103420248,3.665191429188),
  .PIECEWISE_BEZIER_KNOTS.);
#2206 = CARTESIAN_POINT('',(6.27209729824,6.782613190739));
#2207 = CARTESIAN_POINT('',(6.274314900028,6.782707255019));
#2208 = CARTESIAN_POINT('',(6.276532501816,6.782801782716));
#2209 = CARTESIAN_POINT('',(6.278750103604,6.782896772867));
#2210 = CARTESIAN_POINT('',(6.280967705392,6.782992224499));
#2211 = CARTESIAN_POINT('',(6.28318530718,6.783088136629));
#2212 = ( GEOMETRIC_REPRESENTATION_CONTEXT(2) 
PARAMETRIC_REPRESENTATION_CONTEXT() REPRESENTATION_CONTEXT('2D SPACE',''
  ) );
#2213 = PCURVE('',#2158,#2214);
#2214 = DEFINITIONAL_REPRESENTATION('',(#2215),#2222);
#2215 = B_SPLINE_CURVE_WITH_KNOTS('',5,(#2216,#2217,#2218,#2219,#2220,
    #2221),.UNSPECIFIED.,.F.,.F.,(6,6),(3.654103420248,3.665191429188),
  .PIECEWISE_BEZIER_KNOTS.);
#2216 = CARTESIAN_POINT('',(1.110223024625E-14,7.538680926123E-02));
#2217 = CARTESIAN_POINT('',(2.217601787944E-03,7.529274498133E-02));
#2218 = CARTESIAN_POINT('',(4.43520357588E-03,7.519821728389E-02));
#2219 = CARTESIAN_POINT('',(6.65280536381E-03,7.51032271326E-02));
#2220 = CARTESIAN_POINT('',(8.870407151744E-03,7.500777550057E-02));
#2221 = CARTESIAN_POINT('',(1.108800893968E-02,7.491186337062E-02));
#2222 = ( GEOMETRIC_REPRESENTATION_CONTEXT(2) 
PARAMETRIC_REPRESENTATION_CONTEXT() REPRESENTATION_CONTEXT('2D SPACE',''
  ) );
#2223 = ORIENTED_EDGE('',*,*,#2224,.F.);
#2224 = EDGE_CURVE('',#2111,#2195,#2225,.T.);
#2225 = SURFACE_CURVE('',#2226,(#2231,#2241),.PCURVE_S1.);
#2226 = ELLIPSE('',#2227,0.766893984219,0.762);
#2227 = AXIS2_PLACEMENT_3D('',#2228,#2229,#2230);
#2228 = CARTESIAN_POINT('',(104.14,8.175625,-14.16059788363));
#2229 = DIRECTION('',(-0.993618434464,5.639682325395E-02,
    -9.768216326133E-02));
#2230 = DIRECTION('',(-0.112793646508,-0.496809217232,0.860498805915));
#2231 = PCURVE('',#1665,#2232);
#2232 = DEFINITIONAL_REPRESENTATION('',(#2233),#2240);
#2233 = B_SPLINE_CURVE_WITH_KNOTS('',5,(#2234,#2235,#2236,#2237,#2238,
    #2239),.UNSPECIFIED.,.F.,.F.,(6,6),(1.570796326795,3.654103420248),
  .PIECEWISE_BEZIER_KNOTS.);
#2234 = CARTESIAN_POINT('',(4.188790204786,6.858));
#2235 = CARTESIAN_POINT('',(4.605451623477,6.821958466885));
#2236 = CARTESIAN_POINT('',(5.022113042168,6.785754298035));
#2237 = CARTESIAN_POINT('',(5.438774460858,6.7634387721));
#2238 = CARTESIAN_POINT('',(5.855435879549,6.764939613579));
#2239 = CARTESIAN_POINT('',(6.27209729824,6.782613190739));
#2240 = ( GEOMETRIC_REPRESENTATION_CONTEXT(2) 
PARAMETRIC_REPRESENTATION_CONTEXT() REPRESENTATION_CONTEXT('2D SPACE',''
  ) );
#2241 = PCURVE('',#2158,#2242);
#2242 = DEFINITIONAL_REPRESENTATION('',(#2243),#2250);
#2243 = B_SPLINE_CURVE_WITH_KNOTS('',5,(#2244,#2245,#2246,#2247,#2248,
    #2249),.UNSPECIFIED.,.F.,.F.,(6,6),(1.570796326795,3.654103420248),
  .PIECEWISE_BEZIER_KNOTS.);
#2244 = CARTESIAN_POINT('',(4.199878213726,-1.127986593019E-14));
#2245 = CARTESIAN_POINT('',(4.616539632417,3.60415331148E-02));
#2246 = CARTESIAN_POINT('',(5.033201051108,7.224570196479E-02));
#2247 = CARTESIAN_POINT('',(5.449862469798,9.456122790027E-02));
#2248 = CARTESIAN_POINT('',(5.866523888489,9.306038642077E-02));
#2249 = CARTESIAN_POINT('',(6.28318530718,7.538680926123E-02));
#2250 = ( GEOMETRIC_REPRESENTATION_CONTEXT(2) 
PARAMETRIC_REPRESENTATION_CONTEXT() REPRESENTATION_CONTEXT('2D SPACE',''
  ) );
#2251 = ADVANCED_FACE('',(#2252),#1699,.F.);
#2252 = FACE_BOUND('',#2253,.F.);
#2253 = EDGE_LOOP('',(#2254,#2255,#2276,#2304,#2341,#2362));
#2254 = ORIENTED_EDGE('',*,*,#1678,.T.);
#2255 = ORIENTED_EDGE('',*,*,#2256,.T.);
#2256 = EDGE_CURVE('',#1679,#2257,#2259,.T.);
#2257 = VERTEX_POINT('',#2258);
#2258 = CARTESIAN_POINT('',(104.14,-8.175625,13.39859788363));
#2259 = SEAM_CURVE('',#2260,(#2264,#2270),.PCURVE_S1.);
#2260 = LINE('',#2261,#2262);
#2261 = CARTESIAN_POINT('',(110.998,-8.175625,13.39859788363));
#2262 = VECTOR('',#2263,1.);
#2263 = DIRECTION('',(-1.,0.,0.));
#2264 = PCURVE('',#1699,#2265);
#2265 = DEFINITIONAL_REPRESENTATION('',(#2266),#2269);
#2266 = B_SPLINE_CURVE_WITH_KNOTS('',1,(#2267,#2268),.UNSPECIFIED.,.F.,
  .F.,(2,2),(0.508,6.858),.PIECEWISE_BEZIER_KNOTS.);
#2267 = CARTESIAN_POINT('',(0.,0.508));
#2268 = CARTESIAN_POINT('',(0.,6.858));
#2269 = ( GEOMETRIC_REPRESENTATION_CONTEXT(2) 
PARAMETRIC_REPRESENTATION_CONTEXT() REPRESENTATION_CONTEXT('2D SPACE',''
  ) );
#2270 = PCURVE('',#1699,#2271);
#2271 = DEFINITIONAL_REPRESENTATION('',(#2272),#2275);
#2272 = B_SPLINE_CURVE_WITH_KNOTS('',1,(#2273,#2274),.UNSPECIFIED.,.F.,
  .F.,(2,2),(0.508,6.858),.PIECEWISE_BEZIER_KNOTS.);
#2273 = CARTESIAN_POINT('',(6.28318530718,0.508));
#2274 = CARTESIAN_POINT('',(6.28318530718,6.858));
#2275 = ( GEOMETRIC_REPRESENTATION_CONTEXT(2) 
PARAMETRIC_REPRESENTATION_CONTEXT() REPRESENTATION_CONTEXT('2D SPACE',''
  ) );
#2276 = ORIENTED_EDGE('',*,*,#2277,.F.);
#2277 = EDGE_CURVE('',#2278,#2257,#2280,.T.);
#2278 = VERTEX_POINT('',#2279);
#2279 = CARTESIAN_POINT('',(104.14,-7.515713642316,14.54159788363));
#2280 = SURFACE_CURVE('',#2281,(#2286,#2292),.PCURVE_S1.);
#2281 = CIRCLE('',#2282,0.762);
#2282 = AXIS2_PLACEMENT_3D('',#2283,#2284,#2285);
#2283 = CARTESIAN_POINT('',(104.14,-8.175625,14.16059788363));
#2284 = DIRECTION('',(-1.,0.,0.));
#2285 = DIRECTION('',(0.,0.,-1.));
#2286 = PCURVE('',#1699,#2287);
#2287 = DEFINITIONAL_REPRESENTATION('',(#2288),#2291);
#2288 = B_SPLINE_CURVE_WITH_KNOTS('',1,(#2289,#2290),.UNSPECIFIED.,.F.,
  .F.,(2,2),(4.188790204786,6.28318530718),.PIECEWISE_BEZIER_KNOTS.);
#2289 = CARTESIAN_POINT('',(4.188790204786,6.858));
#2290 = CARTESIAN_POINT('',(6.28318530718,6.858));
#2291 = ( GEOMETRIC_REPRESENTATION_CONTEXT(2) 
PARAMETRIC_REPRESENTATION_CONTEXT() REPRESENTATION_CONTEXT('2D SPACE',''
  ) );
#2292 = PCURVE('',#2293,#2298);
#2293 = PLANE('',#2294);
#2294 = AXIS2_PLACEMENT_3D('',#2295,#2296,#2297);
#2295 = CARTESIAN_POINT('',(104.14,-8.175625,14.16059788363));
#2296 = DIRECTION('',(-1.,0.,0.));
#2297 = DIRECTION('',(0.,0.,-1.));
#2298 = DEFINITIONAL_REPRESENTATION('',(#2299),#2303);
#2299 = CIRCLE('',#2300,0.762);
#2300 = AXIS2_PLACEMENT_2D('',#2301,#2302);
#2301 = CARTESIAN_POINT('',(0.,0.));
#2302 = DIRECTION('',(1.,0.));
#2303 = ( GEOMETRIC_REPRESENTATION_CONTEXT(2) 
PARAMETRIC_REPRESENTATION_CONTEXT() REPRESENTATION_CONTEXT('2D SPACE',''
  ) );
#2304 = ORIENTED_EDGE('',*,*,#2305,.F.);
#2305 = EDGE_CURVE('',#2306,#2278,#2308,.T.);
#2306 = VERTEX_POINT('',#2307);
#2307 = CARTESIAN_POINT('',(104.14,-8.835536357684,13.77959788363));
#2308 = SURFACE_CURVE('',#2309,(#2314,#2325),.PCURVE_S1.);
#2309 = ELLIPSE('',#2310,0.766893984219,0.762);
#2310 = AXIS2_PLACEMENT_3D('',#2311,#2312,#2313);
#2311 = CARTESIAN_POINT('',(104.14,-8.175625,14.16059788363));
#2312 = DIRECTION('',(-0.993618434464,-5.639682325395E-02,
    9.768216326133E-02));
#2313 = DIRECTION('',(-0.112793646508,0.496809217232,-0.860498805915));
#2314 = PCURVE('',#1699,#2315);
#2315 = DEFINITIONAL_REPRESENTATION('',(#2316),#2324);
#2316 = B_SPLINE_CURVE_WITH_KNOTS('',6,(#2317,#2318,#2319,#2320,#2321,
    #2322,#2323),.UNSPECIFIED.,.F.,.F.,(7,7),(1.57079627168,
    4.712388980385),.PIECEWISE_BEZIER_KNOTS.);
#2317 = CARTESIAN_POINT('',(1.047197496082,6.858000004767));
#2318 = CARTESIAN_POINT('',(1.570796280866,6.812708307254));
#2319 = CARTESIAN_POINT('',(2.09439506565,6.767455623859));
#2320 = CARTESIAN_POINT('',(2.617993850434,6.744195563155));
#2321 = CARTESIAN_POINT('',(3.141592635218,6.767455620645));
#2322 = CARTESIAN_POINT('',(3.665191420002,6.812708302487));
#2323 = CARTESIAN_POINT('',(4.188790204786,6.858));
#2324 = ( GEOMETRIC_REPRESENTATION_CONTEXT(2) 
PARAMETRIC_REPRESENTATION_CONTEXT() REPRESENTATION_CONTEXT('2D SPACE',''
  ) );
#2325 = PCURVE('',#2326,#2331);
#2326 = CYLINDRICAL_SURFACE('',#2327,0.762);
#2327 = AXIS2_PLACEMENT_3D('',#2328,#2329,#2330);
#2328 = CARTESIAN_POINT('',(104.14,-8.175625,14.16059788363));
#2329 = DIRECTION('',(-0.974555186615,-0.112073846461,0.19411759627));
#2330 = DIRECTION('',(-0.195348313949,0.,-0.980733927341));
#2331 = DEFINITIONAL_REPRESENTATION('',(#2332),#2340);
#2332 = B_SPLINE_CURVE_WITH_KNOTS('',6,(#2333,#2334,#2335,#2336,#2337,
    #2338,#2339),.UNSPECIFIED.,.F.,.F.,(7,7),(1.57079627168,
    4.712388980385),.PIECEWISE_BEZIER_KNOTS.);
#2333 = CARTESIAN_POINT('',(1.058285505022,-4.767480454859E-09));
#2334 = CARTESIAN_POINT('',(1.581884289806,4.529169274551E-02));
#2335 = CARTESIAN_POINT('',(2.10548307459,9.05443761408E-02));
#2336 = CARTESIAN_POINT('',(2.629081859374,0.113804436845));
#2337 = CARTESIAN_POINT('',(3.152680644158,9.054437935466E-02));
#2338 = CARTESIAN_POINT('',(3.676279428942,4.529169751298E-02));
#2339 = CARTESIAN_POINT('',(4.199878213726,-1.127986593019E-14));
#2340 = ( GEOMETRIC_REPRESENTATION_CONTEXT(2) 
PARAMETRIC_REPRESENTATION_CONTEXT() REPRESENTATION_CONTEXT('2D SPACE',''
  ) );
#2341 = ORIENTED_EDGE('',*,*,#2342,.F.);
#2342 = EDGE_CURVE('',#2257,#2306,#2343,.T.);
#2343 = SURFACE_CURVE('',#2344,(#2349,#2355),.PCURVE_S1.);
#2344 = CIRCLE('',#2345,0.762);
#2345 = AXIS2_PLACEMENT_3D('',#2346,#2347,#2348);
#2346 = CARTESIAN_POINT('',(104.14,-8.175625,14.16059788363));
#2347 = DIRECTION('',(-1.,0.,0.));
#2348 = DIRECTION('',(0.,0.,-1.));
#2349 = PCURVE('',#1699,#2350);
#2350 = DEFINITIONAL_REPRESENTATION('',(#2351),#2354);
#2351 = B_SPLINE_CURVE_WITH_KNOTS('',1,(#2352,#2353),.UNSPECIFIED.,.F.,
  .F.,(2,2),(0.,1.047197551197),.PIECEWISE_BEZIER_KNOTS.);
#2352 = CARTESIAN_POINT('',(0.,6.858));
#2353 = CARTESIAN_POINT('',(1.047197551197,6.858));
#2354 = ( GEOMETRIC_REPRESENTATION_CONTEXT(2) 
PARAMETRIC_REPRESENTATION_CONTEXT() REPRESENTATION_CONTEXT('2D SPACE',''
  ) );
#2355 = PCURVE('',#2293,#2356);
#2356 = DEFINITIONAL_REPRESENTATION('',(#2357),#2361);
#2357 = CIRCLE('',#2358,0.762);
#2358 = AXIS2_PLACEMENT_2D('',#2359,#2360);
#2359 = CARTESIAN_POINT('',(0.,0.));
#2360 = DIRECTION('',(1.,0.));
#2361 = ( GEOMETRIC_REPRESENTATION_CONTEXT(2) 
PARAMETRIC_REPRESENTATION_CONTEXT() REPRESENTATION_CONTEXT('2D SPACE',''
  ) );
#2362 = ORIENTED_EDGE('',*,*,#2256,.F.);
#2363 = ADVANCED_FACE('',(#2364),#1729,.F.);
#2364 = FACE_BOUND('',#2365,.F.);
#2365 = EDGE_LOOP('',(#2366,#2385,#2386,#2387));
#2366 = ORIENTED_EDGE('',*,*,#2367,.F.);
#2367 = EDGE_CURVE('',#1780,#1713,#2368,.T.);
#2368 = SEAM_CURVE('',#2369,(#2373,#2379),.PCURVE_S1.);
#2369 = LINE('',#2370,#2371);
#2370 = CARTESIAN_POINT('',(66.04,21.6535,0.));
#2371 = VECTOR('',#2372,1.);
#2372 = DIRECTION('',(0.984358365323,-0.176177775612,0.));
#2373 = PCURVE('',#1729,#2374);
#2374 = DEFINITIONAL_REPRESENTATION('',(#2375),#2378);
#2375 = B_SPLINE_CURVE_WITH_KNOTS('',1,(#2376,#2377),.UNSPECIFIED.,.F.,
  .F.,(2,2),(0.,45.156318639538),.PIECEWISE_BEZIER_KNOTS.);
#2376 = CARTESIAN_POINT('',(0.,0.));
#2377 = CARTESIAN_POINT('',(0.,-44.45));
#2378 = ( GEOMETRIC_REPRESENTATION_CONTEXT(2) 
PARAMETRIC_REPRESENTATION_CONTEXT() REPRESENTATION_CONTEXT('2D SPACE',''
  ) );
#2379 = PCURVE('',#1729,#2380);
#2380 = DEFINITIONAL_REPRESENTATION('',(#2381),#2384);
#2381 = B_SPLINE_CURVE_WITH_KNOTS('',1,(#2382,#2383),.UNSPECIFIED.,.F.,
  .F.,(2,2),(0.,45.156318639538),.PIECEWISE_BEZIER_KNOTS.);
#2382 = CARTESIAN_POINT('',(-6.28318530718,0.));
#2383 = CARTESIAN_POINT('',(-6.28318530718,-44.45));
#2384 = ( GEOMETRIC_REPRESENTATION_CONTEXT(2) 
PARAMETRIC_REPRESENTATION_CONTEXT() REPRESENTATION_CONTEXT('2D SPACE',''
  ) );
#2385 = ORIENTED_EDGE('',*,*,#1827,.T.);
#2386 = ORIENTED_EDGE('',*,*,#2367,.T.);
#2387 = ORIENTED_EDGE('',*,*,#1712,.F.);
#2388 = ADVANCED_FACE('',(#2389),#1763,.F.);
#2389 = FACE_BOUND('',#2390,.F.);
#2390 = EDGE_LOOP('',(#2391,#2392,#2413,#2441,#2478,#2499));
#2391 = ORIENTED_EDGE('',*,*,#1742,.T.);
#2392 = ORIENTED_EDGE('',*,*,#2393,.T.);
#2393 = EDGE_CURVE('',#1743,#2394,#2396,.T.);
#2394 = VERTEX_POINT('',#2395);
#2395 = CARTESIAN_POINT('',(104.14,8.175625,13.39859788363));
#2396 = SEAM_CURVE('',#2397,(#2401,#2407),.PCURVE_S1.);
#2397 = LINE('',#2398,#2399);
#2398 = CARTESIAN_POINT('',(110.998,8.175625,13.39859788363));
#2399 = VECTOR('',#2400,1.);
#2400 = DIRECTION('',(-1.,0.,0.));
#2401 = PCURVE('',#1763,#2402);
#2402 = DEFINITIONAL_REPRESENTATION('',(#2403),#2406);
#2403 = B_SPLINE_CURVE_WITH_KNOTS('',1,(#2404,#2405),.UNSPECIFIED.,.F.,
  .F.,(2,2),(0.508,6.858),.PIECEWISE_BEZIER_KNOTS.);
#2404 = CARTESIAN_POINT('',(0.,0.508));
#2405 = CARTESIAN_POINT('',(0.,6.858));
#2406 = ( GEOMETRIC_REPRESENTATION_CONTEXT(2) 
PARAMETRIC_REPRESENTATION_CONTEXT() REPRESENTATION_CONTEXT('2D SPACE',''
  ) );
#2407 = PCURVE('',#1763,#2408);
#2408 = DEFINITIONAL_REPRESENTATION('',(#2409),#2412);
#2409 = B_SPLINE_CURVE_WITH_KNOTS('',1,(#2410,#2411),.UNSPECIFIED.,.F.,
  .F.,(2,2),(0.508,6.858),.PIECEWISE_BEZIER_KNOTS.);
#2410 = CARTESIAN_POINT('',(6.28318530718,0.508));
#2411 = CARTESIAN_POINT('',(6.28318530718,6.858));
#2412 = ( GEOMETRIC_REPRESENTATION_CONTEXT(2) 
PARAMETRIC_REPRESENTATION_CONTEXT() REPRESENTATION_CONTEXT('2D SPACE',''
  ) );
#2413 = ORIENTED_EDGE('',*,*,#2414,.F.);
#2414 = EDGE_CURVE('',#2415,#2394,#2417,.T.);
#2415 = VERTEX_POINT('',#2416);
#2416 = CARTESIAN_POINT('',(104.14,8.835536357684,13.77959788363));
#2417 = SURFACE_CURVE('',#2418,(#2423,#2429),.PCURVE_S1.);
#2418 = CIRCLE('',#2419,0.762);
#2419 = AXIS2_PLACEMENT_3D('',#2420,#2421,#2422);
#2420 = CARTESIAN_POINT('',(104.14,8.175625,14.16059788363));
#2421 = DIRECTION('',(-1.,0.,0.));
#2422 = DIRECTION('',(0.,0.,-1.));
#2423 = PCURVE('',#1763,#2424);
#2424 = DEFINITIONAL_REPRESENTATION('',(#2425),#2428);
#2425 = B_SPLINE_CURVE_WITH_KNOTS('',1,(#2426,#2427),.UNSPECIFIED.,.F.,
  .F.,(2,2),(5.235987755983,6.28318530718),.PIECEWISE_BEZIER_KNOTS.);
#2426 = CARTESIAN_POINT('',(5.235987755983,6.858));
#2427 = CARTESIAN_POINT('',(6.28318530718,6.858));
#2428 = ( GEOMETRIC_REPRESENTATION_CONTEXT(2) 
PARAMETRIC_REPRESENTATION_CONTEXT() REPRESENTATION_CONTEXT('2D SPACE',''
  ) );
#2429 = PCURVE('',#2430,#2435);
#2430 = PLANE('',#2431);
#2431 = AXIS2_PLACEMENT_3D('',#2432,#2433,#2434);
#2432 = CARTESIAN_POINT('',(104.14,8.175625,14.16059788363));
#2433 = DIRECTION('',(-1.,0.,0.));
#2434 = DIRECTION('',(0.,0.,-1.));
#2435 = DEFINITIONAL_REPRESENTATION('',(#2436),#2440);
#2436 = CIRCLE('',#2437,0.762);
#2437 = AXIS2_PLACEMENT_2D('',#2438,#2439);
#2438 = CARTESIAN_POINT('',(0.,0.));
#2439 = DIRECTION('',(1.,0.));
#2440 = ( GEOMETRIC_REPRESENTATION_CONTEXT(2) 
PARAMETRIC_REPRESENTATION_CONTEXT() REPRESENTATION_CONTEXT('2D SPACE',''
  ) );
#2441 = ORIENTED_EDGE('',*,*,#2442,.F.);
#2442 = EDGE_CURVE('',#2443,#2415,#2445,.T.);
#2443 = VERTEX_POINT('',#2444);
#2444 = CARTESIAN_POINT('',(104.14,7.515713642316,14.54159788363));
#2445 = SURFACE_CURVE('',#2446,(#2451,#2462),.PCURVE_S1.);
#2446 = ELLIPSE('',#2447,0.766893984219,0.762);
#2447 = AXIS2_PLACEMENT_3D('',#2448,#2449,#2450);
#2448 = CARTESIAN_POINT('',(104.14,8.175625,14.16059788363));
#2449 = DIRECTION('',(-0.993618434464,5.639682325395E-02,
    9.768216326133E-02));
#2450 = DIRECTION('',(-0.112793646508,-0.496809217232,-0.860498805915));
#2451 = PCURVE('',#1763,#2452);
#2452 = DEFINITIONAL_REPRESENTATION('',(#2453),#2461);
#2453 = B_SPLINE_CURVE_WITH_KNOTS('',6,(#2454,#2455,#2456,#2457,#2458,
    #2459,#2460),.UNSPECIFIED.,.F.,.F.,(7,7),(1.57079632626,
    4.712388980385),.PIECEWISE_BEZIER_KNOTS.);
#2454 = CARTESIAN_POINT('',(2.094395101858,6.858000000046));
#2455 = CARTESIAN_POINT('',(2.617993877546,6.81270830332));
#2456 = CARTESIAN_POINT('',(3.141592653233,6.767455622253));
#2457 = CARTESIAN_POINT('',(3.665191428921,6.744195564357));
#2458 = CARTESIAN_POINT('',(4.188790204608,6.767455622221));
#2459 = CARTESIAN_POINT('',(4.712388980296,6.812708303274));
#2460 = CARTESIAN_POINT('',(5.235987755983,6.858));
#2461 = ( GEOMETRIC_REPRESENTATION_CONTEXT(2) 
PARAMETRIC_REPRESENTATION_CONTEXT() REPRESENTATION_CONTEXT('2D SPACE',''
  ) );
#2462 = PCURVE('',#2463,#2468);
#2463 = CYLINDRICAL_SURFACE('',#2464,0.762);
#2464 = AXIS2_PLACEMENT_3D('',#2465,#2466,#2467);
#2465 = CARTESIAN_POINT('',(104.14,8.175625,14.16059788363));
#2466 = DIRECTION('',(-0.974555186615,0.112073846461,0.19411759627));
#2467 = DIRECTION('',(-0.195348313949,0.,-0.980733927341));
#2468 = DEFINITIONAL_REPRESENTATION('',(#2469),#2477);
#2469 = B_SPLINE_CURVE_WITH_KNOTS('',6,(#2470,#2471,#2472,#2473,#2474,
    #2475,#2476),.UNSPECIFIED.,.F.,.F.,(7,7),(1.57079632626,
    4.712388980385),.PIECEWISE_BEZIER_KNOTS.);
#2470 = CARTESIAN_POINT('',(2.083307092919,-4.625873017972E-11));
#2471 = CARTESIAN_POINT('',(2.606905868606,4.529169667986E-02));
#2472 = CARTESIAN_POINT('',(3.130504644293,9.054437774762E-02));
#2473 = CARTESIAN_POINT('',(3.654103419981,0.113804435642));
#2474 = CARTESIAN_POINT('',(4.177702195668,9.054437777889E-02));
#2475 = CARTESIAN_POINT('',(4.701300971356,4.529169672611E-02));
#2476 = CARTESIAN_POINT('',(5.224899747043,-1.127986593019E-14));
#2477 = ( GEOMETRIC_REPRESENTATION_CONTEXT(2) 
PARAMETRIC_REPRESENTATION_CONTEXT() REPRESENTATION_CONTEXT('2D SPACE',''
  ) );
#2478 = ORIENTED_EDGE('',*,*,#2479,.F.);
#2479 = EDGE_CURVE('',#2394,#2443,#2480,.T.);
#2480 = SURFACE_CURVE('',#2481,(#2486,#2492),.PCURVE_S1.);
#2481 = CIRCLE('',#2482,0.762);
#2482 = AXIS2_PLACEMENT_3D('',#2483,#2484,#2485);
#2483 = CARTESIAN_POINT('',(104.14,8.175625,14.16059788363));
#2484 = DIRECTION('',(-1.,0.,0.));
#2485 = DIRECTION('',(0.,0.,-1.));
#2486 = PCURVE('',#1763,#2487);
#2487 = DEFINITIONAL_REPRESENTATION('',(#2488),#2491);
#2488 = B_SPLINE_CURVE_WITH_KNOTS('',1,(#2489,#2490),.UNSPECIFIED.,.F.,
  .F.,(2,2),(0.,2.094395102393),.PIECEWISE_BEZIER_KNOTS.);
#2489 = CARTESIAN_POINT('',(0.,6.858));
#2490 = CARTESIAN_POINT('',(2.094395102393,6.858));
#2491 = ( GEOMETRIC_REPRESENTATION_CONTEXT(2) 
PARAMETRIC_REPRESENTATION_CONTEXT() REPRESENTATION_CONTEXT('2D SPACE',''
  ) );
#2492 = PCURVE('',#2430,#2493);
#2493 = DEFINITIONAL_REPRESENTATION('',(#2494),#2498);
#2494 = CIRCLE('',#2495,0.762);
#2495 = AXIS2_PLACEMENT_2D('',#2496,#2497);
#2496 = CARTESIAN_POINT('',(0.,0.));
#2497 = DIRECTION('',(1.,0.));
#2498 = ( GEOMETRIC_REPRESENTATION_CONTEXT(2) 
PARAMETRIC_REPRESENTATION_CONTEXT() REPRESENTATION_CONTEXT('2D SPACE',''
  ) );
#2499 = ORIENTED_EDGE('',*,*,#2393,.F.);
#2500 = ADVANCED_FACE('',(#2501,#2504),#1814,.T.);
#2501 = FACE_BOUND('',#2502,.F.);
#2502 = EDGE_LOOP('',(#2503));
#2503 = ORIENTED_EDGE('',*,*,#1800,.F.);
#2504 = FACE_BOUND('',#2505,.F.);
#2505 = EDGE_LOOP('',(#2506));
#2506 = ORIENTED_EDGE('',*,*,#2507,.T.);
#2507 = EDGE_CURVE('',#2508,#2508,#2510,.T.);
#2508 = VERTEX_POINT('',#2509);
#2509 = CARTESIAN_POINT('',(-75.438,4.354844017768E-15,17.78));
#2510 = SURFACE_CURVE('',#2511,(#2516,#2523),.PCURVE_S1.);
#2511 = CIRCLE('',#2512,17.78);
#2512 = AXIS2_PLACEMENT_3D('',#2513,#2514,#2515);
#2513 = CARTESIAN_POINT('',(-75.438,0.,0.));
#2514 = DIRECTION('',(1.,0.,0.));
#2515 = DIRECTION('',(-0.,0.,1.));
#2516 = PCURVE('',#1814,#2517);
#2517 = DEFINITIONAL_REPRESENTATION('',(#2518),#2522);
#2518 = CIRCLE('',#2519,17.78);
#2519 = AXIS2_PLACEMENT_2D('',#2520,#2521);
#2520 = CARTESIAN_POINT('',(0.,0.));
#2521 = DIRECTION('',(0.,1.));
#2522 = ( GEOMETRIC_REPRESENTATION_CONTEXT(2) 
PARAMETRIC_REPRESENTATION_CONTEXT() REPRESENTATION_CONTEXT('2D SPACE',''
  ) );
#2523 = PCURVE('',#2524,#2529);
#2524 = CYLINDRICAL_SURFACE('',#2525,17.78);
#2525 = AXIS2_PLACEMENT_3D('',#2526,#2527,#2528);
#2526 = CARTESIAN_POINT('',(-109.4782964901,0.,0.));
#2527 = DIRECTION('',(1.,0.,0.));
#2528 = DIRECTION('',(-0.,0.,1.));
#2529 = DEFINITIONAL_REPRESENTATION('',(#2530),#2533);
#2530 = B_SPLINE_CURVE_WITH_KNOTS('',1,(#2531,#2532),.UNSPECIFIED.,.F.,
  .F.,(2,2),(0.,6.28318530718),.PIECEWISE_BEZIER_KNOTS.);
#2531 = CARTESIAN_POINT('',(0.,34.040296490114));
#2532 = CARTESIAN_POINT('',(6.28318530718,34.040296490114));
#2533 = ( GEOMETRIC_REPRESENTATION_CONTEXT(2) 
PARAMETRIC_REPRESENTATION_CONTEXT() REPRESENTATION_CONTEXT('2D SPACE',''
  ) );
#2534 = ADVANCED_FACE('',(#2535),#1923,.F.);
#2535 = FACE_BOUND('',#2536,.F.);
#2536 = EDGE_LOOP('',(#2537,#2574,#2604,#2623,#2624,#2625,#2655));
#2537 = ORIENTED_EDGE('',*,*,#2538,.F.);
#2538 = EDGE_CURVE('',#2539,#2541,#2543,.T.);
#2539 = VERTEX_POINT('',#2540);
#2540 = CARTESIAN_POINT('',(55.88,0.762,25.11425));
#2541 = VERTEX_POINT('',#2542);
#2542 = CARTESIAN_POINT('',(55.118,1.866361721901E-16,24.35225));
#2543 = SURFACE_CURVE('',#2544,(#2549,#2559),.PCURVE_S1.);
#2544 = ELLIPSE('',#2545,1.077630734528,0.762);
#2545 = AXIS2_PLACEMENT_3D('',#2546,#2547,#2548);
#2546 = CARTESIAN_POINT('',(55.88,0.,25.11425));
#2547 = DIRECTION('',(-0.707106781187,0.,0.707106781187));
#2548 = DIRECTION('',(0.707106781187,0.,0.707106781187));
#2549 = PCURVE('',#1923,#2550);
#2550 = DEFINITIONAL_REPRESENTATION('',(#2551),#2558);
#2551 = B_SPLINE_CURVE_WITH_KNOTS('',5,(#2552,#2553,#2554,#2555,#2556,
    #2557),.UNSPECIFIED.,.F.,.F.,(6,6),(1.570796327259,3.14159265359),
  .PIECEWISE_BEZIER_KNOTS.);
#2552 = CARTESIAN_POINT('',(1.570796327259,4.730749999647));
#2553 = CARTESIAN_POINT('',(1.884955592525,4.491360639514));
#2554 = CARTESIAN_POINT('',(2.199114857791,4.251754605824));
#2555 = CARTESIAN_POINT('',(2.513274123057,4.062499045453));
#2556 = CARTESIAN_POINT('',(2.827433388324,3.96875));
#2557 = CARTESIAN_POINT('',(3.14159265359,3.96875));
#2558 = ( GEOMETRIC_REPRESENTATION_CONTEXT(2) 
PARAMETRIC_REPRESENTATION_CONTEXT() REPRESENTATION_CONTEXT('2D SPACE',''
  ) );
#2559 = PCURVE('',#2560,#2565);
#2560 = CYLINDRICAL_SURFACE('',#2561,0.762);
#2561 = AXIS2_PLACEMENT_3D('',#2562,#2563,#2564);
#2562 = CARTESIAN_POINT('',(56.642,0.,25.11425));
#2563 = DIRECTION('',(-1.,0.,0.));
#2564 = DIRECTION('',(0.,0.,-1.));
#2565 = DEFINITIONAL_REPRESENTATION('',(#2566),#2573);
#2566 = B_SPLINE_CURVE_WITH_KNOTS('',5,(#2567,#2568,#2569,#2570,#2571,
    #2572),.UNSPECIFIED.,.F.,.F.,(6,6),(1.570796327259,3.14159265359),
  .PIECEWISE_BEZIER_KNOTS.);
#2567 = CARTESIAN_POINT('',(4.712388980849,0.762000000353));
#2568 = CARTESIAN_POINT('',(5.026548246115,1.001389360486));
#2569 = CARTESIAN_POINT('',(5.340707511381,1.240995394176));
#2570 = CARTESIAN_POINT('',(5.654866776647,1.430250954547));
#2571 = CARTESIAN_POINT('',(5.969026041913,1.524));
#2572 = CARTESIAN_POINT('',(6.28318530718,1.524));
#2573 = ( GEOMETRIC_REPRESENTATION_CONTEXT(2) 
PARAMETRIC_REPRESENTATION_CONTEXT() REPRESENTATION_CONTEXT('2D SPACE',''
  ) );
#2574 = ORIENTED_EDGE('',*,*,#2575,.F.);
#2575 = EDGE_CURVE('',#2576,#2539,#2578,.T.);
#2576 = VERTEX_POINT('',#2577);
#2577 = CARTESIAN_POINT('',(56.642,1.866361721901E-16,24.35225));
#2578 = SURFACE_CURVE('',#2579,(#2584,#2594),.PCURVE_S1.);
#2579 = ELLIPSE('',#2580,1.077630734528,0.762);
#2580 = AXIS2_PLACEMENT_3D('',#2581,#2582,#2583);
#2581 = CARTESIAN_POINT('',(55.88,0.,25.11425));
#2582 = DIRECTION('',(0.707106781187,0.,0.707106781187));
#2583 = DIRECTION('',(-0.707106781187,0.,0.707106781187));
#2584 = PCURVE('',#1923,#2585);
#2585 = DEFINITIONAL_REPRESENTATION('',(#2586),#2593);
#2586 = B_SPLINE_CURVE_WITH_KNOTS('',5,(#2587,#2588,#2589,#2590,#2591,
    #2592),.UNSPECIFIED.,.F.,.F.,(6,6),(3.14159265359,4.712388980385),
  .PIECEWISE_BEZIER_KNOTS.);
#2587 = CARTESIAN_POINT('',(-8.881784197001E-16,3.96875));
#2588 = CARTESIAN_POINT('',(0.314159265359,3.96875));
#2589 = CARTESIAN_POINT('',(0.628318530718,4.062499045508));
#2590 = CARTESIAN_POINT('',(0.942477796077,4.251754605992));
#2591 = CARTESIAN_POINT('',(1.256637061436,4.491360639796));
#2592 = CARTESIAN_POINT('',(1.570796326795,4.73075));
#2593 = ( GEOMETRIC_REPRESENTATION_CONTEXT(2) 
PARAMETRIC_REPRESENTATION_CONTEXT() REPRESENTATION_CONTEXT('2D SPACE',''
  ) );
#2594 = PCURVE('',#2560,#2595);
#2595 = DEFINITIONAL_REPRESENTATION('',(#2596),#2603);
#2596 = B_SPLINE_CURVE_WITH_KNOTS('',5,(#2597,#2598,#2599,#2600,#2601,
    #2602),.UNSPECIFIED.,.F.,.F.,(6,6),(3.14159265359,4.712388980385),
  .PIECEWISE_BEZIER_KNOTS.);
#2597 = CARTESIAN_POINT('',(6.28318530718,0.));
#2598 = CARTESIAN_POINT('',(5.969026041821,-1.356269731916E-16));
#2599 = CARTESIAN_POINT('',(5.654866776462,9.374904550794E-02));
#2600 = CARTESIAN_POINT('',(5.340707511103,0.283004605992));
#2601 = CARTESIAN_POINT('',(5.026548245744,0.522610639796));
#2602 = CARTESIAN_POINT('',(4.712388980385,0.762));
#2603 = ( GEOMETRIC_REPRESENTATION_CONTEXT(2) 
PARAMETRIC_REPRESENTATION_CONTEXT() REPRESENTATION_CONTEXT('2D SPACE',''
  ) );
#2604 = ORIENTED_EDGE('',*,*,#2605,.F.);
#2605 = EDGE_CURVE('',#1862,#2576,#2606,.T.);
#2606 = SEAM_CURVE('',#2607,(#2611,#2617),.PCURVE_S1.);
#2607 = LINE('',#2608,#2609);
#2608 = CARTESIAN_POINT('',(56.642,-1.866361721901E-16,20.3835));
#2609 = VECTOR('',#2610,1.);
#2610 = DIRECTION('',(0.,0.,1.));
#2611 = PCURVE('',#1923,#2612);
#2612 = DEFINITIONAL_REPRESENTATION('',(#2613),#2616);
#2613 = B_SPLINE_CURVE_WITH_KNOTS('',1,(#2614,#2615),.UNSPECIFIED.,.F.,
  .F.,(2,2),(1.27,3.96875),.PIECEWISE_BEZIER_KNOTS.);
#2614 = CARTESIAN_POINT('',(6.28318530718,1.27));
#2615 = CARTESIAN_POINT('',(6.28318530718,3.96875));
#2616 = ( GEOMETRIC_REPRESENTATION_CONTEXT(2) 
PARAMETRIC_REPRESENTATION_CONTEXT() REPRESENTATION_CONTEXT('2D SPACE',''
  ) );
#2617 = PCURVE('',#1923,#2618);
#2618 = DEFINITIONAL_REPRESENTATION('',(#2619),#2622);
#2619 = B_SPLINE_CURVE_WITH_KNOTS('',1,(#2620,#2621),.UNSPECIFIED.,.F.,
  .F.,(2,2),(1.27,3.96875),.PIECEWISE_BEZIER_KNOTS.);
#2620 = CARTESIAN_POINT('',(0.,1.27));
#2621 = CARTESIAN_POINT('',(0.,3.96875));
#2622 = ( GEOMETRIC_REPRESENTATION_CONTEXT(2) 
PARAMETRIC_REPRESENTATION_CONTEXT() REPRESENTATION_CONTEXT('2D SPACE',''
  ) );
#2623 = ORIENTED_EDGE('',*,*,#1861,.T.);
#2624 = ORIENTED_EDGE('',*,*,#2605,.T.);
#2625 = ORIENTED_EDGE('',*,*,#2626,.F.);
#2626 = EDGE_CURVE('',#2627,#2576,#2629,.T.);
#2627 = VERTEX_POINT('',#2628);
#2628 = CARTESIAN_POINT('',(55.88,-0.762,25.11425));
#2629 = SURFACE_CURVE('',#2630,(#2635,#2645),.PCURVE_S1.);
#2630 = ELLIPSE('',#2631,1.077630734528,0.762);
#2631 = AXIS2_PLACEMENT_3D('',#2632,#2633,#2634);
#2632 = CARTESIAN_POINT('',(55.88,0.,25.11425));
#2633 = DIRECTION('',(0.707106781187,0.,0.707106781187));
#2634 = DIRECTION('',(-0.707106781187,0.,0.707106781187));
#2635 = PCURVE('',#1923,#2636);
#2636 = DEFINITIONAL_REPRESENTATION('',(#2637),#2644);
#2637 = B_SPLINE_CURVE_WITH_KNOTS('',5,(#2638,#2639,#2640,#2641,#2642,
    #2643),.UNSPECIFIED.,.F.,.F.,(6,6),(1.570796327259,3.14159265359),
  .PIECEWISE_BEZIER_KNOTS.);
#2638 = CARTESIAN_POINT('',(4.712388980849,4.730749999647));
#2639 = CARTESIAN_POINT('',(5.026548246115,4.491360639514));
#2640 = CARTESIAN_POINT('',(5.340707511381,4.251754605824));
#2641 = CARTESIAN_POINT('',(5.654866776647,4.062499045453));
#2642 = CARTESIAN_POINT('',(5.969026041913,3.96875));
#2643 = CARTESIAN_POINT('',(6.28318530718,3.96875));
#2644 = ( GEOMETRIC_REPRESENTATION_CONTEXT(2) 
PARAMETRIC_REPRESENTATION_CONTEXT() REPRESENTATION_CONTEXT('2D SPACE',''
  ) );
#2645 = PCURVE('',#2560,#2646);
#2646 = DEFINITIONAL_REPRESENTATION('',(#2647),#2654);
#2647 = B_SPLINE_CURVE_WITH_KNOTS('',5,(#2648,#2649,#2650,#2651,#2652,
    #2653),.UNSPECIFIED.,.F.,.F.,(6,6),(1.570796327259,3.14159265359),
  .PIECEWISE_BEZIER_KNOTS.);
#2648 = CARTESIAN_POINT('',(1.570796326331,0.761999999647));
#2649 = CARTESIAN_POINT('',(1.256637061065,0.522610639514));
#2650 = CARTESIAN_POINT('',(0.942477795799,0.283004605824));
#2651 = CARTESIAN_POINT('',(0.628318530532,9.374904545282E-02));
#2652 = CARTESIAN_POINT('',(0.314159265266,1.356269731516E-16));
#2653 = CARTESIAN_POINT('',(5.665538897648E-16,0.));
#2654 = ( GEOMETRIC_REPRESENTATION_CONTEXT(2) 
PARAMETRIC_REPRESENTATION_CONTEXT() REPRESENTATION_CONTEXT('2D SPACE',''
  ) );
#2655 = ORIENTED_EDGE('',*,*,#2656,.F.);
#2656 = EDGE_CURVE('',#2541,#2627,#2657,.T.);
#2657 = SURFACE_CURVE('',#2658,(#2663,#2673),.PCURVE_S1.);
#2658 = ELLIPSE('',#2659,1.077630734528,0.762);
#2659 = AXIS2_PLACEMENT_3D('',#2660,#2661,#2662);
#2660 = CARTESIAN_POINT('',(55.88,0.,25.11425));
#2661 = DIRECTION('',(-0.707106781187,0.,0.707106781187));
#2662 = DIRECTION('',(0.707106781187,0.,0.707106781187));
#2663 = PCURVE('',#1923,#2664);
#2664 = DEFINITIONAL_REPRESENTATION('',(#2665),#2672);
#2665 = B_SPLINE_CURVE_WITH_KNOTS('',5,(#2666,#2667,#2668,#2669,#2670,
    #2671),.UNSPECIFIED.,.F.,.F.,(6,6),(3.14159265359,4.712388980385),
  .PIECEWISE_BEZIER_KNOTS.);
#2666 = CARTESIAN_POINT('',(3.14159265359,3.96875));
#2667 = CARTESIAN_POINT('',(3.455751918949,3.96875));
#2668 = CARTESIAN_POINT('',(3.769911184308,4.062499045508));
#2669 = CARTESIAN_POINT('',(4.084070449667,4.251754605992));
#2670 = CARTESIAN_POINT('',(4.398229715026,4.491360639796));
#2671 = CARTESIAN_POINT('',(4.712388980385,4.73075));
#2672 = ( GEOMETRIC_REPRESENTATION_CONTEXT(2) 
PARAMETRIC_REPRESENTATION_CONTEXT() REPRESENTATION_CONTEXT('2D SPACE',''
  ) );
#2673 = PCURVE('',#2560,#2674);
#2674 = DEFINITIONAL_REPRESENTATION('',(#2675),#2682);
#2675 = B_SPLINE_CURVE_WITH_KNOTS('',5,(#2676,#2677,#2678,#2679,#2680,
    #2681),.UNSPECIFIED.,.F.,.F.,(6,6),(3.14159265359,4.712388980385),
  .PIECEWISE_BEZIER_KNOTS.);
#2676 = CARTESIAN_POINT('',(-8.881784197001E-16,1.524));
#2677 = CARTESIAN_POINT('',(0.314159265359,1.524));
#2678 = CARTESIAN_POINT('',(0.628318530718,1.430250954492));
#2679 = CARTESIAN_POINT('',(0.942477796077,1.240995394008));
#2680 = CARTESIAN_POINT('',(1.256637061436,1.001389360204));
#2681 = CARTESIAN_POINT('',(1.570796326795,0.762));
#2682 = ( GEOMETRIC_REPRESENTATION_CONTEXT(2) 
PARAMETRIC_REPRESENTATION_CONTEXT() REPRESENTATION_CONTEXT('2D SPACE',''
  ) );
#2683 = ADVANCED_FACE('',(#2684),#1979,.F.);
#2684 = FACE_BOUND('',#2685,.F.);
#2685 = EDGE_LOOP('',(#2686,#2712));
#2686 = ORIENTED_EDGE('',*,*,#2687,.T.);
#2687 = EDGE_CURVE('',#1964,#1962,#2688,.T.);
#2688 = SURFACE_CURVE('',#2689,(#2693,#2700),.PCURVE_S1.);
#2689 = LINE('',#2690,#2691);
#2690 = CARTESIAN_POINT('',(104.14,-8.175625,-14.16059788363));
#2691 = VECTOR('',#2692,1.);
#2692 = DIRECTION('',(0.,-0.866025403784,0.5));
#2693 = PCURVE('',#1979,#2694);
#2694 = DEFINITIONAL_REPRESENTATION('',(#2695),#2699);
#2695 = LINE('',#2696,#2697);
#2696 = CARTESIAN_POINT('',(0.,-0.));
#2697 = VECTOR('',#2698,1.);
#2698 = DIRECTION('',(-0.5,0.866025403784));
#2699 = ( GEOMETRIC_REPRESENTATION_CONTEXT(2) 
PARAMETRIC_REPRESENTATION_CONTEXT() REPRESENTATION_CONTEXT('2D SPACE',''
  ) );
#2700 = PCURVE('',#2701,#2706);
#2701 = PLANE('',#2702);
#2702 = AXIS2_PLACEMENT_3D('',#2703,#2704,#2705);
#2703 = CARTESIAN_POINT('',(104.14,-8.175625,-14.16059788363));
#2704 = DIRECTION('',(-0.974555186615,-0.112073846461,-0.19411759627));
#2705 = DIRECTION('',(0.195348313949,0.,-0.980733927341));
#2706 = DEFINITIONAL_REPRESENTATION('',(#2707),#2711);
#2707 = LINE('',#2708,#2709);
#2708 = CARTESIAN_POINT('',(0.,0.));
#2709 = VECTOR('',#2710,1.);
#2710 = DIRECTION('',(-0.49036696367,0.871516058912));
#2711 = ( GEOMETRIC_REPRESENTATION_CONTEXT(2) 
PARAMETRIC_REPRESENTATION_CONTEXT() REPRESENTATION_CONTEXT('2D SPACE',''
  ) );
#2712 = ORIENTED_EDGE('',*,*,#1961,.T.);
#2713 = ADVANCED_FACE('',(#2714),#2011,.F.);
#2714 = FACE_BOUND('',#2715,.F.);
#2715 = EDGE_LOOP('',(#2716,#2717,#2738,#2771,#2806,#2838,#2868,#2894,
    #2895,#2896,#2917));
#2716 = ORIENTED_EDGE('',*,*,#2026,.T.);
#2717 = ORIENTED_EDGE('',*,*,#2718,.T.);
#2718 = EDGE_CURVE('',#1992,#2719,#2721,.T.);
#2719 = VERTEX_POINT('',#2720);
#2720 = CARTESIAN_POINT('',(66.802,-12.48661337275,-22.3747680287));
#2721 = SEAM_CURVE('',#2722,(#2726,#2732),.PCURVE_S1.);
#2722 = LINE('',#2723,#2724);
#2723 = CARTESIAN_POINT('',(104.28885541522,-8.175625,-14.90791713626));
#2724 = VECTOR('',#2725,1.);
#2725 = DIRECTION('',(-0.974555186615,-0.112073846461,-0.19411759627));
#2726 = PCURVE('',#2011,#2727);
#2727 = DEFINITIONAL_REPRESENTATION('',(#2728),#2731);
#2728 = B_SPLINE_CURVE_WITH_KNOTS('',1,(#2729,#2730),.UNSPECIFIED.,.F.,
  .F.,(2,2),(7.538680926116E-02,38.465605570721),
  .PIECEWISE_BEZIER_KNOTS.);
#2729 = CARTESIAN_POINT('',(0.,7.538680926116E-02));
#2730 = CARTESIAN_POINT('',(0.,38.465605570721));
#2731 = ( GEOMETRIC_REPRESENTATION_CONTEXT(2) 
PARAMETRIC_REPRESENTATION_CONTEXT() REPRESENTATION_CONTEXT('2D SPACE',''
  ) );
#2732 = PCURVE('',#2011,#2733);
#2733 = DEFINITIONAL_REPRESENTATION('',(#2734),#2737);
#2734 = B_SPLINE_CURVE_WITH_KNOTS('',1,(#2735,#2736),.UNSPECIFIED.,.F.,
  .F.,(2,2),(7.538680926116E-02,38.465605570721),
  .PIECEWISE_BEZIER_KNOTS.);
#2735 = CARTESIAN_POINT('',(6.28318530718,7.538680926116E-02));
#2736 = CARTESIAN_POINT('',(6.28318530718,38.465605570721));
#2737 = ( GEOMETRIC_REPRESENTATION_CONTEXT(2) 
PARAMETRIC_REPRESENTATION_CONTEXT() REPRESENTATION_CONTEXT('2D SPACE',''
  ) );
#2738 = ORIENTED_EDGE('',*,*,#2739,.F.);
#2739 = EDGE_CURVE('',#2740,#2719,#2742,.T.);
#2740 = VERTEX_POINT('',#2741);
#2741 = CARTESIAN_POINT('',(66.802,-11.85822896981,-22.05320382366));
#2742 = SURFACE_CURVE('',#2743,(#2748,#2759),.PCURVE_S1.);
#2743 = ELLIPSE('',#2744,0.781895176862,0.762);
#2744 = AXIS2_PLACEMENT_3D('',#2745,#2746,#2747);
#2745 = CARTESIAN_POINT('',(66.802,-12.469495,-21.59779888472));
#2746 = DIRECTION('',(-1.,0.,0.));
#2747 = DIRECTION('',(-0.,-0.5,-0.866025403784));
#2748 = PCURVE('',#2011,#2749);
#2749 = DEFINITIONAL_REPRESENTATION('',(#2750),#2758);
#2750 = B_SPLINE_CURVE_WITH_KNOTS('',6,(#2751,#2752,#2753,#2754,#2755,
    #2756,#2757),.UNSPECIFIED.,.F.,.F.,(7,7),(4.826152280264,
    5.770674540521),.PIECEWISE_BEZIER_KNOTS.);
#2751 = CARTESIAN_POINT('',(5.338663046922,38.332736934848));
#2752 = CARTESIAN_POINT('',(5.496083423632,38.360154496318));
#2753 = CARTESIAN_POINT('',(5.653503800341,38.386990531924));
#2754 = CARTESIAN_POINT('',(5.810924177051,38.412018054));
#2755 = CARTESIAN_POINT('',(5.96834455376,38.434040697075));
#2756 = CARTESIAN_POINT('',(6.12576493047,38.45207659372));
#2757 = CARTESIAN_POINT('',(6.28318530718,38.465605570721));
#2758 = ( GEOMETRIC_REPRESENTATION_CONTEXT(2) 
PARAMETRIC_REPRESENTATION_CONTEXT() REPRESENTATION_CONTEXT('2D SPACE',''
  ) );
#2759 = PCURVE('',#2760,#2765);
#2760 = PLANE('',#2761);
#2761 = AXIS2_PLACEMENT_3D('',#2762,#2763,#2764);
#2762 = CARTESIAN_POINT('',(66.802,-12.557125,-21.74957849699));
#2763 = DIRECTION('',(-1.,0.,0.));
#2764 = DIRECTION('',(0.,0.,-1.));
#2765 = DEFINITIONAL_REPRESENTATION('',(#2766),#2770);
#2766 = ELLIPSE('',#2767,0.781895176862,0.762);
#2767 = AXIS2_PLACEMENT_2D('',#2768,#2769);
#2768 = CARTESIAN_POINT('',(-0.151779612267,-8.763E-02));
#2769 = DIRECTION('',(0.866025403784,0.5));
#2770 = ( GEOMETRIC_REPRESENTATION_CONTEXT(2) 
PARAMETRIC_REPRESENTATION_CONTEXT() REPRESENTATION_CONTEXT('2D SPACE',''
  ) );
#2771 = ORIENTED_EDGE('',*,*,#2772,.F.);
#2772 = EDGE_CURVE('',#2773,#2740,#2775,.T.);
#2773 = VERTEX_POINT('',#2774);
#2774 = CARTESIAN_POINT('',(66.04,-11.89721364231,-22.13057849699));
#2775 = SURFACE_CURVE('',#2776,(#2781,#2791),.PCURVE_S1.);
#2776 = ELLIPSE('',#2777,6.755699665642,0.762);
#2777 = AXIS2_PLACEMENT_3D('',#2778,#2779,#2780);
#2778 = CARTESIAN_POINT('',(66.04,-12.557125,-21.74957849699));
#2779 = DIRECTION('',(0.112793646508,-0.496809217232,-0.860498805915));
#2780 = DIRECTION('',(-0.993618434464,-5.639682325395E-02,
    -9.768216326133E-02));
#2781 = PCURVE('',#2011,#2782);
#2782 = DEFINITIONAL_REPRESENTATION('',(#2783),#2790);
#2783 = B_SPLINE_CURVE_WITH_KNOTS('',5,(#2784,#2785,#2786,#2787,#2788,
    #2789),.UNSPECIFIED.,.F.,.F.,(6,6),(1.570796326795,1.684559626673),
  .PIECEWISE_BEZIER_KNOTS.);
#2784 = CARTESIAN_POINT('',(5.224899747043,39.094758843098));
#2785 = CARTESIAN_POINT('',(5.247652407019,38.942029617023));
#2786 = CARTESIAN_POINT('',(5.270405066995,38.789300390926));
#2787 = CARTESIAN_POINT('',(5.29315772697,38.636735884539));
#2788 = CARTESIAN_POINT('',(5.315910386946,38.484500817049));
#2789 = CARTESIAN_POINT('',(5.338663046922,38.332758843098));
#2790 = ( GEOMETRIC_REPRESENTATION_CONTEXT(2) 
PARAMETRIC_REPRESENTATION_CONTEXT() REPRESENTATION_CONTEXT('2D SPACE',''
  ) );
#2791 = PCURVE('',#2792,#2797);
#2792 = CYLINDRICAL_SURFACE('',#2793,0.762);
#2793 = AXIS2_PLACEMENT_3D('',#2794,#2795,#2796);
#2794 = CARTESIAN_POINT('',(66.802,-12.557125,-21.74957849699));
#2795 = DIRECTION('',(-1.,0.,0.));
#2796 = DIRECTION('',(0.,0.,-1.));
#2797 = DEFINITIONAL_REPRESENTATION('',(#2798),#2805);
#2798 = B_SPLINE_CURVE_WITH_KNOTS('',5,(#2799,#2800,#2801,#2802,#2803,
    #2804),.UNSPECIFIED.,.F.,.F.,(6,6),(1.570796326795,1.684559626673),
  .PIECEWISE_BEZIER_KNOTS.);
#2799 = CARTESIAN_POINT('',(5.235987755983,0.762));
#2800 = CARTESIAN_POINT('',(5.213235096007,0.609270773925));
#2801 = CARTESIAN_POINT('',(5.190482436032,0.456541547828));
#2802 = CARTESIAN_POINT('',(5.167729776056,0.303977041441));
#2803 = CARTESIAN_POINT('',(5.14497711608,0.151741973951));
#2804 = CARTESIAN_POINT('',(5.122224456105,4.517947702152E-14));
#2805 = ( GEOMETRIC_REPRESENTATION_CONTEXT(2) 
PARAMETRIC_REPRESENTATION_CONTEXT() REPRESENTATION_CONTEXT('2D SPACE',''
  ) );
#2806 = ORIENTED_EDGE('',*,*,#2807,.F.);
#2807 = EDGE_CURVE('',#2808,#2773,#2810,.T.);
#2808 = VERTEX_POINT('',#2809);
#2809 = CARTESIAN_POINT('',(66.04,-13.21703635768,-21.36857849699));
#2810 = SURFACE_CURVE('',#2811,(#2816,#2827),.PCURVE_S1.);
#2811 = ELLIPSE('',#2812,0.766893984219,0.762);
#2812 = AXIS2_PLACEMENT_3D('',#2813,#2814,#2815);
#2813 = CARTESIAN_POINT('',(66.04,-12.557125,-21.74957849699));
#2814 = DIRECTION('',(-0.993618434464,-5.639682325395E-02,
    -9.768216326133E-02));
#2815 = DIRECTION('',(0.112793646508,-0.496809217232,-0.860498805915));
#2816 = PCURVE('',#2011,#2817);
#2817 = DEFINITIONAL_REPRESENTATION('',(#2818),#2826);
#2818 = B_SPLINE_CURVE_WITH_KNOTS('',6,(#2819,#2820,#2821,#2822,#2823,
    #2824,#2825),.UNSPECIFIED.,.F.,.F.,(7,7),(1.570796326528,
    4.712388980678),.PIECEWISE_BEZIER_KNOTS.);
#2819 = CARTESIAN_POINT('',(2.083307093187,39.094758843121));
#2820 = CARTESIAN_POINT('',(2.606905868879,39.049467146395));
#2821 = CARTESIAN_POINT('',(3.13050464457,39.004214465334));
#2822 = CARTESIAN_POINT('',(3.654103420262,38.980954407454));
#2823 = CARTESIAN_POINT('',(4.177702195954,39.004214465336));
#2824 = CARTESIAN_POINT('',(4.701300971645,39.049467146397));
#2825 = CARTESIAN_POINT('',(5.224899747337,39.094758843124));
#2826 = ( GEOMETRIC_REPRESENTATION_CONTEXT(2) 
PARAMETRIC_REPRESENTATION_CONTEXT() REPRESENTATION_CONTEXT('2D SPACE',''
  ) );
#2827 = PCURVE('',#2792,#2828);
#2828 = DEFINITIONAL_REPRESENTATION('',(#2829),#2837);
#2829 = B_SPLINE_CURVE_WITH_KNOTS('',6,(#2830,#2831,#2832,#2833,#2834,
    #2835,#2836),.UNSPECIFIED.,.F.,.F.,(7,7),(1.570796326528,
    4.712388980678),.PIECEWISE_BEZIER_KNOTS.);
#2830 = CARTESIAN_POINT('',(2.094395102127,0.761999999977));
#2831 = CARTESIAN_POINT('',(2.617993877818,0.807291696703));
#2832 = CARTESIAN_POINT('',(3.14159265351,0.852544377764));
#2833 = CARTESIAN_POINT('',(3.665191429202,0.875804435643));
#2834 = CARTESIAN_POINT('',(4.188790204893,0.852544377762));
#2835 = CARTESIAN_POINT('',(4.712388980585,0.807291696701));
#2836 = CARTESIAN_POINT('',(5.235987756277,0.761999999975));
#2837 = ( GEOMETRIC_REPRESENTATION_CONTEXT(2) 
PARAMETRIC_REPRESENTATION_CONTEXT() REPRESENTATION_CONTEXT('2D SPACE',''
  ) );
#2838 = ORIENTED_EDGE('',*,*,#2839,.F.);
#2839 = EDGE_CURVE('',#2840,#2808,#2842,.T.);
#2840 = VERTEX_POINT('',#2841);
#2841 = CARTESIAN_POINT('',(66.802,-13.16952026121,-21.29612944358));
#2842 = SURFACE_CURVE('',#2843,(#2848,#2858),.PCURVE_S1.);
#2843 = ELLIPSE('',#2844,6.755699665642,0.762);
#2844 = AXIS2_PLACEMENT_3D('',#2845,#2846,#2847);
#2845 = CARTESIAN_POINT('',(66.04,-12.557125,-21.74957849699));
#2846 = DIRECTION('',(0.112793646508,-0.496809217232,-0.860498805915));
#2847 = DIRECTION('',(-0.993618434464,-5.639682325395E-02,
    -9.768216326133E-02));
#2848 = PCURVE('',#2011,#2849);
#2849 = DEFINITIONAL_REPRESENTATION('',(#2850),#2857);
#2850 = B_SPLINE_CURVE_WITH_KNOTS('',5,(#2851,#2852,#2853,#2854,#2855,
    #2856),.UNSPECIFIED.,.F.,.F.,(6,6),(4.598625680506,4.712388980385),
  .PIECEWISE_BEZIER_KNOTS.);
#2851 = CARTESIAN_POINT('',(1.969543793575,38.332758843098));
#2852 = CARTESIAN_POINT('',(1.992296453551,38.484500817049));
#2853 = CARTESIAN_POINT('',(2.015049113526,38.636735884539));
#2854 = CARTESIAN_POINT('',(2.037801773502,38.789300390926));
#2855 = CARTESIAN_POINT('',(2.060554433478,38.942029617023));
#2856 = CARTESIAN_POINT('',(2.083307093453,39.094758843098));
#2857 = ( GEOMETRIC_REPRESENTATION_CONTEXT(2) 
PARAMETRIC_REPRESENTATION_CONTEXT() REPRESENTATION_CONTEXT('2D SPACE',''
  ) );
#2858 = PCURVE('',#2792,#2859);
#2859 = DEFINITIONAL_REPRESENTATION('',(#2860),#2867);
#2860 = B_SPLINE_CURVE_WITH_KNOTS('',5,(#2861,#2862,#2863,#2864,#2865,
    #2866),.UNSPECIFIED.,.F.,.F.,(6,6),(4.598625680506,4.712388980385),
  .PIECEWISE_BEZIER_KNOTS.);
#2861 = CARTESIAN_POINT('',(2.208158402272,4.516129080062E-14));
#2862 = CARTESIAN_POINT('',(2.185405742296,0.151741973951));
#2863 = CARTESIAN_POINT('',(2.16265308232,0.303977041441));
#2864 = CARTESIAN_POINT('',(2.139900422345,0.456541547828));
#2865 = CARTESIAN_POINT('',(2.117147762369,0.609270773925));
#2866 = CARTESIAN_POINT('',(2.094395102393,0.762));
#2867 = ( GEOMETRIC_REPRESENTATION_CONTEXT(2) 
PARAMETRIC_REPRESENTATION_CONTEXT() REPRESENTATION_CONTEXT('2D SPACE',''
  ) );
#2868 = ORIENTED_EDGE('',*,*,#2869,.F.);
#2869 = EDGE_CURVE('',#2719,#2840,#2870,.T.);
#2870 = SURFACE_CURVE('',#2871,(#2876,#2887),.PCURVE_S1.);
#2871 = ELLIPSE('',#2872,0.781895176862,0.762);
#2872 = AXIS2_PLACEMENT_3D('',#2873,#2874,#2875);
#2873 = CARTESIAN_POINT('',(66.802,-12.469495,-21.59779888472));
#2874 = DIRECTION('',(-1.,0.,0.));
#2875 = DIRECTION('',(-0.,-0.5,-0.866025403784));
#2876 = PCURVE('',#2011,#2877);
#2877 = DEFINITIONAL_REPRESENTATION('',(#2878),#2886);
#2878 = B_SPLINE_CURVE_WITH_KNOTS('',6,(#2879,#2880,#2881,#2882,#2883,
    #2884,#2885),.UNSPECIFIED.,.F.,.F.,(7,7),(5.770674540521,
    7.740218334096),.PIECEWISE_BEZIER_KNOTS.);
#2879 = CARTESIAN_POINT('',(-3.552713678801E-15,38.465605570721));
#2880 = CARTESIAN_POINT('',(0.328257298929,38.493816565641));
#2881 = CARTESIAN_POINT('',(0.656514597858,38.502394811392));
#2882 = CARTESIAN_POINT('',(0.984771896787,38.485327870464));
#2883 = CARTESIAN_POINT('',(1.313029195716,38.444497630339));
#2884 = CARTESIAN_POINT('',(1.641286494645,38.389946171734));
#2885 = CARTESIAN_POINT('',(1.969543793574,38.332779864454));
#2886 = ( GEOMETRIC_REPRESENTATION_CONTEXT(2) 
PARAMETRIC_REPRESENTATION_CONTEXT() REPRESENTATION_CONTEXT('2D SPACE',''
  ) );
#2887 = PCURVE('',#2760,#2888);
#2888 = DEFINITIONAL_REPRESENTATION('',(#2889),#2893);
#2889 = ELLIPSE('',#2890,0.781895176862,0.762);
#2890 = AXIS2_PLACEMENT_2D('',#2891,#2892);
#2891 = CARTESIAN_POINT('',(-0.151779612267,-8.763E-02));
#2892 = DIRECTION('',(0.866025403784,0.5));
#2893 = ( GEOMETRIC_REPRESENTATION_CONTEXT(2) 
PARAMETRIC_REPRESENTATION_CONTEXT() REPRESENTATION_CONTEXT('2D SPACE',''
  ) );
#2894 = ORIENTED_EDGE('',*,*,#2718,.F.);
#2895 = ORIENTED_EDGE('',*,*,#1991,.T.);
#2896 = ORIENTED_EDGE('',*,*,#2897,.T.);
#2897 = EDGE_CURVE('',#1962,#1964,#2898,.T.);
#2898 = SURFACE_CURVE('',#2899,(#2904,#2910),.PCURVE_S1.);
#2899 = CIRCLE('',#2900,0.762);
#2900 = AXIS2_PLACEMENT_3D('',#2901,#2902,#2903);
#2901 = CARTESIAN_POINT('',(104.14,-8.175625,-14.16059788363));
#2902 = DIRECTION('',(-0.974555186615,-0.112073846461,-0.19411759627));
#2903 = DIRECTION('',(0.195348313949,0.,-0.980733927341));
#2904 = PCURVE('',#2011,#2905);
#2905 = DEFINITIONAL_REPRESENTATION('',(#2906),#2909);
#2906 = B_SPLINE_CURVE_WITH_KNOTS('',1,(#2907,#2908),.UNSPECIFIED.,.F.,
  .F.,(2,2),(2.083307093453,5.224899747043),.PIECEWISE_BEZIER_KNOTS.);
#2907 = CARTESIAN_POINT('',(2.083307093453,0.));
#2908 = CARTESIAN_POINT('',(5.224899747043,0.));
#2909 = ( GEOMETRIC_REPRESENTATION_CONTEXT(2) 
PARAMETRIC_REPRESENTATION_CONTEXT() REPRESENTATION_CONTEXT('2D SPACE',''
  ) );
#2910 = PCURVE('',#2701,#2911);
#2911 = DEFINITIONAL_REPRESENTATION('',(#2912),#2916);
#2912 = CIRCLE('',#2913,0.762);
#2913 = AXIS2_PLACEMENT_2D('',#2914,#2915);
#2914 = CARTESIAN_POINT('',(0.,0.));
#2915 = DIRECTION('',(1.,0.));
#2916 = ( GEOMETRIC_REPRESENTATION_CONTEXT(2) 
PARAMETRIC_REPRESENTATION_CONTEXT() REPRESENTATION_CONTEXT('2D SPACE',''
  ) );
#2917 = ORIENTED_EDGE('',*,*,#2077,.T.);
#2918 = ADVANCED_FACE('',(#2919),#2126,.F.);
#2919 = FACE_BOUND('',#2920,.F.);
#2920 = EDGE_LOOP('',(#2921,#2947));
#2921 = ORIENTED_EDGE('',*,*,#2922,.T.);
#2922 = EDGE_CURVE('',#2111,#2109,#2923,.T.);
#2923 = SURFACE_CURVE('',#2924,(#2928,#2935),.PCURVE_S1.);
#2924 = LINE('',#2925,#2926);
#2925 = CARTESIAN_POINT('',(104.14,8.175625,-14.16059788363));
#2926 = VECTOR('',#2927,1.);
#2927 = DIRECTION('',(-0.,-0.866025403784,-0.5));
#2928 = PCURVE('',#2126,#2929);
#2929 = DEFINITIONAL_REPRESENTATION('',(#2930),#2934);
#2930 = LINE('',#2931,#2932);
#2931 = CARTESIAN_POINT('',(0.,-0.));
#2932 = VECTOR('',#2933,1.);
#2933 = DIRECTION('',(0.5,0.866025403784));
#2934 = ( GEOMETRIC_REPRESENTATION_CONTEXT(2) 
PARAMETRIC_REPRESENTATION_CONTEXT() REPRESENTATION_CONTEXT('2D SPACE',''
  ) );
#2935 = PCURVE('',#2936,#2941);
#2936 = PLANE('',#2937);
#2937 = AXIS2_PLACEMENT_3D('',#2938,#2939,#2940);
#2938 = CARTESIAN_POINT('',(104.14,8.175625,-14.16059788363));
#2939 = DIRECTION('',(-0.974555186615,0.112073846461,-0.19411759627));
#2940 = DIRECTION('',(0.195348313949,0.,-0.980733927341));
#2941 = DEFINITIONAL_REPRESENTATION('',(#2942),#2946);
#2942 = LINE('',#2943,#2944);
#2943 = CARTESIAN_POINT('',(0.,-0.));
#2944 = VECTOR('',#2945,1.);
#2945 = DIRECTION('',(0.49036696367,0.871516058912));
#2946 = ( GEOMETRIC_REPRESENTATION_CONTEXT(2) 
PARAMETRIC_REPRESENTATION_CONTEXT() REPRESENTATION_CONTEXT('2D SPACE',''
  ) );
#2947 = ORIENTED_EDGE('',*,*,#2108,.T.);
#2948 = ADVANCED_FACE('',(#2949),#2158,.F.);
#2949 = FACE_BOUND('',#2950,.F.);
#2950 = EDGE_LOOP('',(#2951,#2952,#2973,#3006,#3041,#3073,#3103,#3129,
    #3130,#3131,#3132));
#2951 = ORIENTED_EDGE('',*,*,#2224,.T.);
#2952 = ORIENTED_EDGE('',*,*,#2953,.T.);
#2953 = EDGE_CURVE('',#2195,#2954,#2956,.T.);
#2954 = VERTEX_POINT('',#2955);
#2955 = CARTESIAN_POINT('',(66.802,12.486613372751,-22.3747680287));
#2956 = SEAM_CURVE('',#2957,(#2961,#2967),.PCURVE_S1.);
#2957 = LINE('',#2958,#2959);
#2958 = CARTESIAN_POINT('',(104.28885541522,8.175625,-14.90791713626));
#2959 = VECTOR('',#2960,1.);
#2960 = DIRECTION('',(-0.974555186615,0.112073846461,-0.19411759627));
#2961 = PCURVE('',#2158,#2962);
#2962 = DEFINITIONAL_REPRESENTATION('',(#2963),#2966);
#2963 = B_SPLINE_CURVE_WITH_KNOTS('',1,(#2964,#2965),.UNSPECIFIED.,.F.,
  .F.,(2,2),(7.538680926116E-02,38.465605570721),
  .PIECEWISE_BEZIER_KNOTS.);
#2964 = CARTESIAN_POINT('',(0.,7.538680926116E-02));
#2965 = CARTESIAN_POINT('',(0.,38.465605570721));
#2966 = ( GEOMETRIC_REPRESENTATION_CONTEXT(2) 
PARAMETRIC_REPRESENTATION_CONTEXT() REPRESENTATION_CONTEXT('2D SPACE',''
  ) );
#2967 = PCURVE('',#2158,#2968);
#2968 = DEFINITIONAL_REPRESENTATION('',(#2969),#2972);
#2969 = B_SPLINE_CURVE_WITH_KNOTS('',1,(#2970,#2971),.UNSPECIFIED.,.F.,
  .F.,(2,2),(7.538680926116E-02,38.465605570721),
  .PIECEWISE_BEZIER_KNOTS.);
#2970 = CARTESIAN_POINT('',(6.28318530718,7.538680926116E-02));
#2971 = CARTESIAN_POINT('',(6.28318530718,38.465605570721));
#2972 = ( GEOMETRIC_REPRESENTATION_CONTEXT(2) 
PARAMETRIC_REPRESENTATION_CONTEXT() REPRESENTATION_CONTEXT('2D SPACE',''
  ) );
#2973 = ORIENTED_EDGE('',*,*,#2974,.F.);
#2974 = EDGE_CURVE('',#2975,#2954,#2977,.T.);
#2975 = VERTEX_POINT('',#2976);
#2976 = CARTESIAN_POINT('',(66.802,13.169520261219,-21.29612944358));
#2977 = SURFACE_CURVE('',#2978,(#2983,#2994),.PCURVE_S1.);
#2978 = ELLIPSE('',#2979,0.781895176862,0.762);
#2979 = AXIS2_PLACEMENT_3D('',#2980,#2981,#2982);
#2980 = CARTESIAN_POINT('',(66.802,12.469495,-21.59779888472));
#2981 = DIRECTION('',(-1.,0.,0.));
#2982 = DIRECTION('',(0.,0.5,-0.866025403784));
#2983 = PCURVE('',#2158,#2984);
#2984 = DEFINITIONAL_REPRESENTATION('',(#2985),#2993);
#2985 = B_SPLINE_CURVE_WITH_KNOTS('',6,(#2986,#2987,#2988,#2989,#2990,
    #2991,#2992),.UNSPECIFIED.,.F.,.F.,(7,7),(4.826152280265,
    6.795696073838),.PIECEWISE_BEZIER_KNOTS.);
#2986 = CARTESIAN_POINT('',(4.313641513606,38.332779864454));
#2987 = CARTESIAN_POINT('',(4.641898812535,38.389946171734));
#2988 = CARTESIAN_POINT('',(4.970156111464,38.444497630339));
#2989 = CARTESIAN_POINT('',(5.298413410393,38.485327870464));
#2990 = CARTESIAN_POINT('',(5.626670709322,38.502394811393));
#2991 = CARTESIAN_POINT('',(5.954928008251,38.493816565641));
#2992 = CARTESIAN_POINT('',(6.28318530718,38.465605570721));
#2993 = ( GEOMETRIC_REPRESENTATION_CONTEXT(2) 
PARAMETRIC_REPRESENTATION_CONTEXT() REPRESENTATION_CONTEXT('2D SPACE',''
  ) );
#2994 = PCURVE('',#2995,#3000);
#2995 = PLANE('',#2996);
#2996 = AXIS2_PLACEMENT_3D('',#2997,#2998,#2999);
#2997 = CARTESIAN_POINT('',(66.802,12.557125,-21.74957849699));
#2998 = DIRECTION('',(-1.,0.,0.));
#2999 = DIRECTION('',(0.,0.,-1.));
#3000 = DEFINITIONAL_REPRESENTATION('',(#3001),#3005);
#3001 = ELLIPSE('',#3002,0.781895176862,0.762);
#3002 = AXIS2_PLACEMENT_2D('',#3003,#3004);
#3003 = CARTESIAN_POINT('',(-0.151779612267,8.763E-02));
#3004 = DIRECTION('',(0.866025403784,-0.5));
#3005 = ( GEOMETRIC_REPRESENTATION_CONTEXT(2) 
PARAMETRIC_REPRESENTATION_CONTEXT() REPRESENTATION_CONTEXT('2D SPACE',''
  ) );
#3006 = ORIENTED_EDGE('',*,*,#3007,.F.);
#3007 = EDGE_CURVE('',#3008,#2975,#3010,.T.);
#3008 = VERTEX_POINT('',#3009);
#3009 = CARTESIAN_POINT('',(66.04,13.217036357684,-21.36857849699));
#3010 = SURFACE_CURVE('',#3011,(#3016,#3026),.PCURVE_S1.);
#3011 = ELLIPSE('',#3012,6.755699665642,0.762);
#3012 = AXIS2_PLACEMENT_3D('',#3013,#3014,#3015);
#3013 = CARTESIAN_POINT('',(66.04,12.557125,-21.74957849699));
#3014 = DIRECTION('',(0.112793646508,0.496809217232,-0.860498805915));
#3015 = DIRECTION('',(-0.993618434464,5.639682325395E-02,
    -9.768216326133E-02));
#3016 = PCURVE('',#2158,#3017);
#3017 = DEFINITIONAL_REPRESENTATION('',(#3018),#3025);
#3018 = B_SPLINE_CURVE_WITH_KNOTS('',5,(#3019,#3020,#3021,#3022,#3023,
    #3024),.UNSPECIFIED.,.F.,.F.,(6,6),(1.570796326795,1.684559626673),
  .PIECEWISE_BEZIER_KNOTS.);
#3019 = CARTESIAN_POINT('',(4.199878213726,39.094758843098));
#3020 = CARTESIAN_POINT('',(4.222630873702,38.942029617023));
#3021 = CARTESIAN_POINT('',(4.245383533678,38.789300390926));
#3022 = CARTESIAN_POINT('',(4.268136193653,38.636735884539));
#3023 = CARTESIAN_POINT('',(4.290888853629,38.484500817049));
#3024 = CARTESIAN_POINT('',(4.313641513605,38.332758843098));
#3025 = ( GEOMETRIC_REPRESENTATION_CONTEXT(2) 
PARAMETRIC_REPRESENTATION_CONTEXT() REPRESENTATION_CONTEXT('2D SPACE',''
  ) );
#3026 = PCURVE('',#3027,#3032);
#3027 = CYLINDRICAL_SURFACE('',#3028,0.762);
#3028 = AXIS2_PLACEMENT_3D('',#3029,#3030,#3031);
#3029 = CARTESIAN_POINT('',(66.802,12.557125,-21.74957849699));
#3030 = DIRECTION('',(-1.,0.,0.));
#3031 = DIRECTION('',(0.,0.,-1.));
#3032 = DEFINITIONAL_REPRESENTATION('',(#3033),#3040);
#3033 = B_SPLINE_CURVE_WITH_KNOTS('',5,(#3034,#3035,#3036,#3037,#3038,
    #3039),.UNSPECIFIED.,.F.,.F.,(6,6),(1.570796326795,1.684559626673),
  .PIECEWISE_BEZIER_KNOTS.);
#3034 = CARTESIAN_POINT('',(4.188790204786,0.762));
#3035 = CARTESIAN_POINT('',(4.166037544811,0.609270773925));
#3036 = CARTESIAN_POINT('',(4.143284884835,0.456541547828));
#3037 = CARTESIAN_POINT('',(4.120532224859,0.303977041441));
#3038 = CARTESIAN_POINT('',(4.097779564884,0.151741973951));
#3039 = CARTESIAN_POINT('',(4.075026904908,1.466048335112E-13));
#3040 = ( GEOMETRIC_REPRESENTATION_CONTEXT(2) 
PARAMETRIC_REPRESENTATION_CONTEXT() REPRESENTATION_CONTEXT('2D SPACE',''
  ) );
#3041 = ORIENTED_EDGE('',*,*,#3042,.F.);
#3042 = EDGE_CURVE('',#3043,#3008,#3045,.T.);
#3043 = VERTEX_POINT('',#3044);
#3044 = CARTESIAN_POINT('',(66.04,11.897213642316,-22.13057849699));
#3045 = SURFACE_CURVE('',#3046,(#3051,#3062),.PCURVE_S1.);
#3046 = ELLIPSE('',#3047,0.766893984219,0.762);
#3047 = AXIS2_PLACEMENT_3D('',#3048,#3049,#3050);
#3048 = CARTESIAN_POINT('',(66.04,12.557125,-21.74957849699));
#3049 = DIRECTION('',(-0.993618434464,5.639682325395E-02,
    -9.768216326133E-02));
#3050 = DIRECTION('',(0.112793646508,0.496809217232,-0.860498805915));
#3051 = PCURVE('',#2158,#3052);
#3052 = DEFINITIONAL_REPRESENTATION('',(#3053),#3061);
#3053 = B_SPLINE_CURVE_WITH_KNOTS('',6,(#3054,#3055,#3056,#3057,#3058,
    #3059,#3060),.UNSPECIFIED.,.F.,.F.,(7,7),(1.570796353609,
    4.712388953435),.PIECEWISE_BEZIER_KNOTS.);
#3054 = CARTESIAN_POINT('',(1.058285586951,39.094758840779));
#3055 = CARTESIAN_POINT('',(1.581884353588,39.049467144835));
#3056 = CARTESIAN_POINT('',(2.105483120226,39.004214465323));
#3057 = CARTESIAN_POINT('',(2.629081886863,38.980954408652));
#3058 = CARTESIAN_POINT('',(3.152680653501,39.004214465315));
#3059 = CARTESIAN_POINT('',(3.676279420138,39.049467144824));
#3060 = CARTESIAN_POINT('',(4.199878186776,39.094758840767));
#3061 = ( GEOMETRIC_REPRESENTATION_CONTEXT(2) 
PARAMETRIC_REPRESENTATION_CONTEXT() REPRESENTATION_CONTEXT('2D SPACE',''
  ) );
#3062 = PCURVE('',#3027,#3063);
#3063 = DEFINITIONAL_REPRESENTATION('',(#3064),#3072);
#3064 = B_SPLINE_CURVE_WITH_KNOTS('',6,(#3065,#3066,#3067,#3068,#3069,
    #3070,#3071),.UNSPECIFIED.,.F.,.F.,(7,7),(1.570796353609,
    4.712388953435),.PIECEWISE_BEZIER_KNOTS.);
#3065 = CARTESIAN_POINT('',(1.047197578011,0.762000002319));
#3066 = CARTESIAN_POINT('',(1.570796344648,0.807291698263));
#3067 = CARTESIAN_POINT('',(2.094395111286,0.852544377775));
#3068 = CARTESIAN_POINT('',(2.617993877924,0.875804434446));
#3069 = CARTESIAN_POINT('',(3.141592644561,0.852544377783));
#3070 = CARTESIAN_POINT('',(3.665191411199,0.807291698275));
#3071 = CARTESIAN_POINT('',(4.188790177836,0.762000002331));
#3072 = ( GEOMETRIC_REPRESENTATION_CONTEXT(2) 
PARAMETRIC_REPRESENTATION_CONTEXT() REPRESENTATION_CONTEXT('2D SPACE',''
  ) );
#3073 = ORIENTED_EDGE('',*,*,#3074,.F.);
#3074 = EDGE_CURVE('',#3075,#3043,#3077,.T.);
#3075 = VERTEX_POINT('',#3076);
#3076 = CARTESIAN_POINT('',(66.802,11.858228969817,-22.05320382366));
#3077 = SURFACE_CURVE('',#3078,(#3083,#3093),.PCURVE_S1.);
#3078 = ELLIPSE('',#3079,6.755699665642,0.762);
#3079 = AXIS2_PLACEMENT_3D('',#3080,#3081,#3082);
#3080 = CARTESIAN_POINT('',(66.04,12.557125,-21.74957849699));
#3081 = DIRECTION('',(0.112793646508,0.496809217232,-0.860498805915));
#3082 = DIRECTION('',(-0.993618434464,5.639682325395E-02,
    -9.768216326133E-02));
#3083 = PCURVE('',#2158,#3084);
#3084 = DEFINITIONAL_REPRESENTATION('',(#3085),#3092);
#3085 = B_SPLINE_CURVE_WITH_KNOTS('',5,(#3086,#3087,#3088,#3089,#3090,
    #3091),.UNSPECIFIED.,.F.,.F.,(6,6),(4.598625680506,4.712388980385),
  .PIECEWISE_BEZIER_KNOTS.);
#3086 = CARTESIAN_POINT('',(0.944522260258,38.332758843098));
#3087 = CARTESIAN_POINT('',(0.967274920234,38.484500817049));
#3088 = CARTESIAN_POINT('',(0.990027580209,38.636735884539));
#3089 = CARTESIAN_POINT('',(1.012780240185,38.789300390926));
#3090 = CARTESIAN_POINT('',(1.035532900161,38.942029617023));
#3091 = CARTESIAN_POINT('',(1.058285560136,39.094758843098));
#3092 = ( GEOMETRIC_REPRESENTATION_CONTEXT(2) 
PARAMETRIC_REPRESENTATION_CONTEXT() REPRESENTATION_CONTEXT('2D SPACE',''
  ) );
#3093 = PCURVE('',#3027,#3094);
#3094 = DEFINITIONAL_REPRESENTATION('',(#3095),#3102);
#3095 = B_SPLINE_CURVE_WITH_KNOTS('',5,(#3096,#3097,#3098,#3099,#3100,
    #3101),.UNSPECIFIED.,.F.,.F.,(6,6),(4.598625680506,4.712388980385),
  .PIECEWISE_BEZIER_KNOTS.);
#3096 = CARTESIAN_POINT('',(1.160960851075,1.308706751672E-13));
#3097 = CARTESIAN_POINT('',(1.138208191099,0.151741973951));
#3098 = CARTESIAN_POINT('',(1.115455531124,0.303977041441));
#3099 = CARTESIAN_POINT('',(1.092702871148,0.456541547828));
#3100 = CARTESIAN_POINT('',(1.069950211172,0.609270773925));
#3101 = CARTESIAN_POINT('',(1.047197551197,0.762));
#3102 = ( GEOMETRIC_REPRESENTATION_CONTEXT(2) 
PARAMETRIC_REPRESENTATION_CONTEXT() REPRESENTATION_CONTEXT('2D SPACE',''
  ) );
#3103 = ORIENTED_EDGE('',*,*,#3104,.F.);
#3104 = EDGE_CURVE('',#2954,#3075,#3105,.T.);
#3105 = SURFACE_CURVE('',#3106,(#3111,#3122),.PCURVE_S1.);
#3106 = ELLIPSE('',#3107,0.781895176862,0.762);
#3107 = AXIS2_PLACEMENT_3D('',#3108,#3109,#3110);
#3108 = CARTESIAN_POINT('',(66.802,12.469495,-21.59779888472));
#3109 = DIRECTION('',(-1.,0.,0.));
#3110 = DIRECTION('',(0.,0.5,-0.866025403784));
#3111 = PCURVE('',#2158,#3112);
#3112 = DEFINITIONAL_REPRESENTATION('',(#3113),#3121);
#3113 = B_SPLINE_CURVE_WITH_KNOTS('',6,(#3114,#3115,#3116,#3117,#3118,
    #3119,#3120),.UNSPECIFIED.,.F.,.F.,(7,7),(0.512510766659,
    1.457033026915),.PIECEWISE_BEZIER_KNOTS.);
#3114 = CARTESIAN_POINT('',(7.401486830834E-15,38.465605570721));
#3115 = CARTESIAN_POINT('',(0.157420376709,38.45207659372));
#3116 = CARTESIAN_POINT('',(0.314840753419,38.434040697075));
#3117 = CARTESIAN_POINT('',(0.472261130128,38.412018054));
#3118 = CARTESIAN_POINT('',(0.629681506838,38.386990531924));
#3119 = CARTESIAN_POINT('',(0.787101883547,38.360154496318));
#3120 = CARTESIAN_POINT('',(0.944522260256,38.332736934848));
#3121 = ( GEOMETRIC_REPRESENTATION_CONTEXT(2) 
PARAMETRIC_REPRESENTATION_CONTEXT() REPRESENTATION_CONTEXT('2D SPACE',''
  ) );
#3122 = PCURVE('',#2995,#3123);
#3123 = DEFINITIONAL_REPRESENTATION('',(#3124),#3128);
#3124 = ELLIPSE('',#3125,0.781895176862,0.762);
#3125 = AXIS2_PLACEMENT_2D('',#3126,#3127);
#3126 = CARTESIAN_POINT('',(-0.151779612267,8.763E-02));
#3127 = DIRECTION('',(0.866025403784,-0.5));
#3128 = ( GEOMETRIC_REPRESENTATION_CONTEXT(2) 
PARAMETRIC_REPRESENTATION_CONTEXT() REPRESENTATION_CONTEXT('2D SPACE',''
  ) );
#3129 = ORIENTED_EDGE('',*,*,#2953,.F.);
#3130 = ORIENTED_EDGE('',*,*,#2194,.T.);
#3131 = ORIENTED_EDGE('',*,*,#2138,.T.);
#3132 = ORIENTED_EDGE('',*,*,#3133,.T.);
#3133 = EDGE_CURVE('',#2109,#2111,#3134,.T.);
#3134 = SURFACE_CURVE('',#3135,(#3140,#3146),.PCURVE_S1.);
#3135 = CIRCLE('',#3136,0.762);
#3136 = AXIS2_PLACEMENT_3D('',#3137,#3138,#3139);
#3137 = CARTESIAN_POINT('',(104.14,8.175625,-14.16059788363));
#3138 = DIRECTION('',(-0.974555186615,0.112073846461,-0.19411759627));
#3139 = DIRECTION('',(0.195348313949,-3.469446951954E-18,-0.980733927341
    ));
#3140 = PCURVE('',#2158,#3141);
#3141 = DEFINITIONAL_REPRESENTATION('',(#3142),#3145);
#3142 = B_SPLINE_CURVE_WITH_KNOTS('',1,(#3143,#3144),.UNSPECIFIED.,.F.,
  .F.,(2,2),(1.058285560136,4.199878213726),.PIECEWISE_BEZIER_KNOTS.);
#3143 = CARTESIAN_POINT('',(1.058285560136,0.));
#3144 = CARTESIAN_POINT('',(4.199878213726,0.));
#3145 = ( GEOMETRIC_REPRESENTATION_CONTEXT(2) 
PARAMETRIC_REPRESENTATION_CONTEXT() REPRESENTATION_CONTEXT('2D SPACE',''
  ) );
#3146 = PCURVE('',#2936,#3147);
#3147 = DEFINITIONAL_REPRESENTATION('',(#3148),#3152);
#3148 = CIRCLE('',#3149,0.762);
#3149 = AXIS2_PLACEMENT_2D('',#3150,#3151);
#3150 = CARTESIAN_POINT('',(0.,0.));
#3151 = DIRECTION('',(1.,0.));
#3152 = ( GEOMETRIC_REPRESENTATION_CONTEXT(2) 
PARAMETRIC_REPRESENTATION_CONTEXT() REPRESENTATION_CONTEXT('2D SPACE',''
  ) );
#3153 = ADVANCED_FACE('',(#3154),#2293,.F.);
#3154 = FACE_BOUND('',#3155,.F.);
#3155 = EDGE_LOOP('',(#3156,#3157,#3158));
#3156 = ORIENTED_EDGE('',*,*,#2277,.T.);
#3157 = ORIENTED_EDGE('',*,*,#2342,.T.);
#3158 = ORIENTED_EDGE('',*,*,#3159,.T.);
#3159 = EDGE_CURVE('',#2306,#2278,#3160,.T.);
#3160 = SURFACE_CURVE('',#3161,(#3165,#3172),.PCURVE_S1.);
#3161 = LINE('',#3162,#3163);
#3162 = CARTESIAN_POINT('',(104.14,-8.175625,14.16059788363));
#3163 = VECTOR('',#3164,1.);
#3164 = DIRECTION('',(0.,0.866025403784,0.5));
#3165 = PCURVE('',#2293,#3166);
#3166 = DEFINITIONAL_REPRESENTATION('',(#3167),#3171);
#3167 = LINE('',#3168,#3169);
#3168 = CARTESIAN_POINT('',(0.,-0.));
#3169 = VECTOR('',#3170,1.);
#3170 = DIRECTION('',(-0.5,-0.866025403784));
#3171 = ( GEOMETRIC_REPRESENTATION_CONTEXT(2) 
PARAMETRIC_REPRESENTATION_CONTEXT() REPRESENTATION_CONTEXT('2D SPACE',''
  ) );
#3172 = PCURVE('',#3173,#3178);
#3173 = PLANE('',#3174);
#3174 = AXIS2_PLACEMENT_3D('',#3175,#3176,#3177);
#3175 = CARTESIAN_POINT('',(104.14,-8.175625,14.16059788363));
#3176 = DIRECTION('',(-0.974555186615,-0.112073846461,0.19411759627));
#3177 = DIRECTION('',(-0.195348313949,0.,-0.980733927341));
#3178 = DEFINITIONAL_REPRESENTATION('',(#3179),#3183);
#3179 = LINE('',#3180,#3181);
#3180 = CARTESIAN_POINT('',(0.,0.));
#3181 = VECTOR('',#3182,1.);
#3182 = DIRECTION('',(-0.49036696367,-0.871516058912));
#3183 = ( GEOMETRIC_REPRESENTATION_CONTEXT(2) 
PARAMETRIC_REPRESENTATION_CONTEXT() REPRESENTATION_CONTEXT('2D SPACE',''
  ) );
#3184 = ADVANCED_FACE('',(#3185),#2326,.F.);
#3185 = FACE_BOUND('',#3186,.F.);
#3186 = EDGE_LOOP('',(#3187,#3210,#3231,#3266,#3296,#3331,#3361,#3391,
    #3419,#3420,#3441));
#3187 = ORIENTED_EDGE('',*,*,#3188,.T.);
#3188 = EDGE_CURVE('',#2278,#3189,#3191,.T.);
#3189 = VERTEX_POINT('',#3190);
#3190 = CARTESIAN_POINT('',(103.99114458477,-8.175625,13.413278630997));
#3191 = SURFACE_CURVE('',#3192,(#3197,#3203),.PCURVE_S1.);
#3192 = CIRCLE('',#3193,0.762);
#3193 = AXIS2_PLACEMENT_3D('',#3194,#3195,#3196);
#3194 = CARTESIAN_POINT('',(104.14,-8.175625,14.16059788363));
#3195 = DIRECTION('',(-0.974555186615,-0.112073846461,0.19411759627));
#3196 = DIRECTION('',(-0.195348313949,0.,-0.980733927341));
#3197 = PCURVE('',#2326,#3198);
#3198 = DEFINITIONAL_REPRESENTATION('',(#3199),#3202);
#3199 = B_SPLINE_CURVE_WITH_KNOTS('',1,(#3200,#3201),.UNSPECIFIED.,.F.,
  .F.,(2,2),(4.199878213726,6.28318530718),.PIECEWISE_BEZIER_KNOTS.);
#3200 = CARTESIAN_POINT('',(4.199878213726,0.));
#3201 = CARTESIAN_POINT('',(6.28318530718,0.));
#3202 = ( GEOMETRIC_REPRESENTATION_CONTEXT(2) 
PARAMETRIC_REPRESENTATION_CONTEXT() REPRESENTATION_CONTEXT('2D SPACE',''
  ) );
#3203 = PCURVE('',#3173,#3204);
#3204 = DEFINITIONAL_REPRESENTATION('',(#3205),#3209);
#3205 = CIRCLE('',#3206,0.762);
#3206 = AXIS2_PLACEMENT_2D('',#3207,#3208);
#3207 = CARTESIAN_POINT('',(0.,0.));
#3208 = DIRECTION('',(1.,-3.469446951954E-18));
#3209 = ( GEOMETRIC_REPRESENTATION_CONTEXT(2) 
PARAMETRIC_REPRESENTATION_CONTEXT() REPRESENTATION_CONTEXT('2D SPACE',''
  ) );
#3210 = ORIENTED_EDGE('',*,*,#3211,.T.);
#3211 = EDGE_CURVE('',#3189,#3212,#3214,.T.);
#3212 = VERTEX_POINT('',#3213);
#3213 = CARTESIAN_POINT('',(65.964613190739,-12.54867611031,
    20.987625338155));
#3214 = SEAM_CURVE('',#3215,(#3219,#3225),.PCURVE_S1.);
#3215 = LINE('',#3216,#3217);
#3216 = CARTESIAN_POINT('',(103.99114458477,-8.175625,13.413278630997));
#3217 = VECTOR('',#3218,1.);
#3218 = DIRECTION('',(-0.974555186615,-0.112073846461,0.19411759627));
#3219 = PCURVE('',#2326,#3220);
#3220 = DEFINITIONAL_REPRESENTATION('',(#3221),#3224);
#3221 = B_SPLINE_CURVE_WITH_KNOTS('',1,(#3222,#3223),.UNSPECIFIED.,.F.,
  .F.,(2,2),(0.,39.019372033837),.PIECEWISE_BEZIER_KNOTS.);
#3222 = CARTESIAN_POINT('',(0.,0.));
#3223 = CARTESIAN_POINT('',(0.,39.019372033837));
#3224 = ( GEOMETRIC_REPRESENTATION_CONTEXT(2) 
PARAMETRIC_REPRESENTATION_CONTEXT() REPRESENTATION_CONTEXT('2D SPACE',''
  ) );
#3225 = PCURVE('',#2326,#3226);
#3226 = DEFINITIONAL_REPRESENTATION('',(#3227),#3230);
#3227 = B_SPLINE_CURVE_WITH_KNOTS('',1,(#3228,#3229),.UNSPECIFIED.,.F.,
  .F.,(2,2),(0.,39.019372033837),.PIECEWISE_BEZIER_KNOTS.);
#3228 = CARTESIAN_POINT('',(6.28318530718,0.));
#3229 = CARTESIAN_POINT('',(6.28318530718,39.019372033837));
#3230 = ( GEOMETRIC_REPRESENTATION_CONTEXT(2) 
PARAMETRIC_REPRESENTATION_CONTEXT() REPRESENTATION_CONTEXT('2D SPACE',''
  ) );
#3231 = ORIENTED_EDGE('',*,*,#3232,.F.);
#3232 = EDGE_CURVE('',#3233,#3212,#3235,.T.);
#3233 = VERTEX_POINT('',#3234);
#3234 = CARTESIAN_POINT('',(66.04,-11.89721364231,22.130578496993));
#3235 = SURFACE_CURVE('',#3236,(#3241,#3251),.PCURVE_S1.);
#3236 = ELLIPSE('',#3237,0.766893984219,0.762);
#3237 = AXIS2_PLACEMENT_3D('',#3238,#3239,#3240);
#3238 = CARTESIAN_POINT('',(66.04,-12.557125,21.749578496993));
#3239 = DIRECTION('',(-0.993618434464,-5.639682325395E-02,
    9.768216326133E-02));
#3240 = DIRECTION('',(0.112793646508,-0.496809217232,0.860498805915));
#3241 = PCURVE('',#2326,#3242);
#3242 = DEFINITIONAL_REPRESENTATION('',(#3243),#3250);
#3243 = B_SPLINE_CURVE_WITH_KNOTS('',5,(#3244,#3245,#3246,#3247,#3248,
    #3249),.UNSPECIFIED.,.F.,.F.,(6,6),(1.570796326795,3.654103420248),
  .PIECEWISE_BEZIER_KNOTS.);
#3244 = CARTESIAN_POINT('',(4.199878213726,39.094758843098));
#3245 = CARTESIAN_POINT('',(4.616539632417,39.058717309983));
#3246 = CARTESIAN_POINT('',(5.033201051108,39.022513141133));
#3247 = CARTESIAN_POINT('',(5.449862469798,39.000197615198));
#3248 = CARTESIAN_POINT('',(5.866523888489,39.001698456677));
#3249 = CARTESIAN_POINT('',(6.28318530718,39.019372033837));
#3250 = ( GEOMETRIC_REPRESENTATION_CONTEXT(2) 
PARAMETRIC_REPRESENTATION_CONTEXT() REPRESENTATION_CONTEXT('2D SPACE',''
  ) );
#3251 = PCURVE('',#3252,#3257);
#3252 = CYLINDRICAL_SURFACE('',#3253,0.762);
#3253 = AXIS2_PLACEMENT_3D('',#3254,#3255,#3256);
#3254 = CARTESIAN_POINT('',(66.802,-12.557125,21.749578496993));
#3255 = DIRECTION('',(-1.,0.,0.));
#3256 = DIRECTION('',(0.,0.,-1.));
#3257 = DEFINITIONAL_REPRESENTATION('',(#3258),#3265);
#3258 = B_SPLINE_CURVE_WITH_KNOTS('',5,(#3259,#3260,#3261,#3262,#3263,
    #3264),.UNSPECIFIED.,.F.,.F.,(6,6),(1.570796326795,3.654103420248),
  .PIECEWISE_BEZIER_KNOTS.);
#3259 = CARTESIAN_POINT('',(4.188790204786,0.762));
#3260 = CARTESIAN_POINT('',(4.605451623477,0.798041533115));
#3261 = CARTESIAN_POINT('',(5.022113042168,0.834245701965));
#3262 = CARTESIAN_POINT('',(5.438774460858,0.8565612279));
#3263 = CARTESIAN_POINT('',(5.855435879549,0.855060386421));
#3264 = CARTESIAN_POINT('',(6.27209729824,0.837386809261));
#3265 = ( GEOMETRIC_REPRESENTATION_CONTEXT(2) 
PARAMETRIC_REPRESENTATION_CONTEXT() REPRESENTATION_CONTEXT('2D SPACE',''
  ) );
#3266 = ORIENTED_EDGE('',*,*,#3267,.F.);
#3267 = EDGE_CURVE('',#3268,#3233,#3270,.T.);
#3268 = VERTEX_POINT('',#3269);
#3269 = CARTESIAN_POINT('',(66.802,-11.85822896981,22.053203823662));
#3270 = SURFACE_CURVE('',#3271,(#3276,#3286),.PCURVE_S1.);
#3271 = ELLIPSE('',#3272,6.755699665642,0.762);
#3272 = AXIS2_PLACEMENT_3D('',#3273,#3274,#3275);
#3273 = CARTESIAN_POINT('',(66.04,-12.557125,21.749578496993));
#3274 = DIRECTION('',(0.112793646508,-0.496809217232,0.860498805915));
#3275 = DIRECTION('',(-0.993618434464,-5.639682325395E-02,
    9.768216326133E-02));
#3276 = PCURVE('',#2326,#3277);
#3277 = DEFINITIONAL_REPRESENTATION('',(#3278),#3285);
#3278 = B_SPLINE_CURVE_WITH_KNOTS('',5,(#3279,#3280,#3281,#3282,#3283,
    #3284),.UNSPECIFIED.,.F.,.F.,(6,6),(4.598625680506,4.712388980394),
  .PIECEWISE_BEZIER_KNOTS.);
#3279 = CARTESIAN_POINT('',(4.086114913848,38.332758843098));
#3280 = CARTESIAN_POINT('',(4.108867573825,38.484500817061));
#3281 = CARTESIAN_POINT('',(4.131620233803,38.636735884563));
#3282 = CARTESIAN_POINT('',(4.15437289378,38.789300390962));
#3283 = CARTESIAN_POINT('',(4.177125553758,38.942029617072));
#3284 = CARTESIAN_POINT('',(4.199878213735,39.094758843159));
#3285 = ( GEOMETRIC_REPRESENTATION_CONTEXT(2) 
PARAMETRIC_REPRESENTATION_CONTEXT() REPRESENTATION_CONTEXT('2D SPACE',''
  ) );
#3286 = PCURVE('',#3252,#3287);
#3287 = DEFINITIONAL_REPRESENTATION('',(#3288),#3295);
#3288 = B_SPLINE_CURVE_WITH_KNOTS('',5,(#3289,#3290,#3291,#3292,#3293,
    #3294),.UNSPECIFIED.,.F.,.F.,(6,6),(4.598625680506,4.712388980394),
  .PIECEWISE_BEZIER_KNOTS.);
#3289 = CARTESIAN_POINT('',(4.302553504665,1.384235383618E-13));
#3290 = CARTESIAN_POINT('',(4.279800844687,0.151741973963));
#3291 = CARTESIAN_POINT('',(4.25704818471,0.303977041465));
#3292 = CARTESIAN_POINT('',(4.234295524732,0.456541547864));
#3293 = CARTESIAN_POINT('',(4.211542864755,0.609270773974));
#3294 = CARTESIAN_POINT('',(4.188790204777,0.762000000061));
#3295 = ( GEOMETRIC_REPRESENTATION_CONTEXT(2) 
PARAMETRIC_REPRESENTATION_CONTEXT() REPRESENTATION_CONTEXT('2D SPACE',''
  ) );
#3296 = ORIENTED_EDGE('',*,*,#3297,.F.);
#3297 = EDGE_CURVE('',#3298,#3268,#3300,.T.);
#3298 = VERTEX_POINT('',#3299);
#3299 = CARTESIAN_POINT('',(66.802,-13.16952026121,21.296129443585));
#3300 = SURFACE_CURVE('',#3301,(#3306,#3319),.PCURVE_S1.);
#3301 = ELLIPSE('',#3302,0.781895176862,0.762);
#3302 = AXIS2_PLACEMENT_3D('',#3303,#3304,#3305);
#3303 = CARTESIAN_POINT('',(66.802,-12.469495,21.597798884726));
#3304 = DIRECTION('',(-1.,0.,0.));
#3305 = DIRECTION('',(0.,-0.5,0.866025403784));
#3306 = PCURVE('',#2326,#3307);
#3307 = DEFINITIONAL_REPRESENTATION('',(#3308),#3318);
#3308 = B_SPLINE_CURVE_WITH_KNOTS('',8,(#3309,#3310,#3311,#3312,#3313,
    #3314,#3315,#3316,#3317),.UNSPECIFIED.,.F.,.F.,(9,9),(4.826152280265
    ,7.740218334094),.PIECEWISE_BEZIER_KNOTS.);
#3309 = CARTESIAN_POINT('',(1.172048860015,38.332773194123));
#3310 = CARTESIAN_POINT('',(1.536307116744,38.396226437936));
#3311 = CARTESIAN_POINT('',(1.900565373473,38.456648675412));
#3312 = CARTESIAN_POINT('',(2.264823630202,38.501155210084));
#3313 = CARTESIAN_POINT('',(2.629081886931,38.517777337488));
#3314 = CARTESIAN_POINT('',(2.993340143659,38.501124882893));
#3315 = CARTESIAN_POINT('',(3.357598400388,38.456643320612));
#3316 = CARTESIAN_POINT('',(3.721856657116,38.396245473627));
#3317 = CARTESIAN_POINT('',(4.086114913845,38.332792475325));
#3318 = ( GEOMETRIC_REPRESENTATION_CONTEXT(2) 
PARAMETRIC_REPRESENTATION_CONTEXT() REPRESENTATION_CONTEXT('2D SPACE',''
  ) );
#3319 = PCURVE('',#3320,#3325);
#3320 = PLANE('',#3321);
#3321 = AXIS2_PLACEMENT_3D('',#3322,#3323,#3324);
#3322 = CARTESIAN_POINT('',(66.802,-12.557125,21.749578496993));
#3323 = DIRECTION('',(-1.,0.,0.));
#3324 = DIRECTION('',(0.,0.,-1.));
#3325 = DEFINITIONAL_REPRESENTATION('',(#3326),#3330);
#3326 = ELLIPSE('',#3327,0.781895176862,0.762);
#3327 = AXIS2_PLACEMENT_2D('',#3328,#3329);
#3328 = CARTESIAN_POINT('',(0.151779612267,-8.763E-02));
#3329 = DIRECTION('',(-0.866025403784,0.5));
#3330 = ( GEOMETRIC_REPRESENTATION_CONTEXT(2) 
PARAMETRIC_REPRESENTATION_CONTEXT() REPRESENTATION_CONTEXT('2D SPACE',''
  ) );
#3331 = ORIENTED_EDGE('',*,*,#3332,.F.);
#3332 = EDGE_CURVE('',#3333,#3298,#3335,.T.);
#3333 = VERTEX_POINT('',#3334);
#3334 = CARTESIAN_POINT('',(66.04,-13.21703635768,21.368578496993));
#3335 = SURFACE_CURVE('',#3336,(#3341,#3351),.PCURVE_S1.);
#3336 = ELLIPSE('',#3337,6.755699665642,0.762);
#3337 = AXIS2_PLACEMENT_3D('',#3338,#3339,#3340);
#3338 = CARTESIAN_POINT('',(66.04,-12.557125,21.749578496993));
#3339 = DIRECTION('',(0.112793646508,-0.496809217232,0.860498805915));
#3340 = DIRECTION('',(-0.993618434464,-5.639682325395E-02,
    9.768216326133E-02));
#3341 = PCURVE('',#2326,#3342);
#3342 = DEFINITIONAL_REPRESENTATION('',(#3343),#3350);
#3343 = B_SPLINE_CURVE_WITH_KNOTS('',5,(#3344,#3345,#3346,#3347,#3348,
    #3349),.UNSPECIFIED.,.F.,.F.,(6,6),(1.570796326797,1.684559626673),
  .PIECEWISE_BEZIER_KNOTS.);
#3344 = CARTESIAN_POINT('',(1.058285560138,39.094758843086));
#3345 = CARTESIAN_POINT('',(1.081038220113,38.942029617013));
#3346 = CARTESIAN_POINT('',(1.103790880089,38.789300390919));
#3347 = CARTESIAN_POINT('',(1.126543540064,38.636735884535));
#3348 = CARTESIAN_POINT('',(1.149296200039,38.484500817046));
#3349 = CARTESIAN_POINT('',(1.172048860015,38.332758843098));
#3350 = ( GEOMETRIC_REPRESENTATION_CONTEXT(2) 
PARAMETRIC_REPRESENTATION_CONTEXT() REPRESENTATION_CONTEXT('2D SPACE',''
  ) );
#3351 = PCURVE('',#3252,#3352);
#3352 = DEFINITIONAL_REPRESENTATION('',(#3353),#3360);
#3353 = B_SPLINE_CURVE_WITH_KNOTS('',5,(#3354,#3355,#3356,#3357,#3358,
    #3359),.UNSPECIFIED.,.F.,.F.,(6,6),(1.570796326797,1.684559626673),
  .PIECEWISE_BEZIER_KNOTS.);
#3354 = CARTESIAN_POINT('',(1.047197551195,0.761999999988));
#3355 = CARTESIAN_POINT('',(1.024444891219,0.609270773915));
#3356 = CARTESIAN_POINT('',(1.001692231244,0.456541547821));
#3357 = CARTESIAN_POINT('',(0.978939571269,0.303977041436));
#3358 = CARTESIAN_POINT('',(0.956186911294,0.151741973948));
#3359 = CARTESIAN_POINT('',(0.933434251318,1.428891811865E-13));
#3360 = ( GEOMETRIC_REPRESENTATION_CONTEXT(2) 
PARAMETRIC_REPRESENTATION_CONTEXT() REPRESENTATION_CONTEXT('2D SPACE',''
  ) );
#3361 = ORIENTED_EDGE('',*,*,#3362,.F.);
#3362 = EDGE_CURVE('',#3363,#3333,#3365,.T.);
#3363 = VERTEX_POINT('',#3364);
#3364 = CARTESIAN_POINT('',(65.965088136629,-12.557125,20.987578496993)
  );
#3365 = SURFACE_CURVE('',#3366,(#3371,#3381),.PCURVE_S1.);
#3366 = ELLIPSE('',#3367,0.766893984219,0.762);
#3367 = AXIS2_PLACEMENT_3D('',#3368,#3369,#3370);
#3368 = CARTESIAN_POINT('',(66.04,-12.557125,21.749578496993));
#3369 = DIRECTION('',(-0.993618434464,-5.639682325395E-02,
    9.768216326133E-02));
#3370 = DIRECTION('',(0.112793646508,-0.496809217232,0.860498805915));
#3371 = PCURVE('',#2326,#3372);
#3372 = DEFINITIONAL_REPRESENTATION('',(#3373),#3380);
#3373 = B_SPLINE_CURVE_WITH_KNOTS('',5,(#3374,#3375,#3376,#3377,#3378,
    #3379),.UNSPECIFIED.,.F.,.F.,(6,6),(3.665191429188,4.712388980385),
  .PIECEWISE_BEZIER_KNOTS.);
#3374 = CARTESIAN_POINT('',(1.108800893973E-02,39.019846979728));
#3375 = CARTESIAN_POINT('',(0.220527519179,39.028905319071));
#3376 = CARTESIAN_POINT('',(0.429967029418,39.042069278272));
#3377 = CARTESIAN_POINT('',(0.639406539658,39.058523952331));
#3378 = CARTESIAN_POINT('',(0.848846049897,39.076642164411));
#3379 = CARTESIAN_POINT('',(1.058285560136,39.094758843098));
#3380 = ( GEOMETRIC_REPRESENTATION_CONTEXT(2) 
PARAMETRIC_REPRESENTATION_CONTEXT() REPRESENTATION_CONTEXT('2D SPACE',''
  ) );
#3381 = PCURVE('',#3252,#3382);
#3382 = DEFINITIONAL_REPRESENTATION('',(#3383),#3390);
#3383 = B_SPLINE_CURVE_WITH_KNOTS('',5,(#3384,#3385,#3386,#3387,#3388,
    #3389),.UNSPECIFIED.,.F.,.F.,(6,6),(3.665191429188,4.712388980385),
  .PIECEWISE_BEZIER_KNOTS.);
#3384 = CARTESIAN_POINT('',(-2.57571741713E-14,0.836911863371));
#3385 = CARTESIAN_POINT('',(0.209439510239,0.827853524027));
#3386 = CARTESIAN_POINT('',(0.418879020479,0.814689564826));
#3387 = CARTESIAN_POINT('',(0.628318530718,0.798234890767));
#3388 = CARTESIAN_POINT('',(0.837758040957,0.780116678687));
#3389 = CARTESIAN_POINT('',(1.047197551197,0.762));
#3390 = ( GEOMETRIC_REPRESENTATION_CONTEXT(2) 
PARAMETRIC_REPRESENTATION_CONTEXT() REPRESENTATION_CONTEXT('2D SPACE',''
  ) );
#3391 = ORIENTED_EDGE('',*,*,#3392,.F.);
#3392 = EDGE_CURVE('',#3212,#3363,#3393,.T.);
#3393 = SURFACE_CURVE('',#3394,(#3399,#3409),.PCURVE_S1.);
#3394 = ELLIPSE('',#3395,0.766893984219,0.762);
#3395 = AXIS2_PLACEMENT_3D('',#3396,#3397,#3398);
#3396 = CARTESIAN_POINT('',(66.04,-12.557125,21.749578496993));
#3397 = DIRECTION('',(-0.993618434464,-5.639682325395E-02,
    9.768216326133E-02));
#3398 = DIRECTION('',(0.112793646508,-0.496809217232,0.860498805915));
#3399 = PCURVE('',#2326,#3400);
#3400 = DEFINITIONAL_REPRESENTATION('',(#3401),#3408);
#3401 = B_SPLINE_CURVE_WITH_KNOTS('',5,(#3402,#3403,#3404,#3405,#3406,
    #3407),.UNSPECIFIED.,.F.,.F.,(6,6),(3.654103420248,3.665191429188),
  .PIECEWISE_BEZIER_KNOTS.);
#3402 = CARTESIAN_POINT('',(-7.105427357601E-15,39.019372033837));
#3403 = CARTESIAN_POINT('',(2.21760178794E-03,39.019466098117));
#3404 = CARTESIAN_POINT('',(4.435203575867E-03,39.019560625814));
#3405 = CARTESIAN_POINT('',(6.652805363842E-03,39.019655615966));
#3406 = CARTESIAN_POINT('',(8.870407151778E-03,39.019751067598));
#3407 = CARTESIAN_POINT('',(1.108800893973E-02,39.019846979728));
#3408 = ( GEOMETRIC_REPRESENTATION_CONTEXT(2) 
PARAMETRIC_REPRESENTATION_CONTEXT() REPRESENTATION_CONTEXT('2D SPACE',''
  ) );
#3409 = PCURVE('',#3252,#3410);
#3410 = DEFINITIONAL_REPRESENTATION('',(#3411),#3418);
#3411 = B_SPLINE_CURVE_WITH_KNOTS('',5,(#3412,#3413,#3414,#3415,#3416,
    #3417),.UNSPECIFIED.,.F.,.F.,(6,6),(3.654103420248,3.665191429188),
  .PIECEWISE_BEZIER_KNOTS.);
#3412 = CARTESIAN_POINT('',(6.27209729824,0.837386809261));
#3413 = CARTESIAN_POINT('',(6.274314900028,0.837292744981));
#3414 = CARTESIAN_POINT('',(6.276532501816,0.837198217284));
#3415 = CARTESIAN_POINT('',(6.278750103604,0.837103227133));
#3416 = CARTESIAN_POINT('',(6.280967705392,0.837007775501));
#3417 = CARTESIAN_POINT('',(6.28318530718,0.836911863371));
#3418 = ( GEOMETRIC_REPRESENTATION_CONTEXT(2) 
PARAMETRIC_REPRESENTATION_CONTEXT() REPRESENTATION_CONTEXT('2D SPACE',''
  ) );
#3419 = ORIENTED_EDGE('',*,*,#3211,.F.);
#3420 = ORIENTED_EDGE('',*,*,#3421,.T.);
#3421 = EDGE_CURVE('',#3189,#2306,#3422,.T.);
#3422 = SURFACE_CURVE('',#3423,(#3428,#3434),.PCURVE_S1.);
#3423 = CIRCLE('',#3424,0.762);
#3424 = AXIS2_PLACEMENT_3D('',#3425,#3426,#3427);
#3425 = CARTESIAN_POINT('',(104.14,-8.175625,14.16059788363));
#3426 = DIRECTION('',(-0.974555186615,-0.112073846461,0.19411759627));
#3427 = DIRECTION('',(-0.195348313949,0.,-0.980733927341));
#3428 = PCURVE('',#2326,#3429);
#3429 = DEFINITIONAL_REPRESENTATION('',(#3430),#3433);
#3430 = B_SPLINE_CURVE_WITH_KNOTS('',1,(#3431,#3432),.UNSPECIFIED.,.F.,
  .F.,(2,2),(0.,1.058285560136),.PIECEWISE_BEZIER_KNOTS.);
#3431 = CARTESIAN_POINT('',(0.,0.));
#3432 = CARTESIAN_POINT('',(1.058285560136,0.));
#3433 = ( GEOMETRIC_REPRESENTATION_CONTEXT(2) 
PARAMETRIC_REPRESENTATION_CONTEXT() REPRESENTATION_CONTEXT('2D SPACE',''
  ) );
#3434 = PCURVE('',#3173,#3435);
#3435 = DEFINITIONAL_REPRESENTATION('',(#3436),#3440);
#3436 = CIRCLE('',#3437,0.762);
#3437 = AXIS2_PLACEMENT_2D('',#3438,#3439);
#3438 = CARTESIAN_POINT('',(0.,0.));
#3439 = DIRECTION('',(1.,-3.469446951954E-18));
#3440 = ( GEOMETRIC_REPRESENTATION_CONTEXT(2) 
PARAMETRIC_REPRESENTATION_CONTEXT() REPRESENTATION_CONTEXT('2D SPACE',''
  ) );
#3441 = ORIENTED_EDGE('',*,*,#2305,.T.);
#3442 = ADVANCED_FACE('',(#3443),#2430,.F.);
#3443 = FACE_BOUND('',#3444,.F.);
#3444 = EDGE_LOOP('',(#3445,#3446,#3447));
#3445 = ORIENTED_EDGE('',*,*,#2414,.T.);
#3446 = ORIENTED_EDGE('',*,*,#2479,.T.);
#3447 = ORIENTED_EDGE('',*,*,#3448,.T.);
#3448 = EDGE_CURVE('',#2443,#2415,#3449,.T.);
#3449 = SURFACE_CURVE('',#3450,(#3454,#3461),.PCURVE_S1.);
#3450 = LINE('',#3451,#3452);
#3451 = CARTESIAN_POINT('',(104.14,8.175625,14.16059788363));
#3452 = VECTOR('',#3453,1.);
#3453 = DIRECTION('',(0.,0.866025403784,-0.5));
#3454 = PCURVE('',#2430,#3455);
#3455 = DEFINITIONAL_REPRESENTATION('',(#3456),#3460);
#3456 = LINE('',#3457,#3458);
#3457 = CARTESIAN_POINT('',(0.,-0.));
#3458 = VECTOR('',#3459,1.);
#3459 = DIRECTION('',(0.5,-0.866025403784));
#3460 = ( GEOMETRIC_REPRESENTATION_CONTEXT(2) 
PARAMETRIC_REPRESENTATION_CONTEXT() REPRESENTATION_CONTEXT('2D SPACE',''
  ) );
#3461 = PCURVE('',#3462,#3467);
#3462 = PLANE('',#3463);
#3463 = AXIS2_PLACEMENT_3D('',#3464,#3465,#3466);
#3464 = CARTESIAN_POINT('',(104.14,8.175625,14.16059788363));
#3465 = DIRECTION('',(-0.974555186615,0.112073846461,0.19411759627));
#3466 = DIRECTION('',(-0.195348313949,0.,-0.980733927341));
#3467 = DEFINITIONAL_REPRESENTATION('',(#3468),#3472);
#3468 = LINE('',#3469,#3470);
#3469 = CARTESIAN_POINT('',(0.,0.));
#3470 = VECTOR('',#3471,1.);
#3471 = DIRECTION('',(0.49036696367,-0.871516058912));
#3472 = ( GEOMETRIC_REPRESENTATION_CONTEXT(2) 
PARAMETRIC_REPRESENTATION_CONTEXT() REPRESENTATION_CONTEXT('2D SPACE',''
  ) );
#3473 = ADVANCED_FACE('',(#3474),#2463,.F.);
#3474 = FACE_BOUND('',#3475,.F.);
#3475 = EDGE_LOOP('',(#3476,#3499,#3520,#3555,#3585,#3615,#3650,#3680,
    #3708,#3709,#3730));
#3476 = ORIENTED_EDGE('',*,*,#3477,.T.);
#3477 = EDGE_CURVE('',#2415,#3478,#3480,.T.);
#3478 = VERTEX_POINT('',#3479);
#3479 = CARTESIAN_POINT('',(103.99114458477,8.175625,13.413278630997));
#3480 = SURFACE_CURVE('',#3481,(#3486,#3492),.PCURVE_S1.);
#3481 = CIRCLE('',#3482,0.762);
#3482 = AXIS2_PLACEMENT_3D('',#3483,#3484,#3485);
#3483 = CARTESIAN_POINT('',(104.14,8.175625,14.16059788363));
#3484 = DIRECTION('',(-0.974555186615,0.112073846461,0.19411759627));
#3485 = DIRECTION('',(-0.195348313949,3.469446951954E-18,-0.980733927341
    ));
#3486 = PCURVE('',#2463,#3487);
#3487 = DEFINITIONAL_REPRESENTATION('',(#3488),#3491);
#3488 = B_SPLINE_CURVE_WITH_KNOTS('',1,(#3489,#3490),.UNSPECIFIED.,.F.,
  .F.,(2,2),(5.224899747043,6.28318530718),.PIECEWISE_BEZIER_KNOTS.);
#3489 = CARTESIAN_POINT('',(5.224899747043,0.));
#3490 = CARTESIAN_POINT('',(6.28318530718,0.));
#3491 = ( GEOMETRIC_REPRESENTATION_CONTEXT(2) 
PARAMETRIC_REPRESENTATION_CONTEXT() REPRESENTATION_CONTEXT('2D SPACE',''
  ) );
#3492 = PCURVE('',#3462,#3493);
#3493 = DEFINITIONAL_REPRESENTATION('',(#3494),#3498);
#3494 = CIRCLE('',#3495,0.762);
#3495 = AXIS2_PLACEMENT_2D('',#3496,#3497);
#3496 = CARTESIAN_POINT('',(0.,0.));
#3497 = DIRECTION('',(1.,0.));
#3498 = ( GEOMETRIC_REPRESENTATION_CONTEXT(2) 
PARAMETRIC_REPRESENTATION_CONTEXT() REPRESENTATION_CONTEXT('2D SPACE',''
  ) );
#3499 = ORIENTED_EDGE('',*,*,#3500,.T.);
#3500 = EDGE_CURVE('',#3478,#3501,#3503,.T.);
#3501 = VERTEX_POINT('',#3502);
#3502 = CARTESIAN_POINT('',(65.964613190739,12.548676110314,
    20.987625338155));
#3503 = SEAM_CURVE('',#3504,(#3508,#3514),.PCURVE_S1.);
#3504 = LINE('',#3505,#3506);
#3505 = CARTESIAN_POINT('',(103.99114458477,8.175625,13.413278630997));
#3506 = VECTOR('',#3507,1.);
#3507 = DIRECTION('',(-0.974555186615,0.112073846461,0.19411759627));
#3508 = PCURVE('',#2463,#3509);
#3509 = DEFINITIONAL_REPRESENTATION('',(#3510),#3513);
#3510 = B_SPLINE_CURVE_WITH_KNOTS('',1,(#3511,#3512),.UNSPECIFIED.,.F.,
  .F.,(2,2),(0.,39.019372033837),.PIECEWISE_BEZIER_KNOTS.);
#3511 = CARTESIAN_POINT('',(0.,0.));
#3512 = CARTESIAN_POINT('',(0.,39.019372033837));
#3513 = ( GEOMETRIC_REPRESENTATION_CONTEXT(2) 
PARAMETRIC_REPRESENTATION_CONTEXT() REPRESENTATION_CONTEXT('2D SPACE',''
  ) );
#3514 = PCURVE('',#2463,#3515);
#3515 = DEFINITIONAL_REPRESENTATION('',(#3516),#3519);
#3516 = B_SPLINE_CURVE_WITH_KNOTS('',1,(#3517,#3518),.UNSPECIFIED.,.F.,
  .F.,(2,2),(0.,39.019372033837),.PIECEWISE_BEZIER_KNOTS.);
#3517 = CARTESIAN_POINT('',(6.28318530718,0.));
#3518 = CARTESIAN_POINT('',(6.28318530718,39.019372033837));
#3519 = ( GEOMETRIC_REPRESENTATION_CONTEXT(2) 
PARAMETRIC_REPRESENTATION_CONTEXT() REPRESENTATION_CONTEXT('2D SPACE',''
  ) );
#3520 = ORIENTED_EDGE('',*,*,#3521,.F.);
#3521 = EDGE_CURVE('',#3522,#3501,#3524,.T.);
#3522 = VERTEX_POINT('',#3523);
#3523 = CARTESIAN_POINT('',(65.965088136629,12.557125,20.987578496993));
#3524 = SURFACE_CURVE('',#3525,(#3530,#3540),.PCURVE_S1.);
#3525 = ELLIPSE('',#3526,0.766893984219,0.762);
#3526 = AXIS2_PLACEMENT_3D('',#3527,#3528,#3529);
#3527 = CARTESIAN_POINT('',(66.04,12.557125,21.749578496993));
#3528 = DIRECTION('',(-0.993618434464,5.639682325395E-02,
    9.768216326133E-02));
#3529 = DIRECTION('',(0.112793646508,0.496809217232,0.860498805915));
#3530 = PCURVE('',#2463,#3531);
#3531 = DEFINITIONAL_REPRESENTATION('',(#3532),#3539);
#3532 = B_SPLINE_CURVE_WITH_KNOTS('',5,(#3533,#3534,#3535,#3536,#3537,
    #3538),.UNSPECIFIED.,.F.,.F.,(6,6),(2.617993877992,2.629081886931),
  .PIECEWISE_BEZIER_KNOTS.);
#3533 = CARTESIAN_POINT('',(6.27209729824,39.019846979728));
#3534 = CARTESIAN_POINT('',(6.274314900028,39.019751067598));
#3535 = CARTESIAN_POINT('',(6.276532501816,39.019655615966));
#3536 = CARTESIAN_POINT('',(6.278750103604,39.019560625814));
#3537 = CARTESIAN_POINT('',(6.280967705392,39.019466098117));
#3538 = CARTESIAN_POINT('',(6.28318530718,39.019372033837));
#3539 = ( GEOMETRIC_REPRESENTATION_CONTEXT(2) 
PARAMETRIC_REPRESENTATION_CONTEXT() REPRESENTATION_CONTEXT('2D SPACE',''
  ) );
#3540 = PCURVE('',#3541,#3546);
#3541 = CYLINDRICAL_SURFACE('',#3542,0.762);
#3542 = AXIS2_PLACEMENT_3D('',#3543,#3544,#3545);
#3543 = CARTESIAN_POINT('',(66.802,12.557125,21.749578496993));
#3544 = DIRECTION('',(-1.,0.,0.));
#3545 = DIRECTION('',(0.,0.,-1.));
#3546 = DEFINITIONAL_REPRESENTATION('',(#3547),#3554);
#3547 = B_SPLINE_CURVE_WITH_KNOTS('',5,(#3548,#3549,#3550,#3551,#3552,
    #3553),.UNSPECIFIED.,.F.,.F.,(6,6),(2.617993877992,2.629081886931),
  .PIECEWISE_BEZIER_KNOTS.);
#3548 = CARTESIAN_POINT('',(2.590520390792E-14,0.836911863371));
#3549 = CARTESIAN_POINT('',(2.217601787972E-03,0.837007775501));
#3550 = CARTESIAN_POINT('',(4.435203575918E-03,0.837103227133));
#3551 = CARTESIAN_POINT('',(6.652805363867E-03,0.837198217284));
#3552 = CARTESIAN_POINT('',(8.870407151812E-03,0.837292744981));
#3553 = CARTESIAN_POINT('',(1.108800893976E-02,0.837386809261));
#3554 = ( GEOMETRIC_REPRESENTATION_CONTEXT(2) 
PARAMETRIC_REPRESENTATION_CONTEXT() REPRESENTATION_CONTEXT('2D SPACE',''
  ) );
#3555 = ORIENTED_EDGE('',*,*,#3556,.F.);
#3556 = EDGE_CURVE('',#3557,#3522,#3559,.T.);
#3557 = VERTEX_POINT('',#3558);
#3558 = CARTESIAN_POINT('',(66.04,13.217036357684,21.368578496993));
#3559 = SURFACE_CURVE('',#3560,(#3565,#3575),.PCURVE_S1.);
#3560 = ELLIPSE('',#3561,0.766893984219,0.762);
#3561 = AXIS2_PLACEMENT_3D('',#3562,#3563,#3564);
#3562 = CARTESIAN_POINT('',(66.04,12.557125,21.749578496993));
#3563 = DIRECTION('',(-0.993618434464,5.639682325395E-02,
    9.768216326133E-02));
#3564 = DIRECTION('',(0.112793646508,0.496809217232,0.860498805915));
#3565 = PCURVE('',#2463,#3566);
#3566 = DEFINITIONAL_REPRESENTATION('',(#3567),#3574);
#3567 = B_SPLINE_CURVE_WITH_KNOTS('',5,(#3568,#3569,#3570,#3571,#3572,
    #3573),.UNSPECIFIED.,.F.,.F.,(6,6),(1.570796353745,2.617993877992),
  .PIECEWISE_BEZIER_KNOTS.);
#3568 = CARTESIAN_POINT('',(5.224899773994,39.094758840767));
#3569 = CARTESIAN_POINT('',(5.434339278843,39.076642162546));
#3570 = CARTESIAN_POINT('',(5.643778783692,39.058523951061));
#3571 = CARTESIAN_POINT('',(5.853218288541,39.042069277594));
#3572 = CARTESIAN_POINT('',(6.062657793391,39.028905318838));
#3573 = CARTESIAN_POINT('',(6.27209729824,39.019846979728));
#3574 = ( GEOMETRIC_REPRESENTATION_CONTEXT(2) 
PARAMETRIC_REPRESENTATION_CONTEXT() REPRESENTATION_CONTEXT('2D SPACE',''
  ) );
#3575 = PCURVE('',#3541,#3576);
#3576 = DEFINITIONAL_REPRESENTATION('',(#3577),#3584);
#3577 = B_SPLINE_CURVE_WITH_KNOTS('',5,(#3578,#3579,#3580,#3581,#3582,
    #3583),.UNSPECIFIED.,.F.,.F.,(6,6),(1.570796353745,2.617993877992),
  .PIECEWISE_BEZIER_KNOTS.);
#3578 = CARTESIAN_POINT('',(5.235987782933,0.762000002331));
#3579 = CARTESIAN_POINT('',(5.445427287783,0.780116680552));
#3580 = CARTESIAN_POINT('',(5.654866792632,0.798234892038));
#3581 = CARTESIAN_POINT('',(5.864306297481,0.814689565504));
#3582 = CARTESIAN_POINT('',(6.07374580233,0.82785352426));
#3583 = CARTESIAN_POINT('',(6.28318530718,0.836911863371));
#3584 = ( GEOMETRIC_REPRESENTATION_CONTEXT(2) 
PARAMETRIC_REPRESENTATION_CONTEXT() REPRESENTATION_CONTEXT('2D SPACE',''
  ) );
#3585 = ORIENTED_EDGE('',*,*,#3586,.F.);
#3586 = EDGE_CURVE('',#3587,#3557,#3589,.T.);
#3587 = VERTEX_POINT('',#3588);
#3588 = CARTESIAN_POINT('',(66.802,13.169520261219,21.296129443585));
#3589 = SURFACE_CURVE('',#3590,(#3595,#3605),.PCURVE_S1.);
#3590 = ELLIPSE('',#3591,6.755699665642,0.762);
#3591 = AXIS2_PLACEMENT_3D('',#3592,#3593,#3594);
#3592 = CARTESIAN_POINT('',(66.04,12.557125,21.749578496993));
#3593 = DIRECTION('',(0.112793646508,0.496809217232,0.860498805915));
#3594 = DIRECTION('',(-0.993618434464,5.639682325395E-02,
    9.768216326133E-02));
#3595 = PCURVE('',#2463,#3596);
#3596 = DEFINITIONAL_REPRESENTATION('',(#3597),#3604);
#3597 = B_SPLINE_CURVE_WITH_KNOTS('',5,(#3598,#3599,#3600,#3601,#3602,
    #3603),.UNSPECIFIED.,.F.,.F.,(6,6),(4.598625680506,4.712388980385),
  .PIECEWISE_BEZIER_KNOTS.);
#3598 = CARTESIAN_POINT('',(5.111136447165,38.332758843098));
#3599 = CARTESIAN_POINT('',(5.133889107141,38.484500817049));
#3600 = CARTESIAN_POINT('',(5.156641767116,38.636735884539));
#3601 = CARTESIAN_POINT('',(5.179394427092,38.789300390926));
#3602 = CARTESIAN_POINT('',(5.202147087068,38.942029617023));
#3603 = CARTESIAN_POINT('',(5.224899747043,39.094758843098));
#3604 = ( GEOMETRIC_REPRESENTATION_CONTEXT(2) 
PARAMETRIC_REPRESENTATION_CONTEXT() REPRESENTATION_CONTEXT('2D SPACE',''
  ) );
#3605 = PCURVE('',#3541,#3606);
#3606 = DEFINITIONAL_REPRESENTATION('',(#3607),#3614);
#3607 = B_SPLINE_CURVE_WITH_KNOTS('',5,(#3608,#3609,#3610,#3611,#3612,
    #3613),.UNSPECIFIED.,.F.,.F.,(6,6),(4.598625680506,4.712388980385),
  .PIECEWISE_BEZIER_KNOTS.);
#3608 = CARTESIAN_POINT('',(5.349751055861,1.480469007512E-13));
#3609 = CARTESIAN_POINT('',(5.326998395886,0.151741973951));
#3610 = CARTESIAN_POINT('',(5.30424573591,0.303977041441));
#3611 = CARTESIAN_POINT('',(5.281493075934,0.456541547828));
#3612 = CARTESIAN_POINT('',(5.258740415959,0.609270773925));
#3613 = CARTESIAN_POINT('',(5.235987755983,0.762));
#3614 = ( GEOMETRIC_REPRESENTATION_CONTEXT(2) 
PARAMETRIC_REPRESENTATION_CONTEXT() REPRESENTATION_CONTEXT('2D SPACE',''
  ) );
#3615 = ORIENTED_EDGE('',*,*,#3616,.F.);
#3616 = EDGE_CURVE('',#3617,#3587,#3619,.T.);
#3617 = VERTEX_POINT('',#3618);
#3618 = CARTESIAN_POINT('',(66.802,11.858228969817,22.053203823662));
#3619 = SURFACE_CURVE('',#3620,(#3625,#3638),.PCURVE_S1.);
#3620 = ELLIPSE('',#3621,0.781895176862,0.762);
#3621 = AXIS2_PLACEMENT_3D('',#3622,#3623,#3624);
#3622 = CARTESIAN_POINT('',(66.802,12.469495,21.597798884726));
#3623 = DIRECTION('',(-1.,0.,0.));
#3624 = DIRECTION('',(0.,0.5,0.866025403784));
#3625 = PCURVE('',#2463,#3626);
#3626 = DEFINITIONAL_REPRESENTATION('',(#3627),#3637);
#3627 = B_SPLINE_CURVE_WITH_KNOTS('',8,(#3628,#3629,#3630,#3631,#3632,
    #3633,#3634,#3635,#3636),.UNSPECIFIED.,.F.,.F.,(9,9),(4.826152280265
    ,7.740218334094),.PIECEWISE_BEZIER_KNOTS.);
#3628 = CARTESIAN_POINT('',(2.197070393331,38.332792475342));
#3629 = CARTESIAN_POINT('',(2.561328650059,38.396245473644));
#3630 = CARTESIAN_POINT('',(2.925586906787,38.456643320628));
#3631 = CARTESIAN_POINT('',(3.289845163516,38.501124882906));
#3632 = CARTESIAN_POINT('',(3.654103420244,38.517777337496));
#3633 = CARTESIAN_POINT('',(4.018361676974,38.501155210087));
#3634 = CARTESIAN_POINT('',(4.382619933703,38.456648675411));
#3635 = CARTESIAN_POINT('',(4.746878190432,38.396226437934));
#3636 = CARTESIAN_POINT('',(5.111136447162,38.332773194121));
#3637 = ( GEOMETRIC_REPRESENTATION_CONTEXT(2) 
PARAMETRIC_REPRESENTATION_CONTEXT() REPRESENTATION_CONTEXT('2D SPACE',''
  ) );
#3638 = PCURVE('',#3639,#3644);
#3639 = PLANE('',#3640);
#3640 = AXIS2_PLACEMENT_3D('',#3641,#3642,#3643);
#3641 = CARTESIAN_POINT('',(66.802,12.557125,21.749578496993));
#3642 = DIRECTION('',(-1.,0.,0.));
#3643 = DIRECTION('',(0.,0.,-1.));
#3644 = DEFINITIONAL_REPRESENTATION('',(#3645),#3649);
#3645 = ELLIPSE('',#3646,0.781895176862,0.762);
#3646 = AXIS2_PLACEMENT_2D('',#3647,#3648);
#3647 = CARTESIAN_POINT('',(0.151779612267,8.763E-02));
#3648 = DIRECTION('',(-0.866025403784,-0.5));
#3649 = ( GEOMETRIC_REPRESENTATION_CONTEXT(2) 
PARAMETRIC_REPRESENTATION_CONTEXT() REPRESENTATION_CONTEXT('2D SPACE',''
  ) );
#3650 = ORIENTED_EDGE('',*,*,#3651,.F.);
#3651 = EDGE_CURVE('',#3652,#3617,#3654,.T.);
#3652 = VERTEX_POINT('',#3653);
#3653 = CARTESIAN_POINT('',(66.04,11.897213642316,22.130578496993));
#3654 = SURFACE_CURVE('',#3655,(#3660,#3670),.PCURVE_S1.);
#3655 = ELLIPSE('',#3656,6.755699665642,0.762);
#3656 = AXIS2_PLACEMENT_3D('',#3657,#3658,#3659);
#3657 = CARTESIAN_POINT('',(66.04,12.557125,21.749578496993));
#3658 = DIRECTION('',(0.112793646508,0.496809217232,0.860498805915));
#3659 = DIRECTION('',(-0.993618434464,5.639682325395E-02,
    9.768216326133E-02));
#3660 = PCURVE('',#2463,#3661);
#3661 = DEFINITIONAL_REPRESENTATION('',(#3662),#3669);
#3662 = B_SPLINE_CURVE_WITH_KNOTS('',5,(#3663,#3664,#3665,#3666,#3667,
    #3668),.UNSPECIFIED.,.F.,.F.,(6,6),(1.57079632714,1.684559626673),
  .PIECEWISE_BEZIER_KNOTS.);
#3663 = CARTESIAN_POINT('',(2.083307093799,39.094758840779));
#3664 = CARTESIAN_POINT('',(2.106059753706,38.942029615168));
#3665 = CARTESIAN_POINT('',(2.128812413612,38.789300389536));
#3666 = CARTESIAN_POINT('',(2.151565073519,38.636735883614));
#3667 = CARTESIAN_POINT('',(2.174317733425,38.484500816588));
#3668 = CARTESIAN_POINT('',(2.197070393332,38.332758843098));
#3669 = ( GEOMETRIC_REPRESENTATION_CONTEXT(2) 
PARAMETRIC_REPRESENTATION_CONTEXT() REPRESENTATION_CONTEXT('2D SPACE',''
  ) );
#3670 = PCURVE('',#3541,#3671);
#3671 = DEFINITIONAL_REPRESENTATION('',(#3672),#3679);
#3672 = B_SPLINE_CURVE_WITH_KNOTS('',5,(#3673,#3674,#3675,#3676,#3677,
    #3678),.UNSPECIFIED.,.F.,.F.,(6,6),(1.57079632714,1.684559626673),
  .PIECEWISE_BEZIER_KNOTS.);
#3673 = CARTESIAN_POINT('',(2.094395102048,0.761999997681));
#3674 = CARTESIAN_POINT('',(2.071642442141,0.609270772069));
#3675 = CARTESIAN_POINT('',(2.048889782235,0.456541546438));
#3676 = CARTESIAN_POINT('',(2.026137122328,0.303977040516));
#3677 = CARTESIAN_POINT('',(2.003384462421,0.15174197349));
#3678 = CARTESIAN_POINT('',(1.980631802515,1.33844107672E-13));
#3679 = ( GEOMETRIC_REPRESENTATION_CONTEXT(2) 
PARAMETRIC_REPRESENTATION_CONTEXT() REPRESENTATION_CONTEXT('2D SPACE',''
  ) );
#3680 = ORIENTED_EDGE('',*,*,#3681,.F.);
#3681 = EDGE_CURVE('',#3501,#3652,#3682,.T.);
#3682 = SURFACE_CURVE('',#3683,(#3688,#3698),.PCURVE_S1.);
#3683 = ELLIPSE('',#3684,0.766893984219,0.762);
#3684 = AXIS2_PLACEMENT_3D('',#3685,#3686,#3687);
#3685 = CARTESIAN_POINT('',(66.04,12.557125,21.749578496993));
#3686 = DIRECTION('',(-0.993618434464,5.639682325395E-02,
    9.768216326133E-02));
#3687 = DIRECTION('',(0.112793646508,0.496809217232,0.860498805915));
#3688 = PCURVE('',#2463,#3689);
#3689 = DEFINITIONAL_REPRESENTATION('',(#3690),#3697);
#3690 = B_SPLINE_CURVE_WITH_KNOTS('',5,(#3691,#3692,#3693,#3694,#3695,
    #3696),.UNSPECIFIED.,.F.,.F.,(6,6),(2.629081886931,4.712388980385),
  .PIECEWISE_BEZIER_KNOTS.);
#3691 = CARTESIAN_POINT('',(7.401486830834E-15,39.019372033837));
#3692 = CARTESIAN_POINT('',(0.416661418691,39.001698456677));
#3693 = CARTESIAN_POINT('',(0.833322837381,39.000197615198));
#3694 = CARTESIAN_POINT('',(1.249984256072,39.022513141133));
#3695 = CARTESIAN_POINT('',(1.666645674763,39.058717309983));
#3696 = CARTESIAN_POINT('',(2.083307093453,39.094758843098));
#3697 = ( GEOMETRIC_REPRESENTATION_CONTEXT(2) 
PARAMETRIC_REPRESENTATION_CONTEXT() REPRESENTATION_CONTEXT('2D SPACE',''
  ) );
#3698 = PCURVE('',#3541,#3699);
#3699 = DEFINITIONAL_REPRESENTATION('',(#3700),#3707);
#3700 = B_SPLINE_CURVE_WITH_KNOTS('',5,(#3701,#3702,#3703,#3704,#3705,
    #3706),.UNSPECIFIED.,.F.,.F.,(6,6),(2.629081886931,4.712388980385),
  .PIECEWISE_BEZIER_KNOTS.);
#3701 = CARTESIAN_POINT('',(1.108800893976E-02,0.837386809261));
#3702 = CARTESIAN_POINT('',(0.42774942763,0.855060386421));
#3703 = CARTESIAN_POINT('',(0.844410846321,0.8565612279));
#3704 = CARTESIAN_POINT('',(1.261072265012,0.834245701965));
#3705 = CARTESIAN_POINT('',(1.677733683703,0.798041533115));
#3706 = CARTESIAN_POINT('',(2.094395102393,0.762));
#3707 = ( GEOMETRIC_REPRESENTATION_CONTEXT(2) 
PARAMETRIC_REPRESENTATION_CONTEXT() REPRESENTATION_CONTEXT('2D SPACE',''
  ) );
#3708 = ORIENTED_EDGE('',*,*,#3500,.F.);
#3709 = ORIENTED_EDGE('',*,*,#3710,.T.);
#3710 = EDGE_CURVE('',#3478,#2443,#3711,.T.);
#3711 = SURFACE_CURVE('',#3712,(#3717,#3723),.PCURVE_S1.);
#3712 = CIRCLE('',#3713,0.762);
#3713 = AXIS2_PLACEMENT_3D('',#3714,#3715,#3716);
#3714 = CARTESIAN_POINT('',(104.14,8.175625,14.16059788363));
#3715 = DIRECTION('',(-0.974555186615,0.112073846461,0.19411759627));
#3716 = DIRECTION('',(-0.195348313949,3.469446951954E-18,-0.980733927341
    ));
#3717 = PCURVE('',#2463,#3718);
#3718 = DEFINITIONAL_REPRESENTATION('',(#3719),#3722);
#3719 = B_SPLINE_CURVE_WITH_KNOTS('',1,(#3720,#3721),.UNSPECIFIED.,.F.,
  .F.,(2,2),(0.,2.083307093453),.PIECEWISE_BEZIER_KNOTS.);
#3720 = CARTESIAN_POINT('',(0.,0.));
#3721 = CARTESIAN_POINT('',(2.083307093453,0.));
#3722 = ( GEOMETRIC_REPRESENTATION_CONTEXT(2) 
PARAMETRIC_REPRESENTATION_CONTEXT() REPRESENTATION_CONTEXT('2D SPACE',''
  ) );
#3723 = PCURVE('',#3462,#3724);
#3724 = DEFINITIONAL_REPRESENTATION('',(#3725),#3729);
#3725 = CIRCLE('',#3726,0.762);
#3726 = AXIS2_PLACEMENT_2D('',#3727,#3728);
#3727 = CARTESIAN_POINT('',(0.,0.));
#3728 = DIRECTION('',(1.,0.));
#3729 = ( GEOMETRIC_REPRESENTATION_CONTEXT(2) 
PARAMETRIC_REPRESENTATION_CONTEXT() REPRESENTATION_CONTEXT('2D SPACE',''
  ) );
#3730 = ORIENTED_EDGE('',*,*,#2442,.T.);
#3731 = ADVANCED_FACE('',(#3732,#3920),#2524,.F.);
#3732 = FACE_BOUND('',#3733,.F.);
#3733 = EDGE_LOOP('',(#3734,#3762,#3783,#3844,#3863,#3864,#3865,#3919));
#3734 = ORIENTED_EDGE('',*,*,#3735,.T.);
#3735 = EDGE_CURVE('',#3736,#3736,#3738,.T.);
#3736 = VERTEX_POINT('',#3737);
#3737 = CARTESIAN_POINT('',(-109.4782964901,4.354844017768E-15,17.78));
#3738 = SURFACE_CURVE('',#3739,(#3744,#3750),.PCURVE_S1.);
#3739 = CIRCLE('',#3740,17.78);
#3740 = AXIS2_PLACEMENT_3D('',#3741,#3742,#3743);
#3741 = CARTESIAN_POINT('',(-109.4782964901,0.,0.));
#3742 = DIRECTION('',(1.,0.,0.));
#3743 = DIRECTION('',(-0.,0.,1.));
#3744 = PCURVE('',#2524,#3745);
#3745 = DEFINITIONAL_REPRESENTATION('',(#3746),#3749);
#3746 = B_SPLINE_CURVE_WITH_KNOTS('',1,(#3747,#3748),.UNSPECIFIED.,.F.,
  .F.,(2,2),(0.,6.28318530718),.PIECEWISE_BEZIER_KNOTS.);
#3747 = CARTESIAN_POINT('',(0.,0.));
#3748 = CARTESIAN_POINT('',(6.28318530718,0.));
#3749 = ( GEOMETRIC_REPRESENTATION_CONTEXT(2) 
PARAMETRIC_REPRESENTATION_CONTEXT() REPRESENTATION_CONTEXT('2D SPACE',''
  ) );
#3750 = PCURVE('',#3751,#3756);
#3751 = PLANE('',#3752);
#3752 = AXIS2_PLACEMENT_3D('',#3753,#3754,#3755);
#3753 = CARTESIAN_POINT('',(-109.4782964901,0.,0.));
#3754 = DIRECTION('',(1.,0.,0.));
#3755 = DIRECTION('',(-0.,0.,1.));
#3756 = DEFINITIONAL_REPRESENTATION('',(#3757),#3761);
#3757 = CIRCLE('',#3758,17.78);
#3758 = AXIS2_PLACEMENT_2D('',#3759,#3760);
#3759 = CARTESIAN_POINT('',(0.,0.));
#3760 = DIRECTION('',(1.,0.));
#3761 = ( GEOMETRIC_REPRESENTATION_CONTEXT(2) 
PARAMETRIC_REPRESENTATION_CONTEXT() REPRESENTATION_CONTEXT('2D SPACE',''
  ) );
#3762 = ORIENTED_EDGE('',*,*,#3763,.T.);
#3763 = EDGE_CURVE('',#3736,#3764,#3766,.T.);
#3764 = VERTEX_POINT('',#3765);
#3765 = CARTESIAN_POINT('',(-82.27836792148,2.060774401265E-15,17.78));
#3766 = SEAM_CURVE('',#3767,(#3771,#3777),.PCURVE_S1.);
#3767 = LINE('',#3768,#3769);
#3768 = CARTESIAN_POINT('',(-109.4782964901,4.354844017768E-15,17.78));
#3769 = VECTOR('',#3770,1.);
#3770 = DIRECTION('',(1.,0.,0.));
#3771 = PCURVE('',#2524,#3772);
#3772 = DEFINITIONAL_REPRESENTATION('',(#3773),#3776);
#3773 = B_SPLINE_CURVE_WITH_KNOTS('',1,(#3774,#3775),.UNSPECIFIED.,.F.,
  .F.,(2,2),(0.,27.199928568625),.PIECEWISE_BEZIER_KNOTS.);
#3774 = CARTESIAN_POINT('',(0.,0.));
#3775 = CARTESIAN_POINT('',(0.,27.199928568625));
#3776 = ( GEOMETRIC_REPRESENTATION_CONTEXT(2) 
PARAMETRIC_REPRESENTATION_CONTEXT() REPRESENTATION_CONTEXT('2D SPACE',''
  ) );
#3777 = PCURVE('',#2524,#3778);
#3778 = DEFINITIONAL_REPRESENTATION('',(#3779),#3782);
#3779 = B_SPLINE_CURVE_WITH_KNOTS('',1,(#3780,#3781),.UNSPECIFIED.,.F.,
  .F.,(2,2),(0.,27.199928568625),.PIECEWISE_BEZIER_KNOTS.);
#3780 = CARTESIAN_POINT('',(6.28318530718,0.));
#3781 = CARTESIAN_POINT('',(6.28318530718,27.199928568625));
#3782 = ( GEOMETRIC_REPRESENTATION_CONTEXT(2) 
PARAMETRIC_REPRESENTATION_CONTEXT() REPRESENTATION_CONTEXT('2D SPACE',''
  ) );
#3783 = ORIENTED_EDGE('',*,*,#3784,.T.);
#3784 = EDGE_CURVE('',#3764,#3785,#3787,.T.);
#3785 = VERTEX_POINT('',#3786);
#3786 = CARTESIAN_POINT('',(-80.37336792149,4.354844017768E-15,17.78));
#3787 = SURFACE_CURVE('',#3788,(#3803,#3821),.PCURVE_S1.);
#3788 = B_SPLINE_CURVE_WITH_KNOTS('',7,(#3789,#3790,#3791,#3792,#3793,
    #3794,#3795,#3796,#3797,#3798,#3799,#3800,#3801,#3802),
  .UNSPECIFIED.,.F.,.F.,(8,6,8),(0.,0.500022625204,1.),.UNSPECIFIED.);
#3789 = CARTESIAN_POINT('',(-82.27836792148,2.060774401265E-15,17.78));
#3790 = CARTESIAN_POINT('',(-82.27836792148,0.213154228551,17.78));
#3791 = CARTESIAN_POINT('',(-82.22272418813,0.427811437196,
    17.777020288628));
#3792 = CARTESIAN_POINT('',(-82.10998240975,0.624137669722,
    17.770973678099));
#3793 = CARTESIAN_POINT('',(-81.94937877479,0.784284109548,
    17.763485225782));
#3794 = CARTESIAN_POINT('',(-81.75388232246,0.896171473247,
    17.757491899048));
#3795 = CARTESIAN_POINT('',(-81.54034798183,0.9525,17.75446827562));
#3796 = CARTESIAN_POINT('',(-81.11140727088,0.9525,17.75446827562));
#3797 = CARTESIAN_POINT('',(-80.89785597416,0.896183389434,
    17.757491346335));
#3798 = CARTESIAN_POINT('',(-80.70232839429,0.784276544455,
    17.763485637282));
#3799 = CARTESIAN_POINT('',(-80.54173218873,0.624106503292,
    17.770975370548));
#3800 = CARTESIAN_POINT('',(-80.42901348732,0.427790389017,
    17.777020050887));
#3801 = CARTESIAN_POINT('',(-80.37336792148,0.21315715766,17.78));
#3802 = CARTESIAN_POINT('',(-80.37336792148,2.352393420312E-15,17.78));
#3803 = PCURVE('',#2524,#3804);
#3804 = DEFINITIONAL_REPRESENTATION('',(#3805),#3820);
#3805 = B_SPLINE_CURVE_WITH_KNOTS('',7,(#3806,#3807,#3808,#3809,#3810,
    #3811,#3812,#3813,#3814,#3815,#3816,#3817,#3818,#3819),
  .UNSPECIFIED.,.F.,.F.,(8,6,8),(0.,0.500022625204,1.),.UNSPECIFIED.);
#3806 = CARTESIAN_POINT('',(6.28318530718,27.199928568625));
#3807 = CARTESIAN_POINT('',(6.271196880377,27.199928568625));
#3808 = CARTESIAN_POINT('',(6.259123881145,27.255572301981));
#3809 = CARTESIAN_POINT('',(6.248079328296,27.368314080361));
#3810 = CARTESIAN_POINT('',(6.239062867385,27.528917715319));
#3811 = CARTESIAN_POINT('',(6.232760840242,27.724414167652));
#3812 = CARTESIAN_POINT('',(6.22958822137,27.937948508279));
#3813 = CARTESIAN_POINT('',(6.22958822137,28.366889219228));
#3814 = CARTESIAN_POINT('',(6.232760166402,28.580440515952));
#3815 = CARTESIAN_POINT('',(6.239063299552,28.775968095816));
#3816 = CARTESIAN_POINT('',(6.248081077939,28.936564301379));
#3817 = CARTESIAN_POINT('',(6.259125066058,29.049283002788));
#3818 = CARTESIAN_POINT('',(6.271196715635,29.104928568625));
#3819 = CARTESIAN_POINT('',(6.28318530718,29.104928568625));
#3820 = ( GEOMETRIC_REPRESENTATION_CONTEXT(2) 
PARAMETRIC_REPRESENTATION_CONTEXT() REPRESENTATION_CONTEXT('2D SPACE',''
  ) );
#3821 = PCURVE('',#3822,#3827);
#3822 = CYLINDRICAL_SURFACE('',#3823,0.9525);
#3823 = AXIS2_PLACEMENT_3D('',#3824,#3825,#3826);
#3824 = CARTESIAN_POINT('',(-81.32586792148,0.,21.59));
#3825 = DIRECTION('',(0.,0.,-1.));
#3826 = DIRECTION('',(-1.,0.,-0.));
#3827 = DEFINITIONAL_REPRESENTATION('',(#3828),#3843);
#3828 = B_SPLINE_CURVE_WITH_KNOTS('',7,(#3829,#3830,#3831,#3832,#3833,
    #3834,#3835,#3836,#3837,#3838,#3839,#3840,#3841,#3842),
  .UNSPECIFIED.,.F.,.F.,(8,6,8),(0.,0.500022625204,1.),.UNSPECIFIED.);
#3829 = CARTESIAN_POINT('',(0.,3.81));
#3830 = CARTESIAN_POINT('',(0.223783966983,3.81));
#3831 = CARTESIAN_POINT('',(0.449124999888,3.812979711372));
#3832 = CARTESIAN_POINT('',(0.673656420712,3.819026321901));
#3833 = CARTESIAN_POINT('',(0.89755680012,3.826514774218));
#3834 = CARTESIAN_POINT('',(1.121436097257,3.832508100952));
#3835 = CARTESIAN_POINT('',(1.345620410422,3.83553172438));
#3836 = CARTESIAN_POINT('',(1.795951865486,3.83553172438));
#3837 = CARTESIAN_POINT('',(2.020154257339,3.832508653665));
#3838 = CARTESIAN_POINT('',(2.244059614286,3.826514362718));
#3839 = CARTESIAN_POINT('',(2.467970363534,3.819024629452));
#3840 = CARTESIAN_POINT('',(2.692488927535,3.812979949113));
#3841 = CARTESIAN_POINT('',(2.917805611427,3.81));
#3842 = CARTESIAN_POINT('',(3.14159265359,3.81));
#3843 = ( GEOMETRIC_REPRESENTATION_CONTEXT(2) 
PARAMETRIC_REPRESENTATION_CONTEXT() REPRESENTATION_CONTEXT('2D SPACE',''
  ) );
#3844 = ORIENTED_EDGE('',*,*,#3845,.T.);
#3845 = EDGE_CURVE('',#3785,#2508,#3846,.T.);
#3846 = SEAM_CURVE('',#3847,(#3851,#3857),.PCURVE_S1.);
#3847 = LINE('',#3848,#3849);
#3848 = CARTESIAN_POINT('',(-109.4782964901,4.354844017768E-15,17.78));
#3849 = VECTOR('',#3850,1.);
#3850 = DIRECTION('',(1.,0.,0.));
#3851 = PCURVE('',#2524,#3852);
#3852 = DEFINITIONAL_REPRESENTATION('',(#3853),#3856);
#3853 = B_SPLINE_CURVE_WITH_KNOTS('',1,(#3854,#3855),.UNSPECIFIED.,.F.,
  .F.,(2,2),(29.104928568624,34.040296490114),.PIECEWISE_BEZIER_KNOTS.);
#3854 = CARTESIAN_POINT('',(0.,29.104928568624));
#3855 = CARTESIAN_POINT('',(0.,34.040296490114));
#3856 = ( GEOMETRIC_REPRESENTATION_CONTEXT(2) 
PARAMETRIC_REPRESENTATION_CONTEXT() REPRESENTATION_CONTEXT('2D SPACE',''
  ) );
#3857 = PCURVE('',#2524,#3858);
#3858 = DEFINITIONAL_REPRESENTATION('',(#3859),#3862);
#3859 = B_SPLINE_CURVE_WITH_KNOTS('',1,(#3860,#3861),.UNSPECIFIED.,.F.,
  .F.,(2,2),(29.104928568624,34.040296490114),.PIECEWISE_BEZIER_KNOTS.);
#3860 = CARTESIAN_POINT('',(6.28318530718,29.104928568624));
#3861 = CARTESIAN_POINT('',(6.28318530718,34.040296490114));
#3862 = ( GEOMETRIC_REPRESENTATION_CONTEXT(2) 
PARAMETRIC_REPRESENTATION_CONTEXT() REPRESENTATION_CONTEXT('2D SPACE',''
  ) );
#3863 = ORIENTED_EDGE('',*,*,#2507,.F.);
#3864 = ORIENTED_EDGE('',*,*,#3845,.F.);
#3865 = ORIENTED_EDGE('',*,*,#3866,.T.);
#3866 = EDGE_CURVE('',#3785,#3764,#3867,.T.);
#3867 = SURFACE_CURVE('',#3868,(#3883,#3901),.PCURVE_S1.);
#3868 = B_SPLINE_CURVE_WITH_KNOTS('',7,(#3869,#3870,#3871,#3872,#3873,
    #3874,#3875,#3876,#3877,#3878,#3879,#3880,#3881,#3882),
  .UNSPECIFIED.,.F.,.F.,(8,6,8),(0.,0.499989141697,1.),.UNSPECIFIED.);
#3869 = CARTESIAN_POINT('',(-80.37336792148,1.762479051592E-16,17.78));
#3870 = CARTESIAN_POINT('',(-80.37336792148,-0.213152136374,17.78));
#3871 = CARTESIAN_POINT('',(-80.42901066902,-0.427789212882,
    17.777020224376));
#3872 = CARTESIAN_POINT('',(-80.54173344698,-0.624110942773,
    17.770975205534));
#3873 = CARTESIAN_POINT('',(-80.70233152168,-0.784276295912,
    17.763485601949));
#3874 = CARTESIAN_POINT('',(-80.8978556266,-0.896183593623,
    17.757491347149));
#3875 = CARTESIAN_POINT('',(-81.11140776523,-0.9525,17.75446827562));
#3876 = CARTESIAN_POINT('',(-81.54033739264,-0.9525,17.75446827562));
#3877 = CARTESIAN_POINT('',(-81.75388830639,-0.896179127951,
    17.757491615778));
#3878 = CARTESIAN_POINT('',(-81.9494066607,-0.784270296201,
    17.763485855619));
#3879 = CARTESIAN_POINT('',(-82.10999638102,-0.624111664392,
    17.77097500604));
#3880 = CARTESIAN_POINT('',(-82.22271785922,-0.427800359731,
    17.777019782559));
#3881 = CARTESIAN_POINT('',(-82.27836792148,-0.213165526644,17.78));
#3882 = CARTESIAN_POINT('',(-82.27836792148,-1.762479051592E-16,17.78));
#3883 = PCURVE('',#2524,#3884);
#3884 = DEFINITIONAL_REPRESENTATION('',(#3885),#3900);
#3885 = B_SPLINE_CURVE_WITH_KNOTS('',7,(#3886,#3887,#3888,#3889,#3890,
    #3891,#3892,#3893,#3894,#3895,#3896,#3897,#3898,#3899),
  .UNSPECIFIED.,.F.,.F.,(8,6,8),(0.,0.499989141697,1.),.UNSPECIFIED.);
#3886 = CARTESIAN_POINT('',(0.,29.104928568625));
#3887 = CARTESIAN_POINT('',(1.198830913242E-02,29.104928568625));
#3888 = CARTESIAN_POINT('',(2.406017502987E-02,29.049285821087));
#3889 = CARTESIAN_POINT('',(3.510447863855E-02,28.936563043129));
#3890 = CARTESIAN_POINT('',(4.412199407936E-02,28.775964968426));
#3891 = CARTESIAN_POINT('',(5.042515213139E-02,28.580440863506));
#3892 = CARTESIAN_POINT('',(5.359708580933E-02,28.366888724884));
#3893 = CARTESIAN_POINT('',(5.359708580933E-02,27.93795909747));
#3894 = CARTESIAN_POINT('',(5.042490130566E-02,27.724408183724));
#3895 = CARTESIAN_POINT('',(4.412165403667E-02,27.528889829411));
#3896 = CARTESIAN_POINT('',(3.510452264106E-02,27.368300109091));
#3897 = CARTESIAN_POINT('',(2.406080054127E-02,27.255578630889));
#3898 = CARTESIAN_POINT('',(1.198906224096E-02,27.199928568625));
#3899 = CARTESIAN_POINT('',(0.,27.199928568625));
#3900 = ( GEOMETRIC_REPRESENTATION_CONTEXT(2) 
PARAMETRIC_REPRESENTATION_CONTEXT() REPRESENTATION_CONTEXT('2D SPACE',''
  ) );
#3901 = PCURVE('',#3822,#3902);
#3902 = DEFINITIONAL_REPRESENTATION('',(#3903),#3918);
#3903 = B_SPLINE_CURVE_WITH_KNOTS('',7,(#3904,#3905,#3906,#3907,#3908,
    #3909,#3910,#3911,#3912,#3913,#3914,#3915,#3916,#3917),
  .UNSPECIFIED.,.F.,.F.,(8,6,8),(0.,0.499989141697,1.),.UNSPECIFIED.);
#3904 = CARTESIAN_POINT('',(3.14159265359,3.81));
#3905 = CARTESIAN_POINT('',(3.365374424062,3.81));
#3906 = CARTESIAN_POINT('',(3.590695152681,3.812979775624));
#3907 = CARTESIAN_POINT('',(3.815218076755,3.819024794466));
#3908 = CARTESIAN_POINT('',(4.039128217045,3.826514398051));
#3909 = CARTESIAN_POINT('',(4.263030884665,3.832508652851));
#3910 = CARTESIAN_POINT('',(4.48723396069,3.83553172438));
#3911 = CARTESIAN_POINT('',(4.937553779497,3.83553172438));
#3912 = CARTESIAN_POINT('',(5.161755664663,3.832508384222));
#3913 = CARTESIAN_POINT('',(5.385654092125,3.826514144381));
#3914 = CARTESIAN_POINT('',(5.609556681714,3.81902499396));
#3915 = CARTESIAN_POINT('',(5.834070416231,3.812980217441));
#3916 = CARTESIAN_POINT('',(6.059389478682,3.81));
#3917 = CARTESIAN_POINT('',(6.28318530718,3.81));
#3918 = ( GEOMETRIC_REPRESENTATION_CONTEXT(2) 
PARAMETRIC_REPRESENTATION_CONTEXT() REPRESENTATION_CONTEXT('2D SPACE',''
  ) );
#3919 = ORIENTED_EDGE('',*,*,#3763,.F.);
#3920 = FACE_BOUND('',#3921,.F.);
#3921 = EDGE_LOOP('',(#3922));
#3922 = ORIENTED_EDGE('',*,*,#3923,.T.);
#3923 = EDGE_CURVE('',#3924,#3924,#3926,.T.);
#3924 = VERTEX_POINT('',#3925);
#3925 = CARTESIAN_POINT('',(-87.21373584297,17.75446827562,-0.9525));
#3926 = SURFACE_CURVE('',#3927,(#3954,#3984),.PCURVE_S1.);
#3927 = B_SPLINE_CURVE_WITH_KNOTS('',7,(#3928,#3929,#3930,#3931,#3932,
    #3933,#3934,#3935,#3936,#3937,#3938,#3939,#3940,#3941,#3942,#3943,
    #3944,#3945,#3946,#3947,#3948,#3949,#3950,#3951,#3952,#3953),
  .UNSPECIFIED.,.T.,.F.,(8,6,6,6,8),(0.,0.249999999995,0.499999999987,
    0.749999999985,1.),.UNSPECIFIED.);
#3928 = CARTESIAN_POINT('',(-87.21373584297,17.75446827562,-0.9525));
#3929 = CARTESIAN_POINT('',(-86.99927898754,17.75446827562,-0.9525));
#3930 = CARTESIAN_POINT('',(-86.78572590486,17.757491245824,
    -0.89618534607));
#3931 = CARTESIAN_POINT('',(-86.59019715593,17.763485573905,
    -0.784277420789));
#3932 = CARTESIAN_POINT('',(-86.42959847754,17.770975416343,
    -0.624107342133));
#3933 = CARTESIAN_POINT('',(-86.31687840687,17.777020221816,
    -0.427786382201));
#3934 = CARTESIAN_POINT('',(-86.26123584297,17.78,-0.213151612067));
#3935 = CARTESIAN_POINT('',(-86.26123584297,17.78,0.213151612064));
#3936 = CARTESIAN_POINT('',(-86.31687840687,17.777020221816,0.4277863822
    ));
#3937 = CARTESIAN_POINT('',(-86.42959847755,17.770975416343,
    0.624107342143));
#3938 = CARTESIAN_POINT('',(-86.59019715593,17.763485573906,
    0.78427742078));
#3939 = CARTESIAN_POINT('',(-86.78572590486,17.757491245824,
    0.896185346072));
#3940 = CARTESIAN_POINT('',(-86.99927898755,17.75446827562,0.9525));
#3941 = CARTESIAN_POINT('',(-87.42819269841,17.75446827562,0.9525));
#3942 = CARTESIAN_POINT('',(-87.64174578109,17.757491245824,
    0.896185346069));
#3943 = CARTESIAN_POINT('',(-87.83727453002,17.763485573905,
    0.784277420791));
#3944 = CARTESIAN_POINT('',(-87.9978732084,17.770975416343,
    0.624107342129));
#3945 = CARTESIAN_POINT('',(-88.11059327908,17.777020221816,
    0.427786382208));
#3946 = CARTESIAN_POINT('',(-88.16623584297,17.78,0.213151612062));
#3947 = CARTESIAN_POINT('',(-88.16623584297,17.78,-0.213151612076));
#3948 = CARTESIAN_POINT('',(-88.11059327907,17.777020221815,
    -0.427786382198));
#3949 = CARTESIAN_POINT('',(-87.99787320841,17.770975416344,
    -0.624107342126));
#3950 = CARTESIAN_POINT('',(-87.83727453002,17.763485573905,
    -0.784277420792));
#3951 = CARTESIAN_POINT('',(-87.64174578108,17.757491245824,
    -0.896185346069));
#3952 = CARTESIAN_POINT('',(-87.42819269841,17.75446827562,-0.9525));
#3953 = CARTESIAN_POINT('',(-87.21373584297,17.75446827562,-0.9525));
#3954 = PCURVE('',#2524,#3955);
#3955 = DEFINITIONAL_REPRESENTATION('',(#3956),#3983);
#3956 = B_SPLINE_CURVE_WITH_KNOTS('',7,(#3957,#3958,#3959,#3960,#3961,
    #3962,#3963,#3964,#3965,#3966,#3967,#3968,#3969,#3970,#3971,#3972,
    #3973,#3974,#3975,#3976,#3977,#3978,#3979,#3980,#3981,#3982),
  .UNSPECIFIED.,.T.,.F.,(8,6,6,6,8),(0.,0.249999999995,0.499999999987,
    0.749999999985,1.),.UNSPECIFIED.);
#3957 = CARTESIAN_POINT('',(4.658791894575,22.264560647136));
#3958 = CARTESIAN_POINT('',(4.658791894575,22.479017502569));
#3959 = CARTESIAN_POINT('',(4.661963729457,22.692570585247));
#3960 = CARTESIAN_POINT('',(4.668266923228,22.888099334179));
#3961 = CARTESIAN_POINT('',(4.677284704342,23.048698012568));
#3962 = CARTESIAN_POINT('',(4.68832896455,23.161418083238));
#3963 = CARTESIAN_POINT('',(4.700400700741,23.217060647136));
#3964 = CARTESIAN_POINT('',(4.724377260028,23.217060647136));
#3965 = CARTESIAN_POINT('',(4.736448996219,23.161418083241));
#3966 = CARTESIAN_POINT('',(4.747493256428,23.048698012563));
#3967 = CARTESIAN_POINT('',(4.756511037541,22.888099334177));
#3968 = CARTESIAN_POINT('',(4.762814231312,22.692570585255));
#3969 = CARTESIAN_POINT('',(4.765986066194,22.479017502564));
#3970 = CARTESIAN_POINT('',(4.765986066194,22.050103791701));
#3971 = CARTESIAN_POINT('',(4.762814231312,21.836550709024));
#3972 = CARTESIAN_POINT('',(4.756511037542,21.641021960093));
#3973 = CARTESIAN_POINT('',(4.747493256427,21.480423281706));
#3974 = CARTESIAN_POINT('',(4.736448996219,21.367703211032));
#3975 = CARTESIAN_POINT('',(4.724377260028,21.312060647136));
#3976 = CARTESIAN_POINT('',(4.70040070074,21.312060647136));
#3977 = CARTESIAN_POINT('',(4.688328964551,21.367703211038));
#3978 = CARTESIAN_POINT('',(4.677284704342,21.480423281698));
#3979 = CARTESIAN_POINT('',(4.668266923227,21.641021960089));
#3980 = CARTESIAN_POINT('',(4.661963729457,21.836550709028));
#3981 = CARTESIAN_POINT('',(4.658791894575,22.050103791701));
#3982 = CARTESIAN_POINT('',(4.658791894575,22.264560647136));
#3983 = ( GEOMETRIC_REPRESENTATION_CONTEXT(2) 
PARAMETRIC_REPRESENTATION_CONTEXT() REPRESENTATION_CONTEXT('2D SPACE',''
  ) );
#3984 = PCURVE('',#3985,#3990);
#3985 = CYLINDRICAL_SURFACE('',#3986,0.9525);
#3986 = AXIS2_PLACEMENT_3D('',#3987,#3988,#3989);
#3987 = CARTESIAN_POINT('',(-87.21373584297,21.59,1.32200621968E-15));
#3988 = DIRECTION('',(0.,-1.,-6.123233995737E-17));
#3989 = DIRECTION('',(0.,6.123233995737E-17,-1.));
#3990 = DEFINITIONAL_REPRESENTATION('',(#3991),#4018);
#3991 = B_SPLINE_CURVE_WITH_KNOTS('',7,(#3992,#3993,#3994,#3995,#3996,
    #3997,#3998,#3999,#4000,#4001,#4002,#4003,#4004,#4005,#4006,#4007,
    #4008,#4009,#4010,#4011,#4012,#4013,#4014,#4015,#4016,#4017),
  .UNSPECIFIED.,.F.,.F.,(8,6,6,6,8),(0.,0.249999999995,0.499999999987,
    0.749999999985,1.),.UNSPECIFIED.);
#3992 = CARTESIAN_POINT('',(0.,3.83553172438));
#3993 = CARTESIAN_POINT('',(0.225151554261,3.83553172438));
#3994 = CARTESIAN_POINT('',(0.449355711313,3.832508754176));
#3995 = CARTESIAN_POINT('',(0.673261924021,3.826514426095));
#3996 = CARTESIAN_POINT('',(0.89717476453,3.819024583657));
#3997 = CARTESIAN_POINT('',(1.121696794599,3.812979778184));
#3998 = CARTESIAN_POINT('',(1.347015106777,3.81));
#3999 = CARTESIAN_POINT('',(1.794577546809,3.81));
#4000 = CARTESIAN_POINT('',(2.01989585899,3.812979778184));
#4001 = CARTESIAN_POINT('',(2.244417889068,3.819024583657));
#4002 = CARTESIAN_POINT('',(2.468330729568,3.826514426094));
#4003 = CARTESIAN_POINT('',(2.69223694227,3.832508754176));
#4004 = CARTESIAN_POINT('',(2.916441099334,3.83553172438));
#4005 = CARTESIAN_POINT('',(3.366744207851,3.83553172438));
#4006 = CARTESIAN_POINT('',(3.590948364905,3.832508754176));
#4007 = CARTESIAN_POINT('',(3.814854577607,3.826514426095));
#4008 = CARTESIAN_POINT('',(4.038767418124,3.819024583657));
#4009 = CARTESIAN_POINT('',(4.263289448182,3.812979778184));
#4010 = CARTESIAN_POINT('',(4.488607760372,3.81));
#4011 = CARTESIAN_POINT('',(4.936170200412,3.81));
#4012 = CARTESIAN_POINT('',(5.161488512576,3.812979778185));
#4013 = CARTESIAN_POINT('',(5.386010542646,3.819024583656));
#4014 = CARTESIAN_POINT('',(5.609923383155,3.826514426095));
#4015 = CARTESIAN_POINT('',(5.833829595871,3.832508754176));
#4016 = CARTESIAN_POINT('',(6.058033752918,3.83553172438));
#4017 = CARTESIAN_POINT('',(6.28318530718,3.83553172438));
#4018 = ( GEOMETRIC_REPRESENTATION_CONTEXT(2) 
PARAMETRIC_REPRESENTATION_CONTEXT() REPRESENTATION_CONTEXT('2D SPACE',''
  ) );
#4019 = ADVANCED_FACE('',(#4020),#2560,.F.);
#4020 = FACE_BOUND('',#4021,.F.);
#4021 = EDGE_LOOP('',(#4022,#4023,#4044,#4079,#4111,#4143,#4171,#4172,
    #4173,#4174,#4200));
#4022 = ORIENTED_EDGE('',*,*,#2538,.T.);
#4023 = ORIENTED_EDGE('',*,*,#4024,.T.);
#4024 = EDGE_CURVE('',#2541,#4025,#4027,.T.);
#4025 = VERTEX_POINT('',#4026);
#4026 = CARTESIAN_POINT('',(-80.56386792148,1.866361721901E-16,24.35225)
  );
#4027 = SEAM_CURVE('',#4028,(#4032,#4038),.PCURVE_S1.);
#4028 = LINE('',#4029,#4030);
#4029 = CARTESIAN_POINT('',(56.642,1.866361721901E-16,24.35225));
#4030 = VECTOR('',#4031,1.);
#4031 = DIRECTION('',(-1.,0.,0.));
#4032 = PCURVE('',#2560,#4033);
#4033 = DEFINITIONAL_REPRESENTATION('',(#4034),#4037);
#4034 = B_SPLINE_CURVE_WITH_KNOTS('',1,(#4035,#4036),.UNSPECIFIED.,.F.,
  .F.,(2,2),(1.524,137.20586792148),.PIECEWISE_BEZIER_KNOTS.);
#4035 = CARTESIAN_POINT('',(0.,1.524));
#4036 = CARTESIAN_POINT('',(0.,137.20586792148));
#4037 = ( GEOMETRIC_REPRESENTATION_CONTEXT(2) 
PARAMETRIC_REPRESENTATION_CONTEXT() REPRESENTATION_CONTEXT('2D SPACE',''
  ) );
#4038 = PCURVE('',#2560,#4039);
#4039 = DEFINITIONAL_REPRESENTATION('',(#4040),#4043);
#4040 = B_SPLINE_CURVE_WITH_KNOTS('',1,(#4041,#4042),.UNSPECIFIED.,.F.,
  .F.,(2,2),(1.524,137.20586792148),.PIECEWISE_BEZIER_KNOTS.);
#4041 = CARTESIAN_POINT('',(6.28318530718,1.524));
#4042 = CARTESIAN_POINT('',(6.28318530718,137.20586792148));
#4043 = ( GEOMETRIC_REPRESENTATION_CONTEXT(2) 
PARAMETRIC_REPRESENTATION_CONTEXT() REPRESENTATION_CONTEXT('2D SPACE',''
  ) );
#4044 = ORIENTED_EDGE('',*,*,#4045,.F.);
#4045 = EDGE_CURVE('',#4046,#4025,#4048,.T.);
#4046 = VERTEX_POINT('',#4047);
#4047 = CARTESIAN_POINT('',(-81.32586792148,0.762,25.11425));
#4048 = SURFACE_CURVE('',#4049,(#4054,#4064),.PCURVE_S1.);
#4049 = ELLIPSE('',#4050,1.077630734528,0.762);
#4050 = AXIS2_PLACEMENT_3D('',#4051,#4052,#4053);
#4051 = CARTESIAN_POINT('',(-81.32586792148,0.,25.11425));
#4052 = DIRECTION('',(-0.707106781187,0.,-0.707106781187));
#4053 = DIRECTION('',(-0.707106781187,0.,0.707106781187));
#4054 = PCURVE('',#2560,#4055);
#4055 = DEFINITIONAL_REPRESENTATION('',(#4056),#4063);
#4056 = B_SPLINE_CURVE_WITH_KNOTS('',5,(#4057,#4058,#4059,#4060,#4061,
    #4062),.UNSPECIFIED.,.F.,.F.,(6,6),(1.570796339586,3.14159265359),
  .PIECEWISE_BEZIER_KNOTS.);
#4057 = CARTESIAN_POINT('',(4.712388993176,137.96786791174));
#4058 = CARTESIAN_POINT('',(5.026548255977,137.72847855348));
#4059 = CARTESIAN_POINT('',(5.340707518778,137.48887252284));
#4060 = CARTESIAN_POINT('',(5.654866781578,137.29961696547));
#4061 = CARTESIAN_POINT('',(5.969026044379,137.20586792148));
#4062 = CARTESIAN_POINT('',(6.28318530718,137.20586792148));
#4063 = ( GEOMETRIC_REPRESENTATION_CONTEXT(2) 
PARAMETRIC_REPRESENTATION_CONTEXT() REPRESENTATION_CONTEXT('2D SPACE',''
  ) );
#4064 = PCURVE('',#4065,#4070);
#4065 = CYLINDRICAL_SURFACE('',#4066,0.762);
#4066 = AXIS2_PLACEMENT_3D('',#4067,#4068,#4069);
#4067 = CARTESIAN_POINT('',(-81.32586792148,0.,25.87625));
#4068 = DIRECTION('',(0.,0.,-1.));
#4069 = DIRECTION('',(-1.,0.,-0.));
#4070 = DEFINITIONAL_REPRESENTATION('',(#4071),#4078);
#4071 = B_SPLINE_CURVE_WITH_KNOTS('',5,(#4072,#4073,#4074,#4075,#4076,
    #4077),.UNSPECIFIED.,.F.,.F.,(6,6),(1.570796339586,3.14159265359),
  .PIECEWISE_BEZIER_KNOTS.);
#4072 = CARTESIAN_POINT('',(1.570796339586,0.762000009747));
#4073 = CARTESIAN_POINT('',(1.884955602387,1.001389368001));
#4074 = CARTESIAN_POINT('',(2.199114865188,1.240995398645));
#4075 = CARTESIAN_POINT('',(2.513274127988,1.430250956012));
#4076 = CARTESIAN_POINT('',(2.827433390789,1.524));
#4077 = CARTESIAN_POINT('',(3.14159265359,1.524));
#4078 = ( GEOMETRIC_REPRESENTATION_CONTEXT(2) 
PARAMETRIC_REPRESENTATION_CONTEXT() REPRESENTATION_CONTEXT('2D SPACE',''
  ) );
#4079 = ORIENTED_EDGE('',*,*,#4080,.F.);
#4080 = EDGE_CURVE('',#4081,#4046,#4083,.T.);
#4081 = VERTEX_POINT('',#4082);
#4082 = CARTESIAN_POINT('',(-80.56386792148,5.352649759321E-07,25.87625)
  );
#4083 = SURFACE_CURVE('',#4084,(#4089,#4100),.PCURVE_S1.);
#4084 = ELLIPSE('',#4085,1.077630734528,0.762);
#4085 = AXIS2_PLACEMENT_3D('',#4086,#4087,#4088);
#4086 = CARTESIAN_POINT('',(-81.32586792148,0.,25.11425));
#4087 = DIRECTION('',(-0.707106781187,0.,0.707106781187));
#4088 = DIRECTION('',(-0.707106781187,0.,-0.707106781187));
#4089 = PCURVE('',#2560,#4090);
#4090 = DEFINITIONAL_REPRESENTATION('',(#4091),#4099);
#4091 = B_SPLINE_CURVE_WITH_KNOTS('',6,(#4092,#4093,#4094,#4095,#4096,
    #4097,#4098),.UNSPECIFIED.,.F.,.F.,(7,7),(3.141593356037,
    4.712388980385),.PIECEWISE_BEZIER_KNOTS.);
#4092 = CARTESIAN_POINT('',(3.141593356037,137.20588565099));
#4093 = CARTESIAN_POINT('',(3.403392626762,137.20588579106));
#4094 = CARTESIAN_POINT('',(3.665191897486,137.26853280011));
#4095 = CARTESIAN_POINT('',(3.926991168211,137.39382666097));
#4096 = CARTESIAN_POINT('',(4.188790438936,137.56897175675));
#4097 = CARTESIAN_POINT('',(4.45058970966,137.76837687719));
#4098 = CARTESIAN_POINT('',(4.712388980385,137.96786792148));
#4099 = ( GEOMETRIC_REPRESENTATION_CONTEXT(2) 
PARAMETRIC_REPRESENTATION_CONTEXT() REPRESENTATION_CONTEXT('2D SPACE',''
  ) );
#4100 = PCURVE('',#4065,#4101);
#4101 = DEFINITIONAL_REPRESENTATION('',(#4102),#4110);
#4102 = B_SPLINE_CURVE_WITH_KNOTS('',6,(#4103,#4104,#4105,#4106,#4107,
    #4108,#4109),.UNSPECIFIED.,.F.,.F.,(7,7),(3.141593356037,
    4.712388980385),.PIECEWISE_BEZIER_KNOTS.);
#4103 = CARTESIAN_POINT('',(3.141591951142,1.772950544495E-05));
#4104 = CARTESIAN_POINT('',(2.879792680418,1.78695808307E-05));
#4105 = CARTESIAN_POINT('',(2.617993409693,6.26648786308E-02));
#4106 = CARTESIAN_POINT('',(2.356194138969,0.18795873949));
#4107 = CARTESIAN_POINT('',(2.094394868244,0.363103835268));
#4108 = CARTESIAN_POINT('',(1.832595597519,0.562508955708));
#4109 = CARTESIAN_POINT('',(1.570796326795,0.762));
#4110 = ( GEOMETRIC_REPRESENTATION_CONTEXT(2) 
PARAMETRIC_REPRESENTATION_CONTEXT() REPRESENTATION_CONTEXT('2D SPACE',''
  ) );
#4111 = ORIENTED_EDGE('',*,*,#4112,.F.);
#4112 = EDGE_CURVE('',#4113,#4081,#4115,.T.);
#4113 = VERTEX_POINT('',#4114);
#4114 = CARTESIAN_POINT('',(-81.32586792148,-0.762,25.11425));
#4115 = SURFACE_CURVE('',#4116,(#4121,#4132),.PCURVE_S1.);
#4116 = ELLIPSE('',#4117,1.077630734528,0.762);
#4117 = AXIS2_PLACEMENT_3D('',#4118,#4119,#4120);
#4118 = CARTESIAN_POINT('',(-81.32586792148,0.,25.11425));
#4119 = DIRECTION('',(-0.707106781187,0.,0.707106781187));
#4120 = DIRECTION('',(-0.707106781187,0.,-0.707106781187));
#4121 = PCURVE('',#2560,#4122);
#4122 = DEFINITIONAL_REPRESENTATION('',(#4123),#4131);
#4123 = B_SPLINE_CURVE_WITH_KNOTS('',6,(#4124,#4125,#4126,#4127,#4128,
    #4129,#4130),.UNSPECIFIED.,.F.,.F.,(7,7),(1.570796339586,
    3.141593356037),.PIECEWISE_BEZIER_KNOTS.);
#4124 = CARTESIAN_POINT('',(1.570796339586,137.96786791174));
#4125 = CARTESIAN_POINT('',(1.832595842328,137.76837669065));
#4126 = CARTESIAN_POINT('',(2.09439534507,137.56897139436));
#4127 = CARTESIAN_POINT('',(2.356194847812,137.39382618797));
#4128 = CARTESIAN_POINT('',(2.617994350554,137.26853235085));
#4129 = CARTESIAN_POINT('',(2.879793853295,137.20588551091));
#4130 = CARTESIAN_POINT('',(3.141593356037,137.20588565099));
#4131 = ( GEOMETRIC_REPRESENTATION_CONTEXT(2) 
PARAMETRIC_REPRESENTATION_CONTEXT() REPRESENTATION_CONTEXT('2D SPACE',''
  ) );
#4132 = PCURVE('',#4065,#4133);
#4133 = DEFINITIONAL_REPRESENTATION('',(#4134),#4142);
#4134 = B_SPLINE_CURVE_WITH_KNOTS('',6,(#4135,#4136,#4137,#4138,#4139,
    #4140,#4141),.UNSPECIFIED.,.F.,.F.,(7,7),(1.570796339586,
    3.141593356037),.PIECEWISE_BEZIER_KNOTS.);
#4135 = CARTESIAN_POINT('',(4.712388967593,0.761999990253));
#4136 = CARTESIAN_POINT('',(4.450589464851,0.562508769164));
#4137 = CARTESIAN_POINT('',(4.18878996211,0.363103472873));
#4138 = CARTESIAN_POINT('',(3.926990459368,0.18795826649));
#4139 = CARTESIAN_POINT('',(3.665190956626,6.26644293695E-02));
#4140 = CARTESIAN_POINT('',(3.403391453884,1.758942993507E-05));
#4141 = CARTESIAN_POINT('',(3.141591951142,1.772950544495E-05));
#4142 = ( GEOMETRIC_REPRESENTATION_CONTEXT(2) 
PARAMETRIC_REPRESENTATION_CONTEXT() REPRESENTATION_CONTEXT('2D SPACE',''
  ) );
#4143 = ORIENTED_EDGE('',*,*,#4144,.F.);
#4144 = EDGE_CURVE('',#4025,#4113,#4145,.T.);
#4145 = SURFACE_CURVE('',#4146,(#4151,#4161),.PCURVE_S1.);
#4146 = ELLIPSE('',#4147,1.077630734528,0.762);
#4147 = AXIS2_PLACEMENT_3D('',#4148,#4149,#4150);
#4148 = CARTESIAN_POINT('',(-81.32586792148,0.,25.11425));
#4149 = DIRECTION('',(-0.707106781187,0.,-0.707106781187));
#4150 = DIRECTION('',(-0.707106781187,0.,0.707106781187));
#4151 = PCURVE('',#2560,#4152);
#4152 = DEFINITIONAL_REPRESENTATION('',(#4153),#4160);
#4153 = B_SPLINE_CURVE_WITH_KNOTS('',5,(#4154,#4155,#4156,#4157,#4158,
    #4159),.UNSPECIFIED.,.F.,.F.,(6,6),(3.14159265359,4.712388980385),
  .PIECEWISE_BEZIER_KNOTS.);
#4154 = CARTESIAN_POINT('',(-8.881784197001E-16,137.20586792148));
#4155 = CARTESIAN_POINT('',(0.314159265359,137.20586792148));
#4156 = CARTESIAN_POINT('',(0.628318530718,137.29961696699));
#4157 = CARTESIAN_POINT('',(0.942477796077,137.48887252748));
#4158 = CARTESIAN_POINT('',(1.256637061436,137.72847856128));
#4159 = CARTESIAN_POINT('',(1.570796326795,137.96786792148));
#4160 = ( GEOMETRIC_REPRESENTATION_CONTEXT(2) 
PARAMETRIC_REPRESENTATION_CONTEXT() REPRESENTATION_CONTEXT('2D SPACE',''
  ) );
#4161 = PCURVE('',#4065,#4162);
#4162 = DEFINITIONAL_REPRESENTATION('',(#4163),#4170);
#4163 = B_SPLINE_CURVE_WITH_KNOTS('',5,(#4164,#4165,#4166,#4167,#4168,
    #4169),.UNSPECIFIED.,.F.,.F.,(6,6),(3.14159265359,4.712388980385),
  .PIECEWISE_BEZIER_KNOTS.);
#4164 = CARTESIAN_POINT('',(3.14159265359,1.524));
#4165 = CARTESIAN_POINT('',(3.455751918949,1.524));
#4166 = CARTESIAN_POINT('',(3.769911184308,1.430250954492));
#4167 = CARTESIAN_POINT('',(4.084070449667,1.240995394008));
#4168 = CARTESIAN_POINT('',(4.398229715026,1.001389360204));
#4169 = CARTESIAN_POINT('',(4.712388980385,0.762));
#4170 = ( GEOMETRIC_REPRESENTATION_CONTEXT(2) 
PARAMETRIC_REPRESENTATION_CONTEXT() REPRESENTATION_CONTEXT('2D SPACE',''
  ) );
#4171 = ORIENTED_EDGE('',*,*,#4024,.F.);
#4172 = ORIENTED_EDGE('',*,*,#2656,.T.);
#4173 = ORIENTED_EDGE('',*,*,#2626,.T.);
#4174 = ORIENTED_EDGE('',*,*,#4175,.T.);
#4175 = EDGE_CURVE('',#2576,#2576,#4176,.T.);
#4176 = SURFACE_CURVE('',#4177,(#4182,#4188),.PCURVE_S1.);
#4177 = CIRCLE('',#4178,0.762);
#4178 = AXIS2_PLACEMENT_3D('',#4179,#4180,#4181);
#4179 = CARTESIAN_POINT('',(56.642,0.,25.11425));
#4180 = DIRECTION('',(-1.,0.,0.));
#4181 = DIRECTION('',(0.,0.,-1.));
#4182 = PCURVE('',#2560,#4183);
#4183 = DEFINITIONAL_REPRESENTATION('',(#4184),#4187);
#4184 = B_SPLINE_CURVE_WITH_KNOTS('',1,(#4185,#4186),.UNSPECIFIED.,.F.,
  .F.,(2,2),(0.,6.28318530718),.PIECEWISE_BEZIER_KNOTS.);
#4185 = CARTESIAN_POINT('',(0.,0.));
#4186 = CARTESIAN_POINT('',(6.28318530718,0.));
#4187 = ( GEOMETRIC_REPRESENTATION_CONTEXT(2) 
PARAMETRIC_REPRESENTATION_CONTEXT() REPRESENTATION_CONTEXT('2D SPACE',''
  ) );
#4188 = PCURVE('',#4189,#4194);
#4189 = PLANE('',#4190);
#4190 = AXIS2_PLACEMENT_3D('',#4191,#4192,#4193);
#4191 = CARTESIAN_POINT('',(56.642,0.,25.11425));
#4192 = DIRECTION('',(-1.,0.,0.));
#4193 = DIRECTION('',(0.,0.,-1.));
#4194 = DEFINITIONAL_REPRESENTATION('',(#4195),#4199);
#4195 = CIRCLE('',#4196,0.762);
#4196 = AXIS2_PLACEMENT_2D('',#4197,#4198);
#4197 = CARTESIAN_POINT('',(0.,0.));
#4198 = DIRECTION('',(1.,0.));
#4199 = ( GEOMETRIC_REPRESENTATION_CONTEXT(2) 
PARAMETRIC_REPRESENTATION_CONTEXT() REPRESENTATION_CONTEXT('2D SPACE',''
  ) );
#4200 = ORIENTED_EDGE('',*,*,#2575,.T.);
#4201 = ADVANCED_FACE('',(#4202),#2701,.T.);
#4202 = FACE_BOUND('',#4203,.T.);
#4203 = EDGE_LOOP('',(#4204,#4205));
#4204 = ORIENTED_EDGE('',*,*,#2687,.T.);
#4205 = ORIENTED_EDGE('',*,*,#2897,.T.);
#4206 = ADVANCED_FACE('',(#4207),#2760,.T.);
#4207 = FACE_BOUND('',#4208,.T.);
#4208 = EDGE_LOOP('',(#4209,#4232,#4253,#4254));
#4209 = ORIENTED_EDGE('',*,*,#4210,.T.);
#4210 = EDGE_CURVE('',#2740,#4211,#4213,.T.);
#4211 = VERTEX_POINT('',#4212);
#4212 = CARTESIAN_POINT('',(66.802,-12.557125,-22.51157849699));
#4213 = SURFACE_CURVE('',#4214,(#4219,#4226),.PCURVE_S1.);
#4214 = CIRCLE('',#4215,0.762);
#4215 = AXIS2_PLACEMENT_3D('',#4216,#4217,#4218);
#4216 = CARTESIAN_POINT('',(66.802,-12.557125,-21.74957849699));
#4217 = DIRECTION('',(-1.,0.,0.));
#4218 = DIRECTION('',(0.,0.,-1.));
#4219 = PCURVE('',#2760,#4220);
#4220 = DEFINITIONAL_REPRESENTATION('',(#4221),#4225);
#4221 = CIRCLE('',#4222,0.762);
#4222 = AXIS2_PLACEMENT_2D('',#4223,#4224);
#4223 = CARTESIAN_POINT('',(0.,0.));
#4224 = DIRECTION('',(1.,0.));
#4225 = ( GEOMETRIC_REPRESENTATION_CONTEXT(2) 
PARAMETRIC_REPRESENTATION_CONTEXT() REPRESENTATION_CONTEXT('2D SPACE',''
  ) );
#4226 = PCURVE('',#2792,#4227);
#4227 = DEFINITIONAL_REPRESENTATION('',(#4228),#4231);
#4228 = B_SPLINE_CURVE_WITH_KNOTS('',1,(#4229,#4230),.UNSPECIFIED.,.F.,
  .F.,(2,2),(5.122224456105,6.28318530718),.PIECEWISE_BEZIER_KNOTS.);
#4229 = CARTESIAN_POINT('',(5.122224456105,0.));
#4230 = CARTESIAN_POINT('',(6.28318530718,0.));
#4231 = ( GEOMETRIC_REPRESENTATION_CONTEXT(2) 
PARAMETRIC_REPRESENTATION_CONTEXT() REPRESENTATION_CONTEXT('2D SPACE',''
  ) );
#4232 = ORIENTED_EDGE('',*,*,#4233,.T.);
#4233 = EDGE_CURVE('',#4211,#2840,#4234,.T.);
#4234 = SURFACE_CURVE('',#4235,(#4240,#4247),.PCURVE_S1.);
#4235 = CIRCLE('',#4236,0.762);
#4236 = AXIS2_PLACEMENT_3D('',#4237,#4238,#4239);
#4237 = CARTESIAN_POINT('',(66.802,-12.557125,-21.74957849699));
#4238 = DIRECTION('',(-1.,0.,0.));
#4239 = DIRECTION('',(0.,0.,-1.));
#4240 = PCURVE('',#2760,#4241);
#4241 = DEFINITIONAL_REPRESENTATION('',(#4242),#4246);
#4242 = CIRCLE('',#4243,0.762);
#4243 = AXIS2_PLACEMENT_2D('',#4244,#4245);
#4244 = CARTESIAN_POINT('',(0.,0.));
#4245 = DIRECTION('',(1.,0.));
#4246 = ( GEOMETRIC_REPRESENTATION_CONTEXT(2) 
PARAMETRIC_REPRESENTATION_CONTEXT() REPRESENTATION_CONTEXT('2D SPACE',''
  ) );
#4247 = PCURVE('',#2792,#4248);
#4248 = DEFINITIONAL_REPRESENTATION('',(#4249),#4252);
#4249 = B_SPLINE_CURVE_WITH_KNOTS('',1,(#4250,#4251),.UNSPECIFIED.,.F.,
  .F.,(2,2),(0.,2.208158402271),.PIECEWISE_BEZIER_KNOTS.);
#4250 = CARTESIAN_POINT('',(0.,0.));
#4251 = CARTESIAN_POINT('',(2.208158402271,0.));
#4252 = ( GEOMETRIC_REPRESENTATION_CONTEXT(2) 
PARAMETRIC_REPRESENTATION_CONTEXT() REPRESENTATION_CONTEXT('2D SPACE',''
  ) );
#4253 = ORIENTED_EDGE('',*,*,#2869,.F.);
#4254 = ORIENTED_EDGE('',*,*,#2739,.F.);
#4255 = ADVANCED_FACE('',(#4256),#2792,.F.);
#4256 = FACE_BOUND('',#4257,.F.);
#4257 = EDGE_LOOP('',(#4258,#4259,#4280,#4395,#4463,#4493,#4494,#4495,
    #4496,#4497));
#4258 = ORIENTED_EDGE('',*,*,#4210,.T.);
#4259 = ORIENTED_EDGE('',*,*,#4260,.T.);
#4260 = EDGE_CURVE('',#4211,#4261,#4263,.T.);
#4261 = VERTEX_POINT('',#4262);
#4262 = CARTESIAN_POINT('',(-86.83765522726,-12.557125,-22.51157849699)
  );
#4263 = SEAM_CURVE('',#4264,(#4268,#4274),.PCURVE_S1.);
#4264 = LINE('',#4265,#4266);
#4265 = CARTESIAN_POINT('',(66.802,-12.557125,-22.51157849699));
#4266 = VECTOR('',#4267,1.);
#4267 = DIRECTION('',(-1.,0.,0.));
#4268 = PCURVE('',#2792,#4269);
#4269 = DEFINITIONAL_REPRESENTATION('',(#4270),#4273);
#4270 = B_SPLINE_CURVE_WITH_KNOTS('',1,(#4271,#4272),.UNSPECIFIED.,.F.,
  .F.,(2,2),(0.,153.63965522726),.PIECEWISE_BEZIER_KNOTS.);
#4271 = CARTESIAN_POINT('',(0.,0.));
#4272 = CARTESIAN_POINT('',(0.,153.63965522726));
#4273 = ( GEOMETRIC_REPRESENTATION_CONTEXT(2) 
PARAMETRIC_REPRESENTATION_CONTEXT() REPRESENTATION_CONTEXT('2D SPACE',''
  ) );
#4274 = PCURVE('',#2792,#4275);
#4275 = DEFINITIONAL_REPRESENTATION('',(#4276),#4279);
#4276 = B_SPLINE_CURVE_WITH_KNOTS('',1,(#4277,#4278),.UNSPECIFIED.,.F.,
  .F.,(2,2),(0.,153.63965522726),.PIECEWISE_BEZIER_KNOTS.);
#4277 = CARTESIAN_POINT('',(6.28318530718,0.));
#4278 = CARTESIAN_POINT('',(6.28318530718,153.63965522726));
#4279 = ( GEOMETRIC_REPRESENTATION_CONTEXT(2) 
PARAMETRIC_REPRESENTATION_CONTEXT() REPRESENTATION_CONTEXT('2D SPACE',''
  ) );
#4280 = ORIENTED_EDGE('',*,*,#4281,.T.);
#4281 = EDGE_CURVE('',#4261,#4282,#4284,.T.);
#4282 = VERTEX_POINT('',#4283);
#4283 = CARTESIAN_POINT('',(-87.21373584297,-12.176125,-21.0896671393));
#4284 = SURFACE_CURVE('',#4285,(#4318,#4354),.PCURVE_S1.);
#4285 = B_SPLINE_CURVE_WITH_KNOTS('',6,(#4286,#4287,#4288,#4289,#4290,
    #4291,#4292,#4293,#4294,#4295,#4296,#4297,#4298,#4299,#4300,#4301,
    #4302,#4303,#4304,#4305,#4306,#4307,#4308,#4309,#4310,#4311,#4312,
    #4313,#4314,#4315,#4316,#4317),.UNSPECIFIED.,.F.,.F.,(7,5,5,5,5,5,7)
  ,(0.,0.418205980585,0.709669487079,0.854962909373,0.926361267243,
    0.962053200454,1.),.UNSPECIFIED.);
#4286 = CARTESIAN_POINT('',(-86.83765522726,-12.557125,-22.51157849699)
  );
#4287 = CARTESIAN_POINT('',(-86.7173693924,-12.41700426828,
    -22.51157849699));
#4288 = CARTESIAN_POINT('',(-86.61184028446,-12.2769750793,
    -22.48066062076));
#4289 = CARTESIAN_POINT('',(-86.52819372309,-12.14560280595,
    -22.41888889079));
#4290 = CARTESIAN_POINT('',(-86.47224638044,-12.03145295011,
    -22.32958076379));
#4291 = CARTESIAN_POINT('',(-86.44699072791,-11.94100967629,
    -22.2190862564));
#4292 = CARTESIAN_POINT('',(-86.45597744213,-11.83390348066,
    -22.00844830401));
#4293 = CARTESIAN_POINT('',(-86.47450510876,-11.80318457298,
    -21.91531573242));
#4294 = CARTESIAN_POINT('',(-86.50784248172,-11.78697961151,
    -21.81812203223));
#4295 = CARTESIAN_POINT('',(-86.55518498968,-11.78582178717,
    -21.7197192638));
#4296 = CARTESIAN_POINT('',(-86.61504541242,-11.79954269057,
    -21.62298411754));
#4297 = CARTESIAN_POINT('',(-86.72039463767,-11.84110921968,
    -21.48447532729));
#4298 = CARTESIAN_POINT('',(-86.75803799433,-11.85842190143,
    -21.43946654638));
#4299 = CARTESIAN_POINT('',(-86.79801947719,-11.8791123778,
    -21.39585667488));
#4300 = CARTESIAN_POINT('',(-86.84005354062,-11.9030369486,
    -21.35395558617));
#4301 = CARTESIAN_POINT('',(-86.88382840145,-11.9300154018,
    -21.31405226147));
#4302 = CARTESIAN_POINT('',(-86.95120669374,-11.97448264525,
    -21.25791943321));
#4303 = CARTESIAN_POINT('',(-86.97374651866,-11.98981963553,
    -21.23997091063));
#4304 = CARTESIAN_POINT('',(-86.99658580846,-12.00581648572,
    -21.2226006873));
#4305 = CARTESIAN_POINT('',(-87.01968404818,-12.02244597952,
    -21.20583851427));
#4306 = CARTESIAN_POINT('',(-87.04299991302,-12.03967918296,
    -21.1897124285));
#4307 = CARTESIAN_POINT('',(-87.07823456208,-12.06638676808,
    -21.16651848434));
#4308 = CARTESIAN_POINT('',(-87.09002172508,-12.07543130684,
    -21.15895374331));
#4309 = CARTESIAN_POINT('',(-87.1018475081,-12.08461524009,
    -21.15155780996));
#4310 = CARTESIAN_POINT('',(-87.11370663571,-12.09393465491,
    -21.14433384491));
#4311 = CARTESIAN_POINT('',(-87.12559380636,-12.10338554605,
    -21.13728488917));
#4312 = CARTESIAN_POINT('',(-87.1501659949,-12.12314720062,
    -21.12310875664));
#4313 = CARTESIAN_POINT('',(-87.16285387308,-12.13347465816,
    -21.11600471898));
#4314 = CARTESIAN_POINT('',(-87.17556131577,-12.14394092901,
    -21.10910545502));
#4315 = CARTESIAN_POINT('',(-87.1882814981,-12.154541338,-21.10241410921
    ));
#4316 = CARTESIAN_POINT('',(-87.20100774127,-12.16527096756,
    -21.09593374348));
#4317 = CARTESIAN_POINT('',(-87.21373447229,-12.17612383106,
    -21.08966781419));
#4318 = PCURVE('',#2792,#4319);
#4319 = DEFINITIONAL_REPRESENTATION('',(#4320),#4353);
#4320 = B_SPLINE_CURVE_WITH_KNOTS('',6,(#4321,#4322,#4323,#4324,#4325,
    #4326,#4327,#4328,#4329,#4330,#4331,#4332,#4333,#4334,#4335,#4336,
    #4337,#4338,#4339,#4340,#4341,#4342,#4343,#4344,#4345,#4346,#4347,
    #4348,#4349,#4350,#4351,#4352),.UNSPECIFIED.,.F.,.F.,(7,5,5,5,5,5,7)
  ,(0.,0.418205980585,0.709669487079,0.854962909373,0.926361267243,
    0.962053200454,1.),.UNSPECIFIED.);
#4321 = CARTESIAN_POINT('',(6.28318530718,153.63965522726));
#4322 = CARTESIAN_POINT('',(6.09929983249,153.5193693924));
#4323 = CARTESIAN_POINT('',(5.915532130874,153.41384028446));
#4324 = CARTESIAN_POINT('',(5.731947308307,153.33019372309));
#4325 = CARTESIAN_POINT('',(5.548605274713,153.27424638044));
#4326 = CARTESIAN_POINT('',(5.365549165267,153.24899072791));
#4327 = CARTESIAN_POINT('',(5.05543753035,153.25797744213));
#4328 = CARTESIAN_POINT('',(4.928221812302,153.27650510876));
#4329 = CARTESIAN_POINT('',(4.801161385847,153.30984248172));
#4330 = CARTESIAN_POINT('',(4.674253473785,153.35718498968));
#4331 = CARTESIAN_POINT('',(4.547486321037,153.41704541242));
#4332 = CARTESIAN_POINT('',(4.357707561329,153.52239463767));
#4333 = CARTESIAN_POINT('',(4.294604922642,153.56003799433));
#4334 = CARTESIAN_POINT('',(4.231529649505,153.60001947719));
#4335 = CARTESIAN_POINT('',(4.168478685611,153.64205354062));
#4336 = CARTESIAN_POINT('',(4.105448525541,153.68582840145));
#4337 = CARTESIAN_POINT('',(4.011469966355,153.75320669374));
#4338 = CARTESIAN_POINT('',(3.980508792895,153.77574651866));
#4339 = CARTESIAN_POINT('',(3.949551230349,153.79858580846));
#4340 = CARTESIAN_POINT('',(3.918596799827,153.82168404818));
#4341 = CARTESIAN_POINT('',(3.887645007586,153.84499991302));
#4342 = CARTESIAN_POINT('',(3.84122365462,153.88023456208));
#4343 = CARTESIAN_POINT('',(3.825752496707,153.89202172508));
#4344 = CARTESIAN_POINT('',(3.810281807997,153.9038475081));
#4345 = CARTESIAN_POINT('',(3.794811524716,153.91570663571));
#4346 = CARTESIAN_POINT('',(3.779341582608,153.92759380636));
#4347 = CARTESIAN_POINT('',(3.747424942803,153.9521659949));
#4348 = CARTESIAN_POINT('',(3.73097814473,153.96485387308));
#4349 = CARTESIAN_POINT('',(3.714531958793,153.97756131577));
#4350 = CARTESIAN_POINT('',(3.698085766441,153.9902814981));
#4351 = CARTESIAN_POINT('',(3.681639158727,154.00300774127));
#4352 = CARTESIAN_POINT('',(3.665193200542,154.01573447229));
#4353 = ( GEOMETRIC_REPRESENTATION_CONTEXT(2) 
PARAMETRIC_REPRESENTATION_CONTEXT() REPRESENTATION_CONTEXT('2D SPACE',''
  ) );
#4354 = PCURVE('',#4355,#4360);
#4355 = TOROIDAL_SURFACE('',#4356,25.11425,0.762);
#4356 = AXIS2_PLACEMENT_3D('',#4357,#4358,#4359);
#4357 = CARTESIAN_POINT('',(-87.21373584297,0.,0.));
#4358 = DIRECTION('',(1.,0.,0.));
#4359 = DIRECTION('',(-0.,0.,1.));
#4360 = DEFINITIONAL_REPRESENTATION('',(#4361),#4394);
#4361 = B_SPLINE_CURVE_WITH_KNOTS('',6,(#4362,#4363,#4364,#4365,#4366,
    #4367,#4368,#4369,#4370,#4371,#4372,#4373,#4374,#4375,#4376,#4377,
    #4378,#4379,#4380,#4381,#4382,#4383,#4384,#4385,#4386,#4387,#4388,
    #4389,#4390,#4391,#4392,#4393),.UNSPECIFIED.,.F.,.F.,(7,5,5,5,5,5,7)
  ,(0.,0.418205980585,0.709669487079,0.854962909373,0.926361267243,
    0.962053200454,1.),.UNSPECIFIED.);
#4362 = CARTESIAN_POINT('',(2.632775047666,0.516160066831));
#4363 = CARTESIAN_POINT('',(2.63752232244,0.697661340511));
#4364 = CARTESIAN_POINT('',(2.641712334124,0.879330954118));
#4365 = CARTESIAN_POINT('',(2.645071608558,1.06124309266));
#4366 = CARTESIAN_POINT('',(2.647367154867,1.243454106322));
#4367 = CARTESIAN_POINT('',(2.64845877719,1.425985816071));
#4368 = CARTESIAN_POINT('',(2.648243563201,1.73624074163));
#4369 = CARTESIAN_POINT('',(2.647563481834,1.863810976087));
#4370 = CARTESIAN_POINT('',(2.646285759072,1.991522803403));
#4371 = CARTESIAN_POINT('',(2.64443582891,2.119364602873));
#4372 = CARTESIAN_POINT('',(2.642068748037,2.247319523102));
#4373 = CARTESIAN_POINT('',(2.637870992046,2.43919653675));
#4374 = CARTESIAN_POINT('',(2.636366530463,2.503050040607));
#4375 = CARTESIAN_POINT('',(2.634764397736,2.566923859153));
#4376 = CARTESIAN_POINT('',(2.633076198517,2.630815303708));
#4377 = CARTESIAN_POINT('',(2.631314795083,2.694721560543));
#4378 = CARTESIAN_POINT('',(2.628599704994,2.790049574913));
#4379 = CARTESIAN_POINT('',(2.627690815713,2.821462329046));
#4380 = CARTESIAN_POINT('',(2.626769297252,2.852877607825));
#4381 = CARTESIAN_POINT('',(2.625836847284,2.88429506267));
#4382 = CARTESIAN_POINT('',(2.624895203395,2.915714341885));
#4383 = CARTESIAN_POINT('',(2.623471709244,2.962842276365));
#4384 = CARTESIAN_POINT('',(2.622995421347,2.978549829358));
#4385 = CARTESIAN_POINT('',(2.622517500754,2.99425770536));
#4386 = CARTESIAN_POINT('',(2.622038170122,3.009965860011));
#4387 = CARTESIAN_POINT('',(2.621557653405,3.025674248861));
#4388 = CARTESIAN_POINT('',(2.620564280582,3.058083807857));
#4389 = CARTESIAN_POINT('',(2.620051294876,3.074784868403));
#4390 = CARTESIAN_POINT('',(2.619537505217,3.09148646133));
#4391 = CARTESIAN_POINT('',(2.61902316623,3.108188000923));
#4392 = CARTESIAN_POINT('',(2.618508539672,3.12488910805));
#4393 = CARTESIAN_POINT('',(2.617993933418,3.141590854786));
#4394 = ( GEOMETRIC_REPRESENTATION_CONTEXT(2) 
PARAMETRIC_REPRESENTATION_CONTEXT() REPRESENTATION_CONTEXT('2D SPACE',''
  ) );
#4395 = ORIENTED_EDGE('',*,*,#4396,.T.);
#4396 = EDGE_CURVE('',#4282,#4397,#4399,.T.);
#4397 = VERTEX_POINT('',#4398);
#4398 = CARTESIAN_POINT('',(-87.21373584297,-12.93812481299,
    -22.40948996264));
#4399 = SURFACE_CURVE('',#4400,(#4419,#4441),.PCURVE_S1.);
#4400 = B_SPLINE_CURVE_WITH_KNOTS('',5,(#4401,#4402,#4403,#4404,#4405,
    #4406,#4407,#4408,#4409,#4410,#4411,#4412,#4413,#4414,#4415,#4416,
    #4417,#4418),.UNSPECIFIED.,.F.,.F.,(6,4,4,4,6),(0.,0.237952793023,
    0.485146926106,0.742180232485,1.),.UNSPECIFIED.);
#4401 = CARTESIAN_POINT('',(-87.21373073309,-12.17612935765,
    -21.08966462343));
#4402 = CARTESIAN_POINT('',(-87.09896896047,-12.27399668166,
    -21.03316175924));
#4403 = CARTESIAN_POINT('',(-86.98420634988,-12.38233766145,
    -20.99479845854));
#4404 = CARTESIAN_POINT('',(-86.87490935879,-12.49671844913,
    -20.97715670407));
#4405 = CARTESIAN_POINT('',(-86.77650570454,-12.61175086196,
    -20.98114217315));
#4406 = CARTESIAN_POINT('',(-86.60602061159,-12.83723361396,
    -21.03122358171));
#4407 = CARTESIAN_POINT('',(-86.5351066233,-12.94733536894,
    -21.07894745502));
#4408 = CARTESIAN_POINT('',(-86.48456342517,-13.04693976271,
    -21.14775317509));
#4409 = CARTESIAN_POINT('',(-86.45694672619,-13.13074775206,
    -21.23420377465));
#4410 = CARTESIAN_POINT('',(-86.44750528609,-13.26263015123,
    -21.43644250516));
#4411 = CARTESIAN_POINT('',(-86.46754773026,-13.30915507795,
    -21.5532650122));
#4412 = CARTESIAN_POINT('',(-86.51259157392,-13.33114408928,
    -21.67830661926));
#4413 = CARTESIAN_POINT('',(-86.57989647196,-13.3271549598,
    -21.80436440391));
#4414 = CARTESIAN_POINT('',(-86.7499703009,-13.27018820483,
    -22.04552155705));
#4415 = CARTESIAN_POINT('',(-86.85285114811,-13.2170581997,
    -22.16059140024));
#4416 = CARTESIAN_POINT('',(-86.9687855756,-13.14078435055,
    -22.26322301976));
#4417 = CARTESIAN_POINT('',(-87.09126205079,-13.04578534953,
    -22.34732878145));
#4418 = CARTESIAN_POINT('',(-87.21373584297,-12.93812499618,
    -22.40948985687));
#4419 = PCURVE('',#2792,#4420);
#4420 = DEFINITIONAL_REPRESENTATION('',(#4421),#4440);
#4421 = B_SPLINE_CURVE_WITH_KNOTS('',5,(#4422,#4423,#4424,#4425,#4426,
    #4427,#4428,#4429,#4430,#4431,#4432,#4433,#4434,#4435,#4436,#4437,
    #4438,#4439),.UNSPECIFIED.,.F.,.F.,(6,4,4,4,6),(0.,0.237952793023,
    0.485146926106,0.742180232485,1.),.UNSPECIFIED.);
#4422 = CARTESIAN_POINT('',(3.665184825806,154.01573073309));
#4423 = CARTESIAN_POINT('',(3.516881648791,153.90096896047));
#4424 = CARTESIAN_POINT('',(3.368578101835,153.78620634988));
#4425 = CARTESIAN_POINT('',(3.220208100632,153.67690935879));
#4426 = CARTESIAN_POINT('',(3.071706102225,153.57850570454));
#4427 = CARTESIAN_POINT('',(2.768585985333,153.40802061159));
#4428 = CARTESIAN_POINT('',(2.613953702033,153.3371066233));
#4429 = CARTESIAN_POINT('',(2.459093758758,153.28656342517));
#4430 = CARTESIAN_POINT('',(2.303989210272,153.25894672619));
#4431 = CARTESIAN_POINT('',(1.987138279187,153.24950528609));
#4432 = CARTESIAN_POINT('',(1.825371312452,153.26954773026));
#4433 = CARTESIAN_POINT('',(1.663370385185,153.31459157392));
#4434 = CARTESIAN_POINT('',(1.501172397565,153.38189647196));
#4435 = CARTESIAN_POINT('',(1.175983110706,153.5519703009));
#4436 = CARTESIAN_POINT('',(1.012990296883,153.65485114811));
#4437 = CARTESIAN_POINT('',(0.849893451974,153.7707855756));
#4438 = CARTESIAN_POINT('',(0.686746365602,153.89326205079));
#4439 = CARTESIAN_POINT('',(0.523598769821,154.01573584297));
#4440 = ( GEOMETRIC_REPRESENTATION_CONTEXT(2) 
PARAMETRIC_REPRESENTATION_CONTEXT() REPRESENTATION_CONTEXT('2D SPACE',''
  ) );
#4441 = PCURVE('',#4355,#4442);
#4442 = DEFINITIONAL_REPRESENTATION('',(#4443),#4462);
#4443 = B_SPLINE_CURVE_WITH_KNOTS('',5,(#4444,#4445,#4446,#4447,#4448,
    #4449,#4450,#4451,#4452,#4453,#4454,#4455,#4456,#4457,#4458,#4459,
    #4460,#4461),.UNSPECIFIED.,.F.,.F.,(6,4,4,4,6),(0.,0.237952793023,
    0.485146926106,0.742180232485,1.),.UNSPECIFIED.);
#4444 = CARTESIAN_POINT('',(2.617993671367,3.141585947711));
#4445 = CARTESIAN_POINT('',(2.613353154746,2.990979946893));
#4446 = CARTESIAN_POINT('',(2.608712496733,2.840375053571));
#4447 = CARTESIAN_POINT('',(2.60430345926,2.689813891381));
#4448 = CARTESIAN_POINT('',(2.600354550536,2.539345402449));
#4449 = CARTESIAN_POINT('',(2.593557523788,2.232828758029));
#4450 = CARTESIAN_POINT('',(2.590757974972,2.076790521018));
#4451 = CARTESIAN_POINT('',(2.588799131963,1.920937562651));
#4452 = CARTESIAN_POINT('',(2.587769438385,1.76530058716));
#4453 = CARTESIAN_POINT('',(2.587539201625,1.448298081651));
#4454 = CARTESIAN_POINT('',(2.588413278749,1.286949215847));
#4455 = CARTESIAN_POINT('',(2.590267880696,1.125860492734));
#4456 = CARTESIAN_POINT('',(2.592979264202,0.965010495648));
#4457 = CARTESIAN_POINT('',(2.599756021453,0.64320860262));
#4458 = CARTESIAN_POINT('',(2.603825631562,0.482257361289));
#4459 = CARTESIAN_POINT('',(2.60838522532,0.321454438318));
#4460 = CARTESIAN_POINT('',(2.6131895255,0.160727458046));
#4461 = CARTESIAN_POINT('',(2.617993878162,0.));
#4462 = ( GEOMETRIC_REPRESENTATION_CONTEXT(2) 
PARAMETRIC_REPRESENTATION_CONTEXT() REPRESENTATION_CONTEXT('2D SPACE',''
  ) );
#4463 = ORIENTED_EDGE('',*,*,#4464,.T.);
#4464 = EDGE_CURVE('',#4397,#4261,#4465,.T.);
#4465 = SURFACE_CURVE('',#4466,(#4473,#4483),.PCURVE_S1.);
#4466 = B_SPLINE_CURVE_WITH_KNOTS('',5,(#4467,#4468,#4469,#4470,#4471,
    #4472),.UNSPECIFIED.,.F.,.F.,(6,6),(0.,1.),
  .PIECEWISE_BEZIER_KNOTS.);
#4467 = CARTESIAN_POINT('',(-87.21373584297,-12.93812499618,
    -22.40948985687));
#4468 = CARTESIAN_POINT('',(-87.1351027588,-12.8690012566,
    -22.44939822652));
#4469 = CARTESIAN_POINT('',(-87.05646953578,-12.79465271171,
    -22.48025711276));
#4470 = CARTESIAN_POINT('',(-86.97956610065,-12.71666619721,
    -22.50114445576));
#4471 = CARTESIAN_POINT('',(-86.90612062133,-12.63688031346,
    -22.51157843365));
#4472 = CARTESIAN_POINT('',(-86.83765522726,-12.557125,-22.51157849699)
  );
#4473 = PCURVE('',#2792,#4474);
#4474 = DEFINITIONAL_REPRESENTATION('',(#4475),#4482);
#4475 = B_SPLINE_CURVE_WITH_KNOTS('',5,(#4476,#4477,#4478,#4479,#4480,
    #4481),.UNSPECIFIED.,.F.,.F.,(6,6),(0.,1.),
  .PIECEWISE_BEZIER_KNOTS.);
#4476 = CARTESIAN_POINT('',(0.523598769821,154.01573584297));
#4477 = CARTESIAN_POINT('',(0.418851854468,153.9371027588));
#4478 = CARTESIAN_POINT('',(0.31410523465,153.85846953578));
#4479 = CARTESIAN_POINT('',(0.209371556149,153.78156610065));
#4480 = CARTESIAN_POINT('',(0.104665765707,153.70812062133));
#4481 = CARTESIAN_POINT('',(0.,153.63965522726));
#4482 = ( GEOMETRIC_REPRESENTATION_CONTEXT(2) 
PARAMETRIC_REPRESENTATION_CONTEXT() REPRESENTATION_CONTEXT('2D SPACE',''
  ) );
#4483 = PCURVE('',#4355,#4484);
#4484 = DEFINITIONAL_REPRESENTATION('',(#4485),#4492);
#4485 = B_SPLINE_CURVE_WITH_KNOTS('',5,(#4486,#4487,#4488,#4489,#4490,
    #4491),.UNSPECIFIED.,.F.,.F.,(6,6),(0.,1.),
  .PIECEWISE_BEZIER_KNOTS.);
#4486 = CARTESIAN_POINT('',(2.617993878162,0.));
#4487 = CARTESIAN_POINT('',(2.621078510087,0.103193020905));
#4488 = CARTESIAN_POINT('',(2.624162842904,0.206386211277));
#4489 = CARTESIAN_POINT('',(2.627182980761,0.309598831207));
#4490 = CARTESIAN_POINT('',(2.630072891428,0.412851534256));
#4491 = CARTESIAN_POINT('',(2.632774993676,0.516160094555));
#4492 = ( GEOMETRIC_REPRESENTATION_CONTEXT(2) 
PARAMETRIC_REPRESENTATION_CONTEXT() REPRESENTATION_CONTEXT('2D SPACE',''
  ) );
#4493 = ORIENTED_EDGE('',*,*,#4260,.F.);
#4494 = ORIENTED_EDGE('',*,*,#4233,.T.);
#4495 = ORIENTED_EDGE('',*,*,#2839,.T.);
#4496 = ORIENTED_EDGE('',*,*,#2807,.T.);
#4497 = ORIENTED_EDGE('',*,*,#2772,.T.);
#4498 = ADVANCED_FACE('',(#4499),#2936,.T.);
#4499 = FACE_BOUND('',#4500,.T.);
#4500 = EDGE_LOOP('',(#4501,#4502));
#4501 = ORIENTED_EDGE('',*,*,#2922,.T.);
#4502 = ORIENTED_EDGE('',*,*,#3133,.T.);
#4503 = ADVANCED_FACE('',(#4504),#2995,.T.);
#4504 = FACE_BOUND('',#4505,.T.);
#4505 = EDGE_LOOP('',(#4506,#4529,#4550,#4551));
#4506 = ORIENTED_EDGE('',*,*,#4507,.T.);
#4507 = EDGE_CURVE('',#2975,#4508,#4510,.T.);
#4508 = VERTEX_POINT('',#4509);
#4509 = CARTESIAN_POINT('',(66.802,12.557125,-22.51157849699));
#4510 = SURFACE_CURVE('',#4511,(#4516,#4523),.PCURVE_S1.);
#4511 = CIRCLE('',#4512,0.762);
#4512 = AXIS2_PLACEMENT_3D('',#4513,#4514,#4515);
#4513 = CARTESIAN_POINT('',(66.802,12.557125,-21.74957849699));
#4514 = DIRECTION('',(-1.,0.,0.));
#4515 = DIRECTION('',(0.,0.,-1.));
#4516 = PCURVE('',#2995,#4517);
#4517 = DEFINITIONAL_REPRESENTATION('',(#4518),#4522);
#4518 = CIRCLE('',#4519,0.762);
#4519 = AXIS2_PLACEMENT_2D('',#4520,#4521);
#4520 = CARTESIAN_POINT('',(0.,0.));
#4521 = DIRECTION('',(1.,0.));
#4522 = ( GEOMETRIC_REPRESENTATION_CONTEXT(2) 
PARAMETRIC_REPRESENTATION_CONTEXT() REPRESENTATION_CONTEXT('2D SPACE',''
  ) );
#4523 = PCURVE('',#3027,#4524);
#4524 = DEFINITIONAL_REPRESENTATION('',(#4525),#4528);
#4525 = B_SPLINE_CURVE_WITH_KNOTS('',1,(#4526,#4527),.UNSPECIFIED.,.F.,
  .F.,(2,2),(4.07502690491,6.28318530718),.PIECEWISE_BEZIER_KNOTS.);
#4526 = CARTESIAN_POINT('',(4.07502690491,0.));
#4527 = CARTESIAN_POINT('',(6.28318530718,0.));
#4528 = ( GEOMETRIC_REPRESENTATION_CONTEXT(2) 
PARAMETRIC_REPRESENTATION_CONTEXT() REPRESENTATION_CONTEXT('2D SPACE',''
  ) );
#4529 = ORIENTED_EDGE('',*,*,#4530,.T.);
#4530 = EDGE_CURVE('',#4508,#3075,#4531,.T.);
#4531 = SURFACE_CURVE('',#4532,(#4537,#4544),.PCURVE_S1.);
#4532 = CIRCLE('',#4533,0.762);
#4533 = AXIS2_PLACEMENT_3D('',#4534,#4535,#4536);
#4534 = CARTESIAN_POINT('',(66.802,12.557125,-21.74957849699));
#4535 = DIRECTION('',(-1.,0.,0.));
#4536 = DIRECTION('',(0.,0.,-1.));
#4537 = PCURVE('',#2995,#4538);
#4538 = DEFINITIONAL_REPRESENTATION('',(#4539),#4543);
#4539 = CIRCLE('',#4540,0.762);
#4540 = AXIS2_PLACEMENT_2D('',#4541,#4542);
#4541 = CARTESIAN_POINT('',(0.,0.));
#4542 = DIRECTION('',(1.,0.));
#4543 = ( GEOMETRIC_REPRESENTATION_CONTEXT(2) 
PARAMETRIC_REPRESENTATION_CONTEXT() REPRESENTATION_CONTEXT('2D SPACE',''
  ) );
#4544 = PCURVE('',#3027,#4545);
#4545 = DEFINITIONAL_REPRESENTATION('',(#4546),#4549);
#4546 = B_SPLINE_CURVE_WITH_KNOTS('',1,(#4547,#4548),.UNSPECIFIED.,.F.,
  .F.,(2,2),(0.,1.160960851073),.PIECEWISE_BEZIER_KNOTS.);
#4547 = CARTESIAN_POINT('',(0.,0.));
#4548 = CARTESIAN_POINT('',(1.160960851073,0.));
#4549 = ( GEOMETRIC_REPRESENTATION_CONTEXT(2) 
PARAMETRIC_REPRESENTATION_CONTEXT() REPRESENTATION_CONTEXT('2D SPACE',''
  ) );
#4550 = ORIENTED_EDGE('',*,*,#3104,.F.);
#4551 = ORIENTED_EDGE('',*,*,#2974,.F.);
#4552 = ADVANCED_FACE('',(#4553),#3027,.F.);
#4553 = FACE_BOUND('',#4554,.F.);
#4554 = EDGE_LOOP('',(#4555,#4556,#4577,#4609,#4749,#4812,#4813,#4814,
    #4815,#4816));
#4555 = ORIENTED_EDGE('',*,*,#4507,.T.);
#4556 = ORIENTED_EDGE('',*,*,#4557,.T.);
#4557 = EDGE_CURVE('',#4508,#4558,#4560,.T.);
#4558 = VERTEX_POINT('',#4559);
#4559 = CARTESIAN_POINT('',(-86.83765522726,12.557125,-22.51157849699));
#4560 = SEAM_CURVE('',#4561,(#4565,#4571),.PCURVE_S1.);
#4561 = LINE('',#4562,#4563);
#4562 = CARTESIAN_POINT('',(66.802,12.557125,-22.51157849699));
#4563 = VECTOR('',#4564,1.);
#4564 = DIRECTION('',(-1.,0.,0.));
#4565 = PCURVE('',#3027,#4566);
#4566 = DEFINITIONAL_REPRESENTATION('',(#4567),#4570);
#4567 = B_SPLINE_CURVE_WITH_KNOTS('',1,(#4568,#4569),.UNSPECIFIED.,.F.,
  .F.,(2,2),(0.,153.63965522726),.PIECEWISE_BEZIER_KNOTS.);
#4568 = CARTESIAN_POINT('',(0.,0.));
#4569 = CARTESIAN_POINT('',(0.,153.63965522726));
#4570 = ( GEOMETRIC_REPRESENTATION_CONTEXT(2) 
PARAMETRIC_REPRESENTATION_CONTEXT() REPRESENTATION_CONTEXT('2D SPACE',''
  ) );
#4571 = PCURVE('',#3027,#4572);
#4572 = DEFINITIONAL_REPRESENTATION('',(#4573),#4576);
#4573 = B_SPLINE_CURVE_WITH_KNOTS('',1,(#4574,#4575),.UNSPECIFIED.,.F.,
  .F.,(2,2),(0.,153.63965522726),.PIECEWISE_BEZIER_KNOTS.);
#4574 = CARTESIAN_POINT('',(6.28318530718,0.));
#4575 = CARTESIAN_POINT('',(6.28318530718,153.63965522726));
#4576 = ( GEOMETRIC_REPRESENTATION_CONTEXT(2) 
PARAMETRIC_REPRESENTATION_CONTEXT() REPRESENTATION_CONTEXT('2D SPACE',''
  ) );
#4577 = ORIENTED_EDGE('',*,*,#4578,.T.);
#4578 = EDGE_CURVE('',#4558,#4579,#4581,.T.);
#4579 = VERTEX_POINT('',#4580);
#4580 = CARTESIAN_POINT('',(-87.21373584297,12.938124832802,
    -22.4094899512));
#4581 = SURFACE_CURVE('',#4582,(#4589,#4599),.PCURVE_S1.);
#4582 = B_SPLINE_CURVE_WITH_KNOTS('',5,(#4583,#4584,#4585,#4586,#4587,
    #4588),.UNSPECIFIED.,.F.,.F.,(6,6),(0.,1.),
  .PIECEWISE_BEZIER_KNOTS.);
#4583 = CARTESIAN_POINT('',(-86.83765522726,12.557125,-22.51157849699));
#4584 = CARTESIAN_POINT('',(-86.90612066858,12.636880257527,
    -22.51157849699));
#4585 = CARTESIAN_POINT('',(-86.97956604748,12.716666337972,
    -22.50114433429));
#4586 = CARTESIAN_POINT('',(-87.05646958263,12.79465260782,
    -22.48025720526));
#4587 = CARTESIAN_POINT('',(-87.13510275176,12.869001294396,
    -22.44939819487));
#4588 = CARTESIAN_POINT('',(-87.21373584297,12.93812499967,
    -22.40948985486));
#4589 = PCURVE('',#3027,#4590);
#4590 = DEFINITIONAL_REPRESENTATION('',(#4591),#4598);
#4591 = B_SPLINE_CURVE_WITH_KNOTS('',5,(#4592,#4593,#4594,#4595,#4596,
    #4597),.UNSPECIFIED.,.F.,.F.,(6,6),(0.,1.),
  .PIECEWISE_BEZIER_KNOTS.);
#4592 = CARTESIAN_POINT('',(6.28318530718,153.63965522726));
#4593 = CARTESIAN_POINT('',(6.178519614887,153.70812066858));
#4594 = CARTESIAN_POINT('',(6.073813566457,153.78156604748));
#4595 = CARTESIAN_POINT('',(5.969080207696,153.85846958263));
#4596 = CARTESIAN_POINT('',(5.864333403387,153.93710275176));
#4597 = CARTESIAN_POINT('',(5.759586532082,154.01573584297));
#4598 = ( GEOMETRIC_REPRESENTATION_CONTEXT(2) 
PARAMETRIC_REPRESENTATION_CONTEXT() REPRESENTATION_CONTEXT('2D SPACE',''
  ) );
#4599 = PCURVE('',#4355,#4600);
#4600 = DEFINITIONAL_REPRESENTATION('',(#4601),#4608);
#4601 = B_SPLINE_CURVE_WITH_KNOTS('',5,(#4602,#4603,#4604,#4605,#4606,
    #4607),.UNSPECIFIED.,.F.,.F.,(6,6),(0.,1.),
  .PIECEWISE_BEZIER_KNOTS.);
#4602 = CARTESIAN_POINT('',(3.650410259513,0.516160066831));
#4603 = CARTESIAN_POINT('',(3.653112358749,0.41285143686));
#4604 = CARTESIAN_POINT('',(3.656002515547,0.309599004735));
#4605 = CARTESIAN_POINT('',(3.659022291731,0.206386056146));
#4606 = CARTESIAN_POINT('',(3.662106858349,0.103193063087));
#4607 = CARTESIAN_POINT('',(3.665191429173,0.));
#4608 = ( GEOMETRIC_REPRESENTATION_CONTEXT(2) 
PARAMETRIC_REPRESENTATION_CONTEXT() REPRESENTATION_CONTEXT('2D SPACE',''
  ) );
#4609 = ORIENTED_EDGE('',*,*,#4610,.T.);
#4610 = EDGE_CURVE('',#4579,#4611,#4613,.T.);
#4611 = VERTEX_POINT('',#4612);
#4612 = CARTESIAN_POINT('',(-87.21373584297,12.176124999982,
    -21.08966713932));
#4613 = SURFACE_CURVE('',#4614,(#4657,#4703),.PCURVE_S1.);
#4614 = B_SPLINE_CURVE_WITH_KNOTS('',6,(#4615,#4616,#4617,#4618,#4619,
    #4620,#4621,#4622,#4623,#4624,#4625,#4626,#4627,#4628,#4629,#4630,
    #4631,#4632,#4633,#4634,#4635,#4636,#4637,#4638,#4639,#4640,#4641,
    #4642,#4643,#4644,#4645,#4646,#4647,#4648,#4649,#4650,#4651,#4652,
    #4653,#4654,#4655,#4656),.UNSPECIFIED.,.F.,.F.,(7,5,5,5,5,5,5,5,7),(
    0.,0.256448955781,0.516140618129,0.943228839477,0.973087068327,
    0.987020389155,0.995977492464,0.99846557008,1.),.UNSPECIFIED.);
#4615 = CARTESIAN_POINT('',(-87.21373584297,12.93812499967,
    -22.40948985486));
#4616 = CARTESIAN_POINT('',(-87.11247022706,13.027142406102,
    -22.35809296956));
#4617 = CARTESIAN_POINT('',(-87.01120293449,13.107849725117,
    -22.29229337589));
#4618 = CARTESIAN_POINT('',(-86.9131301837,13.177286171715,
    -22.21376125729));
#4619 = CARTESIAN_POINT('',(-86.82143776236,13.233021247084,
    -22.12502826691));
#4620 = CARTESIAN_POINT('',(-86.73900937662,13.27336659118,
    -22.02916592015));
#4621 = CARTESIAN_POINT('',(-86.59636444235,13.322115348504,
    -21.82850135821));
#4622 = CARTESIAN_POINT('',(-86.53643908833,13.330110388766,
    -21.72359795056));
#4623 = CARTESIAN_POINT('',(-86.49075805349,13.320768525341,
    -21.61816794823));
#4624 = CARTESIAN_POINT('',(-86.4610643065,13.294306599579,
    -21.51581189182));
#4625 = CARTESIAN_POINT('',(-86.44827605368,13.251863713279,
    -21.41993241163));
#4626 = CARTESIAN_POINT('',(-86.45896570022,13.102545789581,
    -21.19095669146));
#4627 = CARTESIAN_POINT('',(-86.51114084953,12.971763863229,
    -21.07370872881));
#4628 = CARTESIAN_POINT('',(-86.60861815999,12.811638262961,
    -20.99421035862));
#4629 = CARTESIAN_POINT('',(-86.74421077104,12.63648894969,
    -20.96097167773));
#4630 = CARTESIAN_POINT('',(-86.90378207136,12.462495438614,
    -20.97490069948));
#4631 = CARTESIAN_POINT('',(-87.08375585655,12.292363812125,
    -21.03495657004));
#4632 = CARTESIAN_POINT('',(-87.09555810437,12.281320132921,
    -21.03908706084));
#4633 = CARTESIAN_POINT('',(-87.10739732496,12.270354415573,
    -21.04342211285));
#4634 = CARTESIAN_POINT('',(-87.11926823637,12.25947134052,
    -21.04795988483));
#4635 = CARTESIAN_POINT('',(-87.13116553183,12.248675529873,
    -21.0526983962));
#4636 = CARTESIAN_POINT('',(-87.14864556815,12.232976541765,
    -21.05993943552));
#4637 = CARTESIAN_POINT('',(-87.15421181247,12.228001558426,
    -21.06228658387));
#4638 = CARTESIAN_POINT('',(-87.15978207468,12.223047057396,
    -21.06467675734));
#4639 = CARTESIAN_POINT('',(-87.16535581616,12.218113495568,
    -21.06710973499));
#4640 = CARTESIAN_POINT('',(-87.17093249775,12.213201326727,
    -21.06958528963));
#4641 = CARTESIAN_POINT('',(-87.18009811983,12.205167232147,
    -21.07372183102));
#4642 = CARTESIAN_POINT('',(-87.1836856582,12.202032484393,
    -21.07535797603));
#4643 = CARTESIAN_POINT('',(-87.18727405057,12.198906878874,
    -21.07701156059));
#4644 = CARTESIAN_POINT('',(-87.19086315262,12.195790535595,
    -21.07868252132));
#4645 = CARTESIAN_POINT('',(-87.19445281995,12.192683573987,
    -21.08037079376));
#4646 = CARTESIAN_POINT('',(-87.1990401522,12.188725709345,
    -21.08255006627));
#4647 = CARTESIAN_POINT('',(-87.20003742842,12.187866039116,
    -21.08302515075));
#4648 = CARTESIAN_POINT('',(-87.20103473391,12.18700710459,
    -21.08350156448));
#4649 = CARTESIAN_POINT('',(-87.20203206563,12.186148908253,
    -21.08397930609));
#4650 = CARTESIAN_POINT('',(-87.20302942042,12.185291452708,
    -21.08445837412));
#4651 = CARTESIAN_POINT('',(-87.20464188888,12.183906395184,
    -21.08523503165));
#4652 = CARTESIAN_POINT('',(-87.20801601833,12.181010536764,
    -21.0868692793));
#4653 = CARTESIAN_POINT('',(-87.21139986629,12.178112859896,
    -21.08851307389));
#4654 = CARTESIAN_POINT('',(-87.21335189143,12.176449517127,
    -21.08946805059));
#4655 = CARTESIAN_POINT('',(-87.21373832811,12.176127119075,
    -21.08966591584));
#4656 = CARTESIAN_POINT('',(-87.21373318637,12.17612273442,
    -21.08966844734));
#4657 = PCURVE('',#3027,#4658);
#4658 = DEFINITIONAL_REPRESENTATION('',(#4659),#4702);
#4659 = B_SPLINE_CURVE_WITH_KNOTS('',6,(#4660,#4661,#4662,#4663,#4664,
    #4665,#4666,#4667,#4668,#4669,#4670,#4671,#4672,#4673,#4674,#4675,
    #4676,#4677,#4678,#4679,#4680,#4681,#4682,#4683,#4684,#4685,#4686,
    #4687,#4688,#4689,#4690,#4691,#4692,#4693,#4694,#4695,#4696,#4697,
    #4698,#4699,#4700,#4701),.UNSPECIFIED.,.F.,.F.,(7,5,5,5,5,5,5,5,7),(
    0.,0.256448955781,0.516140618129,0.943228839477,0.973087068327,
    0.987020389155,0.995977492464,0.99846557008,1.),.UNSPECIFIED.);
#4660 = CARTESIAN_POINT('',(5.759586532082,154.01573584297));
#4661 = CARTESIAN_POINT('',(5.62469043324,153.91447022706));
#4662 = CARTESIAN_POINT('',(5.489794651232,153.81320293449));
#4663 = CARTESIAN_POINT('',(5.354923500574,153.7151301837));
#4664 = CARTESIAN_POINT('',(5.220102579792,153.62343776236));
#4665 = CARTESIAN_POINT('',(5.085356852123,153.54100937662));
#4666 = CARTESIAN_POINT('',(4.814358022238,153.39836444235));
#4667 = CARTESIAN_POINT('',(4.67810698127,153.33843908833));
#4668 = CARTESIAN_POINT('',(4.541980631996,153.29275805349));
#4669 = CARTESIAN_POINT('',(4.405999963056,153.2630643065));
#4670 = CARTESIAN_POINT('',(4.270180377745,153.25027605368));
#4671 = CARTESIAN_POINT('',(3.911440140665,153.26096570022));
#4672 = CARTESIAN_POINT('',(3.688801792171,153.31314084953));
#4673 = CARTESIAN_POINT('',(3.466659424874,153.41061815999));
#4674 = CARTESIAN_POINT('',(3.244960573983,153.54621077104));
#4675 = CARTESIAN_POINT('',(3.023551475251,153.70578207136));
#4676 = CARTESIAN_POINT('',(2.786779452488,153.88575585655));
#4677 = CARTESIAN_POINT('',(2.771308582883,153.89755810437));
#4678 = CARTESIAN_POINT('',(2.755838162572,153.90939732496));
#4679 = CARTESIAN_POINT('',(2.740368127658,153.92126823637));
#4680 = CARTESIAN_POINT('',(2.724898413787,153.93316553183));
#4681 = CARTESIAN_POINT('',(2.702210144971,153.95064556815));
#4682 = CARTESIAN_POINT('',(2.694991427088,153.95621181247));
#4683 = CARTESIAN_POINT('',(2.687772791464,153.96178207468));
#4684 = CARTESIAN_POINT('',(2.680554227047,153.96735581616));
#4685 = CARTESIAN_POINT('',(2.673335722774,153.97293249775));
#4686 = CARTESIAN_POINT('',(2.661476848403,153.98209811983));
#4687 = CARTESIAN_POINT('',(2.656836441398,153.9856856582));
#4688 = CARTESIAN_POINT('',(2.652196044792,153.98927405057));
#4689 = CARTESIAN_POINT('',(2.647555656827,153.99286315262));
#4690 = CARTESIAN_POINT('',(2.642915275747,153.99645281995));
#4691 = CARTESIAN_POINT('',(2.636985909921,154.0010401522));
#4692 = CARTESIAN_POINT('',(2.635696920843,154.00203742842));
#4693 = CARTESIAN_POINT('',(2.634407932265,154.00303473391));
#4694 = CARTESIAN_POINT('',(2.633118944066,154.00403206563));
#4695 = CARTESIAN_POINT('',(2.6318299563,154.00502942042));
#4696 = CARTESIAN_POINT('',(2.629746034046,154.00664188888));
#4697 = CARTESIAN_POINT('',(2.625382305238,154.01001601833));
#4698 = CARTESIAN_POINT('',(2.621010303319,154.01339986629));
#4699 = CARTESIAN_POINT('',(2.618493254197,154.01535189143));
#4700 = CARTESIAN_POINT('',(2.617997089152,154.01573832811));
#4701 = CARTESIAN_POINT('',(2.617990444831,154.01573318637));
#4702 = ( GEOMETRIC_REPRESENTATION_CONTEXT(2) 
PARAMETRIC_REPRESENTATION_CONTEXT() REPRESENTATION_CONTEXT('2D SPACE',''
  ) );
#4703 = PCURVE('',#4355,#4704);
#4704 = DEFINITIONAL_REPRESENTATION('',(#4705),#4748);
#4705 = B_SPLINE_CURVE_WITH_KNOTS('',6,(#4706,#4707,#4708,#4709,#4710,
    #4711,#4712,#4713,#4714,#4715,#4716,#4717,#4718,#4719,#4720,#4721,
    #4722,#4723,#4724,#4725,#4726,#4727,#4728,#4729,#4730,#4731,#4732,
    #4733,#4734,#4735,#4736,#4737,#4738,#4739,#4740,#4741,#4742,#4743,
    #4744,#4745,#4746,#4747),.UNSPECIFIED.,.F.,.F.,(7,5,5,5,5,5,5,5,7),(
    0.,0.256448955781,0.516140618129,0.943228839477,0.973087068327,
    0.987020389155,0.995977492464,0.99846557008,1.),.UNSPECIFIED.);
#4706 = CARTESIAN_POINT('',(3.665191429173,0.));
#4707 = CARTESIAN_POINT('',(3.669163834631,0.132895058068));
#4708 = CARTESIAN_POINT('',(3.673136206903,0.265789795497));
#4709 = CARTESIAN_POINT('',(3.676989056115,0.398721545659));
#4710 = CARTESIAN_POINT('',(3.680602694553,0.531726320896));
#4711 = CARTESIAN_POINT('',(3.683866821999,0.664835437145));
#4712 = CARTESIAN_POINT('',(3.689549099649,0.93299357106));
#4713 = CARTESIAN_POINT('',(3.691956112422,1.068046208986));
#4714 = CARTESIAN_POINT('',(3.693816008346,1.203252715615));
#4715 = CARTESIAN_POINT('',(3.695054539024,1.338628058258));
#4716 = CARTESIAN_POINT('',(3.695627309796,1.474177105927));
#4717 = CARTESIAN_POINT('',(3.695366634564,1.833088956342));
#4718 = CARTESIAN_POINT('',(3.693388513362,2.056741384769));
#4719 = CARTESIAN_POINT('',(3.689567535222,2.280809685329));
#4720 = CARTESIAN_POINT('',(3.684148783967,2.505213149532));
#4721 = CARTESIAN_POINT('',(3.677717652726,2.729818396291));
#4722 = CARTESIAN_POINT('',(3.670446159191,2.970199658611));
#4723 = CARTESIAN_POINT('',(3.669969233433,2.98590723277));
#4724 = CARTESIAN_POINT('',(3.669490744499,3.001615116084));
#4725 = CARTESIAN_POINT('',(3.669010915371,3.017323264166));
#4726 = CARTESIAN_POINT('',(3.668529970263,3.033031632552));
#4727 = CARTESIAN_POINT('',(3.667823286373,3.05607055742));
#4728 = CARTESIAN_POINT('',(3.667598245346,3.063400938341));
#4729 = CARTESIAN_POINT('',(3.667373034299,3.07073131946));
#4730 = CARTESIAN_POINT('',(3.667147676015,3.078061700778));
#4731 = CARTESIAN_POINT('',(3.666922193304,3.085392082296));
#4732 = CARTESIAN_POINT('',(3.666551591038,3.097434835689));
#4733 = CARTESIAN_POINT('',(3.666406530834,3.102147215686));
#4734 = CARTESIAN_POINT('',(3.666261434497,3.106859602806));
#4735 = CARTESIAN_POINT('',(3.666116308133,3.111571995846));
#4736 = CARTESIAN_POINT('',(3.66597115785,3.1162843936));
#4737 = CARTESIAN_POINT('',(3.665785665398,3.122305791723));
#4738 = CARTESIAN_POINT('',(3.665745339675,3.123614788443));
#4739 = CARTESIAN_POINT('',(3.665705012714,3.124923785262));
#4740 = CARTESIAN_POINT('',(3.665664684642,3.126232782239));
#4741 = CARTESIAN_POINT('',(3.665624355593,3.127541779254));
#4742 = CARTESIAN_POINT('',(3.665559153742,3.129658051383));
#4743 = CARTESIAN_POINT('',(3.6654226162,3.134086249725));
#4744 = CARTESIAN_POINT('',(3.665285817798,3.138527141297));
#4745 = CARTESIAN_POINT('',(3.66520705773,3.141088862308));
#4746 = CARTESIAN_POINT('',(3.665191529668,3.141595914919));
#4747 = CARTESIAN_POINT('',(3.665191321762,3.141589167237));
#4748 = ( GEOMETRIC_REPRESENTATION_CONTEXT(2) 
PARAMETRIC_REPRESENTATION_CONTEXT() REPRESENTATION_CONTEXT('2D SPACE',''
  ) );
#4749 = ORIENTED_EDGE('',*,*,#4750,.T.);
#4750 = EDGE_CURVE('',#4611,#4558,#4751,.T.);
#4751 = SURFACE_CURVE('',#4752,(#4770,#4791),.PCURVE_S1.);
#4752 = B_SPLINE_CURVE_WITH_KNOTS('',6,(#4753,#4754,#4755,#4756,#4757,
    #4758,#4759,#4760,#4761,#4762,#4763,#4764,#4765,#4766,#4767,#4768,
    #4769),.UNSPECIFIED.,.F.,.F.,(7,5,5,7),(0.,3.064422697933E-02,
    0.581628038478,1.),.UNSPECIFIED.);
#4753 = CARTESIAN_POINT('',(-87.21373318637,12.17612273442,
    -21.08966844734));
#4754 = CARTESIAN_POINT('',(-87.20345566118,12.167358492998,
    -21.09472852461));
#4755 = CARTESIAN_POINT('',(-87.19317857531,12.158674511445,
    -21.09992850614));
#4756 = CARTESIAN_POINT('',(-87.182904539,12.150074228183,
    -21.10526640678));
#4757 = CARTESIAN_POINT('',(-87.17263716713,12.141560156987,
    -21.11074068045));
#4758 = CARTESIAN_POINT('',(-87.1623802115,12.133134644166,
    -21.11634978314));
#4759 = CARTESIAN_POINT('',(-86.96795802835,11.974954808757,
    -21.22533215949));
#4760 = CARTESIAN_POINT('',(-86.7881610158,11.854665793725,
    -21.37153196627));
#4761 = CARTESIAN_POINT('',(-86.63229264828,11.77914105892,
    -21.55027142187));
#4762 = CARTESIAN_POINT('',(-86.51943843517,11.759005736033,
    -21.74387672008));
#4763 = CARTESIAN_POINT('',(-86.45935589212,11.79465740208,
    -21.93109048018));
#4764 = CARTESIAN_POINT('',(-86.4469409072,11.940831136049,
    -22.2188680567));
#4765 = CARTESIAN_POINT('',(-86.47215802999,12.031272677727,
    -22.32943966616));
#4766 = CARTESIAN_POINT('',(-86.52809466521,12.145447144771,
    -22.41881572322));
#4767 = CARTESIAN_POINT('',(-86.61175690853,12.276864516468,
    -22.48063616151));
#4768 = CARTESIAN_POINT('',(-86.71732190844,12.416948921658,
    -22.51157851563));
#4769 = CARTESIAN_POINT('',(-86.83765522726,12.557125,-22.51157849699));
#4770 = PCURVE('',#3027,#4771);
#4771 = DEFINITIONAL_REPRESENTATION('',(#4772),#4790);
#4772 = B_SPLINE_CURVE_WITH_KNOTS('',6,(#4773,#4774,#4775,#4776,#4777,
    #4778,#4779,#4780,#4781,#4782,#4783,#4784,#4785,#4786,#4787,#4788,
    #4789),.UNSPECIFIED.,.F.,.F.,(7,5,5,7),(0.,3.064422697933E-02,
    0.581628038478,1.),.UNSPECIFIED.);
#4773 = CARTESIAN_POINT('',(2.617990444831,154.01573318637));
#4774 = CARTESIAN_POINT('',(2.60470948112,154.00545566118));
#4775 = CARTESIAN_POINT('',(2.591427932625,153.99517857531));
#4776 = CARTESIAN_POINT('',(2.578146792989,153.984904539));
#4777 = CARTESIAN_POINT('',(2.564865716848,153.97463716713));
#4778 = CARTESIAN_POINT('',(2.551584171198,153.9643802115));
#4779 = CARTESIAN_POINT('',(2.2994994338,153.76995802835));
#4780 = CARTESIAN_POINT('',(2.060639167462,153.5901610158));
#4781 = CARTESIAN_POINT('',(1.821486175029,153.43429264828));
#4782 = CARTESIAN_POINT('',(1.5818267634,153.32143843517));
#4783 = CARTESIAN_POINT('',(1.341584765168,153.26135589212));
#4784 = CARTESIAN_POINT('',(0.917997572596,153.2489409072));
#4785 = CARTESIAN_POINT('',(0.734869619256,153.27415802999));
#4786 = CARTESIAN_POINT('',(0.551455518617,153.33009466521));
#4787 = CARTESIAN_POINT('',(0.367798277851,153.41375690853));
#4788 = CARTESIAN_POINT('',(0.183958108061,153.51932190844));
#4789 = CARTESIAN_POINT('',(0.,153.63965522726));
#4790 = ( GEOMETRIC_REPRESENTATION_CONTEXT(2) 
PARAMETRIC_REPRESENTATION_CONTEXT() REPRESENTATION_CONTEXT('2D SPACE',''
  ) );
#4791 = PCURVE('',#4355,#4792);
#4792 = DEFINITIONAL_REPRESENTATION('',(#4793),#4811);
#4793 = B_SPLINE_CURVE_WITH_KNOTS('',6,(#4794,#4795,#4796,#4797,#4798,
    #4799,#4800,#4801,#4802,#4803,#4804,#4805,#4806,#4807,#4808,#4809,
    #4810),.UNSPECIFIED.,.F.,.F.,(7,5,5,7),(0.,3.064422697933E-02,
    0.581628038478,1.),.UNSPECIFIED.);
#4794 = CARTESIAN_POINT('',(3.665191321762,3.141589167237));
#4795 = CARTESIAN_POINT('',(3.664775750538,3.128101601362));
#4796 = CARTESIAN_POINT('',(3.66436016104,3.114614611269));
#4797 = CARTESIAN_POINT('',(3.663944728951,3.101127206217));
#4798 = CARTESIAN_POINT('',(3.663529588057,3.087639713896));
#4799 = CARTESIAN_POINT('',(3.663114866071,3.074152646809));
#4800 = CARTESIAN_POINT('',(3.655254374326,2.818167634581));
#4801 = CARTESIAN_POINT('',(3.647993341833,2.575702492988));
#4802 = CARTESIAN_POINT('',(3.641744351929,2.333435546742));
#4803 = CARTESIAN_POINT('',(3.637309230272,2.091543528911));
#4804 = CARTESIAN_POINT('',(3.635023918768,1.850131915328));
#4805 = CARTESIAN_POINT('',(3.634724376366,1.426346212234));
#4806 = CARTESIAN_POINT('',(3.635814513573,1.243741929111));
#4807 = CARTESIAN_POINT('',(3.638109754843,1.061458570619));
#4808 = CARTESIAN_POINT('',(3.64146962986,0.879474468591));
#4809 = CARTESIAN_POINT('',(3.645661118313,0.697732994955));
#4810 = CARTESIAN_POINT('',(3.650410268553,0.516160071473));
#4811 = ( GEOMETRIC_REPRESENTATION_CONTEXT(2) 
PARAMETRIC_REPRESENTATION_CONTEXT() REPRESENTATION_CONTEXT('2D SPACE',''
  ) );
#4812 = ORIENTED_EDGE('',*,*,#4557,.F.);
#4813 = ORIENTED_EDGE('',*,*,#4530,.T.);
#4814 = ORIENTED_EDGE('',*,*,#3074,.T.);
#4815 = ORIENTED_EDGE('',*,*,#3042,.T.);
#4816 = ORIENTED_EDGE('',*,*,#3007,.T.);
#4817 = ADVANCED_FACE('',(#4818),#3173,.T.);
#4818 = FACE_BOUND('',#4819,.T.);
#4819 = EDGE_LOOP('',(#4820,#4821,#4822));
#4820 = ORIENTED_EDGE('',*,*,#3188,.T.);
#4821 = ORIENTED_EDGE('',*,*,#3421,.T.);
#4822 = ORIENTED_EDGE('',*,*,#3159,.T.);
#4823 = ADVANCED_FACE('',(#4824),#3252,.F.);
#4824 = FACE_BOUND('',#4825,.F.);
#4825 = EDGE_LOOP('',(#4826,#4827,#4848,#4898,#4963,#5029,#5030,#5031,
    #5032,#5053,#5054));
#4826 = ORIENTED_EDGE('',*,*,#3392,.T.);
#4827 = ORIENTED_EDGE('',*,*,#4828,.T.);
#4828 = EDGE_CURVE('',#3363,#4829,#4831,.T.);
#4829 = VERTEX_POINT('',#4830);
#4830 = CARTESIAN_POINT('',(-86.82764104968,-12.557125,20.987578496993)
  );
#4831 = SEAM_CURVE('',#4832,(#4836,#4842),.PCURVE_S1.);
#4832 = LINE('',#4833,#4834);
#4833 = CARTESIAN_POINT('',(66.802,-12.557125,20.987578496993));
#4834 = VECTOR('',#4835,1.);
#4835 = DIRECTION('',(-1.,0.,0.));
#4836 = PCURVE('',#3252,#4837);
#4837 = DEFINITIONAL_REPRESENTATION('',(#4838),#4841);
#4838 = B_SPLINE_CURVE_WITH_KNOTS('',1,(#4839,#4840),.UNSPECIFIED.,.F.,
  .F.,(2,2),(0.836911863371,153.62964104968),.PIECEWISE_BEZIER_KNOTS.);
#4839 = CARTESIAN_POINT('',(0.,0.836911863371));
#4840 = CARTESIAN_POINT('',(0.,153.62964104968));
#4841 = ( GEOMETRIC_REPRESENTATION_CONTEXT(2) 
PARAMETRIC_REPRESENTATION_CONTEXT() REPRESENTATION_CONTEXT('2D SPACE',''
  ) );
#4842 = PCURVE('',#3252,#4843);
#4843 = DEFINITIONAL_REPRESENTATION('',(#4844),#4847);
#4844 = B_SPLINE_CURVE_WITH_KNOTS('',1,(#4845,#4846),.UNSPECIFIED.,.F.,
  .F.,(2,2),(0.836911863371,153.62964104968),.PIECEWISE_BEZIER_KNOTS.);
#4845 = CARTESIAN_POINT('',(6.28318530718,0.836911863371));
#4846 = CARTESIAN_POINT('',(6.28318530718,153.62964104968));
#4847 = ( GEOMETRIC_REPRESENTATION_CONTEXT(2) 
PARAMETRIC_REPRESENTATION_CONTEXT() REPRESENTATION_CONTEXT('2D SPACE',''
  ) );
#4848 = ORIENTED_EDGE('',*,*,#4849,.T.);
#4849 = EDGE_CURVE('',#4829,#4850,#4852,.T.);
#4850 = VERTEX_POINT('',#4851);
#4851 = CARTESIAN_POINT('',(-87.21373584297,-12.17612499999,
    21.089667139314));
#4852 = SURFACE_CURVE('',#4853,(#4866,#4882),.PCURVE_S1.);
#4853 = B_SPLINE_CURVE_WITH_KNOTS('',6,(#4854,#4855,#4856,#4857,#4858,
    #4859,#4860,#4861,#4862,#4863,#4864,#4865),.UNSPECIFIED.,.F.,.F.,(7,
    5,7),(0.,0.498281656402,1.),.UNSPECIFIED.);
#4854 = CARTESIAN_POINT('',(-86.82764104968,-12.557125,20.987578496993)
  );
#4855 = CARTESIAN_POINT('',(-86.85661195975,-12.52396256232,
    20.987578496993));
#4856 = CARTESIAN_POINT('',(-86.88648927509,-12.49080808761,
    20.989310425602));
#4857 = CARTESIAN_POINT('',(-86.91717078603,-12.45777445651,
    20.992772556029));
#4858 = CARTESIAN_POINT('',(-86.94854999534,-12.42497304526,
    20.997953803185));
#4859 = CARTESIAN_POINT('',(-86.98051611819,-12.39251372573,
    21.004833723684));
#4860 = CARTESIAN_POINT('',(-87.04561577323,-12.32827523746,
    21.021990269675));
#4861 = CARTESIAN_POINT('',(-87.0787562599,-12.29650221189,
    21.032289968176));
#4862 = CARTESIAN_POINT('',(-87.11225803366,-12.26529495526,
    21.044251793353));
#4863 = CARTESIAN_POINT('',(-87.14600360216,-12.2347626127,
    21.057835062527));
#4864 = CARTESIAN_POINT('',(-87.17986879786,-12.20500598445,
    21.072992742414));
#4865 = CARTESIAN_POINT('',(-87.21373489339,-12.1761258098,
    21.089666671768));
#4866 = PCURVE('',#3252,#4867);
#4867 = DEFINITIONAL_REPRESENTATION('',(#4868),#4881);
#4868 = B_SPLINE_CURVE_WITH_KNOTS('',6,(#4869,#4870,#4871,#4872,#4873,
    #4874,#4875,#4876,#4877,#4878,#4879,#4880),.UNSPECIFIED.,.F.,.F.,(7,
    5,7),(0.,0.498281656402,1.),.UNSPECIFIED.);
#4869 = CARTESIAN_POINT('',(6.28318530718,153.62964104968));
#4870 = CARTESIAN_POINT('',(6.239665047763,153.65861195975));
#4871 = CARTESIAN_POINT('',(6.196155541904,153.68848927509));
#4872 = CARTESIAN_POINT('',(6.152655643548,153.71917078603));
#4873 = CARTESIAN_POINT('',(6.109164129669,153.75054999534));
#4874 = CARTESIAN_POINT('',(6.065679700263,153.78251611819));
#4875 = CARTESIAN_POINT('',(5.978422380327,153.84761577323));
#4876 = CARTESIAN_POINT('',(5.93464977988,153.8807562599));
#4877 = CARTESIAN_POINT('',(5.890880618239,153.91425803366));
#4878 = CARTESIAN_POINT('',(5.84711632528,153.94800360216));
#4879 = CARTESIAN_POINT('',(5.80335144585,153.98186879786));
#4880 = CARTESIAN_POINT('',(5.759587758726,154.01573489339));
#4881 = ( GEOMETRIC_REPRESENTATION_CONTEXT(2) 
PARAMETRIC_REPRESENTATION_CONTEXT() REPRESENTATION_CONTEXT('2D SPACE',''
  ) );
#4882 = PCURVE('',#4355,#4883);
#4883 = DEFINITIONAL_REPRESENTATION('',(#4884),#4897);
#4884 = B_SPLINE_CURVE_WITH_KNOTS('',6,(#4885,#4886,#4887,#4888,#4889,
    #4890,#4891,#4892,#4893,#4894,#4895,#4896),.UNSPECIFIED.,.F.,.F.,(7,
    5,7),(0.,0.498281656402,1.),.UNSPECIFIED.);
#4885 = CARTESIAN_POINT('',(0.539177572568,2.61025609626));
#4886 = CARTESIAN_POINT('',(0.53801400521,2.65435563975));
#4887 = CARTESIAN_POINT('',(0.536812411466,2.698462952764));
#4888 = CARTESIAN_POINT('',(0.535577003806,2.742577110753));
#4889 = CARTESIAN_POINT('',(0.534312204194,2.786697171407));
#4890 = CARTESIAN_POINT('',(0.533022644079,2.830822174654));
#4891 = CARTESIAN_POINT('',(0.530394653149,2.919384471576));
#4892 = CARTESIAN_POINT('',(0.52905594018,2.963822019377));
#4893 = CARTESIAN_POINT('',(0.527701891416,3.008261653632));
#4894 = CARTESIAN_POINT('',(0.526337647785,3.052705195327));
#4895 = CARTESIAN_POINT('',(0.52496821229,3.09714771249));
#4896 = CARTESIAN_POINT('',(0.523598813997,3.14159140741));
#4897 = ( GEOMETRIC_REPRESENTATION_CONTEXT(2) 
PARAMETRIC_REPRESENTATION_CONTEXT() REPRESENTATION_CONTEXT('2D SPACE',''
  ) );
#4898 = ORIENTED_EDGE('',*,*,#4899,.T.);
#4899 = EDGE_CURVE('',#4850,#4900,#4902,.T.);
#4900 = VERTEX_POINT('',#4901);
#4901 = CARTESIAN_POINT('',(-87.21373584297,-12.93812484504,
    22.409489944142));
#4902 = SURFACE_CURVE('',#4903,(#4921,#4942),.PCURVE_S1.);
#4903 = B_SPLINE_CURVE_WITH_KNOTS('',6,(#4904,#4905,#4906,#4907,#4908,
    #4909,#4910,#4911,#4912,#4913,#4914,#4915,#4916,#4917,#4918,#4919,
    #4920),.UNSPECIFIED.,.F.,.F.,(7,5,5,7),(0.,0.485946268549,
    0.742214239462,1.),.UNSPECIFIED.);
#4904 = CARTESIAN_POINT('',(-87.21373130862,-12.17612113318,
    21.089669371833));
#4905 = CARTESIAN_POINT('',(-87.01842781008,-12.00956927601,
    21.185829432647));
#4906 = CARTESIAN_POINT('',(-86.82313697697,-11.87215005709,
    21.332425182672));
#4907 = CARTESIAN_POINT('',(-86.65098788893,-11.78269714528,
    21.518592872632));
#4908 = CARTESIAN_POINT('',(-86.52566705636,-11.75504838993,
    21.723988362281));
#4909 = CARTESIAN_POINT('',(-86.45934077267,-11.79025130891,
    21.923214701612));
#4910 = CARTESIAN_POINT('',(-86.44850398357,-11.92487083224,
    22.187020739887));
#4911 = CARTESIAN_POINT('',(-86.46123462246,-11.98607348764,
    22.270736590593));
#4912 = CARTESIAN_POINT('',(-86.49050140073,-12.06057486857,
    22.344075824619));
#4913 = CARTESIAN_POINT('',(-86.53541796646,-12.14607661599,
    22.404436896113));
#4914 = CARTESIAN_POINT('',(-86.59430709442,-12.23967311022,
    22.449887444027));
#4915 = CARTESIAN_POINT('',(-86.73583075388,-12.43714872694,
    22.50914385035));
#4916 = CARTESIAN_POINT('',(-86.81860649953,-12.54108924852,
    22.522760997654));
#4917 = CARTESIAN_POINT('',(-86.91085768665,-12.64665652042,
    22.51922595304));
#4918 = CARTESIAN_POINT('',(-87.00963815241,-12.75026299077,
    22.498448492504));
#4919 = CARTESIAN_POINT('',(-87.11168789323,-12.84841753517,
    22.461279701391));
#4920 = CARTESIAN_POINT('',(-87.21373584297,-12.93812500529,
    22.409489851618));
#4921 = PCURVE('',#3252,#4922);
#4922 = DEFINITIONAL_REPRESENTATION('',(#4923),#4941);
#4923 = B_SPLINE_CURVE_WITH_KNOTS('',6,(#4924,#4925,#4926,#4927,#4928,
    #4929,#4930,#4931,#4932,#4933,#4934,#4935,#4936,#4937,#4938,#4939,
    #4940),.UNSPECIFIED.,.F.,.F.,(7,5,5,7),(0.,0.485946268549,
    0.742214239462,1.),.UNSPECIFIED.);
#4924 = CARTESIAN_POINT('',(5.759580671969,154.01573130862));
#4925 = CARTESIAN_POINT('',(5.507194622408,153.82042781008));
#4926 = CARTESIAN_POINT('',(5.254805826707,153.62513697697));
#4927 = CARTESIAN_POINT('',(5.00212940026,153.45298788893));
#4928 = CARTESIAN_POINT('',(4.748898539529,153.32766705636));
#4929 = CARTESIAN_POINT('',(4.495011519959,153.26134077267));
#4930 = CARTESIAN_POINT('',(4.106338368419,153.25050398357));
#4931 = CARTESIAN_POINT('',(3.971973628014,153.26323462246));
#4932 = CARTESIAN_POINT('',(3.837451309885,153.29250140073));
#4933 = CARTESIAN_POINT('',(3.702786308532,153.33741796646));
#4934 = CARTESIAN_POINT('',(3.567998882918,153.39630709442));
#4935 = CARTESIAN_POINT('',(3.297428620619,153.53783075388));
#4936 = CARTESIAN_POINT('',(3.161644220969,153.62060649953));
#4937 = CARTESIAN_POINT('',(3.025782867774,153.71285768665));
#4938 = CARTESIAN_POINT('',(2.889870112152,153.81163815241));
#4939 = CARTESIAN_POINT('',(2.753932163465,153.91368789323));
#4940 = CARTESIAN_POINT('',(2.617993869963,154.01573584297));
#4941 = ( GEOMETRIC_REPRESENTATION_CONTEXT(2) 
PARAMETRIC_REPRESENTATION_CONTEXT() REPRESENTATION_CONTEXT('2D SPACE',''
  ) );
#4942 = PCURVE('',#4355,#4943);
#4943 = DEFINITIONAL_REPRESENTATION('',(#4944),#4962);
#4944 = B_SPLINE_CURVE_WITH_KNOTS('',6,(#4945,#4946,#4947,#4948,#4949,
    #4950,#4951,#4952,#4953,#4954,#4955,#4956,#4957,#4958,#4959,#4960,
    #4961),.UNSPECIFIED.,.F.,.F.,(7,5,5,7),(0.,0.485946268549,
    0.742214239462,1.),.UNSPECIFIED.);
#4945 = CARTESIAN_POINT('',(0.523598592247,3.141586702996));
#4946 = CARTESIAN_POINT('',(0.515701245194,2.885282899129));
#4947 = CARTESIAN_POINT('',(0.50780450272,2.628974583347));
#4948 = CARTESIAN_POINT('',(0.500886529115,2.372856951474));
#4949 = CARTESIAN_POINT('',(0.495952980766,2.117143422587));
#4950 = CARTESIAN_POINT('',(0.493425199706,1.861964349526));
#4951 = CARTESIAN_POINT('',(0.493172474333,1.473120107073));
#4952 = CARTESIAN_POINT('',(0.493742170825,1.339024562072));
#4953 = CARTESIAN_POINT('',(0.494963073506,1.205098911148));
#4954 = CARTESIAN_POINT('',(0.496792312323,1.07133847604));
#4955 = CARTESIAN_POINT('',(0.499158380197,0.937728901115));
#4956 = CARTESIAN_POINT('',(0.504797501848,0.669977386673));
#4957 = CARTESIAN_POINT('',(0.508075922433,0.535836627444));
#4958 = CARTESIAN_POINT('',(0.511711871029,0.401802569796));
#4959 = CARTESIAN_POINT('',(0.515592618789,0.267843234902));
#4960 = CARTESIAN_POINT('',(0.519595679752,0.133921773879));
#4961 = CARTESIAN_POINT('',(0.523598775835,0.));
#4962 = ( GEOMETRIC_REPRESENTATION_CONTEXT(2) 
PARAMETRIC_REPRESENTATION_CONTEXT() REPRESENTATION_CONTEXT('2D SPACE',''
  ) );
#4963 = ORIENTED_EDGE('',*,*,#4964,.T.);
#4964 = EDGE_CURVE('',#4900,#4829,#4965,.T.);
#4965 = SURFACE_CURVE('',#4966,(#4985,#5007),.PCURVE_S1.);
#4966 = B_SPLINE_CURVE_WITH_KNOTS('',5,(#4967,#4968,#4969,#4970,#4971,
    #4972,#4973,#4974,#4975,#4976,#4977,#4978,#4979,#4980,#4981,#4982,
    #4983,#4984),.UNSPECIFIED.,.F.,.F.,(6,4,4,4,6),(0.,0.309646255323,
    0.619593012937,0.92862976658,1.),.UNSPECIFIED.);
#4967 = CARTESIAN_POINT('',(-87.21373584297,-12.93812500529,
    22.409489851618));
#4968 = CARTESIAN_POINT('',(-87.09134651959,-13.04571108537,
    22.347371670217));
#4969 = CARTESIAN_POINT('',(-86.96895456565,-13.14065326321,
    22.263339023156));
#4970 = CARTESIAN_POINT('',(-86.85309106922,-13.21690035166,
    22.160803786307));
#4971 = CARTESIAN_POINT('',(-86.7502542222,-13.27004152291,
    22.045839028048));
#4972 = CARTESIAN_POINT('',(-86.57985778782,-13.32721937101,
    21.804394457528));
#4973 = CARTESIAN_POINT('',(-86.51232842191,-13.33121098344,
    21.677898354606));
#4974 = CARTESIAN_POINT('',(-86.46721784495,-13.30904433718,
    21.552433086731));
#4975 = CARTESIAN_POINT('',(-86.44729042557,-13.26218294936,
    21.435276365013));
#4976 = CARTESIAN_POINT('',(-86.45746183132,-13.12703662568,
    21.228998173683));
#4977 = CARTESIAN_POINT('',(-86.48741224444,-13.0388681959,
    21.139790883926));
#4978 = CARTESIAN_POINT('',(-86.54215617213,-12.93379434465,
    21.069930459834));
#4979 = CARTESIAN_POINT('',(-86.61867888638,-12.81787742104,
    21.023194912316));
#4980 = CARTESIAN_POINT('',(-86.7333556084,-12.66979545758,
    20.995424415031));
#4981 = CARTESIAN_POINT('',(-86.75575864019,-12.64177904085,
    20.991503953002));
#4982 = CARTESIAN_POINT('',(-86.77898660996,-12.61360840112,
    20.9888865962));
#4983 = CARTESIAN_POINT('',(-86.80297166149,-12.58536359335,
    20.987578482871));
#4984 = CARTESIAN_POINT('',(-86.82764104968,-12.557125,20.987578496993)
  );
#4985 = PCURVE('',#3252,#4986);
#4986 = DEFINITIONAL_REPRESENTATION('',(#4987),#5006);
#4987 = B_SPLINE_CURVE_WITH_KNOTS('',5,(#4988,#4989,#4990,#4991,#4992,
    #4993,#4994,#4995,#4996,#4997,#4998,#4999,#5000,#5001,#5002,#5003,
    #5004,#5005),.UNSPECIFIED.,.F.,.F.,(6,4,4,4,6),(0.,0.309646255323,
    0.619593012937,0.92862976658,1.),.UNSPECIFIED.);
#4988 = CARTESIAN_POINT('',(2.617993869963,154.01573584297));
#4989 = CARTESIAN_POINT('',(2.454958840986,153.89334651959));
#4990 = CARTESIAN_POINT('',(2.291924270529,153.77095456565));
#4991 = CARTESIAN_POINT('',(2.128939887191,153.65509106922));
#4992 = CARTESIAN_POINT('',(1.966059291861,153.5522542222));
#4993 = CARTESIAN_POINT('',(1.640439181543,153.38185778782));
#4994 = CARTESIAN_POINT('',(1.477699334434,153.31432842191));
#4995 = CARTESIAN_POINT('',(1.315157953057,153.26921784495));
#4996 = CARTESIAN_POINT('',(1.152852283339,153.24929042557));
#4997 = CARTESIAN_POINT('',(0.829220494774,153.25946183132));
#4998 = CARTESIAN_POINT('',(0.667890824302,153.28941224444));
#4999 = CARTESIAN_POINT('',(0.506826602537,153.34415617213));
#5000 = CARTESIAN_POINT('',(0.346006920712,153.42067888638));
#5001 = CARTESIAN_POINT('',(0.148285887096,153.5353556084));
#5002 = CARTESIAN_POINT('',(0.111200654921,153.55775864019));
#5003 = CARTESIAN_POINT('',(7.412511316305E-02,153.58098660996));
#5004 = CARTESIAN_POINT('',(3.705852146476E-02,153.60497166149));
#5005 = CARTESIAN_POINT('',(0.,153.62964104968));
#5006 = ( GEOMETRIC_REPRESENTATION_CONTEXT(2) 
PARAMETRIC_REPRESENTATION_CONTEXT() REPRESENTATION_CONTEXT('2D SPACE',''
  ) );
#5007 = PCURVE('',#4355,#5008);
#5008 = DEFINITIONAL_REPRESENTATION('',(#5009),#5028);
#5009 = B_SPLINE_CURVE_WITH_KNOTS('',5,(#5010,#5011,#5012,#5013,#5014,
    #5015,#5016,#5017,#5018,#5019,#5020,#5021,#5022,#5023,#5024,#5025,
    #5026,#5027),.UNSPECIFIED.,.F.,.F.,(6,4,4,4,6),(0.,0.309646255323,
    0.619593012937,0.92862976658,1.),.UNSPECIFIED.);
#5010 = CARTESIAN_POINT('',(0.523598775835,0.));
#5011 = CARTESIAN_POINT('',(0.52839981362,0.160616603166));
#5012 = CARTESIAN_POINT('',(0.53320080057,0.32123267962));
#5013 = CARTESIAN_POINT('',(0.537757585472,0.481924590077));
#5014 = CARTESIAN_POINT('',(0.541825401423,0.642764487744));
#5015 = CARTESIAN_POINT('',(0.548614848593,0.964990820413));
#5016 = CARTESIAN_POINT('',(0.55133529035,1.126378177292));
#5017 = CARTESIAN_POINT('',(0.553192891932,1.288005939611));
#5018 = CARTESIAN_POINT('',(0.554062761082,1.449895705858));
#5019 = CARTESIAN_POINT('',(0.553806542351,1.773692833248));
#5020 = CARTESIAN_POINT('',(0.552686543633,1.935600745792));
#5021 = CARTESIAN_POINT('',(0.55056088951,2.097741515636));
#5022 = CARTESIAN_POINT('',(0.547534906941,2.260079594315));
#5023 = CARTESIAN_POINT('',(0.542956785518,2.460086808816));
#5024 = CARTESIAN_POINT('',(0.54206088863,2.497619014566));
#5025 = CARTESIAN_POINT('',(0.541130484233,2.535158410499));
#5026 = CARTESIAN_POINT('',(0.540168341628,2.572704350966));
#5027 = CARTESIAN_POINT('',(0.539177536419,2.610256113872));
#5028 = ( GEOMETRIC_REPRESENTATION_CONTEXT(2) 
PARAMETRIC_REPRESENTATION_CONTEXT() REPRESENTATION_CONTEXT('2D SPACE',''
  ) );
#5029 = ORIENTED_EDGE('',*,*,#4828,.F.);
#5030 = ORIENTED_EDGE('',*,*,#3362,.T.);
#5031 = ORIENTED_EDGE('',*,*,#3332,.T.);
#5032 = ORIENTED_EDGE('',*,*,#5033,.T.);
#5033 = EDGE_CURVE('',#3298,#3268,#5034,.T.);
#5034 = SURFACE_CURVE('',#5035,(#5040,#5046),.PCURVE_S1.);
#5035 = CIRCLE('',#5036,0.762);
#5036 = AXIS2_PLACEMENT_3D('',#5037,#5038,#5039);
#5037 = CARTESIAN_POINT('',(66.802,-12.557125,21.749578496993));
#5038 = DIRECTION('',(-1.,0.,0.));
#5039 = DIRECTION('',(0.,0.,-1.));
#5040 = PCURVE('',#3252,#5041);
#5041 = DEFINITIONAL_REPRESENTATION('',(#5042),#5045);
#5042 = B_SPLINE_CURVE_WITH_KNOTS('',1,(#5043,#5044),.UNSPECIFIED.,.F.,
  .F.,(2,2),(0.93343425132,4.302553504663),.PIECEWISE_BEZIER_KNOTS.);
#5043 = CARTESIAN_POINT('',(0.93343425132,0.));
#5044 = CARTESIAN_POINT('',(4.302553504663,0.));
#5045 = ( GEOMETRIC_REPRESENTATION_CONTEXT(2) 
PARAMETRIC_REPRESENTATION_CONTEXT() REPRESENTATION_CONTEXT('2D SPACE',''
  ) );
#5046 = PCURVE('',#3320,#5047);
#5047 = DEFINITIONAL_REPRESENTATION('',(#5048),#5052);
#5048 = CIRCLE('',#5049,0.762);
#5049 = AXIS2_PLACEMENT_2D('',#5050,#5051);
#5050 = CARTESIAN_POINT('',(0.,0.));
#5051 = DIRECTION('',(1.,0.));
#5052 = ( GEOMETRIC_REPRESENTATION_CONTEXT(2) 
PARAMETRIC_REPRESENTATION_CONTEXT() REPRESENTATION_CONTEXT('2D SPACE',''
  ) );
#5053 = ORIENTED_EDGE('',*,*,#3267,.T.);
#5054 = ORIENTED_EDGE('',*,*,#3232,.T.);
#5055 = ADVANCED_FACE('',(#5056),#3320,.T.);
#5056 = FACE_BOUND('',#5057,.T.);
#5057 = EDGE_LOOP('',(#5058,#5059));
#5058 = ORIENTED_EDGE('',*,*,#3297,.F.);
#5059 = ORIENTED_EDGE('',*,*,#5033,.T.);
#5060 = ADVANCED_FACE('',(#5061),#3462,.T.);
#5061 = FACE_BOUND('',#5062,.T.);
#5062 = EDGE_LOOP('',(#5063,#5064,#5065));
#5063 = ORIENTED_EDGE('',*,*,#3477,.T.);
#5064 = ORIENTED_EDGE('',*,*,#3710,.T.);
#5065 = ORIENTED_EDGE('',*,*,#3448,.T.);
#5066 = ADVANCED_FACE('',(#5067),#3541,.F.);
#5067 = FACE_BOUND('',#5068,.F.);
#5068 = EDGE_LOOP('',(#5069,#5070,#5091,#5156,#5260,#5302,#5303,#5304,
    #5305,#5306,#5327));
#5069 = ORIENTED_EDGE('',*,*,#3556,.T.);
#5070 = ORIENTED_EDGE('',*,*,#5071,.T.);
#5071 = EDGE_CURVE('',#3522,#5072,#5074,.T.);
#5072 = VERTEX_POINT('',#5073);
#5073 = CARTESIAN_POINT('',(-86.82764104968,12.557125,20.987578496993));
#5074 = SEAM_CURVE('',#5075,(#5079,#5085),.PCURVE_S1.);
#5075 = LINE('',#5076,#5077);
#5076 = CARTESIAN_POINT('',(66.802,12.557125,20.987578496993));
#5077 = VECTOR('',#5078,1.);
#5078 = DIRECTION('',(-1.,0.,0.));
#5079 = PCURVE('',#3541,#5080);
#5080 = DEFINITIONAL_REPRESENTATION('',(#5081),#5084);
#5081 = B_SPLINE_CURVE_WITH_KNOTS('',1,(#5082,#5083),.UNSPECIFIED.,.F.,
  .F.,(2,2),(0.836911863371,153.62964104968),.PIECEWISE_BEZIER_KNOTS.);
#5082 = CARTESIAN_POINT('',(0.,0.836911863371));
#5083 = CARTESIAN_POINT('',(0.,153.62964104968));
#5084 = ( GEOMETRIC_REPRESENTATION_CONTEXT(2) 
PARAMETRIC_REPRESENTATION_CONTEXT() REPRESENTATION_CONTEXT('2D SPACE',''
  ) );
#5085 = PCURVE('',#3541,#5086);
#5086 = DEFINITIONAL_REPRESENTATION('',(#5087),#5090);
#5087 = B_SPLINE_CURVE_WITH_KNOTS('',1,(#5088,#5089),.UNSPECIFIED.,.F.,
  .F.,(2,2),(0.836911863371,153.62964104968),.PIECEWISE_BEZIER_KNOTS.);
#5088 = CARTESIAN_POINT('',(6.28318530718,0.836911863371));
#5089 = CARTESIAN_POINT('',(6.28318530718,153.62964104968));
#5090 = ( GEOMETRIC_REPRESENTATION_CONTEXT(2) 
PARAMETRIC_REPRESENTATION_CONTEXT() REPRESENTATION_CONTEXT('2D SPACE',''
  ) );
#5091 = ORIENTED_EDGE('',*,*,#5092,.T.);
#5092 = EDGE_CURVE('',#5072,#5093,#5095,.T.);
#5093 = VERTEX_POINT('',#5094);
#5094 = CARTESIAN_POINT('',(-87.21373584297,12.938124834587,
    22.409489950178));
#5095 = SURFACE_CURVE('',#5096,(#5114,#5135),.PCURVE_S1.);
#5096 = B_SPLINE_CURVE_WITH_KNOTS('',6,(#5097,#5098,#5099,#5100,#5101,
    #5102,#5103,#5104,#5105,#5106,#5107,#5108,#5109,#5110,#5111,#5112,
    #5113),.UNSPECIFIED.,.F.,.F.,(7,5,5,7),(0.,0.380766681121,
    0.689944619468,1.),.UNSPECIFIED.);
#5097 = CARTESIAN_POINT('',(-86.82764104968,12.557125,20.987578496993));
#5098 = CARTESIAN_POINT('',(-86.7179632414,12.682671055417,
    20.987578496993));
#5099 = CARTESIAN_POINT('',(-86.62127183131,12.808334797943,
    21.012400384017));
#5100 = CARTESIAN_POINT('',(-86.54306944154,12.92803239279,
    21.062131005329));
#5101 = CARTESIAN_POINT('',(-86.48772411208,13.035583698828,
    21.134900303676));
#5102 = CARTESIAN_POINT('',(-86.457449425,13.125723082534,21.22677677656
    ));
#5103 = CARTESIAN_POINT('',(-86.44821723412,13.251076598946,
    21.41850129056));
#5104 = CARTESIAN_POINT('',(-86.4606781605,13.293435774757,
    21.513602176701));
#5105 = CARTESIAN_POINT('',(-86.48981449928,13.320056051891,
    21.615128330596));
#5106 = CARTESIAN_POINT('',(-86.53473795511,13.329811739174,
    21.719752793525));
#5107 = CARTESIAN_POINT('',(-86.59375633169,13.32247335346,
    21.823952379594));
#5108 = CARTESIAN_POINT('',(-86.73551510469,13.275069183787,
    22.025089359257));
#5109 = CARTESIAN_POINT('',(-86.81832505502,13.234908889065,
    22.12200877828));
#5110 = CARTESIAN_POINT('',(-86.91063164754,13.179053186915,
    22.211757221419));
#5111 = CARTESIAN_POINT('',(-87.00948246428,13.109220433042,
    22.291174574257));
#5112 = CARTESIAN_POINT('',(-87.11161005617,13.027898473003,
    22.357656321395));
#5113 = CARTESIAN_POINT('',(-87.21373584297,12.938124993383,
    22.409489858497));
#5114 = PCURVE('',#3541,#5115);
#5115 = DEFINITIONAL_REPRESENTATION('',(#5116),#5134);
#5116 = B_SPLINE_CURVE_WITH_KNOTS('',6,(#5117,#5118,#5119,#5120,#5121,
    #5122,#5123,#5124,#5125,#5126,#5127,#5128,#5129,#5130,#5131,#5132,
    #5133),.UNSPECIFIED.,.F.,.F.,(7,5,5,7),(0.,0.380766681121,
    0.689944619468,1.),.UNSPECIFIED.);
#5117 = CARTESIAN_POINT('',(6.28318530718,153.62964104968));
#5118 = CARTESIAN_POINT('',(6.11842670427,153.5199632414));
#5119 = CARTESIAN_POINT('',(5.953512554381,153.42327183131));
#5120 = CARTESIAN_POINT('',(5.788383994884,153.34506944154));
#5121 = CARTESIAN_POINT('',(5.622999691806,153.28972411208));
#5122 = CARTESIAN_POINT('',(5.457348047253,153.259449425));
#5123 = CARTESIAN_POINT('',(5.156734891726,153.25021723412));
#5124 = CARTESIAN_POINT('',(5.021857092077,153.2626781605));
#5125 = CARTESIAN_POINT('',(4.886820288984,153.29181449928));
#5126 = CARTESIAN_POINT('',(4.751639485058,153.33673795511));
#5127 = CARTESIAN_POINT('',(4.616335150027,153.39575633169));
#5128 = CARTESIAN_POINT('',(4.345144044368,153.53751510469));
#5129 = CARTESIAN_POINT('',(4.209256305282,153.62032505502));
#5130 = CARTESIAN_POINT('',(4.073291434953,153.71263164754));
#5131 = CARTESIAN_POINT('',(3.937275045209,153.81148246428));
#5132 = CARTESIAN_POINT('',(3.801233407476,153.91361005617));
#5133 = CARTESIAN_POINT('',(3.665191419161,154.01573584297));
#5134 = ( GEOMETRIC_REPRESENTATION_CONTEXT(2) 
PARAMETRIC_REPRESENTATION_CONTEXT() REPRESENTATION_CONTEXT('2D SPACE',''
  ) );
#5135 = PCURVE('',#4355,#5136);
#5136 = DEFINITIONAL_REPRESENTATION('',(#5137),#5155);
#5137 = B_SPLINE_CURVE_WITH_KNOTS('',6,(#5138,#5139,#5140,#5141,#5142,
    #5143,#5144,#5145,#5146,#5147,#5148,#5149,#5150,#5151,#5152,#5153,
    #5154),.UNSPECIFIED.,.F.,.F.,(7,5,5,7),(0.,0.380766681121,
    0.689944619468,1.),.UNSPECIFIED.);
#5138 = CARTESIAN_POINT('',(5.744007734612,2.61025609626));
#5139 = CARTESIAN_POINT('',(5.739602711875,2.443304444962));
#5140 = CARTESIAN_POINT('',(5.735742466665,2.276462624387));
#5141 = CARTESIAN_POINT('',(5.732653708332,2.109783222651));
#5142 = CARTESIAN_POINT('',(5.730507696318,1.943311293528));
#5143 = CARTESIAN_POINT('',(5.72937670753,1.777075430207));
#5144 = CARTESIAN_POINT('',(5.729147318234,1.476312995709));
#5145 = CARTESIAN_POINT('',(5.72970664544,1.341699113304));
#5146 = CARTESIAN_POINT('',(5.730922784912,1.207256488048));
#5147 = CARTESIAN_POINT('',(5.732752671263,1.072980481387));
#5148 = CARTESIAN_POINT('',(5.73512411476,0.938856628247));
#5149 = CARTESIAN_POINT('',(5.740772756253,0.670488991517));
#5150 = CARTESIAN_POINT('',(5.744052585407,0.536245584568));
#5151 = CARTESIAN_POINT('',(5.74769074671,0.402109116979));
#5152 = CARTESIAN_POINT('',(5.751574267887,0.268047541794));
#5153 = CARTESIAN_POINT('',(5.755580382181,0.134023925435));
#5154 = CARTESIAN_POINT('',(5.759586531877,0.));
#5155 = ( GEOMETRIC_REPRESENTATION_CONTEXT(2) 
PARAMETRIC_REPRESENTATION_CONTEXT() REPRESENTATION_CONTEXT('2D SPACE',''
  ) );
#5156 = ORIENTED_EDGE('',*,*,#5157,.T.);
#5157 = EDGE_CURVE('',#5093,#5158,#5160,.T.);
#5158 = VERTEX_POINT('',#5159);
#5159 = CARTESIAN_POINT('',(-87.21373584297,12.176124995583,
    21.08966714186));
#5160 = SURFACE_CURVE('',#5161,(#5192,#5226),.PCURVE_S1.);
#5161 = B_SPLINE_CURVE_WITH_KNOTS('',5,(#5162,#5163,#5164,#5165,#5166,
    #5167,#5168,#5169,#5170,#5171,#5172,#5173,#5174,#5175,#5176,#5177,
    #5178,#5179,#5180,#5181,#5182,#5183,#5184,#5185,#5186,#5187,#5188,
    #5189,#5190,#5191),.UNSPECIFIED.,.F.,.F.,(6,4,4,4,4,4,4,6),(0.,
    0.257785102822,0.51405242286,0.757271989691,0.878515507826,
    0.938095399768,0.967879261038,1.),.UNSPECIFIED.);
#5162 = CARTESIAN_POINT('',(-87.21373584297,12.938124993383,
    22.409489858497));
#5163 = CARTESIAN_POINT('',(-87.09127828334,12.830476048036,
    22.471637666048));
#5164 = CARTESIAN_POINT('',(-86.9688180875,12.710156449032,
    22.511853910681));
#5165 = CARTESIAN_POINT('',(-86.85289728799,12.583156577523,
    22.526597999779));
#5166 = CARTESIAN_POINT('',(-86.750024905,12.456954593738,
    22.515086986569));
#5167 = CARTESIAN_POINT('',(-86.58019651457,12.219983854944,
    22.443979299364));
#5168 = CARTESIAN_POINT('',(-86.51302869246,12.10912299656,
    22.384665694446));
#5169 = CARTESIAN_POINT('',(-86.467974109,12.012026740615,
    22.303485954843));
#5170 = CARTESIAN_POINT('',(-86.44775564925,11.934166981526,
    22.205237862132));
#5171 = CARTESIAN_POINT('',(-86.45650705418,11.825453048939,
    21.992197501028));
#5172 = CARTESIAN_POINT('',(-86.48302452388,11.792407389919,
    21.878496442751));
#5173 = CARTESIAN_POINT('',(-86.53175211539,11.781748708887,
    21.759952250882));
#5174 = CARTESIAN_POINT('',(-86.60031157119,11.7938411476,
    21.642559343038));
#5175 = CARTESIAN_POINT('',(-86.72655548171,11.843485072166,
    21.476275144854));
#5176 = CARTESIAN_POINT('',(-86.77245414152,11.865229673601,
    21.42255333908));
#5177 = CARTESIAN_POINT('',(-86.82173687466,11.89199069736,
    21.371088258038));
#5178 = CARTESIAN_POINT('',(-86.87380693435,11.923445048958,
    21.322479235421));
#5179 = CARTESIAN_POINT('',(-86.95461397268,11.976710575476,
    21.255043537662));
#5180 = CARTESIAN_POINT('',(-86.98174982672,11.995290354604,
    21.233642821724));
#5181 = CARTESIAN_POINT('',(-87.00931688895,12.014848428758,
    21.213123924825));
#5182 = CARTESIAN_POINT('',(-87.03723335615,12.035328725982,
    21.193544713931));
#5183 = CARTESIAN_POINT('',(-87.0795029197,12.067338478887,
    21.165666421574));
#5184 = CARTESIAN_POINT('',(-87.09365714026,12.078222116433,
    21.156622914128));
#5185 = CARTESIAN_POINT('',(-87.10786715014,12.089313294637,
    21.147833968911));
#5186 = CARTESIAN_POINT('',(-87.12212237474,12.100604103764,
    21.139305798522));
#5187 = CARTESIAN_POINT('',(-87.15182313962,12.12446952086,
    21.122134505223));
#5188 = CARTESIAN_POINT('',(-87.16727416536,12.137075486068,
    21.113534784458));
#5189 = CARTESIAN_POINT('',(-87.18275265442,12.149893315333,
    21.105252822145));
#5190 = CARTESIAN_POINT('',(-87.1982435955,12.162913788545,
    21.097294649214));
#5191 = CARTESIAN_POINT('',(-87.21373525366,12.176124497431,
    21.089667429468));
#5192 = PCURVE('',#3541,#5193);
#5193 = DEFINITIONAL_REPRESENTATION('',(#5194),#5225);
#5194 = B_SPLINE_CURVE_WITH_KNOTS('',5,(#5195,#5196,#5197,#5198,#5199,
    #5200,#5201,#5202,#5203,#5204,#5205,#5206,#5207,#5208,#5209,#5210,
    #5211,#5212,#5213,#5214,#5215,#5216,#5217,#5218,#5219,#5220,#5221,
    #5222,#5223,#5224),.UNSPECIFIED.,.F.,.F.,(6,4,4,4,4,4,4,6),(0.,
    0.257785102822,0.51405242286,0.757271989691,0.878515507826,
    0.938095399768,0.967879261038,1.),.UNSPECIFIED.);
#5195 = CARTESIAN_POINT('',(3.665191419161,154.01573584297));
#5196 = CARTESIAN_POINT('',(3.502065496317,153.89327828334));
#5197 = CARTESIAN_POINT('',(3.338940025942,153.7708180875));
#5198 = CARTESIAN_POINT('',(3.175864832842,153.65489728799));
#5199 = CARTESIAN_POINT('',(3.012893599263,153.552024905));
#5200 = CARTESIAN_POINT('',(2.688209286253,153.38219651457));
#5201 = CARTESIAN_POINT('',(2.526493854845,153.31502869246));
#5202 = CARTESIAN_POINT('',(2.364974139821,153.269974109));
#5203 = CARTESIAN_POINT('',(2.203686757745,153.24975564925));
#5204 = CARTESIAN_POINT('',(1.889808163094,153.25850705418));
#5205 = CARTESIAN_POINT('',(1.737190590482,153.28502452388));
#5206 = CARTESIAN_POINT('',(1.58480956848,153.33375211539));
#5207 = CARTESIAN_POINT('',(1.432649696928,153.40231157119));
#5208 = CARTESIAN_POINT('',(1.204911368125,153.52855548171));
#5209 = CARTESIAN_POINT('',(1.129196185034,153.57445414152));
#5210 = CARTESIAN_POINT('',(1.05352081685,153.62373687466));
#5211 = CARTESIAN_POINT('',(0.977878711897,153.67580693435));
#5212 = CARTESIAN_POINT('',(0.865103385368,153.75661397268));
#5213 = CARTESIAN_POINT('',(0.827950935535,153.78374982672));
#5214 = CARTESIAN_POINT('',(0.790803692102,153.81131688895));
#5215 = CARTESIAN_POINT('',(0.753660683112,153.83923335615));
#5216 = CARTESIAN_POINT('',(0.697954789172,153.8815029197));
#5217 = CARTESIAN_POINT('',(0.679389491038,153.89565714026));
#5218 = CARTESIAN_POINT('',(0.660824870918,153.90986715014));
#5219 = CARTESIAN_POINT('',(0.642260800827,153.92412237474));
#5220 = CARTESIAN_POINT('',(0.603676975456,153.95382313962));
#5221 = CARTESIAN_POINT('',(0.583657084157,153.96927416536));
#5222 = CARTESIAN_POINT('',(0.563638338608,153.98475265442));
#5223 = CARTESIAN_POINT('',(0.543618460228,154.0002435955));
#5224 = CARTESIAN_POINT('',(0.523599537169,154.01573525366));
#5225 = ( GEOMETRIC_REPRESENTATION_CONTEXT(2) 
PARAMETRIC_REPRESENTATION_CONTEXT() REPRESENTATION_CONTEXT('2D SPACE',''
  ) );
#5226 = PCURVE('',#4355,#5227);
#5227 = DEFINITIONAL_REPRESENTATION('',(#5228),#5259);
#5228 = B_SPLINE_CURVE_WITH_KNOTS('',5,(#5229,#5230,#5231,#5232,#5233,
    #5234,#5235,#5236,#5237,#5238,#5239,#5240,#5241,#5242,#5243,#5244,
    #5245,#5246,#5247,#5248,#5249,#5250,#5251,#5252,#5253,#5254,#5255,
    #5256,#5257,#5258),.UNSPECIFIED.,.F.,.F.,(6,4,4,4,4,4,4,6),(0.,
    0.257785102822,0.51405242286,0.757271989691,0.878515507826,
    0.938095399768,0.967879261038,1.),.UNSPECIFIED.);
#5229 = CARTESIAN_POINT('',(5.759586531877,0.));
#5230 = CARTESIAN_POINT('',(5.764390246311,0.160706154821));
#5231 = CARTESIAN_POINT('',(5.769193909965,0.321411774492));
#5232 = CARTESIAN_POINT('',(5.7737529629,0.482193363091));
#5233 = CARTESIAN_POINT('',(5.777822228203,0.643123180998));
#5234 = CARTESIAN_POINT('',(5.784589174148,0.964424996597));
#5235 = CARTESIAN_POINT('',(5.78729490521,1.124795215762));
#5236 = CARTESIAN_POINT('',(5.789149562137,1.285402606459));
#5237 = CARTESIAN_POINT('',(5.790030284794,1.446268473408));
#5238 = CARTESIAN_POINT('',(5.789826192783,1.760285234988));
#5239 = CARTESIAN_POINT('',(5.788839316316,1.913413584366));
#5240 = CARTESIAN_POINT('',(5.786952719143,2.066751480765));
#5241 = CARTESIAN_POINT('',(5.784248282503,2.220270088576));
#5242 = CARTESIAN_POINT('',(5.779218260905,2.450522757738));
#5243 = CARTESIAN_POINT('',(5.777382699269,2.52715376161));
#5244 = CARTESIAN_POINT('',(5.775405538461,2.603814017128));
#5245 = CARTESIAN_POINT('',(5.773311217468,2.680498024582));
#5246 = CARTESIAN_POINT('',(5.770055086025,2.794891736585));
#5247 = CARTESIAN_POINT('',(5.768960710169,2.832587886283));
#5248 = CARTESIAN_POINT('',(5.767848141311,2.870287666237));
#5249 = CARTESIAN_POINT('',(5.766720812907,2.907990376307));
#5250 = CARTESIAN_POINT('',(5.765013127899,2.964543921587));
#5251 = CARTESIAN_POINT('',(5.764441175723,2.983393091202));
#5252 = CARTESIAN_POINT('',(5.763866864756,3.002242727267));
#5253 = CARTESIAN_POINT('',(5.76329064149,3.02109274098));
#5254 = CARTESIAN_POINT('',(5.762089945342,3.06027236301));
#5255 = CARTESIAN_POINT('',(5.761465227513,3.080601816856));
#5256 = CARTESIAN_POINT('',(5.760839399251,3.100932300759));
#5257 = CARTESIAN_POINT('',(5.760212962391,3.121261620158));
#5258 = CARTESIAN_POINT('',(5.759586555411,3.141591880216));
#5259 = ( GEOMETRIC_REPRESENTATION_CONTEXT(2) 
PARAMETRIC_REPRESENTATION_CONTEXT() REPRESENTATION_CONTEXT('2D SPACE',''
  ) );
#5260 = ORIENTED_EDGE('',*,*,#5261,.T.);
#5261 = EDGE_CURVE('',#5158,#5072,#5262,.T.);
#5262 = SURFACE_CURVE('',#5263,(#5274,#5288),.PCURVE_S1.);
#5263 = B_SPLINE_CURVE_WITH_KNOTS('',5,(#5264,#5265,#5266,#5267,#5268,
    #5269,#5270,#5271,#5272,#5273),.UNSPECIFIED.,.F.,.F.,(6,4,6),(0.,
    2.28190143429E-02,1.),.UNSPECIFIED.);
#5264 = CARTESIAN_POINT('',(-87.21373525366,12.176124497431,
    21.089667429468));
#5265 = CARTESIAN_POINT('',(-87.21373696961,12.176125960724,
    21.089666584634));
#5266 = CARTESIAN_POINT('',(-87.21372845,12.176131777501,21.089664357813
    ));
#5267 = CARTESIAN_POINT('',(-87.21354245426,12.17628865646,
    21.089572226709));
#5268 = CARTESIAN_POINT('',(-87.21280281978,12.176919823379,
    21.089206295205));
#5269 = CARTESIAN_POINT('',(-87.13048735387,12.2472645681,
    21.048932783748));
#5270 = CARTESIAN_POINT('',(-87.05008955586,12.321117733002,
    21.018509430208));
#5271 = CARTESIAN_POINT('',(-86.97161113792,12.398553483971,
    20.997896548031));
#5272 = CARTESIAN_POINT('',(-86.89692685749,12.477814869234,
    20.987578504717));
#5273 = CARTESIAN_POINT('',(-86.82764104968,12.557125,20.987578496993));
#5274 = PCURVE('',#3541,#5275);
#5275 = DEFINITIONAL_REPRESENTATION('',(#5276),#5287);
#5276 = B_SPLINE_CURVE_WITH_KNOTS('',5,(#5277,#5278,#5279,#5280,#5281,
    #5282,#5283,#5284,#5285,#5286),.UNSPECIFIED.,.F.,.F.,(6,4,6),(0.,
    2.28190143429E-02,1.),.UNSPECIFIED.);
#5277 = CARTESIAN_POINT('',(0.523599537169,154.01573525366));
#5278 = CARTESIAN_POINT('',(0.523597319759,154.01573696961));
#5279 = CARTESIAN_POINT('',(0.523589243331,154.01572845));
#5280 = CARTESIAN_POINT('',(0.523350499173,154.01554245426));
#5281 = CARTESIAN_POINT('',(0.522393062773,154.01480281978));
#5282 = CARTESIAN_POINT('',(0.416018224676,153.93248735387));
#5283 = CARTESIAN_POINT('',(0.312070365107,153.85208955586));
#5284 = CARTESIAN_POINT('',(0.208098931252,153.77361113792));
#5285 = CARTESIAN_POINT('',(0.104081536438,153.69892685749));
#5286 = CARTESIAN_POINT('',(0.,153.62964104968));
#5287 = ( GEOMETRIC_REPRESENTATION_CONTEXT(2) 
PARAMETRIC_REPRESENTATION_CONTEXT() REPRESENTATION_CONTEXT('2D SPACE',''
  ) );
#5288 = PCURVE('',#4355,#5289);
#5289 = DEFINITIONAL_REPRESENTATION('',(#5290),#5301);
#5290 = B_SPLINE_CURVE_WITH_KNOTS('',5,(#5291,#5292,#5293,#5294,#5295,
    #5296,#5297,#5298,#5299,#5300),.UNSPECIFIED.,.F.,.F.,(6,4,6),(0.,
    2.28190143429E-02,1.),.UNSPECIFIED.);
#5291 = CARTESIAN_POINT('',(5.759586555411,3.141591880216));
#5292 = CARTESIAN_POINT('',(5.759586486027,3.141594132112));
#5293 = CARTESIAN_POINT('',(5.75958623346,3.141582946923));
#5294 = CARTESIAN_POINT('',(5.759578762813,3.141338863059));
#5295 = CARTESIAN_POINT('',(5.759548803656,3.140368222111));
#5296 = CARTESIAN_POINT('',(5.756220279991,3.032341941051));
#5297 = CARTESIAN_POINT('',(5.75296937866,2.926781120413));
#5298 = CARTESIAN_POINT('',(5.74979967708,2.821236154344));
#5299 = CARTESIAN_POINT('',(5.746790488985,2.715723013949));
#5300 = CARTESIAN_POINT('',(5.74400774165,2.610256099689));
#5301 = ( GEOMETRIC_REPRESENTATION_CONTEXT(2) 
PARAMETRIC_REPRESENTATION_CONTEXT() REPRESENTATION_CONTEXT('2D SPACE',''
  ) );
#5302 = ORIENTED_EDGE('',*,*,#5071,.F.);
#5303 = ORIENTED_EDGE('',*,*,#3521,.T.);
#5304 = ORIENTED_EDGE('',*,*,#3681,.T.);
#5305 = ORIENTED_EDGE('',*,*,#3651,.T.);
#5306 = ORIENTED_EDGE('',*,*,#5307,.T.);
#5307 = EDGE_CURVE('',#3617,#3587,#5308,.T.);
#5308 = SURFACE_CURVE('',#5309,(#5314,#5320),.PCURVE_S1.);
#5309 = CIRCLE('',#5310,0.762);
#5310 = AXIS2_PLACEMENT_3D('',#5311,#5312,#5313);
#5311 = CARTESIAN_POINT('',(66.802,12.557125,21.749578496993));
#5312 = DIRECTION('',(-1.,0.,0.));
#5313 = DIRECTION('',(0.,0.,-1.));
#5314 = PCURVE('',#3541,#5315);
#5315 = DEFINITIONAL_REPRESENTATION('',(#5316),#5319);
#5316 = B_SPLINE_CURVE_WITH_KNOTS('',1,(#5317,#5318),.UNSPECIFIED.,.F.,
  .F.,(2,2),(1.980631802516,5.34975105586),.PIECEWISE_BEZIER_KNOTS.);
#5317 = CARTESIAN_POINT('',(1.980631802516,0.));
#5318 = CARTESIAN_POINT('',(5.34975105586,0.));
#5319 = ( GEOMETRIC_REPRESENTATION_CONTEXT(2) 
PARAMETRIC_REPRESENTATION_CONTEXT() REPRESENTATION_CONTEXT('2D SPACE',''
  ) );
#5320 = PCURVE('',#3639,#5321);
#5321 = DEFINITIONAL_REPRESENTATION('',(#5322),#5326);
#5322 = CIRCLE('',#5323,0.762);
#5323 = AXIS2_PLACEMENT_2D('',#5324,#5325);
#5324 = CARTESIAN_POINT('',(0.,0.));
#5325 = DIRECTION('',(1.,0.));
#5326 = ( GEOMETRIC_REPRESENTATION_CONTEXT(2) 
PARAMETRIC_REPRESENTATION_CONTEXT() REPRESENTATION_CONTEXT('2D SPACE',''
  ) );
#5327 = ORIENTED_EDGE('',*,*,#3586,.T.);
#5328 = ADVANCED_FACE('',(#5329),#3639,.T.);
#5329 = FACE_BOUND('',#5330,.T.);
#5330 = EDGE_LOOP('',(#5331,#5332));
#5331 = ORIENTED_EDGE('',*,*,#3616,.F.);
#5332 = ORIENTED_EDGE('',*,*,#5307,.T.);
#5333 = ADVANCED_FACE('',(#5334),#3751,.T.);
#5334 = FACE_BOUND('',#5335,.F.);
#5335 = EDGE_LOOP('',(#5336));
#5336 = ORIENTED_EDGE('',*,*,#3735,.F.);
#5337 = ADVANCED_FACE('',(#5338),#3822,.F.);
#5338 = FACE_BOUND('',#5339,.F.);
#5339 = EDGE_LOOP('',(#5340,#5341,#5362,#5388,#5389));
#5340 = ORIENTED_EDGE('',*,*,#3784,.F.);
#5341 = ORIENTED_EDGE('',*,*,#5342,.F.);
#5342 = EDGE_CURVE('',#5343,#3764,#5345,.T.);
#5343 = VERTEX_POINT('',#5344);
#5344 = CARTESIAN_POINT('',(-82.27836792148,-2.332952152376E-16,21.59));
#5345 = SEAM_CURVE('',#5346,(#5350,#5356),.PCURVE_S1.);
#5346 = LINE('',#5347,#5348);
#5347 = CARTESIAN_POINT('',(-82.27836792148,-2.332952152376E-16,21.59));
#5348 = VECTOR('',#5349,1.);
#5349 = DIRECTION('',(0.,0.,-1.));
#5350 = PCURVE('',#3822,#5351);
#5351 = DEFINITIONAL_REPRESENTATION('',(#5352),#5355);
#5352 = B_SPLINE_CURVE_WITH_KNOTS('',1,(#5353,#5354),.UNSPECIFIED.,.F.,
  .F.,(2,2),(0.,3.81),.PIECEWISE_BEZIER_KNOTS.);
#5353 = CARTESIAN_POINT('',(6.28318530718,0.));
#5354 = CARTESIAN_POINT('',(6.28318530718,3.81));
#5355 = ( GEOMETRIC_REPRESENTATION_CONTEXT(2) 
PARAMETRIC_REPRESENTATION_CONTEXT() REPRESENTATION_CONTEXT('2D SPACE',''
  ) );
#5356 = PCURVE('',#3822,#5357);
#5357 = DEFINITIONAL_REPRESENTATION('',(#5358),#5361);
#5358 = B_SPLINE_CURVE_WITH_KNOTS('',1,(#5359,#5360),.UNSPECIFIED.,.F.,
  .F.,(2,2),(0.,3.81),.PIECEWISE_BEZIER_KNOTS.);
#5359 = CARTESIAN_POINT('',(0.,0.));
#5360 = CARTESIAN_POINT('',(0.,3.81));
#5361 = ( GEOMETRIC_REPRESENTATION_CONTEXT(2) 
PARAMETRIC_REPRESENTATION_CONTEXT() REPRESENTATION_CONTEXT('2D SPACE',''
  ) );
#5362 = ORIENTED_EDGE('',*,*,#5363,.T.);
#5363 = EDGE_CURVE('',#5343,#5343,#5364,.T.);
#5364 = SURFACE_CURVE('',#5365,(#5370,#5376),.PCURVE_S1.);
#5365 = CIRCLE('',#5366,0.9525);
#5366 = AXIS2_PLACEMENT_3D('',#5367,#5368,#5369);
#5367 = CARTESIAN_POINT('',(-81.32586792148,0.,21.59));
#5368 = DIRECTION('',(0.,0.,-1.));
#5369 = DIRECTION('',(-1.,0.,-0.));
#5370 = PCURVE('',#3822,#5371);
#5371 = DEFINITIONAL_REPRESENTATION('',(#5372),#5375);
#5372 = B_SPLINE_CURVE_WITH_KNOTS('',1,(#5373,#5374),.UNSPECIFIED.,.F.,
  .F.,(2,2),(0.,6.28318530718),.PIECEWISE_BEZIER_KNOTS.);
#5373 = CARTESIAN_POINT('',(0.,0.));
#5374 = CARTESIAN_POINT('',(6.28318530718,0.));
#5375 = ( GEOMETRIC_REPRESENTATION_CONTEXT(2) 
PARAMETRIC_REPRESENTATION_CONTEXT() REPRESENTATION_CONTEXT('2D SPACE',''
  ) );
#5376 = PCURVE('',#5377,#5382);
#5377 = PLANE('',#5378);
#5378 = AXIS2_PLACEMENT_3D('',#5379,#5380,#5381);
#5379 = CARTESIAN_POINT('',(-81.32586792148,0.,21.59));
#5380 = DIRECTION('',(0.,0.,-1.));
#5381 = DIRECTION('',(-1.,0.,-0.));
#5382 = DEFINITIONAL_REPRESENTATION('',(#5383),#5387);
#5383 = CIRCLE('',#5384,0.9525);
#5384 = AXIS2_PLACEMENT_2D('',#5385,#5386);
#5385 = CARTESIAN_POINT('',(0.,0.));
#5386 = DIRECTION('',(1.,0.));
#5387 = ( GEOMETRIC_REPRESENTATION_CONTEXT(2) 
PARAMETRIC_REPRESENTATION_CONTEXT() REPRESENTATION_CONTEXT('2D SPACE',''
  ) );
#5388 = ORIENTED_EDGE('',*,*,#5342,.T.);
#5389 = ORIENTED_EDGE('',*,*,#3866,.F.);
#5390 = ADVANCED_FACE('',(#5391),#3985,.F.);
#5391 = FACE_BOUND('',#5392,.F.);
#5392 = EDGE_LOOP('',(#5393,#5394,#5415,#5441));
#5393 = ORIENTED_EDGE('',*,*,#3923,.F.);
#5394 = ORIENTED_EDGE('',*,*,#5395,.F.);
#5395 = EDGE_CURVE('',#5396,#3924,#5398,.T.);
#5396 = VERTEX_POINT('',#5397);
#5397 = CARTESIAN_POINT('',(-87.21373584297,21.59,-0.9525));
#5398 = SEAM_CURVE('',#5399,(#5403,#5409),.PCURVE_S1.);
#5399 = LINE('',#5400,#5401);
#5400 = CARTESIAN_POINT('',(-87.21373584297,21.59,-0.9525));
#5401 = VECTOR('',#5402,1.);
#5402 = DIRECTION('',(0.,-1.,-6.123233995737E-17));
#5403 = PCURVE('',#3985,#5404);
#5404 = DEFINITIONAL_REPRESENTATION('',(#5405),#5408);
#5405 = B_SPLINE_CURVE_WITH_KNOTS('',1,(#5406,#5407),.UNSPECIFIED.,.F.,
  .F.,(2,2),(0.,3.83553172438),.PIECEWISE_BEZIER_KNOTS.);
#5406 = CARTESIAN_POINT('',(6.28318530718,0.));
#5407 = CARTESIAN_POINT('',(6.28318530718,3.83553172438));
#5408 = ( GEOMETRIC_REPRESENTATION_CONTEXT(2) 
PARAMETRIC_REPRESENTATION_CONTEXT() REPRESENTATION_CONTEXT('2D SPACE',''
  ) );
#5409 = PCURVE('',#3985,#5410);
#5410 = DEFINITIONAL_REPRESENTATION('',(#5411),#5414);
#5411 = B_SPLINE_CURVE_WITH_KNOTS('',1,(#5412,#5413),.UNSPECIFIED.,.F.,
  .F.,(2,2),(0.,3.83553172438),.PIECEWISE_BEZIER_KNOTS.);
#5412 = CARTESIAN_POINT('',(0.,0.));
#5413 = CARTESIAN_POINT('',(0.,3.83553172438));
#5414 = ( GEOMETRIC_REPRESENTATION_CONTEXT(2) 
PARAMETRIC_REPRESENTATION_CONTEXT() REPRESENTATION_CONTEXT('2D SPACE',''
  ) );
#5415 = ORIENTED_EDGE('',*,*,#5416,.T.);
#5416 = EDGE_CURVE('',#5396,#5396,#5417,.T.);
#5417 = SURFACE_CURVE('',#5418,(#5423,#5429),.PCURVE_S1.);
#5418 = CIRCLE('',#5419,0.9525);
#5419 = AXIS2_PLACEMENT_3D('',#5420,#5421,#5422);
#5420 = CARTESIAN_POINT('',(-87.21373584297,21.59,1.32200621968E-15));
#5421 = DIRECTION('',(0.,-1.,-6.123233995737E-17));
#5422 = DIRECTION('',(0.,6.123233995737E-17,-1.));
#5423 = PCURVE('',#3985,#5424);
#5424 = DEFINITIONAL_REPRESENTATION('',(#5425),#5428);
#5425 = B_SPLINE_CURVE_WITH_KNOTS('',1,(#5426,#5427),.UNSPECIFIED.,.F.,
  .F.,(2,2),(0.,6.28318530718),.PIECEWISE_BEZIER_KNOTS.);
#5426 = CARTESIAN_POINT('',(0.,0.));
#5427 = CARTESIAN_POINT('',(6.28318530718,0.));
#5428 = ( GEOMETRIC_REPRESENTATION_CONTEXT(2) 
PARAMETRIC_REPRESENTATION_CONTEXT() REPRESENTATION_CONTEXT('2D SPACE',''
  ) );
#5429 = PCURVE('',#5430,#5435);
#5430 = PLANE('',#5431);
#5431 = AXIS2_PLACEMENT_3D('',#5432,#5433,#5434);
#5432 = CARTESIAN_POINT('',(-87.21373584297,21.59,1.32200621968E-15));
#5433 = DIRECTION('',(0.,-1.,-6.123233995737E-17));
#5434 = DIRECTION('',(0.,6.123233995737E-17,-1.));
#5435 = DEFINITIONAL_REPRESENTATION('',(#5436),#5440);
#5436 = CIRCLE('',#5437,0.9525);
#5437 = AXIS2_PLACEMENT_2D('',#5438,#5439);
#5438 = CARTESIAN_POINT('',(0.,0.));
#5439 = DIRECTION('',(1.,0.));
#5440 = ( GEOMETRIC_REPRESENTATION_CONTEXT(2) 
PARAMETRIC_REPRESENTATION_CONTEXT() REPRESENTATION_CONTEXT('2D SPACE',''
  ) );
#5441 = ORIENTED_EDGE('',*,*,#5395,.T.);
#5442 = ADVANCED_FACE('',(#5443),#4189,.T.);
#5443 = FACE_BOUND('',#5444,.T.);
#5444 = EDGE_LOOP('',(#5445));
#5445 = ORIENTED_EDGE('',*,*,#4175,.T.);
#5446 = ADVANCED_FACE('',(#5447,#5543),#4065,.F.);
#5447 = FACE_BOUND('',#5448,.F.);
#5448 = EDGE_LOOP('',(#5449,#5479,#5500,#5521,#5522));
#5449 = ORIENTED_EDGE('',*,*,#5450,.T.);
#5450 = EDGE_CURVE('',#5451,#5453,#5455,.T.);
#5451 = VERTEX_POINT('',#5452);
#5452 = CARTESIAN_POINT('',(-80.56386792148,5.352649759321E-07,25.87625)
  );
#5453 = VERTEX_POINT('',#5454);
#5454 = CARTESIAN_POINT('',(-82.08786792148,-1.866361721901E-16,25.87625
    ));
#5455 = SURFACE_CURVE('',#5456,(#5461,#5467),.PCURVE_S1.);
#5456 = CIRCLE('',#5457,0.762);
#5457 = AXIS2_PLACEMENT_3D('',#5458,#5459,#5460);
#5458 = CARTESIAN_POINT('',(-81.32586792148,0.,25.87625));
#5459 = DIRECTION('',(0.,0.,-1.));
#5460 = DIRECTION('',(-1.,0.,-0.));
#5461 = PCURVE('',#4065,#5462);
#5462 = DEFINITIONAL_REPRESENTATION('',(#5463),#5466);
#5463 = B_SPLINE_CURVE_WITH_KNOTS('',1,(#5464,#5465),.UNSPECIFIED.,.F.,
  .F.,(2,2),(3.141591951142,6.28318530718),.PIECEWISE_BEZIER_KNOTS.);
#5464 = CARTESIAN_POINT('',(3.141591951142,0.));
#5465 = CARTESIAN_POINT('',(6.28318530718,0.));
#5466 = ( GEOMETRIC_REPRESENTATION_CONTEXT(2) 
PARAMETRIC_REPRESENTATION_CONTEXT() REPRESENTATION_CONTEXT('2D SPACE',''
  ) );
#5467 = PCURVE('',#5468,#5473);
#5468 = PLANE('',#5469);
#5469 = AXIS2_PLACEMENT_3D('',#5470,#5471,#5472);
#5470 = CARTESIAN_POINT('',(-81.32586792148,0.,25.87625));
#5471 = DIRECTION('',(0.,0.,-1.));
#5472 = DIRECTION('',(-1.,0.,-0.));
#5473 = DEFINITIONAL_REPRESENTATION('',(#5474),#5478);
#5474 = CIRCLE('',#5475,0.762);
#5475 = AXIS2_PLACEMENT_2D('',#5476,#5477);
#5476 = CARTESIAN_POINT('',(0.,0.));
#5477 = DIRECTION('',(1.,0.));
#5478 = ( GEOMETRIC_REPRESENTATION_CONTEXT(2) 
PARAMETRIC_REPRESENTATION_CONTEXT() REPRESENTATION_CONTEXT('2D SPACE',''
  ) );
#5479 = ORIENTED_EDGE('',*,*,#5480,.T.);
#5480 = EDGE_CURVE('',#5453,#5481,#5483,.T.);
#5481 = VERTEX_POINT('',#5482);
#5482 = CARTESIAN_POINT('',(-82.08786792148,-1.866361721901E-16,21.59));
#5483 = SEAM_CURVE('',#5484,(#5488,#5494),.PCURVE_S1.);
#5484 = LINE('',#5485,#5486);
#5485 = CARTESIAN_POINT('',(-82.08786792148,-1.866361721901E-16,25.87625
    ));
#5486 = VECTOR('',#5487,1.);
#5487 = DIRECTION('',(0.,0.,-1.));
#5488 = PCURVE('',#4065,#5489);
#5489 = DEFINITIONAL_REPRESENTATION('',(#5490),#5493);
#5490 = B_SPLINE_CURVE_WITH_KNOTS('',1,(#5491,#5492),.UNSPECIFIED.,.F.,
  .F.,(2,2),(0.,4.28625),.PIECEWISE_BEZIER_KNOTS.);
#5491 = CARTESIAN_POINT('',(0.,0.));
#5492 = CARTESIAN_POINT('',(0.,4.28625));
#5493 = ( GEOMETRIC_REPRESENTATION_CONTEXT(2) 
PARAMETRIC_REPRESENTATION_CONTEXT() REPRESENTATION_CONTEXT('2D SPACE',''
  ) );
#5494 = PCURVE('',#4065,#5495);
#5495 = DEFINITIONAL_REPRESENTATION('',(#5496),#5499);
#5496 = B_SPLINE_CURVE_WITH_KNOTS('',1,(#5497,#5498),.UNSPECIFIED.,.F.,
  .F.,(2,2),(0.,4.28625),.PIECEWISE_BEZIER_KNOTS.);
#5497 = CARTESIAN_POINT('',(6.28318530718,0.));
#5498 = CARTESIAN_POINT('',(6.28318530718,4.28625));
#5499 = ( GEOMETRIC_REPRESENTATION_CONTEXT(2) 
PARAMETRIC_REPRESENTATION_CONTEXT() REPRESENTATION_CONTEXT('2D SPACE',''
  ) );
#5500 = ORIENTED_EDGE('',*,*,#5501,.F.);
#5501 = EDGE_CURVE('',#5481,#5481,#5502,.T.);
#5502 = SURFACE_CURVE('',#5503,(#5508,#5514),.PCURVE_S1.);
#5503 = CIRCLE('',#5504,0.762);
#5504 = AXIS2_PLACEMENT_3D('',#5505,#5506,#5507);
#5505 = CARTESIAN_POINT('',(-81.32586792148,0.,21.59));
#5506 = DIRECTION('',(0.,0.,-1.));
#5507 = DIRECTION('',(-1.,0.,-0.));
#5508 = PCURVE('',#4065,#5509);
#5509 = DEFINITIONAL_REPRESENTATION('',(#5510),#5513);
#5510 = B_SPLINE_CURVE_WITH_KNOTS('',1,(#5511,#5512),.UNSPECIFIED.,.F.,
  .F.,(2,2),(0.,6.28318530718),.PIECEWISE_BEZIER_KNOTS.);
#5511 = CARTESIAN_POINT('',(0.,4.28625));
#5512 = CARTESIAN_POINT('',(6.28318530718,4.28625));
#5513 = ( GEOMETRIC_REPRESENTATION_CONTEXT(2) 
PARAMETRIC_REPRESENTATION_CONTEXT() REPRESENTATION_CONTEXT('2D SPACE',''
  ) );
#5514 = PCURVE('',#5377,#5515);
#5515 = DEFINITIONAL_REPRESENTATION('',(#5516),#5520);
#5516 = CIRCLE('',#5517,0.762);
#5517 = AXIS2_PLACEMENT_2D('',#5518,#5519);
#5518 = CARTESIAN_POINT('',(0.,0.));
#5519 = DIRECTION('',(1.,0.));
#5520 = ( GEOMETRIC_REPRESENTATION_CONTEXT(2) 
PARAMETRIC_REPRESENTATION_CONTEXT() REPRESENTATION_CONTEXT('2D SPACE',''
  ) );
#5521 = ORIENTED_EDGE('',*,*,#5480,.F.);
#5522 = ORIENTED_EDGE('',*,*,#5523,.T.);
#5523 = EDGE_CURVE('',#5453,#5451,#5524,.T.);
#5524 = SURFACE_CURVE('',#5525,(#5530,#5536),.PCURVE_S1.);
#5525 = CIRCLE('',#5526,0.762);
#5526 = AXIS2_PLACEMENT_3D('',#5527,#5528,#5529);
#5527 = CARTESIAN_POINT('',(-81.32586792148,0.,25.87625));
#5528 = DIRECTION('',(0.,0.,-1.));
#5529 = DIRECTION('',(-1.,0.,-0.));
#5530 = PCURVE('',#4065,#5531);
#5531 = DEFINITIONAL_REPRESENTATION('',(#5532),#5535);
#5532 = B_SPLINE_CURVE_WITH_KNOTS('',1,(#5533,#5534),.UNSPECIFIED.,.F.,
  .F.,(2,2),(0.,3.141591951142),.PIECEWISE_BEZIER_KNOTS.);
#5533 = CARTESIAN_POINT('',(0.,0.));
#5534 = CARTESIAN_POINT('',(3.141591951142,0.));
#5535 = ( GEOMETRIC_REPRESENTATION_CONTEXT(2) 
PARAMETRIC_REPRESENTATION_CONTEXT() REPRESENTATION_CONTEXT('2D SPACE',''
  ) );
#5536 = PCURVE('',#5468,#5537);
#5537 = DEFINITIONAL_REPRESENTATION('',(#5538),#5542);
#5538 = CIRCLE('',#5539,0.762);
#5539 = AXIS2_PLACEMENT_2D('',#5540,#5541);
#5540 = CARTESIAN_POINT('',(0.,0.));
#5541 = DIRECTION('',(1.,0.));
#5542 = ( GEOMETRIC_REPRESENTATION_CONTEXT(2) 
PARAMETRIC_REPRESENTATION_CONTEXT() REPRESENTATION_CONTEXT('2D SPACE',''
  ) );
#5543 = FACE_BOUND('',#5544,.F.);
#5544 = EDGE_LOOP('',(#5545,#5546,#5547,#5548));
#5545 = ORIENTED_EDGE('',*,*,#4112,.T.);
#5546 = ORIENTED_EDGE('',*,*,#4080,.T.);
#5547 = ORIENTED_EDGE('',*,*,#4045,.T.);
#5548 = ORIENTED_EDGE('',*,*,#4144,.T.);
#5549 = ADVANCED_FACE('',(#5550,#5688,#5693,#5698,#5703,#5708),#4355,.F.
  );
#5550 = FACE_BOUND('',#5551,.F.);
#5551 = EDGE_LOOP('',(#5552,#5576,#5596,#5597,#5619,#5641,#5663,#5683,
    #5684,#5685,#5686,#5687));
#5552 = ORIENTED_EDGE('',*,*,#5553,.T.);
#5553 = EDGE_CURVE('',#5554,#5556,#5558,.T.);
#5554 = VERTEX_POINT('',#5555);
#5555 = CARTESIAN_POINT('',(-87.21373584297,12.938124834587,
    22.409489950178));
#5556 = VERTEX_POINT('',#5557);
#5557 = CARTESIAN_POINT('',(-87.21373584297,6.337853347287E-15,25.87625)
  );
#5558 = SEAM_CURVE('',#5559,(#5564,#5570),.PCURVE_S1.);
#5559 = CIRCLE('',#5560,25.87625);
#5560 = AXIS2_PLACEMENT_3D('',#5561,#5562,#5563);
#5561 = CARTESIAN_POINT('',(-87.21373584297,0.,0.));
#5562 = DIRECTION('',(1.,0.,0.));
#5563 = DIRECTION('',(-0.,0.,1.));
#5564 = PCURVE('',#4355,#5565);
#5565 = DEFINITIONAL_REPRESENTATION('',(#5566),#5569);
#5566 = B_SPLINE_CURVE_WITH_KNOTS('',1,(#5567,#5568),.UNSPECIFIED.,.F.,
  .F.,(2,2),(5.759586538963,6.28318530718),.PIECEWISE_BEZIER_KNOTS.);
#5567 = CARTESIAN_POINT('',(5.759586538963,0.));
#5568 = CARTESIAN_POINT('',(6.28318530718,0.));
#5569 = ( GEOMETRIC_REPRESENTATION_CONTEXT(2) 
PARAMETRIC_REPRESENTATION_CONTEXT() REPRESENTATION_CONTEXT('2D SPACE',''
  ) );
#5570 = PCURVE('',#4355,#5571);
#5571 = DEFINITIONAL_REPRESENTATION('',(#5572),#5575);
#5572 = B_SPLINE_CURVE_WITH_KNOTS('',1,(#5573,#5574),.UNSPECIFIED.,.F.,
  .F.,(2,2),(5.759586538963,6.28318530718),.PIECEWISE_BEZIER_KNOTS.);
#5573 = CARTESIAN_POINT('',(5.759586538963,6.28318530718));
#5574 = CARTESIAN_POINT('',(6.28318530718,6.28318530718));
#5575 = ( GEOMETRIC_REPRESENTATION_CONTEXT(2) 
PARAMETRIC_REPRESENTATION_CONTEXT() REPRESENTATION_CONTEXT('2D SPACE',''
  ) );
#5576 = ORIENTED_EDGE('',*,*,#5577,.T.);
#5577 = EDGE_CURVE('',#5556,#5556,#5578,.T.);
#5578 = SEAM_CURVE('',#5579,(#5584,#5590),.PCURVE_S1.);
#5579 = CIRCLE('',#5580,0.762);
#5580 = AXIS2_PLACEMENT_3D('',#5581,#5582,#5583);
#5581 = CARTESIAN_POINT('',(-87.21373584297,6.151217175097E-15,25.11425)
  );
#5582 = DIRECTION('',(0.,1.,-2.449293598295E-16));
#5583 = DIRECTION('',(0.,2.449293598295E-16,1.));
#5584 = PCURVE('',#4355,#5585);
#5585 = DEFINITIONAL_REPRESENTATION('',(#5586),#5589);
#5586 = B_SPLINE_CURVE_WITH_KNOTS('',1,(#5587,#5588),.UNSPECIFIED.,.F.,
  .F.,(2,2),(0.,6.28318530718),.PIECEWISE_BEZIER_KNOTS.);
#5587 = CARTESIAN_POINT('',(0.,0.));
#5588 = CARTESIAN_POINT('',(0.,6.28318530718));
#5589 = ( GEOMETRIC_REPRESENTATION_CONTEXT(2) 
PARAMETRIC_REPRESENTATION_CONTEXT() REPRESENTATION_CONTEXT('2D SPACE',''
  ) );
#5590 = PCURVE('',#4355,#5591);
#5591 = DEFINITIONAL_REPRESENTATION('',(#5592),#5595);
#5592 = B_SPLINE_CURVE_WITH_KNOTS('',1,(#5593,#5594),.UNSPECIFIED.,.F.,
  .F.,(2,2),(0.,6.28318530718),.PIECEWISE_BEZIER_KNOTS.);
#5593 = CARTESIAN_POINT('',(6.28318530718,0.));
#5594 = CARTESIAN_POINT('',(6.28318530718,6.28318530718));
#5595 = ( GEOMETRIC_REPRESENTATION_CONTEXT(2) 
PARAMETRIC_REPRESENTATION_CONTEXT() REPRESENTATION_CONTEXT('2D SPACE',''
  ) );
#5596 = ORIENTED_EDGE('',*,*,#5553,.F.);
#5597 = ORIENTED_EDGE('',*,*,#5598,.F.);
#5598 = EDGE_CURVE('',#5599,#5554,#5601,.T.);
#5599 = VERTEX_POINT('',#5600);
#5600 = CARTESIAN_POINT('',(-87.21373584297,12.938124832802,
    -22.4094899512));
#5601 = SEAM_CURVE('',#5602,(#5607,#5613),.PCURVE_S1.);
#5602 = CIRCLE('',#5603,25.87625);
#5603 = AXIS2_PLACEMENT_3D('',#5604,#5605,#5606);
#5604 = CARTESIAN_POINT('',(-87.21373584297,0.,0.));
#5605 = DIRECTION('',(1.,0.,0.));
#5606 = DIRECTION('',(-0.,0.,1.));
#5607 = PCURVE('',#4355,#5608);
#5608 = DEFINITIONAL_REPRESENTATION('',(#5609),#5612);
#5609 = B_SPLINE_CURVE_WITH_KNOTS('',1,(#5610,#5611),.UNSPECIFIED.,.F.,
  .F.,(2,2),(3.665191421727,5.759586538963),.PIECEWISE_BEZIER_KNOTS.);
#5610 = CARTESIAN_POINT('',(3.665191421727,0.));
#5611 = CARTESIAN_POINT('',(5.759586538963,0.));
#5612 = ( GEOMETRIC_REPRESENTATION_CONTEXT(2) 
PARAMETRIC_REPRESENTATION_CONTEXT() REPRESENTATION_CONTEXT('2D SPACE',''
  ) );
#5613 = PCURVE('',#4355,#5614);
#5614 = DEFINITIONAL_REPRESENTATION('',(#5615),#5618);
#5615 = B_SPLINE_CURVE_WITH_KNOTS('',1,(#5616,#5617),.UNSPECIFIED.,.F.,
  .F.,(2,2),(3.665191421727,5.759586538963),.PIECEWISE_BEZIER_KNOTS.);
#5616 = CARTESIAN_POINT('',(3.665191421727,6.28318530718));
#5617 = CARTESIAN_POINT('',(5.759586538963,6.28318530718));
#5618 = ( GEOMETRIC_REPRESENTATION_CONTEXT(2) 
PARAMETRIC_REPRESENTATION_CONTEXT() REPRESENTATION_CONTEXT('2D SPACE',''
  ) );
#5619 = ORIENTED_EDGE('',*,*,#5620,.F.);
#5620 = EDGE_CURVE('',#5621,#5599,#5623,.T.);
#5621 = VERTEX_POINT('',#5622);
#5622 = CARTESIAN_POINT('',(-87.21373584297,-12.93812481299,
    -22.40948996264));
#5623 = SEAM_CURVE('',#5624,(#5629,#5635),.PCURVE_S1.);
#5624 = CIRCLE('',#5625,25.87625);
#5625 = AXIS2_PLACEMENT_3D('',#5626,#5627,#5628);
#5626 = CARTESIAN_POINT('',(-87.21373584297,0.,0.));
#5627 = DIRECTION('',(1.,0.,0.));
#5628 = DIRECTION('',(-0.,0.,1.));
#5629 = PCURVE('',#4355,#5630);
#5630 = DEFINITIONAL_REPRESENTATION('',(#5631),#5634);
#5631 = B_SPLINE_CURVE_WITH_KNOTS('',1,(#5632,#5633),.UNSPECIFIED.,.F.,
  .F.,(2,2),(2.617993886336,3.665191421727),.PIECEWISE_BEZIER_KNOTS.);
#5632 = CARTESIAN_POINT('',(2.617993886336,0.));
#5633 = CARTESIAN_POINT('',(3.665191421727,0.));
#5634 = ( GEOMETRIC_REPRESENTATION_CONTEXT(2) 
PARAMETRIC_REPRESENTATION_CONTEXT() REPRESENTATION_CONTEXT('2D SPACE',''
  ) );
#5635 = PCURVE('',#4355,#5636);
#5636 = DEFINITIONAL_REPRESENTATION('',(#5637),#5640);
#5637 = B_SPLINE_CURVE_WITH_KNOTS('',1,(#5638,#5639),.UNSPECIFIED.,.F.,
  .F.,(2,2),(2.617993886336,3.665191421727),.PIECEWISE_BEZIER_KNOTS.);
#5638 = CARTESIAN_POINT('',(2.617993886336,6.28318530718));
#5639 = CARTESIAN_POINT('',(3.665191421727,6.28318530718));
#5640 = ( GEOMETRIC_REPRESENTATION_CONTEXT(2) 
PARAMETRIC_REPRESENTATION_CONTEXT() REPRESENTATION_CONTEXT('2D SPACE',''
  ) );
#5641 = ORIENTED_EDGE('',*,*,#5642,.F.);
#5642 = EDGE_CURVE('',#5643,#5621,#5645,.T.);
#5643 = VERTEX_POINT('',#5644);
#5644 = CARTESIAN_POINT('',(-87.21373584297,-12.93812484504,
    22.409489944142));
#5645 = SEAM_CURVE('',#5646,(#5651,#5657),.PCURVE_S1.);
#5646 = CIRCLE('',#5647,25.87625);
#5647 = AXIS2_PLACEMENT_3D('',#5648,#5649,#5650);
#5648 = CARTESIAN_POINT('',(-87.21373584297,0.,0.));
#5649 = DIRECTION('',(1.,0.,0.));
#5650 = DIRECTION('',(-0.,0.,1.));
#5651 = PCURVE('',#4355,#5652);
#5652 = DEFINITIONAL_REPRESENTATION('',(#5653),#5656);
#5653 = B_SPLINE_CURVE_WITH_KNOTS('',1,(#5654,#5655),.UNSPECIFIED.,.F.,
  .F.,(2,2),(0.523598768683,2.617993886336),.PIECEWISE_BEZIER_KNOTS.);
#5654 = CARTESIAN_POINT('',(0.523598768683,0.));
#5655 = CARTESIAN_POINT('',(2.617993886336,0.));
#5656 = ( GEOMETRIC_REPRESENTATION_CONTEXT(2) 
PARAMETRIC_REPRESENTATION_CONTEXT() REPRESENTATION_CONTEXT('2D SPACE',''
  ) );
#5657 = PCURVE('',#4355,#5658);
#5658 = DEFINITIONAL_REPRESENTATION('',(#5659),#5662);
#5659 = B_SPLINE_CURVE_WITH_KNOTS('',1,(#5660,#5661),.UNSPECIFIED.,.F.,
  .F.,(2,2),(0.523598768683,2.617993886336),.PIECEWISE_BEZIER_KNOTS.);
#5660 = CARTESIAN_POINT('',(0.523598768683,6.28318530718));
#5661 = CARTESIAN_POINT('',(2.617993886336,6.28318530718));
#5662 = ( GEOMETRIC_REPRESENTATION_CONTEXT(2) 
PARAMETRIC_REPRESENTATION_CONTEXT() REPRESENTATION_CONTEXT('2D SPACE',''
  ) );
#5663 = ORIENTED_EDGE('',*,*,#5664,.F.);
#5664 = EDGE_CURVE('',#5556,#5643,#5665,.T.);
#5665 = SEAM_CURVE('',#5666,(#5671,#5677),.PCURVE_S1.);
#5666 = CIRCLE('',#5667,25.87625);
#5667 = AXIS2_PLACEMENT_3D('',#5668,#5669,#5670);
#5668 = CARTESIAN_POINT('',(-87.21373584297,0.,0.));
#5669 = DIRECTION('',(1.,0.,0.));
#5670 = DIRECTION('',(-0.,0.,1.));
#5671 = PCURVE('',#4355,#5672);
#5672 = DEFINITIONAL_REPRESENTATION('',(#5673),#5676);
#5673 = B_SPLINE_CURVE_WITH_KNOTS('',1,(#5674,#5675),.UNSPECIFIED.,.F.,
  .F.,(2,2),(0.,0.523598768683),.PIECEWISE_BEZIER_KNOTS.);
#5674 = CARTESIAN_POINT('',(0.,0.));
#5675 = CARTESIAN_POINT('',(0.523598768683,0.));
#5676 = ( GEOMETRIC_REPRESENTATION_CONTEXT(2) 
PARAMETRIC_REPRESENTATION_CONTEXT() REPRESENTATION_CONTEXT('2D SPACE',''
  ) );
#5677 = PCURVE('',#4355,#5678);
#5678 = DEFINITIONAL_REPRESENTATION('',(#5679),#5682);
#5679 = B_SPLINE_CURVE_WITH_KNOTS('',1,(#5680,#5681),.UNSPECIFIED.,.F.,
  .F.,(2,2),(0.,0.523598768683),.PIECEWISE_BEZIER_KNOTS.);
#5680 = CARTESIAN_POINT('',(0.,6.28318530718));
#5681 = CARTESIAN_POINT('',(0.523598768683,6.28318530718));
#5682 = ( GEOMETRIC_REPRESENTATION_CONTEXT(2) 
PARAMETRIC_REPRESENTATION_CONTEXT() REPRESENTATION_CONTEXT('2D SPACE',''
  ) );
#5683 = ORIENTED_EDGE('',*,*,#5577,.F.);
#5684 = ORIENTED_EDGE('',*,*,#5664,.T.);
#5685 = ORIENTED_EDGE('',*,*,#5642,.T.);
#5686 = ORIENTED_EDGE('',*,*,#5620,.T.);
#5687 = ORIENTED_EDGE('',*,*,#5598,.T.);
#5688 = FACE_BOUND('',#5689,.F.);
#5689 = EDGE_LOOP('',(#5690,#5691,#5692));
#5690 = ORIENTED_EDGE('',*,*,#4964,.F.);
#5691 = ORIENTED_EDGE('',*,*,#4899,.F.);
#5692 = ORIENTED_EDGE('',*,*,#4849,.F.);
#5693 = FACE_BOUND('',#5694,.F.);
#5694 = EDGE_LOOP('',(#5695,#5696,#5697));
#5695 = ORIENTED_EDGE('',*,*,#4464,.F.);
#5696 = ORIENTED_EDGE('',*,*,#4396,.F.);
#5697 = ORIENTED_EDGE('',*,*,#4281,.F.);
#5698 = FACE_BOUND('',#5699,.F.);
#5699 = EDGE_LOOP('',(#5700,#5701,#5702));
#5700 = ORIENTED_EDGE('',*,*,#4750,.F.);
#5701 = ORIENTED_EDGE('',*,*,#4610,.F.);
#5702 = ORIENTED_EDGE('',*,*,#4578,.F.);
#5703 = FACE_BOUND('',#5704,.F.);
#5704 = EDGE_LOOP('',(#5705,#5706,#5707));
#5705 = ORIENTED_EDGE('',*,*,#5261,.F.);
#5706 = ORIENTED_EDGE('',*,*,#5157,.F.);
#5707 = ORIENTED_EDGE('',*,*,#5092,.F.);
#5708 = FACE_BOUND('',#5709,.F.);
#5709 = EDGE_LOOP('',(#5710,#5773,#5883));
#5710 = ORIENTED_EDGE('',*,*,#5711,.F.);
#5711 = EDGE_CURVE('',#5712,#5714,#5716,.T.);
#5712 = VERTEX_POINT('',#5713);
#5713 = CARTESIAN_POINT('',(-87.97573584297,25.11425,-5.678725843876E-11
    ));
#5714 = VERTEX_POINT('',#5715);
#5715 = CARTESIAN_POINT('',(-87.21373584297,24.340325307245,-0.762));
#5716 = SURFACE_CURVE('',#5717,(#5732,#5750),.PCURVE_S1.);
#5717 = B_SPLINE_CURVE_WITH_KNOTS('',5,(#5718,#5719,#5720,#5721,#5722,
    #5723,#5724,#5725,#5726,#5727,#5728,#5729,#5730,#5731),
  .UNSPECIFIED.,.F.,.F.,(6,4,4,6),(0.,2.061838567875E-02,0.509564587793,
    1.),.UNSPECIFIED.);
#5718 = CARTESIAN_POINT('',(-87.97573584297,25.114248929839,
    1.070235805447E-06));
#5719 = CARTESIAN_POINT('',(-87.97573584298,25.11425328855,
    -3.288173115869E-06));
#5720 = CARTESIAN_POINT('',(-87.97574906764,25.105755013537,
    -8.48799111945E-03));
#5721 = CARTESIAN_POINT('',(-87.97561903595,25.102290756846,
    -1.195907240836E-02));
#5722 = CARTESIAN_POINT('',(-87.97565542381,25.102114369659,
    -1.213318969721E-02));
#5723 = CARTESIAN_POINT('',(-87.97290151806,24.979329524382,
    -0.13483441336));
#5724 = CARTESIAN_POINT('',(-87.94751872335,24.861333844107,
    -0.25206101179));
#5725 = CARTESIAN_POINT('',(-87.89949764451,24.749004064983,
    -0.362918553165));
#5726 = CARTESIAN_POINT('',(-87.83132398631,24.648436734578,
    -0.461634921086));
#5727 = CARTESIAN_POINT('',(-87.66283023693,24.479537928225,
    -0.62683395462));
#5728 = CARTESIAN_POINT('',(-87.56241049841,24.411299101746,
    -0.693220402415));
#5729 = CARTESIAN_POINT('',(-87.45014883088,24.363967753498,
    -0.739084198021));
#5730 = CARTESIAN_POINT('',(-87.33194101733,24.340325307245,-0.762));
#5731 = CARTESIAN_POINT('',(-87.21373584297,24.340325307245,-0.762));
#5732 = PCURVE('',#4355,#5733);
#5733 = DEFINITIONAL_REPRESENTATION('',(#5734),#5749);
#5734 = B_SPLINE_CURVE_WITH_KNOTS('',5,(#5735,#5736,#5737,#5738,#5739,
    #5740,#5741,#5742,#5743,#5744,#5745,#5746,#5747,#5748),
  .UNSPECIFIED.,.F.,.F.,(6,4,4,6),(0.,2.061838567875E-02,0.509564587793,
    1.),.UNSPECIFIED.);
#5735 = CARTESIAN_POINT('',(4.712389022999,4.712387575973));
#5736 = CARTESIAN_POINT('',(4.712388849456,4.712393296068));
#5737 = CARTESIAN_POINT('',(4.712051037298,4.70124054397));
#5738 = CARTESIAN_POINT('',(4.71191251127,4.696698143283));
#5739 = CARTESIAN_POINT('',(4.711905666283,4.696465916808));
#5740 = CARTESIAN_POINT('',(4.707013284657,4.535400137081));
#5741 = CARTESIAN_POINT('',(4.702284290394,4.380852714429));
#5742 = CARTESIAN_POINT('',(4.697752645563,4.22629459942));
#5743 = CARTESIAN_POINT('',(4.693673893369,4.071716801898));
#5744 = CARTESIAN_POINT('',(4.68679974457,3.76204760166));
#5745 = CARTESIAN_POINT('',(4.684007951042,3.606955652076));
#5746 = CARTESIAN_POINT('',(4.682063789861,3.451843355059));
#5747 = CARTESIAN_POINT('',(4.681093172732,3.296717554321));
#5748 = CARTESIAN_POINT('',(4.681093172732,3.14159265359));
#5749 = ( GEOMETRIC_REPRESENTATION_CONTEXT(2) 
PARAMETRIC_REPRESENTATION_CONTEXT() REPRESENTATION_CONTEXT('2D SPACE',''
  ) );
#5750 = PCURVE('',#5751,#5756);
#5751 = CYLINDRICAL_SURFACE('',#5752,0.762);
#5752 = AXIS2_PLACEMENT_3D('',#5753,#5754,#5755);
#5753 = CARTESIAN_POINT('',(-87.21373584297,25.11425,1.537804293774E-15)
  );
#5754 = DIRECTION('',(0.,-1.,-6.123233995737E-17));
#5755 = DIRECTION('',(0.,6.123233995737E-17,-1.));
#5756 = DEFINITIONAL_REPRESENTATION('',(#5757),#5772);
#5757 = B_SPLINE_CURVE_WITH_KNOTS('',5,(#5758,#5759,#5760,#5761,#5762,
    #5763,#5764,#5765,#5766,#5767,#5768,#5769,#5770,#5771),
  .UNSPECIFIED.,.F.,.F.,(6,4,4,6),(0.,2.061838567875E-02,0.509564587793,
    1.),.UNSPECIFIED.);
#5758 = CARTESIAN_POINT('',(4.712387575876,1.070161465755E-06));
#5759 = CARTESIAN_POINT('',(4.712393295573,-3.288550483954E-06));
#5760 = CARTESIAN_POINT('',(4.723527709205,8.494986462571E-03));
#5761 = CARTESIAN_POINT('',(4.728084246552,1.195924315401E-02));
#5762 = CARTESIAN_POINT('',(4.728312043975,1.213563034132E-02));
#5763 = CARTESIAN_POINT('',(4.889377823629,0.134920475618));
#5764 = CARTESIAN_POINT('',(5.043925246442,0.252916155893));
#5765 = CARTESIAN_POINT('',(5.198483361295,0.365245935017));
#5766 = CARTESIAN_POINT('',(5.353061158871,0.465813265421));
#5767 = CARTESIAN_POINT('',(5.66273035911,0.634712071775));
#5768 = CARTESIAN_POINT('',(5.817822308693,0.702950898254));
#5769 = CARTESIAN_POINT('',(5.97293460571,0.750282246502));
#5770 = CARTESIAN_POINT('',(6.128060406449,0.773924692755));
#5771 = CARTESIAN_POINT('',(6.28318530718,0.773924692755));
#5772 = ( GEOMETRIC_REPRESENTATION_CONTEXT(2) 
PARAMETRIC_REPRESENTATION_CONTEXT() REPRESENTATION_CONTEXT('2D SPACE',''
  ) );
#5773 = ORIENTED_EDGE('',*,*,#5774,.F.);
#5774 = EDGE_CURVE('',#5775,#5712,#5777,.T.);
#5775 = VERTEX_POINT('',#5776);
#5776 = CARTESIAN_POINT('',(-86.45173584297,25.11425,2.323827661932E-08)
  );
#5777 = SURFACE_CURVE('',#5778,(#5811,#5847),.PCURVE_S1.);
#5778 = B_SPLINE_CURVE_WITH_KNOTS('',6,(#5779,#5780,#5781,#5782,#5783,
    #5784,#5785,#5786,#5787,#5788,#5789,#5790,#5791,#5792,#5793,#5794,
    #5795,#5796,#5797,#5798,#5799,#5800,#5801,#5802,#5803,#5804,#5805,
    #5806,#5807,#5808,#5809,#5810),.UNSPECIFIED.,.F.,.F.,(7,5,5,5,5,5,7)
  ,(0.,0.117648598965,0.499613786318,0.939797626451,0.969807543483,
    0.983812250202,1.),.UNSPECIFIED.);
#5779 = CARTESIAN_POINT('',(-86.45173584301,25.114242990354,
    7.009716233981E-06));
#5780 = CARTESIAN_POINT('',(-86.45173627466,25.067318732894,
    4.693077699676E-02));
#5781 = CARTESIAN_POINT('',(-86.45520420592,25.020290476373,
    9.385529041646E-02));
#5782 = CARTESIAN_POINT('',(-86.46213957948,24.973474507329,
    0.140458043265));
#5783 = CARTESIAN_POINT('',(-86.47250310881,24.927197829187,
    0.186422434346));
#5784 = CARTESIAN_POINT('',(-86.48621628352,24.881779546401,
    0.231433499416));
#5785 = CARTESIAN_POINT('',(-86.55818718175,24.693874554475,
    0.417268084235));
#5786 = CARTESIAN_POINT('',(-86.64730261926,24.562558743965,
    0.546154705313));
#5787 = CARTESIAN_POINT('',(-86.76658551925,24.454196824256,
    0.651649572224));
#5788 = CARTESIAN_POINT('',(-86.90795859065,24.378464499287,
    0.725032578934));
#5789 = CARTESIAN_POINT('',(-87.06036397767,24.340516135884,
    0.761815051962));
#5790 = CARTESIAN_POINT('',(-87.38850068032,24.340106630591,
    0.762211937884));
#5791 = CARTESIAN_POINT('',(-87.56424234963,24.390024274048,
    0.713822947451));
#5792 = CARTESIAN_POINT('',(-87.72324062578,24.490214618875,
    0.616768336458));
#5793 = CARTESIAN_POINT('',(-87.8484882069,24.631495970441,
    0.478976547807));
#5794 = CARTESIAN_POINT('',(-87.9291593087,24.797193142082,
    0.315654338829));
#5795 = CARTESIAN_POINT('',(-87.96440624799,24.982448904743,
    0.131458028591));
#5796 = CARTESIAN_POINT('',(-87.96643425891,24.994308662096,
    0.119659415568));
#5797 = CARTESIAN_POINT('',(-87.96823966446,25.006198980013,
    0.107823660532));
#5798 = CARTESIAN_POINT('',(-87.96982163371,25.018114528851,
    9.595600644422E-02));
#5799 = CARTESIAN_POINT('',(-87.97117950017,25.030049975667,
    8.40617195597E-02));
#5800 = CARTESIAN_POINT('',(-87.97284162021,25.047576686247,
    6.658543075754E-02));
#5801 = CARTESIAN_POINT('',(-87.97332156452,25.053156563676,
    6.10201198269E-02));
#5802 = CARTESIAN_POINT('',(-87.97375254359,25.058739073832,
    5.545069457994E-02));
#5803 = CARTESIAN_POINT('',(-87.97413451413,25.064323674424,
    4.987769353608E-02));
#5804 = CARTESIAN_POINT('',(-87.97446744079,25.06990982355,
    4.430165579085E-02));
#5805 = CARTESIAN_POINT('',(-87.97507939856,25.081955057503,
    3.227500846454E-02));
#5806 = CARTESIAN_POINT('',(-87.97534193886,25.088414591919,
    2.582367291637E-02));
#5807 = CARTESIAN_POINT('',(-87.97553887468,25.09487451223,
    1.936971114387E-02));
#5808 = CARTESIAN_POINT('',(-87.97567017776,25.101333950952,
    1.291392218823E-02));
#5809 = CARTESIAN_POINT('',(-87.97573583391,25.10779224383,
    6.457307359344E-03));
#5810 = CARTESIAN_POINT('',(-87.97573584297,25.114248929839,
    1.070235805407E-06));
#5811 = PCURVE('',#4355,#5812);
#5812 = DEFINITIONAL_REPRESENTATION('',(#5813),#5846);
#5813 = B_SPLINE_CURVE_WITH_KNOTS('',6,(#5814,#5815,#5816,#5817,#5818,
    #5819,#5820,#5821,#5822,#5823,#5824,#5825,#5826,#5827,#5828,#5829,
    #5830,#5831,#5832,#5833,#5834,#5835,#5836,#5837,#5838,#5839,#5840,
    #5841,#5842,#5843,#5844,#5845),.UNSPECIFIED.,.F.,.F.,(7,5,5,5,5,5,7)
  ,(0.,0.117648598965,0.499613786318,0.939797626451,0.969807543483,
    0.983812250202,1.),.UNSPECIFIED.);
#5814 = CARTESIAN_POINT('',(4.712389259498,1.570805525804));
#5815 = CARTESIAN_POINT('',(4.714257672589,1.632385898987));
#5816 = CARTESIAN_POINT('',(4.716134493794,1.693964727774));
#5817 = CARTESIAN_POINT('',(4.718006963562,1.75554610418));
#5818 = CARTESIAN_POINT('',(4.719862178345,1.817126325199));
#5819 = CARTESIAN_POINT('',(4.721686901722,1.878709022977));
#5820 = CARTESIAN_POINT('',(4.72925180231,2.140237209113));
#5821 = CARTESIAN_POINT('',(4.7345780048,2.340204049499));
#5822 = CARTESIAN_POINT('',(4.739008294129,2.540206625738));
#5823 = CARTESIAN_POINT('',(4.742118837636,2.740248194503));
#5824 = CARTESIAN_POINT('',(4.743676995793,2.940317093172));
#5825 = CARTESIAN_POINT('',(4.743693811705,3.370943002181));
#5826 = CARTESIAN_POINT('',(4.741644405772,3.601507064536));
#5827 = CARTESIAN_POINT('',(4.73752812993,3.832027828886));
#5828 = CARTESIAN_POINT('',(4.731762266485,4.062492499901));
#5829 = CARTESIAN_POINT('',(4.725069550018,4.292914061407));
#5830 = CARTESIAN_POINT('',(4.717650724274,4.539027363144));
#5831 = CARTESIAN_POINT('',(4.717176051234,4.554735380706));
#5832 = CARTESIAN_POINT('',(4.716700424721,4.570443348064));
#5833 = CARTESIAN_POINT('',(4.716224060229,4.586151274589));
#5834 = CARTESIAN_POINT('',(4.715747172575,4.601859169734));
#5835 = CARTESIAN_POINT('',(4.715047282876,4.624897425142));
#5836 = CARTESIAN_POINT('',(4.714824522381,4.632227807435));
#5837 = CARTESIAN_POINT('',(4.714601716202,4.639558189916));
#5838 = CARTESIAN_POINT('',(4.71437888606,4.646888572586));
#5839 = CARTESIAN_POINT('',(4.714156053626,4.654218955445));
#5840 = CARTESIAN_POINT('',(4.713675695466,4.670022376094));
#5841 = CARTESIAN_POINT('',(4.71341818074,4.678495559692));
#5842 = CARTESIAN_POINT('',(4.713160720297,4.68696858169));
#5843 = CARTESIAN_POINT('',(4.712903346011,4.695441399413));
#5844 = CARTESIAN_POINT('',(4.712646097675,4.703914235116));
#5845 = CARTESIAN_POINT('',(4.712389022999,4.712387575973));
#5846 = ( GEOMETRIC_REPRESENTATION_CONTEXT(2) 
PARAMETRIC_REPRESENTATION_CONTEXT() REPRESENTATION_CONTEXT('2D SPACE',''
  ) );
#5847 = PCURVE('',#5751,#5848);
#5848 = DEFINITIONAL_REPRESENTATION('',(#5849),#5882);
#5849 = B_SPLINE_CURVE_WITH_KNOTS('',6,(#5850,#5851,#5852,#5853,#5854,
    #5855,#5856,#5857,#5858,#5859,#5860,#5861,#5862,#5863,#5864,#5865,
    #5866,#5867,#5868,#5869,#5870,#5871,#5872,#5873,#5874,#5875,#5876,
    #5877,#5878,#5879,#5880,#5881),.UNSPECIFIED.,.F.,.F.,(7,5,5,5,5,5,7)
  ,(0.,0.117648598965,0.499613786318,0.939797626451,0.969807543483,
    0.983812250202,1.),.UNSPECIFIED.);
#5850 = CARTESIAN_POINT('',(1.570805525898,7.009645942913E-06));
#5851 = CARTESIAN_POINT('',(1.632385272987,4.69312671065E-02));
#5852 = CARTESIAN_POINT('',(1.693966042206,9.395952362681E-02));
#5853 = CARTESIAN_POINT('',(1.755544921291,0.140775492671));
#5854 = CARTESIAN_POINT('',(1.817126763299,0.187052170813));
#5855 = CARTESIAN_POINT('',(1.878709022977,0.232470453599));
#5856 = CARTESIAN_POINT('',(2.140237209113,0.420375445525));
#5857 = CARTESIAN_POINT('',(2.340204049499,0.551691256035));
#5858 = CARTESIAN_POINT('',(2.540206625738,0.660053175744));
#5859 = CARTESIAN_POINT('',(2.740248194503,0.735785500713));
#5860 = CARTESIAN_POINT('',(2.940317093172,0.773733864116));
#5861 = CARTESIAN_POINT('',(3.370943002181,0.774143369409));
#5862 = CARTESIAN_POINT('',(3.60150706455,0.724225725952));
#5863 = CARTESIAN_POINT('',(3.832027828854,0.624035381125));
#5864 = CARTESIAN_POINT('',(4.062492499926,0.482754029559));
#5865 = CARTESIAN_POINT('',(4.29291406141,0.317056857918));
#5866 = CARTESIAN_POINT('',(4.539027363125,0.131801095257));
#5867 = CARTESIAN_POINT('',(4.554735380691,0.119941337904));
#5868 = CARTESIAN_POINT('',(4.570443348055,0.108051019987));
#5869 = CARTESIAN_POINT('',(4.586151274584,9.613547114884E-02));
#5870 = CARTESIAN_POINT('',(4.601859169731,8.42000243328E-02));
#5871 = CARTESIAN_POINT('',(4.624897425138,6.667331375295E-02));
#5872 = CARTESIAN_POINT('',(4.632227807433,6.109343632413E-02));
#5873 = CARTESIAN_POINT('',(4.639558189916,5.551092616846E-02));
#5874 = CARTESIAN_POINT('',(4.646888572587,4.992632557596E-02));
#5875 = CARTESIAN_POINT('',(4.654218955445,4.434017645007E-02));
#5876 = CARTESIAN_POINT('',(4.670022376094,3.229494249679E-02));
#5877 = CARTESIAN_POINT('',(4.678495265266,2.583540808072E-02));
#5878 = CARTESIAN_POINT('',(4.686968316649,1.93754877703E-02));
#5879 = CARTESIAN_POINT('',(4.69544157591,1.291604904834E-02));
#5880 = CARTESIAN_POINT('',(4.703914823745,6.457756169752E-03));
#5881 = CARTESIAN_POINT('',(4.712387575876,1.070161465755E-06));
#5882 = ( GEOMETRIC_REPRESENTATION_CONTEXT(2) 
PARAMETRIC_REPRESENTATION_CONTEXT() REPRESENTATION_CONTEXT('2D SPACE',''
  ) );
#5883 = ORIENTED_EDGE('',*,*,#5884,.F.);
#5884 = EDGE_CURVE('',#5714,#5775,#5885,.T.);
#5885 = SURFACE_CURVE('',#5886,(#5914,#5945),.PCURVE_S1.);
#5886 = B_SPLINE_CURVE_WITH_KNOTS('',6,(#5887,#5888,#5889,#5890,#5891,
    #5892,#5893,#5894,#5895,#5896,#5897,#5898,#5899,#5900,#5901,#5902,
    #5903,#5904,#5905,#5906,#5907,#5908,#5909,#5910,#5911,#5912,#5913),
  .UNSPECIFIED.,.F.,.F.,(7,5,5,5,5,7),(0.,0.451890795272,0.907733807037,
    0.968793855711,0.997288664872,1.),.UNSPECIFIED.);
#5887 = CARTESIAN_POINT('',(-87.21373584297,24.340325307245,-0.762));
#5888 = CARTESIAN_POINT('',(-87.1250927946,24.340325307245,-0.762));
#5889 = CARTESIAN_POINT('',(-87.03644882713,24.35309033163,
    -0.749627608995));
#5890 = CARTESIAN_POINT('',(-86.94996990035,24.378633105442,
    -0.724874138174));
#5891 = CARTESIAN_POINT('',(-86.86781321438,24.416356067069,
    -0.688262395054));
#5892 = CARTESIAN_POINT('',(-86.79196288597,24.465145045953,
    -0.640784254353));
#5893 = CARTESIAN_POINT('',(-86.65557453734,24.582290880317,
    -0.526394155997));
#5894 = CARTESIAN_POINT('',(-86.59517524638,24.650817312535,
    -0.45931495287));
#5895 = CARTESIAN_POINT('',(-86.5445693152,24.727478573209,
    -0.384022659127));
#5896 = CARTESIAN_POINT('',(-86.50509886796,24.810299165638,
    -0.302349633572));
#5897 = CARTESIAN_POINT('',(-86.47765969306,24.897085916577,
    -0.216381229517));
#5898 = CARTESIAN_POINT('',(-86.4605990263,24.997481534962,
    -0.11649980823));
#5899 = CARTESIAN_POINT('',(-86.45880611352,25.009372328694,
    -0.104663195453));
#5900 = CARTESIAN_POINT('',(-86.45723649982,25.021289181409,
    -9.279387008304E-02));
#5901 = CARTESIAN_POINT('',(-86.45589091209,25.033226760716,
    -8.089709046676E-02));
#5902 = CARTESIAN_POINT('',(-86.45476991236,25.045179734277,
    -6.897813501336E-02));
#5903 = CARTESIAN_POINT('',(-86.45345575588,25.062725543195,
    -5.147222346606E-02));
#5904 = CARTESIAN_POINT('',(-86.45308661094,25.068310510686,
    -4.589846639024E-02));
#5905 = CARTESIAN_POINT('',(-86.45276650341,25.073897130002,
    -4.032156982297E-02));
#5906 = CARTESIAN_POINT('',(-86.45249546584,25.079484859409,
    -3.474207303804E-02));
#5907 = CARTESIAN_POINT('',(-86.45227352286,25.085073157712,
    -2.916051572798E-02));
#5908 = CARTESIAN_POINT('',(-86.45208424594,25.091193224132,
    -2.3046197571E-02));
#5909 = CARTESIAN_POINT('',(-86.45183145182,25.098899859244,
    -1.533227344082E-02));
#5910 = CARTESIAN_POINT('',(-86.4516837679,25.107047644329,
    -7.249554531277E-03));
#5911 = CARTESIAN_POINT('',(-86.4517510053,25.113404922722,
    -7.830755454971E-04));
#5912 = CARTESIAN_POINT('',(-86.45173584274,25.114271742231,
    -2.174186039731E-05));
#5913 = CARTESIAN_POINT('',(-86.45173584301,25.114242990354,
    7.009716234014E-06));
#5914 = PCURVE('',#4355,#5915);
#5915 = DEFINITIONAL_REPRESENTATION('',(#5916),#5944);
#5916 = B_SPLINE_CURVE_WITH_KNOTS('',6,(#5917,#5918,#5919,#5920,#5921,
    #5922,#5923,#5924,#5925,#5926,#5927,#5928,#5929,#5930,#5931,#5932,
    #5933,#5934,#5935,#5936,#5937,#5938,#5939,#5940,#5941,#5942,#5943),
  .UNSPECIFIED.,.F.,.F.,(7,5,5,5,5,7),(0.,0.451890795272,0.907733807037,
    0.968793855711,0.997288664872,0.999966261284),.UNSPECIFIED.);
#5917 = CARTESIAN_POINT('',(4.681093128795,3.14159265359));
#5918 = CARTESIAN_POINT('',(4.681093128795,3.025263193785));
#5919 = CARTESIAN_POINT('',(4.681617280807,2.908933353793));
#5920 = CARTESIAN_POINT('',(4.682666258905,2.792608221993));
#5921 = CARTESIAN_POINT('',(4.684213207043,2.676291364712));
#5922 = CARTESIAN_POINT('',(4.686208773375,2.559985036181));
#5923 = CARTESIAN_POINT('',(4.690984308146,2.326378633095));
#5924 = CARTESIAN_POINT('',(4.693771123761,2.209078522261));
#5925 = CARTESIAN_POINT('',(4.696878589849,2.091790294597));
#5926 = CARTESIAN_POINT('',(4.700222311574,1.974512247748));
#5927 = CARTESIAN_POINT('',(4.703710693718,1.857241184729));
#5928 = CARTESIAN_POINT('',(4.70772877637,1.724264799743));
#5929 = CARTESIAN_POINT('',(4.708204406589,1.7085567909));
#5930 = CARTESIAN_POINT('',(4.708680808311,1.692848824336));
#5931 = CARTESIAN_POINT('',(4.709157766445,1.677140890622));
#5932 = CARTESIAN_POINT('',(4.709635066707,1.66143298027));
#5933 = CARTESIAN_POINT('',(4.710335296722,1.638394701201));
#5934 = CARTESIAN_POINT('',(4.710558125951,1.631064318483));
#5935 = CARTESIAN_POINT('',(4.710780961601,1.623733935576));
#5936 = CARTESIAN_POINT('',(4.711003782023,1.61640355248));
#5937 = CARTESIAN_POINT('',(4.711226565629,1.609073169196));
#5938 = CARTESIAN_POINT('',(4.711470219905,1.601053965237));
#5939 = CARTESIAN_POINT('',(4.711770633467,1.591186145681));
#5940 = CARTESIAN_POINT('',(4.712088422784,1.580648644746));
#5941 = CARTESIAN_POINT('',(4.712344895593,1.572322497171));
#5942 = CARTESIAN_POINT('',(4.712385877929,1.570849614103));
#5943 = CARTESIAN_POINT('',(4.712389098694,1.570805666161));
#5944 = ( GEOMETRIC_REPRESENTATION_CONTEXT(2) 
PARAMETRIC_REPRESENTATION_CONTEXT() REPRESENTATION_CONTEXT('2D SPACE',''
  ) );
#5945 = PCURVE('',#5751,#5946);
#5946 = DEFINITIONAL_REPRESENTATION('',(#5947),#5975);
#5947 = B_SPLINE_CURVE_WITH_KNOTS('',6,(#5948,#5949,#5950,#5951,#5952,
    #5953,#5954,#5955,#5956,#5957,#5958,#5959,#5960,#5961,#5962,#5963,
    #5964,#5965,#5966,#5967,#5968,#5969,#5970,#5971,#5972,#5973,#5974),
  .UNSPECIFIED.,.F.,.F.,(7,5,5,5,5,7),(0.,0.451890795272,0.907733807037,
    0.968793855711,0.997288664872,0.999966261284),.UNSPECIFIED.);
#5948 = CARTESIAN_POINT('',(0.,0.773924692755));
#5949 = CARTESIAN_POINT('',(0.116329459804,0.773924692755));
#5950 = CARTESIAN_POINT('',(0.232659299797,0.76115966837));
#5951 = CARTESIAN_POINT('',(0.348984431597,0.735616894558));
#5952 = CARTESIAN_POINT('',(0.465301288878,0.697893932931));
#5953 = CARTESIAN_POINT('',(0.581607617408,0.649104954047));
#5954 = CARTESIAN_POINT('',(0.815214020495,0.531959119683));
#5955 = CARTESIAN_POINT('',(0.932514131323,0.463432687465));
#5956 = CARTESIAN_POINT('',(1.049802358996,0.386771426791));
#5957 = CARTESIAN_POINT('',(1.16708040585,0.303950834362));
#5958 = CARTESIAN_POINT('',(1.284351468857,0.217164083423));
#5959 = CARTESIAN_POINT('',(1.417327853833,0.116768465038));
#5960 = CARTESIAN_POINT('',(1.433035862679,0.104877671306));
#5961 = CARTESIAN_POINT('',(1.448743829248,9.296081859067E-02));
#5962 = CARTESIAN_POINT('',(1.464451762966,8.102323928439E-02));
#5963 = CARTESIAN_POINT('',(1.480159673319,6.90702657232E-02));
#5964 = CARTESIAN_POINT('',(1.503197952388,5.152445680471E-02));
#5965 = CARTESIAN_POINT('',(1.510528335108,4.593948931442E-02));
#5966 = CARTESIAN_POINT('',(1.517858718016,4.035286999771E-02));
#5967 = CARTESIAN_POINT('',(1.52518910111,3.476514059115E-02));
#5968 = CARTESIAN_POINT('',(1.53251948439,2.917684228776E-02));
#5969 = CARTESIAN_POINT('',(1.540538688349,2.306339261585E-02));
#5970 = CARTESIAN_POINT('',(1.550425663703,1.554082603952E-02));
#5971 = CARTESIAN_POINT('',(1.560887065516,7.506300620342E-03));
#5972 = CARTESIAN_POINT('',(1.569344121405,1.163152664247E-03));
#5973 = CARTESIAN_POINT('',(1.570694127488,4.061991688162E-05));
#5974 = CARTESIAN_POINT('',(1.570800228102,7.117181000846E-06));
#5975 = ( GEOMETRIC_REPRESENTATION_CONTEXT(2) 
PARAMETRIC_REPRESENTATION_CONTEXT() REPRESENTATION_CONTEXT('2D SPACE',''
  ) );
#5976 = ADVANCED_FACE('',(#5977,#5980),#5377,.T.);
#5977 = FACE_BOUND('',#5978,.T.);
#5978 = EDGE_LOOP('',(#5979));
#5979 = ORIENTED_EDGE('',*,*,#5363,.T.);
#5980 = FACE_BOUND('',#5981,.T.);
#5981 = EDGE_LOOP('',(#5982));
#5982 = ORIENTED_EDGE('',*,*,#5501,.F.);
#5983 = ADVANCED_FACE('',(#5984,#5987),#5430,.T.);
#5984 = FACE_BOUND('',#5985,.T.);
#5985 = EDGE_LOOP('',(#5986));
#5986 = ORIENTED_EDGE('',*,*,#5416,.T.);
#5987 = FACE_BOUND('',#5988,.T.);
#5988 = EDGE_LOOP('',(#5989));
#5989 = ORIENTED_EDGE('',*,*,#5990,.F.);
#5990 = EDGE_CURVE('',#5991,#5991,#5993,.T.);
#5991 = VERTEX_POINT('',#5992);
#5992 = CARTESIAN_POINT('',(-87.21373584297,21.59,-0.762));
#5993 = SURFACE_CURVE('',#5994,(#5999,#6006),.PCURVE_S1.);
#5994 = CIRCLE('',#5995,0.762);
#5995 = AXIS2_PLACEMENT_3D('',#5996,#5997,#5998);
#5996 = CARTESIAN_POINT('',(-87.21373584297,21.59,1.32200621968E-15));
#5997 = DIRECTION('',(0.,-1.,-6.123233995737E-17));
#5998 = DIRECTION('',(0.,6.123233995737E-17,-1.));
#5999 = PCURVE('',#5430,#6000);
#6000 = DEFINITIONAL_REPRESENTATION('',(#6001),#6005);
#6001 = CIRCLE('',#6002,0.762);
#6002 = AXIS2_PLACEMENT_2D('',#6003,#6004);
#6003 = CARTESIAN_POINT('',(0.,0.));
#6004 = DIRECTION('',(1.,0.));
#6005 = ( GEOMETRIC_REPRESENTATION_CONTEXT(2) 
PARAMETRIC_REPRESENTATION_CONTEXT() REPRESENTATION_CONTEXT('2D SPACE',''
  ) );
#6006 = PCURVE('',#5751,#6007);
#6007 = DEFINITIONAL_REPRESENTATION('',(#6008),#6011);
#6008 = B_SPLINE_CURVE_WITH_KNOTS('',1,(#6009,#6010),.UNSPECIFIED.,.F.,
  .F.,(2,2),(0.,6.28318530718),.PIECEWISE_BEZIER_KNOTS.);
#6009 = CARTESIAN_POINT('',(0.,3.52425));
#6010 = CARTESIAN_POINT('',(6.28318530718,3.52425));
#6011 = ( GEOMETRIC_REPRESENTATION_CONTEXT(2) 
PARAMETRIC_REPRESENTATION_CONTEXT() REPRESENTATION_CONTEXT('2D SPACE',''
  ) );
#6012 = ADVANCED_FACE('',(#6013),#5468,.T.);
#6013 = FACE_BOUND('',#6014,.T.);
#6014 = EDGE_LOOP('',(#6015,#6016));
#6015 = ORIENTED_EDGE('',*,*,#5523,.T.);
#6016 = ORIENTED_EDGE('',*,*,#5450,.T.);
#6017 = ADVANCED_FACE('',(#6018),#5751,.F.);
#6018 = FACE_BOUND('',#6019,.F.);
#6019 = EDGE_LOOP('',(#6020,#6021,#6040,#6041,#6042,#6043));
#6020 = ORIENTED_EDGE('',*,*,#5711,.T.);
#6021 = ORIENTED_EDGE('',*,*,#6022,.T.);
#6022 = EDGE_CURVE('',#5714,#5991,#6023,.T.);
#6023 = SEAM_CURVE('',#6024,(#6028,#6034),.PCURVE_S1.);
#6024 = LINE('',#6025,#6026);
#6025 = CARTESIAN_POINT('',(-87.21373584297,25.11425,-0.762));
#6026 = VECTOR('',#6027,1.);
#6027 = DIRECTION('',(0.,-1.,-6.123233995737E-17));
#6028 = PCURVE('',#5751,#6029);
#6029 = DEFINITIONAL_REPRESENTATION('',(#6030),#6033);
#6030 = B_SPLINE_CURVE_WITH_KNOTS('',1,(#6031,#6032),.UNSPECIFIED.,.F.,
  .F.,(2,2),(0.773924692755,3.52425),.PIECEWISE_BEZIER_KNOTS.);
#6031 = CARTESIAN_POINT('',(0.,0.773924692755));
#6032 = CARTESIAN_POINT('',(0.,3.52425));
#6033 = ( GEOMETRIC_REPRESENTATION_CONTEXT(2) 
PARAMETRIC_REPRESENTATION_CONTEXT() REPRESENTATION_CONTEXT('2D SPACE',''
  ) );
#6034 = PCURVE('',#5751,#6035);
#6035 = DEFINITIONAL_REPRESENTATION('',(#6036),#6039);
#6036 = B_SPLINE_CURVE_WITH_KNOTS('',1,(#6037,#6038),.UNSPECIFIED.,.F.,
  .F.,(2,2),(0.773924692755,3.52425),.PIECEWISE_BEZIER_KNOTS.);
#6037 = CARTESIAN_POINT('',(6.28318530718,0.773924692755));
#6038 = CARTESIAN_POINT('',(6.28318530718,3.52425));
#6039 = ( GEOMETRIC_REPRESENTATION_CONTEXT(2) 
PARAMETRIC_REPRESENTATION_CONTEXT() REPRESENTATION_CONTEXT('2D SPACE',''
  ) );
#6040 = ORIENTED_EDGE('',*,*,#5990,.F.);
#6041 = ORIENTED_EDGE('',*,*,#6022,.F.);
#6042 = ORIENTED_EDGE('',*,*,#5884,.T.);
#6043 = ORIENTED_EDGE('',*,*,#5774,.T.);
#6044 = ( GEOMETRIC_REPRESENTATION_CONTEXT(3) 
GLOBAL_UNCERTAINTY_ASSIGNED_CONTEXT((#6048)) 
GLOBAL_UNIT_ASSIGNED_CONTEXT((#6045,#6046,#6047)) REPRESENTATION_CONTEXT
('Context #1','3D Context with UNIT and UNCERTAINTY') );
#6045 = ( LENGTH_UNIT() NAMED_UNIT(*) SI_UNIT(.MILLI.,.METRE.) );
#6046 = ( NAMED_UNIT(*) PLANE_ANGLE_UNIT() SI_UNIT($,.RADIAN.) );
#6047 = ( NAMED_UNIT(*) SI_UNIT($,.STERADIAN.) SOLID_ANGLE_UNIT() );
#6048 = UNCERTAINTY_MEASURE_WITH_UNIT(LENGTH_MEASURE(5.E-06),#6045,
  'distance_accuracy_value','confusion accuracy');
#6049 = PRODUCT_RELATED_PRODUCT_CATEGORY('part',$,(#7));
ENDSEC;
END-ISO-10303-21;
