ISO-10303-21;
HEADER;
FILE_DESCRIPTION(('Open CASCADE Model'),'2;1');
FILE_NAME('Open CASCADE Shape Model','2026-10-03T06:31:17',('Author'),(
    'Open CASCADE'),'Open CASCADE STEP processor 7.9','Open CASCADE 7.9'
  ,'Unknown');
FILE_SCHEMA(('AUTOMOTIVE_DESIGN { 1 0 10303 214 1 1 1 1 }'));
ENDSEC;
DATA;
#1 = APPLICATION_PROTOCOL_DEFINITION('international standard',
  'automotive_design',2000,#2);
#2 = APPLICATION_CONTEXT(
  'core data for automotive mechanical design processes');
#3 = SHAPE_DEFINITION_REPRESENTATION(#4,#10);
#4 = PRODUCT_DEFINITION_SHAPE('','',#5);
#5 = PRODUCT_DEFINITION('design','',#6,#9);
#6 = PRODUCT_DEFINITION_FORMATION('','',#7);
#7 = PRODUCT('Open CASCADE STEP translator 7.9 7',
  'Open CASCADE STEP translator 7.9 7','',(#8));
#8 = PRODUCT_CONTEXT('',#2,'mechanical');
#9 = PRODUCT_DEFINITION_CONTEXT('part definition',#2,'design');
#10 = ADVANCED_BREP_SHAPE_REPRESENTATION('',(#11,#15),#1746);
#11 = AXIS2_PLACEMENT_3D('',#12,#13,#14);
#12 = CARTESIAN_POINT('',(0.,0.,0.));
#13 = DIRECTION('',(0.,0.,1.));
#14 = DIRECTION('',(1.,0.,-0.));
#15 = MANIFOLD_SOLID_BREP('',#16);
#16 = CLOSED_SHELL('',(#17,#137,#273,#356,#473,#529,#536,#790,#1148,
    #1692,#1719));
#17 = ADVANCED_FACE('',(#18),#32,.F.);
#18 = FACE_BOUND('',#19,.F.);
#19 = EDGE_LOOP('',(#20,#55,#83,#111));
#20 = ORIENTED_EDGE('',*,*,#21,.F.);
#21 = EDGE_CURVE('',#22,#24,#26,.T.);
#22 = VERTEX_POINT('',#23);
#23 = CARTESIAN_POINT('',(492.76,-23.9395,30.48));
#24 = VERTEX_POINT('',#25);
#25 = CARTESIAN_POINT('',(492.76,-23.9395,45.72));
#26 = SURFACE_CURVE('',#27,(#31,#43),.PCURVE_S1.);
#27 = LINE('',#28,#29);
#28 = CARTESIAN_POINT('',(492.76,-23.9395,30.48));
#29 = VECTOR('',#30,1.);
#30 = DIRECTION('',(0.,0.,1.));
#31 = PCURVE('',#32,#37);
#32 = PLANE('',#33);
#33 = AXIS2_PLACEMENT_3D('',#34,#35,#36);
#34 = CARTESIAN_POINT('',(492.76,-23.9395,30.48));
#35 = DIRECTION('',(1.,0.,0.));
#36 = DIRECTION('',(0.,0.,1.));
#37 = DEFINITIONAL_REPRESENTATION('',(#38),#42);
#38 = LINE('',#39,#40);
#39 = CARTESIAN_POINT('',(0.,0.));
#40 = VECTOR('',#41,1.);
#41 = DIRECTION('',(1.,0.));
#42 = ( GEOMETRIC_REPRESENTATION_CONTEXT(2) 
PARAMETRIC_REPRESENTATION_CONTEXT() REPRESENTATION_CONTEXT('2D SPACE',''
  ) );
#43 = PCURVE('',#44,#49);
#44 = PLANE('',#45);
#45 = AXIS2_PLACEMENT_3D('',#46,#47,#48);
#46 = CARTESIAN_POINT('',(492.76,-23.9395,30.48));
#47 = DIRECTION('',(0.,1.,0.));
#48 = DIRECTION('',(0.,0.,1.));
#49 = DEFINITIONAL_REPRESENTATION('',(#50),#54);
#50 = LINE('',#51,#52);
#51 = CARTESIAN_POINT('',(0.,0.));
#52 = VECTOR('',#53,1.);
#53 = DIRECTION('',(1.,0.));
#54 = ( GEOMETRIC_REPRESENTATION_CONTEXT(2) 
PARAMETRIC_REPRESENTATION_CONTEXT() REPRESENTATION_CONTEXT('2D SPACE',''
  ) );
#55 = ORIENTED_EDGE('',*,*,#56,.T.);
#56 = EDGE_CURVE('',#22,#57,#59,.T.);
#57 = VERTEX_POINT('',#58);
#58 = CARTESIAN_POINT('',(492.76,23.9395,30.48));
#59 = SURFACE_CURVE('',#60,(#64,#71),.PCURVE_S1.);
#60 = LINE('',#61,#62);
#61 = CARTESIAN_POINT('',(492.76,-23.9395,30.48));
#62 = VECTOR('',#63,1.);
#63 = DIRECTION('',(0.,1.,0.));
#64 = PCURVE('',#32,#65);
#65 = DEFINITIONAL_REPRESENTATION('',(#66),#70);
#66 = LINE('',#67,#68);
#67 = CARTESIAN_POINT('',(0.,0.));
#68 = VECTOR('',#69,1.);
#69 = DIRECTION('',(0.,-1.));
#70 = ( GEOMETRIC_REPRESENTATION_CONTEXT(2) 
PARAMETRIC_REPRESENTATION_CONTEXT() REPRESENTATION_CONTEXT('2D SPACE',''
  ) );
#71 = PCURVE('',#72,#77);
#72 = PLANE('',#73);
#73 = AXIS2_PLACEMENT_3D('',#74,#75,#76);
#74 = CARTESIAN_POINT('',(492.76,-23.9395,30.48));
#75 = DIRECTION('',(0.,0.,1.));
#76 = DIRECTION('',(1.,0.,0.));
#77 = DEFINITIONAL_REPRESENTATION('',(#78),#82);
#78 = LINE('',#79,#80);
#79 = CARTESIAN_POINT('',(0.,0.));
#80 = VECTOR('',#81,1.);
#81 = DIRECTION('',(0.,1.));
#82 = ( GEOMETRIC_REPRESENTATION_CONTEXT(2) 
PARAMETRIC_REPRESENTATION_CONTEXT() REPRESENTATION_CONTEXT('2D SPACE',''
  ) );
#83 = ORIENTED_EDGE('',*,*,#84,.T.);
#84 = EDGE_CURVE('',#57,#85,#87,.T.);
#85 = VERTEX_POINT('',#86);
#86 = CARTESIAN_POINT('',(492.76,23.9395,45.72));
#87 = SURFACE_CURVE('',#88,(#92,#99),.PCURVE_S1.);
#88 = LINE('',#89,#90);
#89 = CARTESIAN_POINT('',(492.76,23.9395,30.48));
#90 = VECTOR('',#91,1.);
#91 = DIRECTION('',(0.,0.,1.));
#92 = PCURVE('',#32,#93);
#93 = DEFINITIONAL_REPRESENTATION('',(#94),#98);
#94 = LINE('',#95,#96);
#95 = CARTESIAN_POINT('',(0.,-47.879));
#96 = VECTOR('',#97,1.);
#97 = DIRECTION('',(1.,0.));
#98 = ( GEOMETRIC_REPRESENTATION_CONTEXT(2) 
PARAMETRIC_REPRESENTATION_CONTEXT() REPRESENTATION_CONTEXT('2D SPACE',''
  ) );
#99 = PCURVE('',#100,#105);
#100 = PLANE('',#101);
#101 = AXIS2_PLACEMENT_3D('',#102,#103,#104);
#102 = CARTESIAN_POINT('',(492.76,23.9395,30.48));
#103 = DIRECTION('',(0.,1.,0.));
#104 = DIRECTION('',(0.,0.,1.));
#105 = DEFINITIONAL_REPRESENTATION('',(#106),#110);
#106 = LINE('',#107,#108);
#107 = CARTESIAN_POINT('',(0.,0.));
#108 = VECTOR('',#109,1.);
#109 = DIRECTION('',(1.,0.));
#110 = ( GEOMETRIC_REPRESENTATION_CONTEXT(2) 
PARAMETRIC_REPRESENTATION_CONTEXT() REPRESENTATION_CONTEXT('2D SPACE',''
  ) );
#111 = ORIENTED_EDGE('',*,*,#112,.F.);
#112 = EDGE_CURVE('',#24,#85,#113,.T.);
#113 = SURFACE_CURVE('',#114,(#118,#125),.PCURVE_S1.);
#114 = LINE('',#115,#116);
#115 = CARTESIAN_POINT('',(492.76,-23.9395,45.72));
#116 = VECTOR('',#117,1.);
#117 = DIRECTION('',(0.,1.,0.));
#118 = PCURVE('',#32,#119);
#119 = DEFINITIONAL_REPRESENTATION('',(#120),#124);
#120 = LINE('',#121,#122);
#121 = CARTESIAN_POINT('',(15.24,0.));
#122 = VECTOR('',#123,1.);
#123 = DIRECTION('',(0.,-1.));
#124 = ( GEOMETRIC_REPRESENTATION_CONTEXT(2) 
PARAMETRIC_REPRESENTATION_CONTEXT() REPRESENTATION_CONTEXT('2D SPACE',''
  ) );
#125 = PCURVE('',#126,#131);
#126 = PLANE('',#127);
#127 = AXIS2_PLACEMENT_3D('',#128,#129,#130);
#128 = CARTESIAN_POINT('',(492.76,-23.9395,45.72));
#129 = DIRECTION('',(0.,0.,1.));
#130 = DIRECTION('',(1.,0.,0.));
#131 = DEFINITIONAL_REPRESENTATION('',(#132),#136);
#132 = LINE('',#133,#134);
#133 = CARTESIAN_POINT('',(0.,0.));
#134 = VECTOR('',#135,1.);
#135 = DIRECTION('',(0.,1.));
#136 = ( GEOMETRIC_REPRESENTATION_CONTEXT(2) 
PARAMETRIC_REPRESENTATION_CONTEXT() REPRESENTATION_CONTEXT('2D SPACE',''
  ) );
#137 = ADVANCED_FACE('',(#138,#213,#243),#44,.F.);
#138 = FACE_BOUND('',#139,.F.);
#139 = EDGE_LOOP('',(#140,#163,#164,#187));
#140 = ORIENTED_EDGE('',*,*,#141,.F.);
#141 = EDGE_CURVE('',#22,#142,#144,.T.);
#142 = VERTEX_POINT('',#143);
#143 = CARTESIAN_POINT('',(513.08,-23.9395,30.48));
#144 = SURFACE_CURVE('',#145,(#149,#156),.PCURVE_S1.);
#145 = LINE('',#146,#147);
#146 = CARTESIAN_POINT('',(492.76,-23.9395,30.48));
#147 = VECTOR('',#148,1.);
#148 = DIRECTION('',(1.,0.,0.));
#149 = PCURVE('',#44,#150);
#150 = DEFINITIONAL_REPRESENTATION('',(#151),#155);
#151 = LINE('',#152,#153);
#152 = CARTESIAN_POINT('',(0.,0.));
#153 = VECTOR('',#154,1.);
#154 = DIRECTION('',(0.,1.));
#155 = ( GEOMETRIC_REPRESENTATION_CONTEXT(2) 
PARAMETRIC_REPRESENTATION_CONTEXT() REPRESENTATION_CONTEXT('2D SPACE',''
  ) );
#156 = PCURVE('',#72,#157);
#157 = DEFINITIONAL_REPRESENTATION('',(#158),#162);
#158 = LINE('',#159,#160);
#159 = CARTESIAN_POINT('',(0.,0.));
#160 = VECTOR('',#161,1.);
#161 = DIRECTION('',(1.,0.));
#162 = ( GEOMETRIC_REPRESENTATION_CONTEXT(2) 
PARAMETRIC_REPRESENTATION_CONTEXT() REPRESENTATION_CONTEXT('2D SPACE',''
  ) );
#163 = ORIENTED_EDGE('',*,*,#21,.T.);
#164 = ORIENTED_EDGE('',*,*,#165,.T.);
#165 = EDGE_CURVE('',#24,#166,#168,.T.);
#166 = VERTEX_POINT('',#167);
#167 = CARTESIAN_POINT('',(513.08,-23.9395,45.72));
#168 = SURFACE_CURVE('',#169,(#173,#180),.PCURVE_S1.);
#169 = LINE('',#170,#171);
#170 = CARTESIAN_POINT('',(492.76,-23.9395,45.72));
#171 = VECTOR('',#172,1.);
#172 = DIRECTION('',(1.,0.,0.));
#173 = PCURVE('',#44,#174);
#174 = DEFINITIONAL_REPRESENTATION('',(#175),#179);
#175 = LINE('',#176,#177);
#176 = CARTESIAN_POINT('',(15.24,0.));
#177 = VECTOR('',#178,1.);
#178 = DIRECTION('',(0.,1.));
#179 = ( GEOMETRIC_REPRESENTATION_CONTEXT(2) 
PARAMETRIC_REPRESENTATION_CONTEXT() REPRESENTATION_CONTEXT('2D SPACE',''
  ) );
#180 = PCURVE('',#126,#181);
#181 = DEFINITIONAL_REPRESENTATION('',(#182),#186);
#182 = LINE('',#183,#184);
#183 = CARTESIAN_POINT('',(0.,0.));
#184 = VECTOR('',#185,1.);
#185 = DIRECTION('',(1.,0.));
#186 = ( GEOMETRIC_REPRESENTATION_CONTEXT(2) 
PARAMETRIC_REPRESENTATION_CONTEXT() REPRESENTATION_CONTEXT('2D SPACE',''
  ) );
#187 = ORIENTED_EDGE('',*,*,#188,.F.);
#188 = EDGE_CURVE('',#142,#166,#189,.T.);
#189 = SURFACE_CURVE('',#190,(#194,#201),.PCURVE_S1.);
#190 = LINE('',#191,#192);
#191 = CARTESIAN_POINT('',(513.08,-23.9395,30.48));
#192 = VECTOR('',#193,1.);
#193 = DIRECTION('',(0.,0.,1.));
#194 = PCURVE('',#44,#195);
#195 = DEFINITIONAL_REPRESENTATION('',(#196),#200);
#196 = LINE('',#197,#198);
#197 = CARTESIAN_POINT('',(0.,20.32));
#198 = VECTOR('',#199,1.);
#199 = DIRECTION('',(1.,0.));
#200 = ( GEOMETRIC_REPRESENTATION_CONTEXT(2) 
PARAMETRIC_REPRESENTATION_CONTEXT() REPRESENTATION_CONTEXT('2D SPACE',''
  ) );
#201 = PCURVE('',#202,#207);
#202 = PLANE('',#203);
#203 = AXIS2_PLACEMENT_3D('',#204,#205,#206);
#204 = CARTESIAN_POINT('',(513.08,-23.9395,30.48));
#205 = DIRECTION('',(1.,0.,0.));
#206 = DIRECTION('',(0.,0.,1.));
#207 = DEFINITIONAL_REPRESENTATION('',(#208),#212);
#208 = LINE('',#209,#210);
#209 = CARTESIAN_POINT('',(0.,0.));
#210 = VECTOR('',#211,1.);
#211 = DIRECTION('',(1.,0.));
#212 = ( GEOMETRIC_REPRESENTATION_CONTEXT(2) 
PARAMETRIC_REPRESENTATION_CONTEXT() REPRESENTATION_CONTEXT('2D SPACE',''
  ) );
#213 = FACE_BOUND('',#214,.F.);
#214 = EDGE_LOOP('',(#215));
#215 = ORIENTED_EDGE('',*,*,#216,.F.);
#216 = EDGE_CURVE('',#217,#217,#219,.T.);
#217 = VERTEX_POINT('',#218);
#218 = CARTESIAN_POINT('',(500.3927,-23.9395,38.1));
#219 = SURFACE_CURVE('',#220,(#225,#232),.PCURVE_S1.);
#220 = CIRCLE('',#221,2.5527);
#221 = AXIS2_PLACEMENT_3D('',#222,#223,#224);
#222 = CARTESIAN_POINT('',(497.84,-23.9395,38.1));
#223 = DIRECTION('',(-0.,1.,0.));
#224 = DIRECTION('',(1.,0.,0.));
#225 = PCURVE('',#44,#226);
#226 = DEFINITIONAL_REPRESENTATION('',(#227),#231);
#227 = CIRCLE('',#228,2.5527);
#228 = AXIS2_PLACEMENT_2D('',#229,#230);
#229 = CARTESIAN_POINT('',(7.62,5.08));
#230 = DIRECTION('',(0.,1.));
#231 = ( GEOMETRIC_REPRESENTATION_CONTEXT(2) 
PARAMETRIC_REPRESENTATION_CONTEXT() REPRESENTATION_CONTEXT('2D SPACE',''
  ) );
#232 = PCURVE('',#233,#238);
#233 = CYLINDRICAL_SURFACE('',#234,2.5527);
#234 = AXIS2_PLACEMENT_3D('',#235,#236,#237);
#235 = CARTESIAN_POINT('',(497.84,0.,38.1));
#236 = DIRECTION('',(-0.,1.,-0.));
#237 = DIRECTION('',(1.,0.,0.));
#238 = DEFINITIONAL_REPRESENTATION('',(#239),#242);
#239 = B_SPLINE_CURVE_WITH_KNOTS('',1,(#240,#241),.UNSPECIFIED.,.F.,.F.,
  (2,2),(0.,6.28318530718),.PIECEWISE_BEZIER_KNOTS.);
#240 = CARTESIAN_POINT('',(-6.28318530718,-23.9395));
#241 = CARTESIAN_POINT('',(0.,-23.9395));
#242 = ( GEOMETRIC_REPRESENTATION_CONTEXT(2) 
PARAMETRIC_REPRESENTATION_CONTEXT() REPRESENTATION_CONTEXT('2D SPACE',''
  ) );
#243 = FACE_BOUND('',#244,.F.);
#244 = EDGE_LOOP('',(#245));
#245 = ORIENTED_EDGE('',*,*,#246,.F.);
#246 = EDGE_CURVE('',#247,#247,#249,.T.);
#247 = VERTEX_POINT('',#248);
#248 = CARTESIAN_POINT('',(510.5527,-23.9395,38.1));
#249 = SURFACE_CURVE('',#250,(#255,#262),.PCURVE_S1.);
#250 = CIRCLE('',#251,2.5527);
#251 = AXIS2_PLACEMENT_3D('',#252,#253,#254);
#252 = CARTESIAN_POINT('',(508.,-23.9395,38.1));
#253 = DIRECTION('',(-0.,1.,0.));
#254 = DIRECTION('',(1.,0.,0.));
#255 = PCURVE('',#44,#256);
#256 = DEFINITIONAL_REPRESENTATION('',(#257),#261);
#257 = CIRCLE('',#258,2.5527);
#258 = AXIS2_PLACEMENT_2D('',#259,#260);
#259 = CARTESIAN_POINT('',(7.62,15.24));
#260 = DIRECTION('',(0.,1.));
#261 = ( GEOMETRIC_REPRESENTATION_CONTEXT(2) 
PARAMETRIC_REPRESENTATION_CONTEXT() REPRESENTATION_CONTEXT('2D SPACE',''
  ) );
#262 = PCURVE('',#263,#268);
#263 = CYLINDRICAL_SURFACE('',#264,2.5527);
#264 = AXIS2_PLACEMENT_3D('',#265,#266,#267);
#265 = CARTESIAN_POINT('',(508.,0.,38.1));
#266 = DIRECTION('',(-0.,1.,-0.));
#267 = DIRECTION('',(1.,0.,0.));
#268 = DEFINITIONAL_REPRESENTATION('',(#269),#272);
#269 = B_SPLINE_CURVE_WITH_KNOTS('',1,(#270,#271),.UNSPECIFIED.,.F.,.F.,
  (2,2),(0.,6.28318530718),.PIECEWISE_BEZIER_KNOTS.);
#270 = CARTESIAN_POINT('',(-6.28318530718,-23.9395));
#271 = CARTESIAN_POINT('',(0.,-23.9395));
#272 = ( GEOMETRIC_REPRESENTATION_CONTEXT(2) 
PARAMETRIC_REPRESENTATION_CONTEXT() REPRESENTATION_CONTEXT('2D SPACE',''
  ) );
#273 = ADVANCED_FACE('',(#274,#322),#126,.T.);
#274 = FACE_BOUND('',#275,.T.);
#275 = EDGE_LOOP('',(#276,#277,#278,#301));
#276 = ORIENTED_EDGE('',*,*,#112,.F.);
#277 = ORIENTED_EDGE('',*,*,#165,.T.);
#278 = ORIENTED_EDGE('',*,*,#279,.T.);
#279 = EDGE_CURVE('',#166,#280,#282,.T.);
#280 = VERTEX_POINT('',#281);
#281 = CARTESIAN_POINT('',(513.08,23.9395,45.72));
#282 = SURFACE_CURVE('',#283,(#287,#294),.PCURVE_S1.);
#283 = LINE('',#284,#285);
#284 = CARTESIAN_POINT('',(513.08,-23.9395,45.72));
#285 = VECTOR('',#286,1.);
#286 = DIRECTION('',(0.,1.,0.));
#287 = PCURVE('',#126,#288);
#288 = DEFINITIONAL_REPRESENTATION('',(#289),#293);
#289 = LINE('',#290,#291);
#290 = CARTESIAN_POINT('',(20.32,0.));
#291 = VECTOR('',#292,1.);
#292 = DIRECTION('',(0.,1.));
#293 = ( GEOMETRIC_REPRESENTATION_CONTEXT(2) 
PARAMETRIC_REPRESENTATION_CONTEXT() REPRESENTATION_CONTEXT('2D SPACE',''
  ) );
#294 = PCURVE('',#202,#295);
#295 = DEFINITIONAL_REPRESENTATION('',(#296),#300);
#296 = LINE('',#297,#298);
#297 = CARTESIAN_POINT('',(15.24,0.));
#298 = VECTOR('',#299,1.);
#299 = DIRECTION('',(0.,-1.));
#300 = ( GEOMETRIC_REPRESENTATION_CONTEXT(2) 
PARAMETRIC_REPRESENTATION_CONTEXT() REPRESENTATION_CONTEXT('2D SPACE',''
  ) );
#301 = ORIENTED_EDGE('',*,*,#302,.F.);
#302 = EDGE_CURVE('',#85,#280,#303,.T.);
#303 = SURFACE_CURVE('',#304,(#308,#315),.PCURVE_S1.);
#304 = LINE('',#305,#306);
#305 = CARTESIAN_POINT('',(492.76,23.9395,45.72));
#306 = VECTOR('',#307,1.);
#307 = DIRECTION('',(1.,0.,0.));
#308 = PCURVE('',#126,#309);
#309 = DEFINITIONAL_REPRESENTATION('',(#310),#314);
#310 = LINE('',#311,#312);
#311 = CARTESIAN_POINT('',(0.,47.879));
#312 = VECTOR('',#313,1.);
#313 = DIRECTION('',(1.,0.));
#314 = ( GEOMETRIC_REPRESENTATION_CONTEXT(2) 
PARAMETRIC_REPRESENTATION_CONTEXT() REPRESENTATION_CONTEXT('2D SPACE',''
  ) );
#315 = PCURVE('',#100,#316);
#316 = DEFINITIONAL_REPRESENTATION('',(#317),#321);
#317 = LINE('',#318,#319);
#318 = CARTESIAN_POINT('',(15.24,0.));
#319 = VECTOR('',#320,1.);
#320 = DIRECTION('',(0.,1.));
#321 = ( GEOMETRIC_REPRESENTATION_CONTEXT(2) 
PARAMETRIC_REPRESENTATION_CONTEXT() REPRESENTATION_CONTEXT('2D SPACE',''
  ) );
#322 = FACE_BOUND('',#323,.T.);
#323 = EDGE_LOOP('',(#324));
#324 = ORIENTED_EDGE('',*,*,#325,.T.);
#325 = EDGE_CURVE('',#326,#326,#328,.T.);
#326 = VERTEX_POINT('',#327);
#327 = CARTESIAN_POINT('',(505.6251,0.,45.72));
#328 = SURFACE_CURVE('',#329,(#334,#345),.PCURVE_S1.);
#329 = CIRCLE('',#330,2.7051);
#330 = AXIS2_PLACEMENT_3D('',#331,#332,#333);
#331 = CARTESIAN_POINT('',(502.92,0.,45.72));
#332 = DIRECTION('',(0.,0.,-1.));
#333 = DIRECTION('',(1.,0.,0.));
#334 = PCURVE('',#126,#335);
#335 = DEFINITIONAL_REPRESENTATION('',(#336),#344);
#336 = ( BOUNDED_CURVE() B_SPLINE_CURVE(2,(#337,#338,#339,#340,#341,#342
,#343),.UNSPECIFIED.,.T.,.F.) B_SPLINE_CURVE_WITH_KNOTS((1,2,2,2,2,1),(
    -2.094395102393,0.,2.094395102393,4.188790204786,6.28318530718,
8.377580409573),.UNSPECIFIED.) CURVE() GEOMETRIC_REPRESENTATION_ITEM() 
RATIONAL_B_SPLINE_CURVE((1.,0.5,1.,0.5,1.,0.5,1.)) REPRESENTATION_ITEM(
  '') );
#337 = CARTESIAN_POINT('',(12.8651,23.9395));
#338 = CARTESIAN_POINT('',(12.8651,19.254129360445));
#339 = CARTESIAN_POINT('',(8.80745,21.596814680223));
#340 = CARTESIAN_POINT('',(4.7498,23.9395));
#341 = CARTESIAN_POINT('',(8.80745,26.282185319777));
#342 = CARTESIAN_POINT('',(12.8651,28.624870639555));
#343 = CARTESIAN_POINT('',(12.8651,23.9395));
#344 = ( GEOMETRIC_REPRESENTATION_CONTEXT(2) 
PARAMETRIC_REPRESENTATION_CONTEXT() REPRESENTATION_CONTEXT('2D SPACE',''
  ) );
#345 = PCURVE('',#346,#351);
#346 = CYLINDRICAL_SURFACE('',#347,2.7051);
#347 = AXIS2_PLACEMENT_3D('',#348,#349,#350);
#348 = CARTESIAN_POINT('',(502.92,0.,0.));
#349 = DIRECTION('',(-0.,-0.,-1.));
#350 = DIRECTION('',(1.,0.,0.));
#351 = DEFINITIONAL_REPRESENTATION('',(#352),#355);
#352 = B_SPLINE_CURVE_WITH_KNOTS('',1,(#353,#354),.UNSPECIFIED.,.F.,.F.,
  (2,2),(0.,6.28318530718),.PIECEWISE_BEZIER_KNOTS.);
#353 = CARTESIAN_POINT('',(-6.28318530718,-45.72));
#354 = CARTESIAN_POINT('',(0.,-45.72));
#355 = ( GEOMETRIC_REPRESENTATION_CONTEXT(2) 
PARAMETRIC_REPRESENTATION_CONTEXT() REPRESENTATION_CONTEXT('2D SPACE',''
  ) );
#356 = ADVANCED_FACE('',(#357,#405,#439),#100,.T.);
#357 = FACE_BOUND('',#358,.T.);
#358 = EDGE_LOOP('',(#359,#382,#383,#384));
#359 = ORIENTED_EDGE('',*,*,#360,.F.);
#360 = EDGE_CURVE('',#57,#361,#363,.T.);
#361 = VERTEX_POINT('',#362);
#362 = CARTESIAN_POINT('',(513.08,23.9395,30.48));
#363 = SURFACE_CURVE('',#364,(#368,#375),.PCURVE_S1.);
#364 = LINE('',#365,#366);
#365 = CARTESIAN_POINT('',(492.76,23.9395,30.48));
#366 = VECTOR('',#367,1.);
#367 = DIRECTION('',(1.,0.,0.));
#368 = PCURVE('',#100,#369);
#369 = DEFINITIONAL_REPRESENTATION('',(#370),#374);
#370 = LINE('',#371,#372);
#371 = CARTESIAN_POINT('',(0.,0.));
#372 = VECTOR('',#373,1.);
#373 = DIRECTION('',(0.,1.));
#374 = ( GEOMETRIC_REPRESENTATION_CONTEXT(2) 
PARAMETRIC_REPRESENTATION_CONTEXT() REPRESENTATION_CONTEXT('2D SPACE',''
  ) );
#375 = PCURVE('',#72,#376);
#376 = DEFINITIONAL_REPRESENTATION('',(#377),#381);
#377 = LINE('',#378,#379);
#378 = CARTESIAN_POINT('',(0.,47.879));
#379 = VECTOR('',#380,1.);
#380 = DIRECTION('',(1.,0.));
#381 = ( GEOMETRIC_REPRESENTATION_CONTEXT(2) 
PARAMETRIC_REPRESENTATION_CONTEXT() REPRESENTATION_CONTEXT('2D SPACE',''
  ) );
#382 = ORIENTED_EDGE('',*,*,#84,.T.);
#383 = ORIENTED_EDGE('',*,*,#302,.T.);
#384 = ORIENTED_EDGE('',*,*,#385,.F.);
#385 = EDGE_CURVE('',#361,#280,#386,.T.);
#386 = SURFACE_CURVE('',#387,(#391,#398),.PCURVE_S1.);
#387 = LINE('',#388,#389);
#388 = CARTESIAN_POINT('',(513.08,23.9395,30.48));
#389 = VECTOR('',#390,1.);
#390 = DIRECTION('',(0.,0.,1.));
#391 = PCURVE('',#100,#392);
#392 = DEFINITIONAL_REPRESENTATION('',(#393),#397);
#393 = LINE('',#394,#395);
#394 = CARTESIAN_POINT('',(0.,20.32));
#395 = VECTOR('',#396,1.);
#396 = DIRECTION('',(1.,0.));
#397 = ( GEOMETRIC_REPRESENTATION_CONTEXT(2) 
PARAMETRIC_REPRESENTATION_CONTEXT() REPRESENTATION_CONTEXT('2D SPACE',''
  ) );
#398 = PCURVE('',#202,#399);
#399 = DEFINITIONAL_REPRESENTATION('',(#400),#404);
#400 = LINE('',#401,#402);
#401 = CARTESIAN_POINT('',(0.,-47.879));
#402 = VECTOR('',#403,1.);
#403 = DIRECTION('',(1.,0.));
#404 = ( GEOMETRIC_REPRESENTATION_CONTEXT(2) 
PARAMETRIC_REPRESENTATION_CONTEXT() REPRESENTATION_CONTEXT('2D SPACE',''
  ) );
#405 = FACE_BOUND('',#406,.T.);
#406 = EDGE_LOOP('',(#407));
#407 = ORIENTED_EDGE('',*,*,#408,.T.);
#408 = EDGE_CURVE('',#409,#409,#411,.T.);
#409 = VERTEX_POINT('',#410);
#410 = CARTESIAN_POINT('',(500.3927,23.9395,38.1));
#411 = SURFACE_CURVE('',#412,(#417,#428),.PCURVE_S1.);
#412 = CIRCLE('',#413,2.5527);
#413 = AXIS2_PLACEMENT_3D('',#414,#415,#416);
#414 = CARTESIAN_POINT('',(497.84,23.9395,38.1));
#415 = DIRECTION('',(0.,-1.,0.));
#416 = DIRECTION('',(1.,0.,0.));
#417 = PCURVE('',#100,#418);
#418 = DEFINITIONAL_REPRESENTATION('',(#419),#427);
#419 = ( BOUNDED_CURVE() B_SPLINE_CURVE(2,(#420,#421,#422,#423,#424,#425
,#426),.UNSPECIFIED.,.T.,.F.) B_SPLINE_CURVE_WITH_KNOTS((1,2,2,2,2,1),(
    -2.094395102393,0.,2.094395102393,4.188790204786,6.28318530718,
8.377580409573),.UNSPECIFIED.) CURVE() GEOMETRIC_REPRESENTATION_ITEM() 
RATIONAL_B_SPLINE_CURVE((1.,0.5,1.,0.5,1.,0.5,1.)) REPRESENTATION_ITEM(
  '') );
#420 = CARTESIAN_POINT('',(7.62,7.6327));
#421 = CARTESIAN_POINT('',(12.041406096481,7.6327));
#422 = CARTESIAN_POINT('',(9.830703048241,3.80365));
#423 = CARTESIAN_POINT('',(7.62,-2.540000000005E-02));
#424 = CARTESIAN_POINT('',(5.409296951759,3.80365));
#425 = CARTESIAN_POINT('',(3.198593903519,7.6327));
#426 = CARTESIAN_POINT('',(7.62,7.6327));
#427 = ( GEOMETRIC_REPRESENTATION_CONTEXT(2) 
PARAMETRIC_REPRESENTATION_CONTEXT() REPRESENTATION_CONTEXT('2D SPACE',''
  ) );
#428 = PCURVE('',#429,#434);
#429 = CYLINDRICAL_SURFACE('',#430,2.5527);
#430 = AXIS2_PLACEMENT_3D('',#431,#432,#433);
#431 = CARTESIAN_POINT('',(497.84,0.,38.1));
#432 = DIRECTION('',(0.,-1.,0.));
#433 = DIRECTION('',(1.,0.,0.));
#434 = DEFINITIONAL_REPRESENTATION('',(#435),#438);
#435 = B_SPLINE_CURVE_WITH_KNOTS('',1,(#436,#437),.UNSPECIFIED.,.F.,.F.,
  (2,2),(0.,6.28318530718),.PIECEWISE_BEZIER_KNOTS.);
#436 = CARTESIAN_POINT('',(0.,-23.9395));
#437 = CARTESIAN_POINT('',(6.28318530718,-23.9395));
#438 = ( GEOMETRIC_REPRESENTATION_CONTEXT(2) 
PARAMETRIC_REPRESENTATION_CONTEXT() REPRESENTATION_CONTEXT('2D SPACE',''
  ) );
#439 = FACE_BOUND('',#440,.T.);
#440 = EDGE_LOOP('',(#441));
#441 = ORIENTED_EDGE('',*,*,#442,.T.);
#442 = EDGE_CURVE('',#443,#443,#445,.T.);
#443 = VERTEX_POINT('',#444);
#444 = CARTESIAN_POINT('',(510.5527,23.9395,38.1));
#445 = SURFACE_CURVE('',#446,(#451,#462),.PCURVE_S1.);
#446 = CIRCLE('',#447,2.5527);
#447 = AXIS2_PLACEMENT_3D('',#448,#449,#450);
#448 = CARTESIAN_POINT('',(508.,23.9395,38.1));
#449 = DIRECTION('',(0.,-1.,0.));
#450 = DIRECTION('',(1.,0.,0.));
#451 = PCURVE('',#100,#452);
#452 = DEFINITIONAL_REPRESENTATION('',(#453),#461);
#453 = ( BOUNDED_CURVE() B_SPLINE_CURVE(2,(#454,#455,#456,#457,#458,#459
,#460),.UNSPECIFIED.,.T.,.F.) B_SPLINE_CURVE_WITH_KNOTS((1,2,2,2,2,1),(
    -2.094395102393,0.,2.094395102393,4.188790204786,6.28318530718,
8.377580409573),.UNSPECIFIED.) CURVE() GEOMETRIC_REPRESENTATION_ITEM() 
RATIONAL_B_SPLINE_CURVE((1.,0.5,1.,0.5,1.,0.5,1.)) REPRESENTATION_ITEM(
  '') );
#454 = CARTESIAN_POINT('',(7.62,17.7927));
#455 = CARTESIAN_POINT('',(12.041406096481,17.7927));
#456 = CARTESIAN_POINT('',(9.830703048241,13.96365));
#457 = CARTESIAN_POINT('',(7.62,10.1346));
#458 = CARTESIAN_POINT('',(5.409296951759,13.96365));
#459 = CARTESIAN_POINT('',(3.198593903519,17.7927));
#460 = CARTESIAN_POINT('',(7.62,17.7927));
#461 = ( GEOMETRIC_REPRESENTATION_CONTEXT(2) 
PARAMETRIC_REPRESENTATION_CONTEXT() REPRESENTATION_CONTEXT('2D SPACE',''
  ) );
#462 = PCURVE('',#463,#468);
#463 = CYLINDRICAL_SURFACE('',#464,2.5527);
#464 = AXIS2_PLACEMENT_3D('',#465,#466,#467);
#465 = CARTESIAN_POINT('',(508.,0.,38.1));
#466 = DIRECTION('',(0.,-1.,0.));
#467 = DIRECTION('',(1.,0.,0.));
#468 = DEFINITIONAL_REPRESENTATION('',(#469),#472);
#469 = B_SPLINE_CURVE_WITH_KNOTS('',1,(#470,#471),.UNSPECIFIED.,.F.,.F.,
  (2,2),(0.,6.28318530718),.PIECEWISE_BEZIER_KNOTS.);
#470 = CARTESIAN_POINT('',(0.,-23.9395));
#471 = CARTESIAN_POINT('',(6.28318530718,-23.9395));
#472 = ( GEOMETRIC_REPRESENTATION_CONTEXT(2) 
PARAMETRIC_REPRESENTATION_CONTEXT() REPRESENTATION_CONTEXT('2D SPACE',''
  ) );
#473 = ADVANCED_FACE('',(#474,#500),#72,.F.);
#474 = FACE_BOUND('',#475,.F.);
#475 = EDGE_LOOP('',(#476,#477,#478,#499));
#476 = ORIENTED_EDGE('',*,*,#56,.F.);
#477 = ORIENTED_EDGE('',*,*,#141,.T.);
#478 = ORIENTED_EDGE('',*,*,#479,.T.);
#479 = EDGE_CURVE('',#142,#361,#480,.T.);
#480 = SURFACE_CURVE('',#481,(#485,#492),.PCURVE_S1.);
#481 = LINE('',#482,#483);
#482 = CARTESIAN_POINT('',(513.08,-23.9395,30.48));
#483 = VECTOR('',#484,1.);
#484 = DIRECTION('',(0.,1.,0.));
#485 = PCURVE('',#72,#486);
#486 = DEFINITIONAL_REPRESENTATION('',(#487),#491);
#487 = LINE('',#488,#489);
#488 = CARTESIAN_POINT('',(20.32,0.));
#489 = VECTOR('',#490,1.);
#490 = DIRECTION('',(0.,1.));
#491 = ( GEOMETRIC_REPRESENTATION_CONTEXT(2) 
PARAMETRIC_REPRESENTATION_CONTEXT() REPRESENTATION_CONTEXT('2D SPACE',''
  ) );
#492 = PCURVE('',#202,#493);
#493 = DEFINITIONAL_REPRESENTATION('',(#494),#498);
#494 = LINE('',#495,#496);
#495 = CARTESIAN_POINT('',(0.,0.));
#496 = VECTOR('',#497,1.);
#497 = DIRECTION('',(0.,-1.));
#498 = ( GEOMETRIC_REPRESENTATION_CONTEXT(2) 
PARAMETRIC_REPRESENTATION_CONTEXT() REPRESENTATION_CONTEXT('2D SPACE',''
  ) );
#499 = ORIENTED_EDGE('',*,*,#360,.F.);
#500 = FACE_BOUND('',#501,.F.);
#501 = EDGE_LOOP('',(#502));
#502 = ORIENTED_EDGE('',*,*,#503,.T.);
#503 = EDGE_CURVE('',#504,#504,#506,.T.);
#504 = VERTEX_POINT('',#505);
#505 = CARTESIAN_POINT('',(505.6251,0.,30.48));
#506 = SURFACE_CURVE('',#507,(#512,#523),.PCURVE_S1.);
#507 = CIRCLE('',#508,2.7051);
#508 = AXIS2_PLACEMENT_3D('',#509,#510,#511);
#509 = CARTESIAN_POINT('',(502.92,0.,30.48));
#510 = DIRECTION('',(0.,0.,-1.));
#511 = DIRECTION('',(1.,0.,0.));
#512 = PCURVE('',#72,#513);
#513 = DEFINITIONAL_REPRESENTATION('',(#514),#522);
#514 = ( BOUNDED_CURVE() B_SPLINE_CURVE(2,(#515,#516,#517,#518,#519,#520
,#521),.UNSPECIFIED.,.T.,.F.) B_SPLINE_CURVE_WITH_KNOTS((1,2,2,2,2,1),(
    -2.094395102393,0.,2.094395102393,4.188790204786,6.28318530718,
8.377580409573),.UNSPECIFIED.) CURVE() GEOMETRIC_REPRESENTATION_ITEM() 
RATIONAL_B_SPLINE_CURVE((1.,0.5,1.,0.5,1.,0.5,1.)) REPRESENTATION_ITEM(
  '') );
#515 = CARTESIAN_POINT('',(12.8651,23.9395));
#516 = CARTESIAN_POINT('',(12.8651,19.254129360445));
#517 = CARTESIAN_POINT('',(8.80745,21.596814680223));
#518 = CARTESIAN_POINT('',(4.7498,23.9395));
#519 = CARTESIAN_POINT('',(8.80745,26.282185319777));
#520 = CARTESIAN_POINT('',(12.8651,28.624870639555));
#521 = CARTESIAN_POINT('',(12.8651,23.9395));
#522 = ( GEOMETRIC_REPRESENTATION_CONTEXT(2) 
PARAMETRIC_REPRESENTATION_CONTEXT() REPRESENTATION_CONTEXT('2D SPACE',''
  ) );
#523 = PCURVE('',#346,#524);
#524 = DEFINITIONAL_REPRESENTATION('',(#525),#528);
#525 = B_SPLINE_CURVE_WITH_KNOTS('',1,(#526,#527),.UNSPECIFIED.,.F.,.F.,
  (2,2),(0.,6.28318530718),.PIECEWISE_BEZIER_KNOTS.);
#526 = CARTESIAN_POINT('',(-6.28318530718,-30.48));
#527 = CARTESIAN_POINT('',(0.,-30.48));
#528 = ( GEOMETRIC_REPRESENTATION_CONTEXT(2) 
PARAMETRIC_REPRESENTATION_CONTEXT() REPRESENTATION_CONTEXT('2D SPACE',''
  ) );
#529 = ADVANCED_FACE('',(#530),#202,.T.);
#530 = FACE_BOUND('',#531,.T.);
#531 = EDGE_LOOP('',(#532,#533,#534,#535));
#532 = ORIENTED_EDGE('',*,*,#188,.F.);
#533 = ORIENTED_EDGE('',*,*,#479,.T.);
#534 = ORIENTED_EDGE('',*,*,#385,.T.);
#535 = ORIENTED_EDGE('',*,*,#279,.F.);
#536 = ADVANCED_FACE('',(#537),#233,.F.);
#537 = FACE_BOUND('',#538,.T.);
#538 = EDGE_LOOP('',(#539,#563,#667,#686,#687,#688));
#539 = ORIENTED_EDGE('',*,*,#540,.F.);
#540 = EDGE_CURVE('',#541,#543,#545,.T.);
#541 = VERTEX_POINT('',#542);
#542 = CARTESIAN_POINT('',(500.21489999999,0.,39.036016709259));
#543 = VERTEX_POINT('',#544);
#544 = CARTESIAN_POINT('',(500.21489999999,0.,37.163983290741));
#545 = SURFACE_CURVE('',#546,(#551,#557),.PCURVE_S1.);
#546 = CIRCLE('',#547,2.5527);
#547 = AXIS2_PLACEMENT_3D('',#548,#549,#550);
#548 = CARTESIAN_POINT('',(497.84,0.,38.1));
#549 = DIRECTION('',(0.,-1.,0.));
#550 = DIRECTION('',(1.,0.,0.));
#551 = PCURVE('',#233,#552);
#552 = DEFINITIONAL_REPRESENTATION('',(#553),#556);
#553 = B_SPLINE_CURVE_WITH_KNOTS('',1,(#554,#555),.UNSPECIFIED.,.F.,.F.,
  (2,2),(0.375434854433,5.907750452746),.PIECEWISE_BEZIER_KNOTS.);
#554 = CARTESIAN_POINT('',(-0.375434854433,0.));
#555 = CARTESIAN_POINT('',(-5.907750452746,0.));
#556 = ( GEOMETRIC_REPRESENTATION_CONTEXT(2) 
PARAMETRIC_REPRESENTATION_CONTEXT() REPRESENTATION_CONTEXT('2D SPACE',''
  ) );
#557 = PCURVE('',#429,#558);
#558 = DEFINITIONAL_REPRESENTATION('',(#559),#562);
#559 = B_SPLINE_CURVE_WITH_KNOTS('',1,(#560,#561),.UNSPECIFIED.,.F.,.F.,
  (2,2),(0.375434854433,5.907750452746),.PIECEWISE_BEZIER_KNOTS.);
#560 = CARTESIAN_POINT('',(0.375434854433,0.));
#561 = CARTESIAN_POINT('',(5.907750452746,0.));
#562 = ( GEOMETRIC_REPRESENTATION_CONTEXT(2) 
PARAMETRIC_REPRESENTATION_CONTEXT() REPRESENTATION_CONTEXT('2D SPACE',''
  ) );
#563 = ORIENTED_EDGE('',*,*,#564,.T.);
#564 = EDGE_CURVE('',#541,#565,#567,.T.);
#565 = VERTEX_POINT('',#566);
#566 = CARTESIAN_POINT('',(500.3927,-0.964531347338,38.1));
#567 = SURFACE_CURVE('',#568,(#599,#633),.PCURVE_S1.);
#568 = B_SPLINE_CURVE_WITH_KNOTS('',5,(#569,#570,#571,#572,#573,#574,
    #575,#576,#577,#578,#579,#580,#581,#582,#583,#584,#585,#586,#587,
    #588,#589,#590,#591,#592,#593,#594,#595,#596,#597,#598),
  .UNSPECIFIED.,.F.,.F.,(6,4,4,4,4,4,4,6),(0.,0.302785929729,
    0.410185386948,0.482602946768,0.532597157274,0.665613460248,
    0.825422753327,1.),.UNSPECIFIED.);
#569 = CARTESIAN_POINT('',(500.21490000004,1.524010514888E-05,
    39.036016709143));
#570 = CARTESIAN_POINT('',(500.21489946448,-9.504445049894E-02,
    39.036018067975));
#571 = CARTESIAN_POINT('',(500.21907194702,-0.19001344229,
    39.025423561847));
#572 = CARTESIAN_POINT('',(500.22741775489,-0.282725790038,
    39.004282563229));
#573 = CARTESIAN_POINT('',(500.23916974963,-0.371055632998,
    38.972984483977));
#574 = CARTESIAN_POINT('',(500.25812002327,-0.482532451193,
    38.918049116054));
#575 = CARTESIAN_POINT('',(500.26336584807,-0.510973553127,
    38.902494678896));
#576 = CARTESIAN_POINT('',(500.26884548399,-0.538601097079,
    38.885803878962));
#577 = CARTESIAN_POINT('',(500.27450597019,-0.565356688056,
    38.868014718778));
#578 = CARTESIAN_POINT('',(500.28419278165,-0.608609035195,
    38.836461562201));
#579 = CARTESIAN_POINT('',(500.28815094876,-0.625608729649,
    38.823273740938));
#580 = CARTESIAN_POINT('',(500.29214917123,-0.642173726542,
    38.809618207051));
#581 = CARTESIAN_POINT('',(500.29617043843,-0.658290010537,
    38.795508434578));
#582 = CARTESIAN_POINT('',(500.30297792649,-0.684752517231,
    38.770914038735));
#583 = CARTESIAN_POINT('',(500.30576103229,-0.69534019566,
    38.760659725468));
#584 = CARTESIAN_POINT('',(500.3085413933,-0.705703834356,38.75020037763
    ));
#585 = CARTESIAN_POINT('',(500.31131346003,-0.715839539543,
    38.739540854045));
#586 = CARTESIAN_POINT('',(500.32141050188,-0.752094993482,
    38.69980591777));
#587 = CARTESIAN_POINT('',(500.32865199346,-0.776806915411,
    38.669544384162));
#588 = CARTESIAN_POINT('',(500.33569157399,-0.799811709624,
    38.637996188726));
#589 = CARTESIAN_POINT('',(500.34243192712,-0.82105217972,38.60526647867
    ));
#590 = CARTESIAN_POINT('',(500.35641347308,-0.863824781381,
    38.530868118901));
#591 = CARTESIAN_POINT('',(500.36348339428,-0.884553753874,
    38.48872660277));
#592 = CARTESIAN_POINT('',(500.36983574692,-0.902586536688,
    38.445248736489));
#593 = CARTESIAN_POINT('',(500.37534369305,-0.917859807742,
    38.400659855742));
#594 = CARTESIAN_POINT('',(500.38489959893,-0.943950422475,
    38.305556573934));
#595 = CARTESIAN_POINT('',(500.38876722197,-0.954225838262,
    38.254873224744));
#596 = CARTESIAN_POINT('',(500.39138848559,-0.96109606376,
    38.203487147454));
#597 = CARTESIAN_POINT('',(500.3927,-0.964531347339,38.151742759223));
#598 = CARTESIAN_POINT('',(500.3927,-0.964531347339,38.1));
#599 = PCURVE('',#233,#600);
#600 = DEFINITIONAL_REPRESENTATION('',(#601),#632);
#601 = B_SPLINE_CURVE_WITH_KNOTS('',5,(#602,#603,#604,#605,#606,#607,
    #608,#609,#610,#611,#612,#613,#614,#615,#616,#617,#618,#619,#620,
    #621,#622,#623,#624,#625,#626,#627,#628,#629,#630,#631),
  .UNSPECIFIED.,.F.,.F.,(6,4,4,4,4,4,4,6),(9.708614997409E-06,
    0.302785929729,0.410185386948,0.482602946768,0.532597157274,
    0.665613460248,0.825422753327,1.),.UNSPECIFIED.);
#602 = CARTESIAN_POINT('',(-0.375434854431,-1.051487691481E-10));
#603 = CARTESIAN_POINT('',(-0.375434854443,-9.505663104222E-02));
#604 = CARTESIAN_POINT('',(-0.370974171225,-0.190022360298));
#605 = CARTESIAN_POINT('',(-0.362069507482,-0.282731454621));
#606 = CARTESIAN_POINT('',(-0.34897786112,-0.371058271525));
#607 = CARTESIAN_POINT('',(-0.32621347433,-0.482532451193));
#608 = CARTESIAN_POINT('',(-0.319783087437,-0.510973553127));
#609 = CARTESIAN_POINT('',(-0.312901596121,-0.538601097079));
#610 = CARTESIAN_POINT('',(-0.305588913054,-0.565356688056));
#611 = CARTESIAN_POINT('',(-0.292658836862,-0.608609035195));
#612 = CARTESIAN_POINT('',(-0.287265040752,-0.625608729649));
#613 = CARTESIAN_POINT('',(-0.28169119356,-0.642173726542));
#614 = CARTESIAN_POINT('',(-0.275943870269,-0.658290010537));
#615 = CARTESIAN_POINT('',(-0.265946951708,-0.684752517231));
#616 = CARTESIAN_POINT('',(-0.261784633753,-0.69534019566));
#617 = CARTESIAN_POINT('',(-0.257545050923,-0.705703834356));
#618 = CARTESIAN_POINT('',(-0.253230442254,-0.715839539543));
#619 = CARTESIAN_POINT('',(-0.237169898946,-0.752094993482));
#620 = CARTESIAN_POINT('',(-0.224981691105,-0.776806915411));
#621 = CARTESIAN_POINT('',(-0.212321101106,-0.799811709624));
#622 = CARTESIAN_POINT('',(-0.199232408778,-0.82105217972));
#623 = CARTESIAN_POINT('',(-0.169577250057,-0.863824781381));
#624 = CARTESIAN_POINT('',(-0.152841253361,-0.884553753874));
#625 = CARTESIAN_POINT('',(-0.135633503836,-0.902586536688));
#626 = CARTESIAN_POINT('',(-0.11803807185,-0.917859807742));
#627 = CARTESIAN_POINT('',(-8.059451747921E-02,-0.943950422475));
#628 = CARTESIAN_POINT('',(-6.068801657215E-02,-0.954225838262));
#629 = CARTESIAN_POINT('',(-4.053997873619E-02,-0.96109606376));
#630 = CARTESIAN_POINT('',(-2.026981596878E-02,-0.964531347339));
#631 = CARTESIAN_POINT('',(0.,-0.964531347339));
#632 = ( GEOMETRIC_REPRESENTATION_CONTEXT(2) 
PARAMETRIC_REPRESENTATION_CONTEXT() REPRESENTATION_CONTEXT('2D SPACE',''
  ) );
#633 = PCURVE('',#346,#634);
#634 = DEFINITIONAL_REPRESENTATION('',(#635),#666);
#635 = B_SPLINE_CURVE_WITH_KNOTS('',5,(#636,#637,#638,#639,#640,#641,
    #642,#643,#644,#645,#646,#647,#648,#649,#650,#651,#652,#653,#654,
    #655,#656,#657,#658,#659,#660,#661,#662,#663,#664,#665),
  .UNSPECIFIED.,.F.,.F.,(6,4,4,4,4,4,4,6),(9.708614997409E-06,
    0.302785929729,0.410185386948,0.482602946768,0.532597157274,
    0.665613460248,0.825422753327,1.),.UNSPECIFIED.);
#636 = CARTESIAN_POINT('',(-3.141592653551,-39.03601670925));
#637 = CARTESIAN_POINT('',(-3.176732437955,-39.03601670908));
#638 = CARTESIAN_POINT('',(-3.211838197547,-39.0254215282));
#639 = CARTESIAN_POINT('',(-3.24620221785,-39.00428055611));
#640 = CARTESIAN_POINT('',(-3.279120724916,-38.97298318372));
#641 = CARTESIAN_POINT('',(-3.320920797771,-38.91804911605));
#642 = CARTESIAN_POINT('',(-3.331610971777,-38.90249467889));
#643 = CARTESIAN_POINT('',(-3.342021880537,-38.88580387896));
#644 = CARTESIAN_POINT('',(-3.352130890057,-38.86801471877));
#645 = CARTESIAN_POINT('',(-3.368516164835,-38.8364615622));
#646 = CARTESIAN_POINT('',(-3.374968346919,-38.82327374093));
#647 = CARTESIAN_POINT('',(-3.381267551524,-38.80961820705));
#648 = CARTESIAN_POINT('',(-3.387407789084,-38.79550843457));
#649 = CARTESIAN_POINT('',(-3.397508744597,-38.77091403873));
#650 = CARTESIAN_POINT('',(-3.401555621076,-38.76065972546));
#651 = CARTESIAN_POINT('',(-3.405522180873,-38.75020037763));
#652 = CARTESIAN_POINT('',(-3.409406632555,-38.73954085404));
#653 = CARTESIAN_POINT('',(-3.42331931559,-38.69980591777));
#654 = CARTESIAN_POINT('',(-3.432837944757,-38.66954438416));
#655 = CARTESIAN_POINT('',(-3.441730667592,-38.63799618872));
#656 = CARTESIAN_POINT('',(-3.449968272301,-38.60526647867));
#657 = CARTESIAN_POINT('',(-3.466603430912,-38.5308681189));
#658 = CARTESIAN_POINT('',(-3.474699221814,-38.48872660277));
#659 = CARTESIAN_POINT('',(-3.481766507061,-38.44524873648));
#660 = CARTESIAN_POINT('',(-3.48776853692,-38.40065985574));
#661 = CARTESIAN_POINT('',(-3.498040071083,-38.30555657393));
#662 = CARTESIAN_POINT('',(-3.502098680916,-38.25487322474));
#663 = CARTESIAN_POINT('',(-3.504816910471,-38.20348714745));
#664 = CARTESIAN_POINT('',(-3.506176291153,-38.15174275922));
#665 = CARTESIAN_POINT('',(-3.506176291153,-38.1));
#666 = ( GEOMETRIC_REPRESENTATION_CONTEXT(2) 
PARAMETRIC_REPRESENTATION_CONTEXT() REPRESENTATION_CONTEXT('2D SPACE',''
  ) );
#667 = ORIENTED_EDGE('',*,*,#668,.T.);
#668 = EDGE_CURVE('',#565,#217,#669,.T.);
#669 = SEAM_CURVE('',#670,(#674,#680),.PCURVE_S1.);
#670 = LINE('',#671,#672);
#671 = CARTESIAN_POINT('',(500.3927,0.,38.1));
#672 = VECTOR('',#673,1.);
#673 = DIRECTION('',(0.,-1.,0.));
#674 = PCURVE('',#233,#675);
#675 = DEFINITIONAL_REPRESENTATION('',(#676),#679);
#676 = B_SPLINE_CURVE_WITH_KNOTS('',1,(#677,#678),.UNSPECIFIED.,.F.,.F.,
  (2,2),(0.964531347338,23.9395),.PIECEWISE_BEZIER_KNOTS.);
#677 = CARTESIAN_POINT('',(-6.28318530718,-0.964531347338));
#678 = CARTESIAN_POINT('',(-6.28318530718,-23.9395));
#679 = ( GEOMETRIC_REPRESENTATION_CONTEXT(2) 
PARAMETRIC_REPRESENTATION_CONTEXT() REPRESENTATION_CONTEXT('2D SPACE',''
  ) );
#680 = PCURVE('',#233,#681);
#681 = DEFINITIONAL_REPRESENTATION('',(#682),#685);
#682 = B_SPLINE_CURVE_WITH_KNOTS('',1,(#683,#684),.UNSPECIFIED.,.F.,.F.,
  (2,2),(0.964531347338,23.9395),.PIECEWISE_BEZIER_KNOTS.);
#683 = CARTESIAN_POINT('',(0.,-0.964531347338));
#684 = CARTESIAN_POINT('',(0.,-23.9395));
#685 = ( GEOMETRIC_REPRESENTATION_CONTEXT(2) 
PARAMETRIC_REPRESENTATION_CONTEXT() REPRESENTATION_CONTEXT('2D SPACE',''
  ) );
#686 = ORIENTED_EDGE('',*,*,#216,.F.);
#687 = ORIENTED_EDGE('',*,*,#668,.F.);
#688 = ORIENTED_EDGE('',*,*,#689,.F.);
#689 = EDGE_CURVE('',#543,#565,#690,.T.);
#690 = SURFACE_CURVE('',#691,(#722,#756),.PCURVE_S1.);
#691 = B_SPLINE_CURVE_WITH_KNOTS('',5,(#692,#693,#694,#695,#696,#697,
    #698,#699,#700,#701,#702,#703,#704,#705,#706,#707,#708,#709,#710,
    #711,#712,#713,#714,#715,#716,#717,#718,#719,#720,#721),
  .UNSPECIFIED.,.F.,.F.,(6,4,4,4,4,4,4,6),(0.,0.301493448586,
    0.409986262414,0.482618460498,0.533844624254,0.66806321469,
    0.826944808673,1.),.UNSPECIFIED.);
#692 = CARTESIAN_POINT('',(500.21490000004,1.523991857109E-05,
    37.163983290857));
#693 = CARTESIAN_POINT('',(500.2148994668,-9.463492083451E-02,
    37.163981937912));
#694 = CARTESIAN_POINT('',(500.21903692912,-0.189213416905,
    37.174487322551));
#695 = CARTESIAN_POINT('',(500.22731068129,-0.281537877817,
    37.195446327109));
#696 = CARTESIAN_POINT('',(500.23897123485,-0.369558891088,
    37.226487008635));
#697 = CARTESIAN_POINT('',(500.25786007583,-0.481116944684,
    37.281181088982));
#698 = CARTESIAN_POINT('',(500.2631502102,-0.509878153784,
    37.296850330962));
#699 = CARTESIAN_POINT('',(500.26868033722,-0.537810742445,
    37.31368017671));
#700 = CARTESIAN_POINT('',(500.27439590611,-0.564854400457,
    37.331631506554));
#701 = CARTESIAN_POINT('',(500.28415156513,-0.608432179071,
    37.363401043472));
#702 = CARTESIAN_POINT('',(500.28812112094,-0.62548548014,
    37.376624205233));
#703 = CARTESIAN_POINT('',(500.29213105599,-0.642101582079,
    37.390317916587));
#704 = CARTESIAN_POINT('',(500.29616420868,-0.65826634154,
    37.404468585478));
#705 = CARTESIAN_POINT('',(500.30305209215,-0.685040431827,
    37.429354244296));
#706 = CARTESIAN_POINT('',(500.30590382274,-0.695882988202,
    37.439866784826));
#707 = CARTESIAN_POINT('',(500.30875251925,-0.70649021916,
    37.450594458386));
#708 = CARTESIAN_POINT('',(500.31159221351,-0.716857943282,
    37.461532033177));
#709 = CARTESIAN_POINT('',(500.3218182639,-0.753509212587,
    37.501867546152));
#710 = CARTESIAN_POINT('',(500.32911753266,-0.778365059587,
    37.532464592476));
#711 = CARTESIAN_POINT('',(500.33620735927,-0.80148046701,37.56436785753
    ));
#712 = CARTESIAN_POINT('',(500.34298798407,-0.822796972395,
    37.597469013076));
#713 = CARTESIAN_POINT('',(500.35691890121,-0.865314690376,
    37.672109123914));
#714 = CARTESIAN_POINT('',(500.36390947656,-0.885774849055,
    37.714081155887));
#715 = CARTESIAN_POINT('',(500.370185419,-0.903567398684,37.757365278192
    ));
#716 = CARTESIAN_POINT('',(500.37562281988,-0.91863056743,
    37.801739486845));
#717 = CARTESIAN_POINT('',(500.385034038,-0.944307608748,37.896213217542
    ));
#718 = CARTESIAN_POINT('',(500.38883556806,-0.954404953145,
    37.946472401517));
#719 = CARTESIAN_POINT('',(500.39141129915,-0.961155776433,
    37.997416190949));
#720 = CARTESIAN_POINT('',(500.3927,-0.964531347339,38.048708925855));
#721 = CARTESIAN_POINT('',(500.3927,-0.964531347339,38.1));
#722 = PCURVE('',#233,#723);
#723 = DEFINITIONAL_REPRESENTATION('',(#724),#755);
#724 = B_SPLINE_CURVE_WITH_KNOTS('',5,(#725,#726,#727,#728,#729,#730,
    #731,#732,#733,#734,#735,#736,#737,#738,#739,#740,#741,#742,#743,
    #744,#745,#746,#747,#748,#749,#750,#751,#752,#753,#754),
  .UNSPECIFIED.,.F.,.F.,(6,4,4,4,4,4,4,6),(9.708881197649E-06,
    0.301493448586,0.409986262414,0.482618460498,0.533844624254,
    0.66806321469,0.826944808673,1.),.UNSPECIFIED.);
#725 = CARTESIAN_POINT('',(-5.907750452749,8.142896530604E-11));
#726 = CARTESIAN_POINT('',(-5.907750452853,-9.464710344338E-02));
#727 = CARTESIAN_POINT('',(-5.912173632343,-0.189222336366));
#728 = CARTESIAN_POINT('',(-5.921001587221,-0.281543546717));
#729 = CARTESIAN_POINT('',(-5.933986362414,-0.369561532894));
#730 = CARTESIAN_POINT('',(-5.956653549365,-0.481116944684));
#731 = CARTESIAN_POINT('',(-5.963132096857,-0.509878153784));
#732 = CARTESIAN_POINT('',(-5.970071501299,-0.537810742445));
#733 = CARTESIAN_POINT('',(-5.977451254496,-0.564854400457));
#734 = CARTESIAN_POINT('',(-5.990470278682,-0.608432179071));
#735 = CARTESIAN_POINT('',(-5.995878616517,-0.62548548014));
#736 = CARTESIAN_POINT('',(-6.001468104612,-0.642101582079));
#737 = CARTESIAN_POINT('',(-6.007232109898,-0.65826634154));
#738 = CARTESIAN_POINT('',(-6.017347395189,-0.685040431827));
#739 = CARTESIAN_POINT('',(-6.021614377503,-0.695882988202));
#740 = CARTESIAN_POINT('',(-6.025962418028,-0.70649021916));
#741 = CARTESIAN_POINT('',(-6.030389107368,-0.716857943282));
#742 = CARTESIAN_POINT('',(-6.046690124141,-0.753509212587));
#743 = CARTESIAN_POINT('',(-6.059011388643,-0.778365059587));
#744 = CARTESIAN_POINT('',(-6.071811957349,-0.80148046701));
#745 = CARTESIAN_POINT('',(-6.08504629164,-0.822796972395));
#746 = CARTESIAN_POINT('',(-6.114790884983,-0.865314690376));
#747 = CARTESIAN_POINT('',(-6.131456307975,-0.885774849055));
#748 = CARTESIAN_POINT('',(-6.14858471068,-0.903567398684));
#749 = CARTESIAN_POINT('',(-6.166093375186,-0.91863056743));
#750 = CARTESIAN_POINT('',(-6.203285890389,-0.944307608748));
#751 = CARTESIAN_POINT('',(-6.223024891555,-0.954404953145));
#752 = CARTESIAN_POINT('',(-6.242999191111,-0.961155776433));
#753 = CARTESIAN_POINT('',(-6.263092435262,-0.964531347339));
#754 = CARTESIAN_POINT('',(-6.28318530718,-0.964531347339));
#755 = ( GEOMETRIC_REPRESENTATION_CONTEXT(2) 
PARAMETRIC_REPRESENTATION_CONTEXT() REPRESENTATION_CONTEXT('2D SPACE',''
  ) );
#756 = PCURVE('',#346,#757);
#757 = DEFINITIONAL_REPRESENTATION('',(#758),#789);
#758 = B_SPLINE_CURVE_WITH_KNOTS('',5,(#759,#760,#761,#762,#763,#764,
    #765,#766,#767,#768,#769,#770,#771,#772,#773,#774,#775,#776,#777,
    #778,#779,#780,#781,#782,#783,#784,#785,#786,#787,#788),
  .UNSPECIFIED.,.F.,.F.,(6,4,4,4,4,4,4,6),(9.708881197649E-06,
    0.301493448586,0.409986262414,0.482618460498,0.533844624254,
    0.66806321469,0.826944808673,1.),.UNSPECIFIED.);
#759 = CARTESIAN_POINT('',(-3.14159265362,-37.16398329074));
#760 = CARTESIAN_POINT('',(-3.176581047169,-37.16398329118));
#761 = CARTESIAN_POINT('',(-3.211542488268,-37.17448934738));
#762 = CARTESIAN_POINT('',(-3.245761855183,-37.1954483263));
#763 = CARTESIAN_POINT('',(-3.278562942467,-37.22648830384));
#764 = CARTESIAN_POINT('',(-3.320388823002,-37.28118108898));
#765 = CARTESIAN_POINT('',(-3.33119830485,-37.29685033096));
#766 = CARTESIAN_POINT('',(-3.341723418587,-37.31368017671));
#767 = CARTESIAN_POINT('',(-3.35194080474,-37.33163150655));
#768 = CARTESIAN_POINT('',(-3.368449036613,-37.36340104347));
#769 = CARTESIAN_POINT('',(-3.374921471823,-37.37662420523));
#770 = CARTESIAN_POINT('',(-3.381240054653,-37.39031791658));
#771 = CARTESIAN_POINT('',(-3.387398741459,-37.40446858547));
#772 = CARTESIAN_POINT('',(-3.397618653124,-37.42935424429));
#773 = CARTESIAN_POINT('',(-3.401763100393,-37.43986678482));
#774 = CARTESIAN_POINT('',(-3.405823175061,-37.45059445838));
#775 = CARTESIAN_POINT('',(-3.409796951902,-37.46153203317));
#776 = CARTESIAN_POINT('',(-3.423863388959,-37.50186754615));
#777 = CARTESIAN_POINT('',(-3.433439067306,-37.53246459247));
#778 = CARTESIAN_POINT('',(-3.442376315429,-37.56436785753));
#779 = CARTESIAN_POINT('',(-3.450645216411,-37.59746901307));
#780 = CARTESIAN_POINT('',(-3.467185003877,-37.67210912391));
#781 = CARTESIAN_POINT('',(-3.475177295598,-37.71408115588));
#782 = CARTESIAN_POINT('',(-3.482151450951,-37.75736527819));
#783 = CARTESIAN_POINT('',(-3.488071571743,-37.80173948684));
#784 = CARTESIAN_POINT('',(-3.4981811506,-37.89621321754));
#785 = CARTESIAN_POINT('',(-3.502169549979,-37.94647240151));
#786 = CARTESIAN_POINT('',(-3.504840543464,-37.99741619094));
#787 = CARTESIAN_POINT('',(-3.506176291153,-38.04870892585));
#788 = CARTESIAN_POINT('',(-3.506176291153,-38.1));
#789 = ( GEOMETRIC_REPRESENTATION_CONTEXT(2) 
PARAMETRIC_REPRESENTATION_CONTEXT() REPRESENTATION_CONTEXT('2D SPACE',''
  ) );
#790 = ADVANCED_FACE('',(#791),#263,.F.);
#791 = FACE_BOUND('',#792,.T.);
#792 = EDGE_LOOP('',(#793,#814,#836,#1126,#1146,#1147));
#793 = ORIENTED_EDGE('',*,*,#794,.F.);
#794 = EDGE_CURVE('',#795,#247,#797,.T.);
#795 = VERTEX_POINT('',#796);
#796 = CARTESIAN_POINT('',(510.5527,0.,38.1));
#797 = SEAM_CURVE('',#798,(#802,#808),.PCURVE_S1.);
#798 = LINE('',#799,#800);
#799 = CARTESIAN_POINT('',(510.5527,0.,38.1));
#800 = VECTOR('',#801,1.);
#801 = DIRECTION('',(0.,-1.,0.));
#802 = PCURVE('',#263,#803);
#803 = DEFINITIONAL_REPRESENTATION('',(#804),#807);
#804 = B_SPLINE_CURVE_WITH_KNOTS('',1,(#805,#806),.UNSPECIFIED.,.F.,.F.,
  (2,2),(0.,23.9395),.PIECEWISE_BEZIER_KNOTS.);
#805 = CARTESIAN_POINT('',(-6.28318530718,0.));
#806 = CARTESIAN_POINT('',(-6.28318530718,-23.9395));
#807 = ( GEOMETRIC_REPRESENTATION_CONTEXT(2) 
PARAMETRIC_REPRESENTATION_CONTEXT() REPRESENTATION_CONTEXT('2D SPACE',''
  ) );
#808 = PCURVE('',#263,#809);
#809 = DEFINITIONAL_REPRESENTATION('',(#810),#813);
#810 = B_SPLINE_CURVE_WITH_KNOTS('',1,(#811,#812),.UNSPECIFIED.,.F.,.F.,
  (2,2),(0.,23.9395),.PIECEWISE_BEZIER_KNOTS.);
#811 = CARTESIAN_POINT('',(0.,0.));
#812 = CARTESIAN_POINT('',(0.,-23.9395));
#813 = ( GEOMETRIC_REPRESENTATION_CONTEXT(2) 
PARAMETRIC_REPRESENTATION_CONTEXT() REPRESENTATION_CONTEXT('2D SPACE',''
  ) );
#814 = ORIENTED_EDGE('',*,*,#815,.F.);
#815 = EDGE_CURVE('',#816,#795,#818,.T.);
#816 = VERTEX_POINT('',#817);
#817 = CARTESIAN_POINT('',(505.6251,0.,37.163983290747));
#818 = SURFACE_CURVE('',#819,(#824,#830),.PCURVE_S1.);
#819 = CIRCLE('',#820,2.5527);
#820 = AXIS2_PLACEMENT_3D('',#821,#822,#823);
#821 = CARTESIAN_POINT('',(508.,0.,38.1));
#822 = DIRECTION('',(0.,-1.,0.));
#823 = DIRECTION('',(1.,0.,0.));
#824 = PCURVE('',#263,#825);
#825 = DEFINITIONAL_REPRESENTATION('',(#826),#829);
#826 = B_SPLINE_CURVE_WITH_KNOTS('',1,(#827,#828),.UNSPECIFIED.,.F.,.F.,
  (2,2),(3.517027508021,6.28318530718),.PIECEWISE_BEZIER_KNOTS.);
#827 = CARTESIAN_POINT('',(-3.517027508021,0.));
#828 = CARTESIAN_POINT('',(-6.28318530718,0.));
#829 = ( GEOMETRIC_REPRESENTATION_CONTEXT(2) 
PARAMETRIC_REPRESENTATION_CONTEXT() REPRESENTATION_CONTEXT('2D SPACE',''
  ) );
#830 = PCURVE('',#463,#831);
#831 = DEFINITIONAL_REPRESENTATION('',(#832),#835);
#832 = B_SPLINE_CURVE_WITH_KNOTS('',1,(#833,#834),.UNSPECIFIED.,.F.,.F.,
  (2,2),(3.517027508021,6.28318530718),.PIECEWISE_BEZIER_KNOTS.);
#833 = CARTESIAN_POINT('',(3.517027508021,0.));
#834 = CARTESIAN_POINT('',(6.28318530718,0.));
#835 = ( GEOMETRIC_REPRESENTATION_CONTEXT(2) 
PARAMETRIC_REPRESENTATION_CONTEXT() REPRESENTATION_CONTEXT('2D SPACE',''
  ) );
#836 = ORIENTED_EDGE('',*,*,#837,.F.);
#837 = EDGE_CURVE('',#838,#816,#840,.T.);
#838 = VERTEX_POINT('',#839);
#839 = CARTESIAN_POINT('',(505.6251,0.,39.036016709253));
#840 = SURFACE_CURVE('',#841,(#934,#1030),.PCURVE_S1.);
#841 = B_SPLINE_CURVE_WITH_KNOTS('',7,(#842,#843,#844,#845,#846,#847,
    #848,#849,#850,#851,#852,#853,#854,#855,#856,#857,#858,#859,#860,
    #861,#862,#863,#864,#865,#866,#867,#868,#869,#870,#871,#872,#873,
    #874,#875,#876,#877,#878,#879,#880,#881,#882,#883,#884,#885,#886,
    #887,#888,#889,#890,#891,#892,#893,#894,#895,#896,#897,#898,#899,
    #900,#901,#902,#903,#904,#905,#906,#907,#908,#909,#910,#911,#912,
    #913,#914,#915,#916,#917,#918,#919,#920,#921,#922,#923,#924,#925,
    #926,#927,#928,#929,#930,#931,#932,#933),.UNSPECIFIED.,.F.,.F.,(8,6,
    6,6,6,6,6,6,6,6,6,6,6,6,6,8),(0.,0.150379818543,0.204495937814,
    0.240724813772,0.266276378801,0.333224492619,0.412474490722,
    0.500942210525,0.585874058694,0.665587560523,0.756874043566,
    0.792996217765,0.846567505064,0.897607596875,0.944575625322,1.),
  .UNSPECIFIED.);
#842 = CARTESIAN_POINT('',(505.6251,-7.04991620637E-16,39.036016709253)
  );
#843 = CARTESIAN_POINT('',(505.6251,-6.760507232366E-02,39.036016709253)
  );
#844 = CARTESIAN_POINT('',(505.62312965329,-0.13517592477,
    39.031013824731));
#845 = CARTESIAN_POINT('',(505.61918946031,-0.20208907996,
    39.021023237633));
#846 = CARTESIAN_POINT('',(505.61338673292,-0.26774005815,
    39.006105670442));
#847 = CARTESIAN_POINT('',(505.60591939242,-0.331554603078,
    38.986377430812));
#848 = CARTESIAN_POINT('',(505.59705976763,-0.392999907806,
    38.962020456219));
#849 = CARTESIAN_POINT('',(505.58356805808,-0.472682343508,
    38.922954181755));
#850 = CARTESIAN_POINT('',(505.57985883487,-0.493406991679,
    38.912046579008));
#851 = CARTESIAN_POINT('',(505.57602548698,-0.513750149245,
    38.900579604821));
#852 = CARTESIAN_POINT('',(505.57208318922,-0.533693382544,
    38.888563874955));
#853 = CARTESIAN_POINT('',(505.56804752753,-0.553219460088,
    38.876010566456));
#854 = CARTESIAN_POINT('',(505.56393449896,-0.57231235256,
    38.862931417666));
#855 = CARTESIAN_POINT('',(505.55696617109,-0.603439337284,
    38.840238891296));
#856 = CARTESIAN_POINT('',(505.55414445956,-0.61572065833,
    38.830908868627));
#857 = CARTESIAN_POINT('',(505.55130026272,-0.62779675197,
    38.821352328918));
#858 = CARTESIAN_POINT('',(505.54843847506,-0.639663375734,
    38.811573048244));
#859 = CARTESIAN_POINT('',(505.54556399988,-0.651316488665,
    38.801574910051));
#860 = CARTESIAN_POINT('',(505.54268174934,-0.662752251322,
    38.791361905153));
#861 = CARTESIAN_POINT('',(505.53776183258,-0.681876601526,
    38.773586434569));
#862 = CARTESIAN_POINT('',(505.53572559502,-0.68967624886,
    38.766129897168));
#863 = CARTESIAN_POINT('',(505.53368965405,-0.697364688993,
    38.758569957091));
#864 = CARTESIAN_POINT('',(505.53165572342,-0.704940685189,
    38.750908080519));
#865 = CARTESIAN_POINT('',(505.52962550833,-0.712403042757,
    38.743145762252));
#866 = CARTESIAN_POINT('',(505.52760070541,-0.719750609051,
    38.735284525708));
#867 = CARTESIAN_POINT('',(505.5202963837,-0.745930087126,
    38.706473445011));
#868 = CARTESIAN_POINT('',(505.51505833509,-0.764082142629,
    38.684952596983));
#869 = CARTESIAN_POINT('',(505.50989955526,-0.781418626422,
    38.662791195555));
#870 = CARTESIAN_POINT('',(505.50484964478,-0.797921279944,
    38.640018624551));
#871 = CARTESIAN_POINT('',(505.4999371064,-0.813573399635,
    38.616665834895));
#872 = CARTESIAN_POINT('',(505.49518934507,-0.828359836932,
    38.592765344615));
#873 = CARTESIAN_POINT('',(505.48523868997,-0.85872963549,38.53945097973
    ));
#874 = CARTESIAN_POINT('',(505.48011185191,-0.873960113932,
    38.509830878135));
#875 = CARTESIAN_POINT('',(505.47529605064,-0.887935554852,
    38.479547956594));
#876 = CARTESIAN_POINT('',(505.47083093585,-0.900635694325,
    38.448662441231));
#877 = CARTESIAN_POINT('',(505.46675191,-0.912042883257,38.417237761756)
  );
#878 = CARTESIAN_POINT('',(505.46309012839,-0.922142087381,
    38.385340551466));
#879 = CARTESIAN_POINT('',(505.45628062106,-0.94072076645,
    38.316983878225));
#880 = CARTESIAN_POINT('',(505.45324142742,-0.948875365334,
    38.28042416627));
#881 = CARTESIAN_POINT('',(505.45079210469,-0.95536709203,
    38.243460275751));
#882 = CARTESIAN_POINT('',(505.44896043151,-0.960182840534,
    38.206193257751));
#883 = CARTESIAN_POINT('',(505.4477647786,-0.963313990713,
    38.168726450059));
#884 = CARTESIAN_POINT('',(505.44721410884,-0.964756408309,
    38.131165477173));
#885 = CARTESIAN_POINT('',(505.44739809383,-0.964274312204,
    38.057571708359));
#886 = CARTESIAN_POINT('',(505.44808224767,-0.962482063707,
    38.021536351879));
#887 = CARTESIAN_POINT('',(505.44935912504,-0.959134185945,
    37.985607504111));
#888 = CARTESIAN_POINT('',(505.45121946289,-0.954234961583,
    37.949878432142));
#889 = CARTESIAN_POINT('',(505.45364604887,-0.94779246945,
    37.914440346888));
#890 = CARTESIAN_POINT('',(505.45661372126,-0.939818584538,
    37.879382403098));
#891 = CARTESIAN_POINT('',(505.46335146754,-0.921422427816,
    37.812326302857));
#892 = CARTESIAN_POINT('',(505.4670616652,-0.911180591538,
    37.780271703669));
#893 = CARTESIAN_POINT('',(505.47119236152,-0.899616208892,
    37.748698856109));
#894 = CARTESIAN_POINT('',(505.47571163656,-0.88674469575,
    37.717675428149));
#895 = CARTESIAN_POINT('',(505.48058325089,-0.872584144137,
    37.687265801412));
#896 = CARTESIAN_POINT('',(505.48576664563,-0.857155322225,
    37.657531071176));
#897 = CARTESIAN_POINT('',(505.49745852531,-0.821387309635,
    37.595316443926));
#898 = CARTESIAN_POINT('',(505.50405144304,-0.800660808903,
    37.563064779584));
#899 = CARTESIAN_POINT('',(505.51092783326,-0.778336379851,
    37.531859845938));
#900 = CARTESIAN_POINT('',(505.51801673214,-0.754453985219,
    37.501782238151));
#901 = CARTESIAN_POINT('',(505.52524407441,-0.729059342777,
    37.472907353959));
#902 = CARTESIAN_POINT('',(505.53253269335,-0.702203925322,
    37.44530539367));
#903 = CARTESIAN_POINT('',(505.54267892134,-0.662762853435,
    37.408648649634));
#904 = CARTESIAN_POINT('',(505.54555267734,-0.651361063404,
    37.398465473518));
#905 = CARTESIAN_POINT('',(505.5484187113,-0.639743196572,37.38849589362
    ));
#906 = CARTESIAN_POINT('',(505.5512721544,-0.627913058126,
    37.378743865706));
#907 = CARTESIAN_POINT('',(505.55410814646,-0.615874652445,
    37.369213239502));
#908 = CARTESIAN_POINT('',(505.55692183595,-0.603632183111,
    37.359907758692));
#909 = CARTESIAN_POINT('',(505.563840987,-0.57273764944,37.337369789709)
  );
#910 = CARTESIAN_POINT('',(505.56791399229,-0.553846090679,
    37.324411670644));
#911 = CARTESIAN_POINT('',(505.57191148538,-0.534529740376,
    37.311968629655));
#912 = CARTESIAN_POINT('',(505.5758179452,-0.514804122552,
    37.300052058634));
#913 = CARTESIAN_POINT('',(505.57961824008,-0.494685921491,
    37.288672815447));
#914 = CARTESIAN_POINT('',(505.58329762777,-0.474192981739,
    37.277841223928));
#915 = CARTESIAN_POINT('',(505.59021842614,-0.433480715684,
    37.257778368251));
#916 = CARTESIAN_POINT('',(505.59347246564,-0.413294146769,
    37.248495600074));
#917 = CARTESIAN_POINT('',(505.59659144524,-0.39280123085,
    37.239727317277));
#918 = CARTESIAN_POINT('',(505.59956365372,-0.372019569255,
    37.231481496603));
#919 = CARTESIAN_POINT('',(505.60237809732,-0.35096773515,
    37.223765543607));
#920 = CARTESIAN_POINT('',(505.60502449971,-0.329665273534,
    37.21658629266));
#921 = CARTESIAN_POINT('',(505.60976513917,-0.288318033368,
    37.203843175134));
#922 = CARTESIAN_POINT('',(505.61186668642,-0.268481798351,
    37.198249481495));
#923 = CARTESIAN_POINT('',(505.6137993784,-0.248612625157,37.19314910978
    ));
#924 = CARTESIAN_POINT('',(505.61556395825,-0.228697295825,37.1885262576
    ));
#925 = CARTESIAN_POINT('',(505.61716047762,-0.208720745476,
    37.184369136431));
#926 = CARTESIAN_POINT('',(505.61858829667,-0.188666062309,
    37.180669971611));
#927 = CARTESIAN_POINT('',(505.62133032938,-0.144734727972,
    37.173595793438));
#928 = CARTESIAN_POINT('',(505.62257829334,-0.120787873263,
    37.170397495441));
#929 = CARTESIAN_POINT('',(505.6235834934,-9.684232284663E-02,
    37.167834240205));
#930 = CARTESIAN_POINT('',(505.62434071239,-7.253298737237E-02,
    37.165909788201));
#931 = CARTESIAN_POINT('',(505.62484679355,-4.852547557685E-02,
    37.164625736326));
#932 = CARTESIAN_POINT('',(505.62509986351,-2.421871031608E-02,
    37.163983637044));
#933 = CARTESIAN_POINT('',(505.62509999995,5.477538145282E-11,
    37.163983290856));
#934 = PCURVE('',#263,#935);
#935 = DEFINITIONAL_REPRESENTATION('',(#936),#1029);
#936 = B_SPLINE_CURVE_WITH_KNOTS('',7,(#937,#938,#939,#940,#941,#942,
    #943,#944,#945,#946,#947,#948,#949,#950,#951,#952,#953,#954,#955,
    #956,#957,#958,#959,#960,#961,#962,#963,#964,#965,#966,#967,#968,
    #969,#970,#971,#972,#973,#974,#975,#976,#977,#978,#979,#980,#981,
    #982,#983,#984,#985,#986,#987,#988,#989,#990,#991,#992,#993,#994,
    #995,#996,#997,#998,#999,#1000,#1001,#1002,#1003,#1004,#1005,#1006,
    #1007,#1008,#1009,#1010,#1011,#1012,#1013,#1014,#1015,#1016,#1017,
    #1018,#1019,#1020,#1021,#1022,#1023,#1024,#1025,#1026,#1027,#1028),
  .UNSPECIFIED.,.F.,.F.,(8,6,6,6,6,6,6,6,6,6,6,6,6,6,6,8),(0.,
    0.150379818543,0.204495937814,0.240724813772,0.266276378801,
    0.333224492619,0.412474490722,0.500942210525,0.585874058694,
    0.665587560523,0.756874043566,0.792996217765,0.846567505064,
    0.897607596875,0.944575625322,1.),.UNSPECIFIED.);
#937 = CARTESIAN_POINT('',(-2.766157799159,-7.04991620637E-16));
#938 = CARTESIAN_POINT('',(-2.766157799159,-6.760507232366E-02));
#939 = CARTESIAN_POINT('',(-2.768264075262,-0.13517592477));
#940 = CARTESIAN_POINT('',(-2.772471368939,-0.20208907996));
#941 = CARTESIAN_POINT('',(-2.778741628881,-0.26774005815));
#942 = CARTESIAN_POINT('',(-2.787004231803,-0.331554603078));
#943 = CARTESIAN_POINT('',(-2.797156203242,-0.392999907806));
#944 = CARTESIAN_POINT('',(-2.813347050802,-0.472682343508));
#945 = CARTESIAN_POINT('',(-2.817860277562,-0.493406991679));
#946 = CARTESIAN_POINT('',(-2.822596623466,-0.513750149245));
#947 = CARTESIAN_POINT('',(-2.827550411183,-0.533693382544));
#948 = CARTESIAN_POINT('',(-2.832715781227,-0.553219460088));
#949 = CARTESIAN_POINT('',(-2.838086691963,-0.57231235256));
#950 = CARTESIAN_POINT('',(-2.847385994953,-0.603439337284));
#951 = CARTESIAN_POINT('',(-2.851204419038,-0.61572065833));
#952 = CARTESIAN_POINT('',(-2.855110339835,-0.62779675197));
#953 = CARTESIAN_POINT('',(-2.85910188375,-0.639663375734));
#954 = CARTESIAN_POINT('',(-2.863177155621,-0.651316488665));
#955 = CARTESIAN_POINT('',(-2.867334238717,-0.662752251322));
#956 = CARTESIAN_POINT('',(-2.874559442497,-0.681876601526));
#957 = CARTESIAN_POINT('',(-2.877587421422,-0.68967624886));
#958 = CARTESIAN_POINT('',(-2.880654452304,-0.697364688993));
#959 = CARTESIAN_POINT('',(-2.883759851337,-0.704940685189));
#960 = CARTESIAN_POINT('',(-2.886902930121,-0.712403042757));
#961 = CARTESIAN_POINT('',(-2.890082995666,-0.719750609051));
#962 = CARTESIAN_POINT('',(-2.901726579075,-0.745930087126));
#963 = CARTESIAN_POINT('',(-2.910402924116,-0.764082142629));
#964 = CARTESIAN_POINT('',(-2.919315859755,-0.781418626422));
#965 = CARTESIAN_POINT('',(-2.928452617599,-0.797921279944));
#966 = CARTESIAN_POINT('',(-2.937800186615,-0.813573399635));
#967 = CARTESIAN_POINT('',(-2.947345313129,-0.828359836932));
#968 = CARTESIAN_POINT('',(-2.968591451231,-0.85872963549));
#969 = CARTESIAN_POINT('',(-2.980366350409,-0.873960113932));
#970 = CARTESIAN_POINT('',(-2.992376709016,-0.887935554852));
#971 = CARTESIAN_POINT('',(-3.004599465532,-0.900635694325));
#972 = CARTESIAN_POINT('',(-3.017010986269,-0.912042883257));
#973 = CARTESIAN_POINT('',(-3.029587065366,-0.922142087381));
#974 = CARTESIAN_POINT('',(-3.056497790602,-0.94072076645));
#975 = CARTESIAN_POINT('',(-3.07086709261,-0.948875365334));
#976 = CARTESIAN_POINT('',(-3.085375925118,-0.95536709203));
#977 = CARTESIAN_POINT('',(-3.099988931281,-0.960182840534));
#978 = CARTESIAN_POINT('',(-3.11467030311,-0.963313990713));
#979 = CARTESIAN_POINT('',(-3.12938378147,-0.964756408309));
#980 = CARTESIAN_POINT('',(-3.158213647414,-0.964274312204));
#981 = CARTESIAN_POINT('',(-3.172330716588,-0.962482063707));
#982 = CARTESIAN_POINT('',(-3.186411416577,-0.959134185945));
#983 = CARTESIAN_POINT('',(-3.200423706034,-0.954234961583));
#984 = CARTESIAN_POINT('',(-3.214335949279,-0.94779246945));
#985 = CARTESIAN_POINT('',(-3.228116916307,-0.939818584538));
#986 = CARTESIAN_POINT('',(-3.254517884681,-0.921422427816));
#987 = CARTESIAN_POINT('',(-3.26715736245,-0.911180591538));
#988 = CARTESIAN_POINT('',(-3.279629024149,-0.899616208892));
#989 = CARTESIAN_POINT('',(-3.291908263757,-0.88674469575));
#990 = CARTESIAN_POINT('',(-3.303971061169,-0.872584144137));
#991 = CARTESIAN_POINT('',(-3.315793982196,-0.857155322225));
#992 = CARTESIAN_POINT('',(-3.340592709636,-0.821387309635));
#993 = CARTESIAN_POINT('',(-3.353486685239,-0.800660808903));
#994 = CARTESIAN_POINT('',(-3.366001996998,-0.778336379851));
#995 = CARTESIAN_POINT('',(-3.37810533683,-0.754453985219));
#996 = CARTESIAN_POINT('',(-3.38976419695,-0.729059342777));
#997 = CARTESIAN_POINT('',(-3.400946869867,-0.702203925322));
#998 = CARTESIAN_POINT('',(-3.41584678801,-0.662762853435));
#999 = CARTESIAN_POINT('',(-3.419991721832,-0.651361063404));
#1000 = CARTESIAN_POINT('',(-3.424055328734,-0.639743196572));
#1001 = CARTESIAN_POINT('',(-3.428035708874,-0.627913058126));
#1002 = CARTESIAN_POINT('',(-3.431930983684,-0.615874652445));
#1003 = CARTESIAN_POINT('',(-3.435739295875,-0.603632183111));
#1004 = CARTESIAN_POINT('',(-3.444975064584,-0.57273764944));
#1005 = CARTESIAN_POINT('',(-3.450296046332,-0.553846090679));
#1006 = CARTESIAN_POINT('',(-3.455415721077,-0.534529740376));
#1007 = CARTESIAN_POINT('',(-3.46032822735,-0.514804122552));
#1008 = CARTESIAN_POINT('',(-3.465027875815,-0.494685921491));
#1009 = CARTESIAN_POINT('',(-3.469509149273,-0.474192981739));
#1010 = CARTESIAN_POINT('',(-3.477823090441,-0.433480715684));
#1011 = CARTESIAN_POINT('',(-3.48167645482,-0.413294146769));
#1012 = CARTESIAN_POINT('',(-3.48532213964,-0.39280123085));
#1013 = CARTESIAN_POINT('',(-3.488755757464,-0.372019569255));
#1014 = CARTESIAN_POINT('',(-3.49197318957,-0.35096773515));
#1015 = CARTESIAN_POINT('',(-3.494970585952,-0.329665273534));
#1016 = CARTESIAN_POINT('',(-3.500296847959,-0.288318033368));
#1017 = CARTESIAN_POINT('',(-3.50263767105,-0.268481798351));
#1018 = CARTESIAN_POINT('',(-3.504774325334,-0.248612625157));
#1019 = CARTESIAN_POINT('',(-3.506712724443,-0.228697295825));
#1020 = CARTESIAN_POINT('',(-3.508457204903,-0.208720745476));
#1021 = CARTESIAN_POINT('',(-3.510010526129,-0.188666062309));
#1022 = CARTESIAN_POINT('',(-3.512982677688,-0.144734727972));
#1023 = CARTESIAN_POINT('',(-3.514327583905,-0.12076445608));
#1024 = CARTESIAN_POINT('',(-3.515406168879,-9.691963125607E-02));
#1025 = CARTESIAN_POINT('',(-3.516216317147,-7.242183203279E-02));
#1026 = CARTESIAN_POINT('',(-3.516756993216,-4.860367160366E-02));
#1027 = CARTESIAN_POINT('',(-3.517027362205,-2.420347037086E-02));
#1028 = CARTESIAN_POINT('',(-3.517027507975,1.524000000009E-05));
#1029 = ( GEOMETRIC_REPRESENTATION_CONTEXT(2) 
PARAMETRIC_REPRESENTATION_CONTEXT() REPRESENTATION_CONTEXT('2D SPACE',''
  ) );
#1030 = PCURVE('',#346,#1031);
#1031 = DEFINITIONAL_REPRESENTATION('',(#1032),#1125);
#1032 = B_SPLINE_CURVE_WITH_KNOTS('',7,(#1033,#1034,#1035,#1036,#1037,
    #1038,#1039,#1040,#1041,#1042,#1043,#1044,#1045,#1046,#1047,#1048,
    #1049,#1050,#1051,#1052,#1053,#1054,#1055,#1056,#1057,#1058,#1059,
    #1060,#1061,#1062,#1063,#1064,#1065,#1066,#1067,#1068,#1069,#1070,
    #1071,#1072,#1073,#1074,#1075,#1076,#1077,#1078,#1079,#1080,#1081,
    #1082,#1083,#1084,#1085,#1086,#1087,#1088,#1089,#1090,#1091,#1092,
    #1093,#1094,#1095,#1096,#1097,#1098,#1099,#1100,#1101,#1102,#1103,
    #1104,#1105,#1106,#1107,#1108,#1109,#1110,#1111,#1112,#1113,#1114,
    #1115,#1116,#1117,#1118,#1119,#1120,#1121,#1122,#1123,#1124),
  .UNSPECIFIED.,.F.,.F.,(8,6,6,6,6,6,6,6,6,6,6,6,6,6,6,8),(0.,
    0.150379818543,0.204495937814,0.240724813772,0.266276378801,
    0.333224492619,0.412474490722,0.500942210525,0.585874058694,
    0.665587560523,0.756874043566,0.792996217765,0.846567505064,
    0.897607596875,0.944575625322,1.),.UNSPECIFIED.);
#1033 = CARTESIAN_POINT('',(-6.28318530718,-39.03601670925));
#1034 = CARTESIAN_POINT('',(-6.258193598066,-39.03601670925));
#1035 = CARTESIAN_POINT('',(-6.233214721881,-39.03101382473));
#1036 = CARTESIAN_POINT('',(-6.208453001168,-39.02102323763));
#1037 = CARTESIAN_POINT('',(-6.184107197181,-39.00610567044));
#1038 = CARTESIAN_POINT('',(-6.160369943934,-38.98637743081));
#1039 = CARTESIAN_POINT('',(-6.137427182255,-38.96202045621));
#1040 = CARTESIAN_POINT('',(-6.107551553786,-38.92295418175));
#1041 = CARTESIAN_POINT('',(-6.099768834795,-38.912046579));
#1042 = CARTESIAN_POINT('',(-6.092116692258,-38.90057960482));
#1043 = CARTESIAN_POINT('',(-6.084602090942,-38.88856387495));
#1044 = CARTESIAN_POINT('',(-6.077231704982,-38.87601056645));
#1045 = CARTESIAN_POINT('',(-6.07001191788,-38.86293141766));
#1046 = CARTESIAN_POINT('',(-6.058220323685,-38.84023889129));
#1047 = CARTESIAN_POINT('',(-6.053562045407,-38.83090886862));
#1048 = CARTESIAN_POINT('',(-6.048975813168,-38.82135232891));
#1049 = CARTESIAN_POINT('',(-6.044463403096,-38.81157304824));
#1050 = CARTESIAN_POINT('',(-6.040026541945,-38.80157491005));
#1051 = CARTESIAN_POINT('',(-6.035666907101,-38.79136190515));
#1052 = CARTESIAN_POINT('',(-6.028366970197,-38.77358643456));
#1053 = CARTESIAN_POINT('',(-6.025387038419,-38.76612989716));
#1054 = CARTESIAN_POINT('',(-6.022446902938,-38.75856995709));
#1055 = CARTESIAN_POINT('',(-6.019547124636,-38.75090808051));
#1056 = CARTESIAN_POINT('',(-6.016688253577,-38.74314576225));
#1057 = CARTESIAN_POINT('',(-6.013870829009,-38.7352845257));
#1058 = CARTESIAN_POINT('',(-6.003823373969,-38.70647344501));
#1059 = CARTESIAN_POINT('',(-5.996839525338,-38.68495259698));
#1060 = CARTESIAN_POINT('',(-5.990153348049,-38.66279119555));
#1061 = CARTESIAN_POINT('',(-5.983773873235,-38.64001862455));
#1062 = CARTESIAN_POINT('',(-5.977709648587,-38.61666583489));
#1063 = CARTESIAN_POINT('',(-5.971968738351,-38.59276534461));
#1064 = CARTESIAN_POINT('',(-5.960154604447,-38.53945097973));
#1065 = CARTESIAN_POINT('',(-5.954214044951,-38.50983087813));
#1066 = CARTESIAN_POINT('',(-5.948749805317,-38.47954795659));
#1067 = CARTESIAN_POINT('',(-5.943773394092,-38.44866244123));
#1068 = CARTESIAN_POINT('',(-5.939295067904,-38.41723776175));
#1069 = CARTESIAN_POINT('',(-5.935323831457,-38.38534055146));
#1070 = CARTESIAN_POINT('',(-5.928009023695,-38.31698387822));
#1071 = CARTESIAN_POINT('',(-5.924791950245,-38.28042416627));
#1072 = CARTESIAN_POINT('',(-5.922227050016,-38.24346027575));
#1073 = CARTESIAN_POINT('',(-5.920322415909,-38.20619325775));
#1074 = CARTESIAN_POINT('',(-5.919083400885,-38.16872645005));
#1075 = CARTESIAN_POINT('',(-5.918512617969,-38.13116547717));
#1076 = CARTESIAN_POINT('',(-5.91870337276,-38.05757170835));
#1077 = CARTESIAN_POINT('',(-5.91941256998,-38.02153635187));
#1078 = CARTESIAN_POINT('',(-5.920737143262,-37.98560750411));
#1079 = CARTESIAN_POINT('',(-5.922674391112,-37.94987843214));
#1080 = CARTESIAN_POINT('',(-5.925219299188,-37.91444034688));
#1081 = CARTESIAN_POINT('',(-5.928364540302,-37.87938240309));
#1082 = CARTESIAN_POINT('',(-5.93560686687,-37.81232630285));
#1083 = CARTESIAN_POINT('',(-5.93963377381,-37.78027170366));
#1084 = CARTESIAN_POINT('',(-5.944173245228,-37.7486988561));
#1085 = CARTESIAN_POINT('',(-5.949216056157,-37.71767542814));
#1086 = CARTESIAN_POINT('',(-5.954751706672,-37.68726580141));
#1087 = CARTESIAN_POINT('',(-5.960768421896,-37.65753107117));
#1088 = CARTESIAN_POINT('',(-5.974679349441,-37.59531644392));
#1089 = CARTESIAN_POINT('',(-5.98271945635,-37.56306477958));
#1090 = CARTESIAN_POINT('',(-5.991354172626,-37.53185984593));
#1091 = CARTESIAN_POINT('',(-6.000562524448,-37.50178223815));
#1092 = CARTESIAN_POINT('',(-6.010321864264,-37.47290735395));
#1093 = CARTESIAN_POINT('',(-6.02060787079,-37.44530539367));
#1094 = CARTESIAN_POINT('',(-6.035662850921,-37.40864864963));
#1095 = CARTESIAN_POINT('',(-6.040009540872,-37.39846547351));
#1096 = CARTESIAN_POINT('',(-6.044433005195,-37.38849589362));
#1097 = CARTESIAN_POINT('',(-6.048931581404,-37.3787438657));
#1098 = CARTESIAN_POINT('',(-6.053503558193,-37.3692132395));
#1099 = CARTESIAN_POINT('',(-6.058147175441,-37.35990775869));
#1100 = CARTESIAN_POINT('',(-6.06985094314,-37.3373697897));
#1101 = CARTESIAN_POINT('',(-6.076994863507,-37.32441167064));
#1102 = CARTESIAN_POINT('',(-6.084286481375,-37.31196862965));
#1103 = CARTESIAN_POINT('',(-6.091719611348,-37.30005205863));
#1104 = CARTESIAN_POINT('',(-6.099287786569,-37.28867281544));
#1105 = CARTESIAN_POINT('',(-6.106984258724,-37.27784122392));
#1106 = CARTESIAN_POINT('',(-6.122250356149,-37.25777836825));
#1107 = CARTESIAN_POINT('',(-6.12980881777,-37.24849560007));
#1108 = CARTESIAN_POINT('',(-6.137471240942,-37.23972731727));
#1109 = CARTESIAN_POINT('',(-6.145231248211,-37.2314814966));
#1110 = CARTESIAN_POINT('',(-6.153082226629,-37.2237655436));
#1111 = CARTESIAN_POINT('',(-6.161017327751,-37.21658629266));
#1112 = CARTESIAN_POINT('',(-6.176402385692,-37.20384317513));
#1113 = CARTESIAN_POINT('',(-6.183776061292,-37.19824948149));
#1114 = CARTESIAN_POINT('',(-6.191155368574,-37.19314910978));
#1115 = CARTESIAN_POINT('',(-6.198545851488,-37.1885262576));
#1116 = CARTESIAN_POINT('',(-6.2059537238,-37.18436913643));
#1117 = CARTESIAN_POINT('',(-6.213385869094,-37.18066997161));
#1118 = CARTESIAN_POINT('',(-6.229657661252,-37.17359579343));
#1119 = CARTESIAN_POINT('',(-6.238513050392,-37.17039749544));
#1120 = CARTESIAN_POINT('',(-6.2474092901,-37.1678342402));
#1121 = CARTESIAN_POINT('',(-6.256329620538,-37.1659097882));
#1122 = CARTESIAN_POINT('',(-6.265275699117,-37.16462573632));
#1123 = CARTESIAN_POINT('',(-6.274226691875,-37.16398363704));
#1124 = CARTESIAN_POINT('',(-6.283179673417,-37.16398329085));
#1125 = ( GEOMETRIC_REPRESENTATION_CONTEXT(2) 
PARAMETRIC_REPRESENTATION_CONTEXT() REPRESENTATION_CONTEXT('2D SPACE',''
  ) );
#1126 = ORIENTED_EDGE('',*,*,#1127,.F.);
#1127 = EDGE_CURVE('',#795,#838,#1128,.T.);
#1128 = SURFACE_CURVE('',#1129,(#1134,#1140),.PCURVE_S1.);
#1129 = CIRCLE('',#1130,2.5527);
#1130 = AXIS2_PLACEMENT_3D('',#1131,#1132,#1133);
#1131 = CARTESIAN_POINT('',(508.,0.,38.1));
#1132 = DIRECTION('',(0.,-1.,0.));
#1133 = DIRECTION('',(1.,0.,0.));
#1134 = PCURVE('',#263,#1135);
#1135 = DEFINITIONAL_REPRESENTATION('',(#1136),#1139);
#1136 = B_SPLINE_CURVE_WITH_KNOTS('',1,(#1137,#1138),.UNSPECIFIED.,.F.,
  .F.,(2,2),(0.,2.766157799159),.PIECEWISE_BEZIER_KNOTS.);
#1137 = CARTESIAN_POINT('',(0.,0.));
#1138 = CARTESIAN_POINT('',(-2.766157799159,0.));
#1139 = ( GEOMETRIC_REPRESENTATION_CONTEXT(2) 
PARAMETRIC_REPRESENTATION_CONTEXT() REPRESENTATION_CONTEXT('2D SPACE',''
  ) );
#1140 = PCURVE('',#463,#1141);
#1141 = DEFINITIONAL_REPRESENTATION('',(#1142),#1145);
#1142 = B_SPLINE_CURVE_WITH_KNOTS('',1,(#1143,#1144),.UNSPECIFIED.,.F.,
  .F.,(2,2),(0.,2.766157799159),.PIECEWISE_BEZIER_KNOTS.);
#1143 = CARTESIAN_POINT('',(0.,0.));
#1144 = CARTESIAN_POINT('',(2.766157799159,0.));
#1145 = ( GEOMETRIC_REPRESENTATION_CONTEXT(2) 
PARAMETRIC_REPRESENTATION_CONTEXT() REPRESENTATION_CONTEXT('2D SPACE',''
  ) );
#1146 = ORIENTED_EDGE('',*,*,#794,.T.);
#1147 = ORIENTED_EDGE('',*,*,#246,.F.);
#1148 = ADVANCED_FACE('',(#1149,#1482),#346,.F.);
#1149 = FACE_BOUND('',#1150,.T.);
#1150 = EDGE_LOOP('',(#1151,#1152,#1171,#1172,#1173,#1461,#1480,#1481));
#1151 = ORIENTED_EDGE('',*,*,#837,.T.);
#1152 = ORIENTED_EDGE('',*,*,#1153,.F.);
#1153 = EDGE_CURVE('',#504,#816,#1154,.T.);
#1154 = SEAM_CURVE('',#1155,(#1159,#1165),.PCURVE_S1.);
#1155 = LINE('',#1156,#1157);
#1156 = CARTESIAN_POINT('',(505.6251,0.,0.));
#1157 = VECTOR('',#1158,1.);
#1158 = DIRECTION('',(0.,0.,1.));
#1159 = PCURVE('',#346,#1160);
#1160 = DEFINITIONAL_REPRESENTATION('',(#1161),#1164);
#1161 = B_SPLINE_CURVE_WITH_KNOTS('',1,(#1162,#1163),.UNSPECIFIED.,.F.,
  .F.,(2,2),(30.48,37.163983290747),.PIECEWISE_BEZIER_KNOTS.);
#1162 = CARTESIAN_POINT('',(0.,-30.48));
#1163 = CARTESIAN_POINT('',(0.,-37.16398329074));
#1164 = ( GEOMETRIC_REPRESENTATION_CONTEXT(2) 
PARAMETRIC_REPRESENTATION_CONTEXT() REPRESENTATION_CONTEXT('2D SPACE',''
  ) );
#1165 = PCURVE('',#346,#1166);
#1166 = DEFINITIONAL_REPRESENTATION('',(#1167),#1170);
#1167 = B_SPLINE_CURVE_WITH_KNOTS('',1,(#1168,#1169),.UNSPECIFIED.,.F.,
  .F.,(2,2),(30.48,37.163983290747),.PIECEWISE_BEZIER_KNOTS.);
#1168 = CARTESIAN_POINT('',(-6.28318530718,-30.48));
#1169 = CARTESIAN_POINT('',(-6.28318530718,-37.16398329074));
#1170 = ( GEOMETRIC_REPRESENTATION_CONTEXT(2) 
PARAMETRIC_REPRESENTATION_CONTEXT() REPRESENTATION_CONTEXT('2D SPACE',''
  ) );
#1171 = ORIENTED_EDGE('',*,*,#503,.T.);
#1172 = ORIENTED_EDGE('',*,*,#1153,.T.);
#1173 = ORIENTED_EDGE('',*,*,#1174,.F.);
#1174 = EDGE_CURVE('',#838,#816,#1175,.T.);
#1175 = SURFACE_CURVE('',#1176,(#1269,#1365),.PCURVE_S1.);
#1176 = B_SPLINE_CURVE_WITH_KNOTS('',7,(#1177,#1178,#1179,#1180,#1181,
    #1182,#1183,#1184,#1185,#1186,#1187,#1188,#1189,#1190,#1191,#1192,
    #1193,#1194,#1195,#1196,#1197,#1198,#1199,#1200,#1201,#1202,#1203,
    #1204,#1205,#1206,#1207,#1208,#1209,#1210,#1211,#1212,#1213,#1214,
    #1215,#1216,#1217,#1218,#1219,#1220,#1221,#1222,#1223,#1224,#1225,
    #1226,#1227,#1228,#1229,#1230,#1231,#1232,#1233,#1234,#1235,#1236,
    #1237,#1238,#1239,#1240,#1241,#1242,#1243,#1244,#1245,#1246,#1247,
    #1248,#1249,#1250,#1251,#1252,#1253,#1254,#1255,#1256,#1257,#1258,
    #1259,#1260,#1261,#1262,#1263,#1264,#1265,#1266,#1267,#1268),
  .UNSPECIFIED.,.F.,.F.,(8,6,6,6,6,6,6,6,6,6,6,6,6,6,6,8),(0.,
    0.150379818017,0.204495937099,0.240724812931,0.26627637787,
    0.333224491454,0.41247448928,0.500942208773,0.585874056645,
    0.665587558195,0.756874040919,0.792996214992,0.846567502104,
    0.897607593735,0.944575622018,1.),.UNSPECIFIED.);
#1177 = CARTESIAN_POINT('',(505.6251,0.,39.036016709253));
#1178 = CARTESIAN_POINT('',(505.6251,6.760507232366E-02,39.036016709253)
  );
#1179 = CARTESIAN_POINT('',(505.62312965329,0.13517592477,
    39.031013824731));
#1180 = CARTESIAN_POINT('',(505.61918946031,0.20208907996,
    39.021023237633));
#1181 = CARTESIAN_POINT('',(505.61338673292,0.26774005815,
    39.006105670442));
#1182 = CARTESIAN_POINT('',(505.60591939242,0.331554603078,
    38.986377430812));
#1183 = CARTESIAN_POINT('',(505.59705976763,0.392999907806,
    38.962020456219));
#1184 = CARTESIAN_POINT('',(505.58356805808,0.472682343508,
    38.922954181755));
#1185 = CARTESIAN_POINT('',(505.57985883487,0.493406991679,
    38.912046579008));
#1186 = CARTESIAN_POINT('',(505.57602548698,0.513750149245,
    38.900579604821));
#1187 = CARTESIAN_POINT('',(505.57208318922,0.533693382544,
    38.888563874955));
#1188 = CARTESIAN_POINT('',(505.56804752753,0.553219460088,
    38.876010566456));
#1189 = CARTESIAN_POINT('',(505.56393449896,0.57231235256,
    38.862931417666));
#1190 = CARTESIAN_POINT('',(505.55696617109,0.603439337284,
    38.840238891296));
#1191 = CARTESIAN_POINT('',(505.55414445956,0.61572065833,
    38.830908868627));
#1192 = CARTESIAN_POINT('',(505.55130026272,0.62779675197,
    38.821352328918));
#1193 = CARTESIAN_POINT('',(505.54843847506,0.639663375734,
    38.811573048244));
#1194 = CARTESIAN_POINT('',(505.54556399988,0.651316488665,
    38.801574910052));
#1195 = CARTESIAN_POINT('',(505.54268174934,0.662752251322,
    38.791361905153));
#1196 = CARTESIAN_POINT('',(505.53776183258,0.681876601526,
    38.773586434569));
#1197 = CARTESIAN_POINT('',(505.53572559502,0.68967624886,
    38.766129897168));
#1198 = CARTESIAN_POINT('',(505.53368965405,0.697364688993,
    38.758569957091));
#1199 = CARTESIAN_POINT('',(505.53165572342,0.704940685189,
    38.750908080519));
#1200 = CARTESIAN_POINT('',(505.52962550833,0.712403042757,
    38.743145762252));
#1201 = CARTESIAN_POINT('',(505.52760070541,0.719750609051,
    38.735284525708));
#1202 = CARTESIAN_POINT('',(505.5202963837,0.745930087125,
    38.706473445011));
#1203 = CARTESIAN_POINT('',(505.51505833509,0.764082142629,
    38.684952596983));
#1204 = CARTESIAN_POINT('',(505.50989955526,0.781418626422,
    38.662791195555));
#1205 = CARTESIAN_POINT('',(505.50484964478,0.797921279944,
    38.640018624551));
#1206 = CARTESIAN_POINT('',(505.4999371064,0.813573399635,
    38.616665834895));
#1207 = CARTESIAN_POINT('',(505.49518934507,0.828359836932,
    38.592765344615));
#1208 = CARTESIAN_POINT('',(505.48523868997,0.85872963549,
    38.539450979731));
#1209 = CARTESIAN_POINT('',(505.48011185191,0.873960113932,
    38.509830878135));
#1210 = CARTESIAN_POINT('',(505.47529605064,0.887935554852,
    38.479547956594));
#1211 = CARTESIAN_POINT('',(505.47083093585,0.900635694325,
    38.448662441231));
#1212 = CARTESIAN_POINT('',(505.46675191,0.912042883257,38.417237761756)
  );
#1213 = CARTESIAN_POINT('',(505.46309012839,0.922142087381,
    38.385340551466));
#1214 = CARTESIAN_POINT('',(505.45628062106,0.94072076645,
    38.316983878225));
#1215 = CARTESIAN_POINT('',(505.45324142742,0.948875365334,
    38.28042416627));
#1216 = CARTESIAN_POINT('',(505.45079210469,0.95536709203,
    38.243460275751));
#1217 = CARTESIAN_POINT('',(505.44896043151,0.960182840533,
    38.206193257751));
#1218 = CARTESIAN_POINT('',(505.4477647786,0.963313990713,
    38.168726450059));
#1219 = CARTESIAN_POINT('',(505.44721410884,0.964756408309,
    38.131165477173));
#1220 = CARTESIAN_POINT('',(505.44739809383,0.964274312204,
    38.057571708359));
#1221 = CARTESIAN_POINT('',(505.44808224767,0.962482063707,
    38.021536351879));
#1222 = CARTESIAN_POINT('',(505.44935912504,0.959134185945,
    37.985607504111));
#1223 = CARTESIAN_POINT('',(505.45121946289,0.954234961583,
    37.949878432142));
#1224 = CARTESIAN_POINT('',(505.45364604887,0.94779246945,
    37.914440346888));
#1225 = CARTESIAN_POINT('',(505.45661372126,0.939818584538,
    37.879382403098));
#1226 = CARTESIAN_POINT('',(505.46335146754,0.921422427816,
    37.812326302857));
#1227 = CARTESIAN_POINT('',(505.4670616652,0.911180591538,
    37.780271703669));
#1228 = CARTESIAN_POINT('',(505.47119236152,0.899616208892,
    37.748698856109));
#1229 = CARTESIAN_POINT('',(505.47571163656,0.88674469575,
    37.717675428149));
#1230 = CARTESIAN_POINT('',(505.48058325089,0.872584144137,
    37.687265801412));
#1231 = CARTESIAN_POINT('',(505.48576664563,0.857155322225,
    37.657531071176));
#1232 = CARTESIAN_POINT('',(505.49745852531,0.821387309635,
    37.595316443926));
#1233 = CARTESIAN_POINT('',(505.50405144304,0.800660808903,
    37.563064779584));
#1234 = CARTESIAN_POINT('',(505.51092783326,0.778336379851,
    37.531859845938));
#1235 = CARTESIAN_POINT('',(505.51801673214,0.754453985219,
    37.501782238151));
#1236 = CARTESIAN_POINT('',(505.52524407441,0.729059342777,
    37.472907353959));
#1237 = CARTESIAN_POINT('',(505.53253269335,0.702203925322,
    37.44530539367));
#1238 = CARTESIAN_POINT('',(505.54267892134,0.662762853435,
    37.408648649634));
#1239 = CARTESIAN_POINT('',(505.54555267734,0.651361063404,
    37.398465473518));
#1240 = CARTESIAN_POINT('',(505.5484187113,0.639743196572,37.38849589362
    ));
#1241 = CARTESIAN_POINT('',(505.5512721544,0.627913058126,
    37.378743865706));
#1242 = CARTESIAN_POINT('',(505.55410814646,0.615874652445,
    37.369213239502));
#1243 = CARTESIAN_POINT('',(505.55692183595,0.603632183111,
    37.359907758692));
#1244 = CARTESIAN_POINT('',(505.563840987,0.57273764944,37.337369789709)
  );
#1245 = CARTESIAN_POINT('',(505.56791399229,0.553846090679,
    37.324411670644));
#1246 = CARTESIAN_POINT('',(505.57191148538,0.534529740376,
    37.311968629655));
#1247 = CARTESIAN_POINT('',(505.5758179452,0.514804122552,
    37.300052058634));
#1248 = CARTESIAN_POINT('',(505.57961824008,0.494685921491,
    37.288672815447));
#1249 = CARTESIAN_POINT('',(505.58329762777,0.474192981739,
    37.277841223928));
#1250 = CARTESIAN_POINT('',(505.59021842614,0.433480715684,
    37.257778368251));
#1251 = CARTESIAN_POINT('',(505.59347246564,0.413294146769,
    37.248495600074));
#1252 = CARTESIAN_POINT('',(505.59659144524,0.39280123085,
    37.239727317277));
#1253 = CARTESIAN_POINT('',(505.59956365372,0.372019569255,
    37.231481496603));
#1254 = CARTESIAN_POINT('',(505.60237809732,0.35096773515,
    37.223765543607));
#1255 = CARTESIAN_POINT('',(505.60502449971,0.329665273534,
    37.21658629266));
#1256 = CARTESIAN_POINT('',(505.60976513917,0.288318033368,
    37.203843175134));
#1257 = CARTESIAN_POINT('',(505.61186668642,0.268481798351,
    37.198249481495));
#1258 = CARTESIAN_POINT('',(505.6137993784,0.248612625157,37.19314910978
    ));
#1259 = CARTESIAN_POINT('',(505.61556395825,0.228697295825,37.1885262576
    ));
#1260 = CARTESIAN_POINT('',(505.61716047762,0.208720745476,
    37.184369136431));
#1261 = CARTESIAN_POINT('',(505.61858829667,0.188666062309,
    37.180669971611));
#1262 = CARTESIAN_POINT('',(505.62133032948,0.144734726472,
    37.173595793197));
#1263 = CARTESIAN_POINT('',(505.6225782932,0.120787875555,
    37.170397495789));
#1264 = CARTESIAN_POINT('',(505.62358349353,9.684231955258E-02,
    37.167834239862));
#1265 = CARTESIAN_POINT('',(505.62434071227,7.253299149276E-02,
    37.165909788512));
#1266 = CARTESIAN_POINT('',(505.6248467936,4.852547384148E-02,
    37.16462573619));
#1267 = CARTESIAN_POINT('',(505.62509986351,2.421870968211E-02,
    37.163983637042));
#1268 = CARTESIAN_POINT('',(505.62509999995,-8.142900978226E-11,
    37.163983290856));
#1269 = PCURVE('',#346,#1270);
#1270 = DEFINITIONAL_REPRESENTATION('',(#1271),#1364);
#1271 = B_SPLINE_CURVE_WITH_KNOTS('',7,(#1272,#1273,#1274,#1275,#1276,
    #1277,#1278,#1279,#1280,#1281,#1282,#1283,#1284,#1285,#1286,#1287,
    #1288,#1289,#1290,#1291,#1292,#1293,#1294,#1295,#1296,#1297,#1298,
    #1299,#1300,#1301,#1302,#1303,#1304,#1305,#1306,#1307,#1308,#1309,
    #1310,#1311,#1312,#1313,#1314,#1315,#1316,#1317,#1318,#1319,#1320,
    #1321,#1322,#1323,#1324,#1325,#1326,#1327,#1328,#1329,#1330,#1331,
    #1332,#1333,#1334,#1335,#1336,#1337,#1338,#1339,#1340,#1341,#1342,
    #1343,#1344,#1345,#1346,#1347,#1348,#1349,#1350,#1351,#1352,#1353,
    #1354,#1355,#1356,#1357,#1358,#1359,#1360,#1361,#1362,#1363),
  .UNSPECIFIED.,.F.,.F.,(8,6,6,6,6,6,6,6,6,6,6,6,6,6,6,8),(0.,
    0.150379818017,0.204495937099,0.240724812931,0.26627637787,
    0.333224491454,0.41247448928,0.500942208773,0.585874056645,
    0.665587558195,0.756874040919,0.792996214992,0.846567502104,
    0.897607593735,0.944575622018,1.),.UNSPECIFIED.);
#1272 = CARTESIAN_POINT('',(0.,-39.03601670925));
#1273 = CARTESIAN_POINT('',(-2.499170911377E-02,-39.03601670925));
#1274 = CARTESIAN_POINT('',(-4.997058529815E-02,-39.03101382473));
#1275 = CARTESIAN_POINT('',(-7.473230601119E-02,-39.02102323763));
#1276 = CARTESIAN_POINT('',(-9.90781099989E-02,-39.00610567044));
#1277 = CARTESIAN_POINT('',(-0.122815363246,-38.98637743081));
#1278 = CARTESIAN_POINT('',(-0.145758124925,-38.96202045621));
#1279 = CARTESIAN_POINT('',(-0.175633753394,-38.92295418175));
#1280 = CARTESIAN_POINT('',(-0.183416472384,-38.912046579));
#1281 = CARTESIAN_POINT('',(-0.191068614921,-38.90057960482));
#1282 = CARTESIAN_POINT('',(-0.198583216237,-38.88856387495));
#1283 = CARTESIAN_POINT('',(-0.205953602198,-38.87601056645));
#1284 = CARTESIAN_POINT('',(-0.2131733893,-38.86293141766));
#1285 = CARTESIAN_POINT('',(-0.224964983494,-38.84023889129));
#1286 = CARTESIAN_POINT('',(-0.229623261773,-38.83090886862));
#1287 = CARTESIAN_POINT('',(-0.234209494011,-38.82135232891));
#1288 = CARTESIAN_POINT('',(-0.238721904084,-38.81157304824));
#1289 = CARTESIAN_POINT('',(-0.243158765234,-38.80157491005));
#1290 = CARTESIAN_POINT('',(-0.247518400079,-38.79136190515));
#1291 = CARTESIAN_POINT('',(-0.254818336982,-38.77358643456));
#1292 = CARTESIAN_POINT('',(-0.257798268761,-38.76612989716));
#1293 = CARTESIAN_POINT('',(-0.260738404241,-38.75856995709));
#1294 = CARTESIAN_POINT('',(-0.263638182543,-38.75090808051));
#1295 = CARTESIAN_POINT('',(-0.266497053602,-38.74314576225));
#1296 = CARTESIAN_POINT('',(-0.26931447817,-38.7352845257));
#1297 = CARTESIAN_POINT('',(-0.279361933211,-38.70647344501));
#1298 = CARTESIAN_POINT('',(-0.286345781842,-38.68495259698));
#1299 = CARTESIAN_POINT('',(-0.293031959131,-38.66279119555));
#1300 = CARTESIAN_POINT('',(-0.299411433944,-38.64001862455));
#1301 = CARTESIAN_POINT('',(-0.305475658593,-38.61666583489));
#1302 = CARTESIAN_POINT('',(-0.311216568829,-38.59276534461));
#1303 = CARTESIAN_POINT('',(-0.323030702733,-38.53945097973));
#1304 = CARTESIAN_POINT('',(-0.328971262228,-38.50983087813));
#1305 = CARTESIAN_POINT('',(-0.334435501863,-38.47954795659));
#1306 = CARTESIAN_POINT('',(-0.339411913088,-38.44866244123));
#1307 = CARTESIAN_POINT('',(-0.343890239276,-38.41723776175));
#1308 = CARTESIAN_POINT('',(-0.347861475723,-38.38534055146));
#1309 = CARTESIAN_POINT('',(-0.355176283484,-38.31698387822));
#1310 = CARTESIAN_POINT('',(-0.358393356935,-38.28042416627));
#1311 = CARTESIAN_POINT('',(-0.360958257163,-38.24346027575));
#1312 = CARTESIAN_POINT('',(-0.362862891271,-38.20619325775));
#1313 = CARTESIAN_POINT('',(-0.364101906295,-38.16872645005));
#1314 = CARTESIAN_POINT('',(-0.36467268921,-38.13116547717));
#1315 = CARTESIAN_POINT('',(-0.364481934419,-38.05757170835));
#1316 = CARTESIAN_POINT('',(-0.363772737199,-38.02153635187));
#1317 = CARTESIAN_POINT('',(-0.362448163917,-37.98560750411));
#1318 = CARTESIAN_POINT('',(-0.360510916068,-37.94987843214));
#1319 = CARTESIAN_POINT('',(-0.357966007992,-37.91444034688));
#1320 = CARTESIAN_POINT('',(-0.354820766878,-37.87938240309));
#1321 = CARTESIAN_POINT('',(-0.34757844031,-37.81232630285));
#1322 = CARTESIAN_POINT('',(-0.34355153337,-37.78027170366));
#1323 = CARTESIAN_POINT('',(-0.339012061952,-37.7486988561));
#1324 = CARTESIAN_POINT('',(-0.333969251023,-37.71767542814));
#1325 = CARTESIAN_POINT('',(-0.328433600507,-37.68726580141));
#1326 = CARTESIAN_POINT('',(-0.322416885284,-37.65753107117));
#1327 = CARTESIAN_POINT('',(-0.308505957738,-37.59531644392));
#1328 = CARTESIAN_POINT('',(-0.30046585083,-37.56306477958));
#1329 = CARTESIAN_POINT('',(-0.291831134554,-37.53185984593));
#1330 = CARTESIAN_POINT('',(-0.282622782732,-37.50178223815));
#1331 = CARTESIAN_POINT('',(-0.272863442916,-37.47290735395));
#1332 = CARTESIAN_POINT('',(-0.262577436389,-37.44530539367));
#1333 = CARTESIAN_POINT('',(-0.247522456258,-37.40864864963));
#1334 = CARTESIAN_POINT('',(-0.243175766307,-37.39846547351));
#1335 = CARTESIAN_POINT('',(-0.238752301984,-37.38849589362));
#1336 = CARTESIAN_POINT('',(-0.234253725776,-37.3787438657));
#1337 = CARTESIAN_POINT('',(-0.229681748986,-37.3692132395));
#1338 = CARTESIAN_POINT('',(-0.225038131738,-37.35990775869));
#1339 = CARTESIAN_POINT('',(-0.21333436404,-37.3373697897));
#1340 = CARTESIAN_POINT('',(-0.206190443672,-37.32441167064));
#1341 = CARTESIAN_POINT('',(-0.198898825804,-37.31196862965));
#1342 = CARTESIAN_POINT('',(-0.191465695832,-37.30005205863));
#1343 = CARTESIAN_POINT('',(-0.183897520611,-37.28867281544));
#1344 = CARTESIAN_POINT('',(-0.176201048456,-37.27784122392));
#1345 = CARTESIAN_POINT('',(-0.160934951031,-37.25777836825));
#1346 = CARTESIAN_POINT('',(-0.15337648941,-37.24849560007));
#1347 = CARTESIAN_POINT('',(-0.145714066238,-37.23972731727));
#1348 = CARTESIAN_POINT('',(-0.137954058969,-37.2314814966));
#1349 = CARTESIAN_POINT('',(-0.130103080551,-37.2237655436));
#1350 = CARTESIAN_POINT('',(-0.122167979428,-37.21658629266));
#1351 = CARTESIAN_POINT('',(-0.106782921488,-37.20384317513));
#1352 = CARTESIAN_POINT('',(-9.940924588746E-02,-37.19824948149));
#1353 = CARTESIAN_POINT('',(-9.202993860553E-02,-37.19314910978));
#1354 = CARTESIAN_POINT('',(-8.463945569197E-02,-37.1885262576));
#1355 = CARTESIAN_POINT('',(-7.723158337992E-02,-37.18436913643));
#1356 = CARTESIAN_POINT('',(-6.979943808548E-02,-37.18066997161));
#1357 = CARTESIAN_POINT('',(-5.352764537217E-02,-37.17359579319));
#1358 = CARTESIAN_POINT('',(-4.467225762126E-02,-37.17039749578));
#1359 = CARTESIAN_POINT('',(-3.577601591021E-02,-37.16783423986));
#1360 = CARTESIAN_POINT('',(-2.685568809324E-02,-37.16590978851));
#1361 = CARTESIAN_POINT('',(-1.790960747125E-02,-37.16462573619));
#1362 = CARTESIAN_POINT('',(-8.958615060837E-03,-37.16398363704));
#1363 = CARTESIAN_POINT('',(-5.633742612865E-06,-37.16398329085));
#1364 = ( GEOMETRIC_REPRESENTATION_CONTEXT(2) 
PARAMETRIC_REPRESENTATION_CONTEXT() REPRESENTATION_CONTEXT('2D SPACE',''
  ) );
#1365 = PCURVE('',#463,#1366);
#1366 = DEFINITIONAL_REPRESENTATION('',(#1367),#1460);
#1367 = B_SPLINE_CURVE_WITH_KNOTS('',7,(#1368,#1369,#1370,#1371,#1372,
    #1373,#1374,#1375,#1376,#1377,#1378,#1379,#1380,#1381,#1382,#1383,
    #1384,#1385,#1386,#1387,#1388,#1389,#1390,#1391,#1392,#1393,#1394,
    #1395,#1396,#1397,#1398,#1399,#1400,#1401,#1402,#1403,#1404,#1405,
    #1406,#1407,#1408,#1409,#1410,#1411,#1412,#1413,#1414,#1415,#1416,
    #1417,#1418,#1419,#1420,#1421,#1422,#1423,#1424,#1425,#1426,#1427,
    #1428,#1429,#1430,#1431,#1432,#1433,#1434,#1435,#1436,#1437,#1438,
    #1439,#1440,#1441,#1442,#1443,#1444,#1445,#1446,#1447,#1448,#1449,
    #1450,#1451,#1452,#1453,#1454,#1455,#1456,#1457,#1458,#1459),
  .UNSPECIFIED.,.F.,.F.,(8,6,6,6,6,6,6,6,6,6,6,6,6,6,6,8),(0.,
    0.150379818017,0.204495937099,0.240724812931,0.26627637787,
    0.333224491454,0.41247448928,0.500942208773,0.585874056645,
    0.665587558195,0.756874040919,0.792996214992,0.846567502104,
    0.897607593735,0.944575622018,1.),.UNSPECIFIED.);
#1368 = CARTESIAN_POINT('',(2.766157799159,0.));
#1369 = CARTESIAN_POINT('',(2.766157799159,-6.760507232366E-02));
#1370 = CARTESIAN_POINT('',(2.768264075262,-0.13517592477));
#1371 = CARTESIAN_POINT('',(2.772471368939,-0.20208907996));
#1372 = CARTESIAN_POINT('',(2.778741628881,-0.26774005815));
#1373 = CARTESIAN_POINT('',(2.787004231803,-0.331554603078));
#1374 = CARTESIAN_POINT('',(2.797156203242,-0.392999907806));
#1375 = CARTESIAN_POINT('',(2.813347050802,-0.472682343508));
#1376 = CARTESIAN_POINT('',(2.817860277562,-0.493406991679));
#1377 = CARTESIAN_POINT('',(2.822596623466,-0.513750149245));
#1378 = CARTESIAN_POINT('',(2.827550411183,-0.533693382544));
#1379 = CARTESIAN_POINT('',(2.832715781227,-0.553219460088));
#1380 = CARTESIAN_POINT('',(2.838086691963,-0.57231235256));
#1381 = CARTESIAN_POINT('',(2.847385994953,-0.603439337284));
#1382 = CARTESIAN_POINT('',(2.851204419038,-0.61572065833));
#1383 = CARTESIAN_POINT('',(2.855110339835,-0.62779675197));
#1384 = CARTESIAN_POINT('',(2.85910188375,-0.639663375734));
#1385 = CARTESIAN_POINT('',(2.863177155621,-0.651316488665));
#1386 = CARTESIAN_POINT('',(2.867334238717,-0.662752251322));
#1387 = CARTESIAN_POINT('',(2.874559442497,-0.681876601526));
#1388 = CARTESIAN_POINT('',(2.877587421422,-0.68967624886));
#1389 = CARTESIAN_POINT('',(2.880654452304,-0.697364688993));
#1390 = CARTESIAN_POINT('',(2.883759851336,-0.704940685189));
#1391 = CARTESIAN_POINT('',(2.886902930121,-0.712403042757));
#1392 = CARTESIAN_POINT('',(2.890082995666,-0.719750609051));
#1393 = CARTESIAN_POINT('',(2.901726579075,-0.745930087125));
#1394 = CARTESIAN_POINT('',(2.910402924116,-0.764082142629));
#1395 = CARTESIAN_POINT('',(2.919315859755,-0.781418626422));
#1396 = CARTESIAN_POINT('',(2.928452617599,-0.797921279944));
#1397 = CARTESIAN_POINT('',(2.937800186615,-0.813573399635));
#1398 = CARTESIAN_POINT('',(2.947345313129,-0.828359836932));
#1399 = CARTESIAN_POINT('',(2.968591451231,-0.85872963549));
#1400 = CARTESIAN_POINT('',(2.980366350409,-0.873960113932));
#1401 = CARTESIAN_POINT('',(2.992376709016,-0.887935554852));
#1402 = CARTESIAN_POINT('',(3.004599465532,-0.900635694325));
#1403 = CARTESIAN_POINT('',(3.017010986269,-0.912042883257));
#1404 = CARTESIAN_POINT('',(3.029587065366,-0.922142087381));
#1405 = CARTESIAN_POINT('',(3.056497790602,-0.94072076645));
#1406 = CARTESIAN_POINT('',(3.07086709261,-0.948875365334));
#1407 = CARTESIAN_POINT('',(3.085375925118,-0.95536709203));
#1408 = CARTESIAN_POINT('',(3.099988931281,-0.960182840533));
#1409 = CARTESIAN_POINT('',(3.11467030311,-0.963313990713));
#1410 = CARTESIAN_POINT('',(3.12938378147,-0.964756408309));
#1411 = CARTESIAN_POINT('',(3.158213647414,-0.964274312204));
#1412 = CARTESIAN_POINT('',(3.172330716588,-0.962482063707));
#1413 = CARTESIAN_POINT('',(3.186411416577,-0.959134185945));
#1414 = CARTESIAN_POINT('',(3.200423706034,-0.954234961583));
#1415 = CARTESIAN_POINT('',(3.214335949279,-0.94779246945));
#1416 = CARTESIAN_POINT('',(3.228116916307,-0.939818584538));
#1417 = CARTESIAN_POINT('',(3.254517884681,-0.921422427816));
#1418 = CARTESIAN_POINT('',(3.26715736245,-0.911180591538));
#1419 = CARTESIAN_POINT('',(3.279629024149,-0.899616208892));
#1420 = CARTESIAN_POINT('',(3.291908263757,-0.88674469575));
#1421 = CARTESIAN_POINT('',(3.303971061169,-0.872584144137));
#1422 = CARTESIAN_POINT('',(3.315793982196,-0.857155322225));
#1423 = CARTESIAN_POINT('',(3.340592709636,-0.821387309635));
#1424 = CARTESIAN_POINT('',(3.353486685239,-0.800660808903));
#1425 = CARTESIAN_POINT('',(3.366001996998,-0.778336379851));
#1426 = CARTESIAN_POINT('',(3.37810533683,-0.754453985219));
#1427 = CARTESIAN_POINT('',(3.38976419695,-0.729059342777));
#1428 = CARTESIAN_POINT('',(3.400946869867,-0.702203925322));
#1429 = CARTESIAN_POINT('',(3.41584678801,-0.662762853435));
#1430 = CARTESIAN_POINT('',(3.419991721832,-0.651361063404));
#1431 = CARTESIAN_POINT('',(3.424055328734,-0.639743196572));
#1432 = CARTESIAN_POINT('',(3.428035708874,-0.627913058126));
#1433 = CARTESIAN_POINT('',(3.431930983684,-0.615874652445));
#1434 = CARTESIAN_POINT('',(3.435739295875,-0.603632183111));
#1435 = CARTESIAN_POINT('',(3.444975064584,-0.57273764944));
#1436 = CARTESIAN_POINT('',(3.450296046332,-0.553846090679));
#1437 = CARTESIAN_POINT('',(3.455415721077,-0.534529740376));
#1438 = CARTESIAN_POINT('',(3.46032822735,-0.514804122552));
#1439 = CARTESIAN_POINT('',(3.465027875815,-0.494685921491));
#1440 = CARTESIAN_POINT('',(3.469509149273,-0.474192981739));
#1441 = CARTESIAN_POINT('',(3.477823090442,-0.433480715684));
#1442 = CARTESIAN_POINT('',(3.48167645482,-0.413294146769));
#1443 = CARTESIAN_POINT('',(3.48532213964,-0.39280123085));
#1444 = CARTESIAN_POINT('',(3.488755757464,-0.372019569255));
#1445 = CARTESIAN_POINT('',(3.49197318957,-0.35096773515));
#1446 = CARTESIAN_POINT('',(3.494970585952,-0.329665273534));
#1447 = CARTESIAN_POINT('',(3.500296847959,-0.288318033368));
#1448 = CARTESIAN_POINT('',(3.50263767105,-0.268481798351));
#1449 = CARTESIAN_POINT('',(3.504774325334,-0.248612625157));
#1450 = CARTESIAN_POINT('',(3.506712724443,-0.228697295825));
#1451 = CARTESIAN_POINT('',(3.508457204903,-0.208720745476));
#1452 = CARTESIAN_POINT('',(3.510010526129,-0.188666062309));
#1453 = CARTESIAN_POINT('',(3.51298267779,-0.144734726472));
#1454 = CARTESIAN_POINT('',(3.514327583759,-0.120764458413));
#1455 = CARTESIAN_POINT('',(3.515406169023,-9.691962782592E-02));
#1456 = CARTESIAN_POINT('',(3.516216317016,-7.242183634879E-02));
#1457 = CARTESIAN_POINT('',(3.516756993274,-4.860366973083E-02));
#1458 = CARTESIAN_POINT('',(3.517027362206,-2.420346976354E-02));
#1459 = CARTESIAN_POINT('',(3.517027507975,1.524000000009E-05));
#1460 = ( GEOMETRIC_REPRESENTATION_CONTEXT(2) 
PARAMETRIC_REPRESENTATION_CONTEXT() REPRESENTATION_CONTEXT('2D SPACE',''
  ) );
#1461 = ORIENTED_EDGE('',*,*,#1462,.T.);
#1462 = EDGE_CURVE('',#838,#326,#1463,.T.);
#1463 = SEAM_CURVE('',#1464,(#1468,#1474),.PCURVE_S1.);
#1464 = LINE('',#1465,#1466);
#1465 = CARTESIAN_POINT('',(505.6251,0.,0.));
#1466 = VECTOR('',#1467,1.);
#1467 = DIRECTION('',(0.,0.,1.));
#1468 = PCURVE('',#346,#1469);
#1469 = DEFINITIONAL_REPRESENTATION('',(#1470),#1473);
#1470 = B_SPLINE_CURVE_WITH_KNOTS('',1,(#1471,#1472),.UNSPECIFIED.,.F.,
  .F.,(2,2),(39.036016709253,45.72),.PIECEWISE_BEZIER_KNOTS.);
#1471 = CARTESIAN_POINT('',(-6.28318530718,-39.03601670925));
#1472 = CARTESIAN_POINT('',(-6.28318530718,-45.72));
#1473 = ( GEOMETRIC_REPRESENTATION_CONTEXT(2) 
PARAMETRIC_REPRESENTATION_CONTEXT() REPRESENTATION_CONTEXT('2D SPACE',''
  ) );
#1474 = PCURVE('',#346,#1475);
#1475 = DEFINITIONAL_REPRESENTATION('',(#1476),#1479);
#1476 = B_SPLINE_CURVE_WITH_KNOTS('',1,(#1477,#1478),.UNSPECIFIED.,.F.,
  .F.,(2,2),(39.036016709253,45.72),.PIECEWISE_BEZIER_KNOTS.);
#1477 = CARTESIAN_POINT('',(0.,-39.03601670925));
#1478 = CARTESIAN_POINT('',(0.,-45.72));
#1479 = ( GEOMETRIC_REPRESENTATION_CONTEXT(2) 
PARAMETRIC_REPRESENTATION_CONTEXT() REPRESENTATION_CONTEXT('2D SPACE',''
  ) );
#1480 = ORIENTED_EDGE('',*,*,#325,.F.);
#1481 = ORIENTED_EDGE('',*,*,#1462,.F.);
#1482 = FACE_BOUND('',#1483,.T.);
#1483 = EDGE_LOOP('',(#1484,#1588,#1589,#1590));
#1484 = ORIENTED_EDGE('',*,*,#1485,.T.);
#1485 = EDGE_CURVE('',#1486,#543,#1488,.T.);
#1486 = VERTEX_POINT('',#1487);
#1487 = CARTESIAN_POINT('',(500.3927,0.964531347338,38.1));
#1488 = SURFACE_CURVE('',#1489,(#1520,#1554),.PCURVE_S1.);
#1489 = B_SPLINE_CURVE_WITH_KNOTS('',5,(#1490,#1491,#1492,#1493,#1494,
    #1495,#1496,#1497,#1498,#1499,#1500,#1501,#1502,#1503,#1504,#1505,
    #1506,#1507,#1508,#1509,#1510,#1511,#1512,#1513,#1514,#1515,#1516,
    #1517,#1518,#1519),.UNSPECIFIED.,.F.,.F.,(6,4,4,4,4,4,4,6),(0.,
    0.173055191309,0.331936785276,0.466155375698,0.517381539449,
    0.590013737526,0.698506551342,1.),.UNSPECIFIED.);
#1490 = CARTESIAN_POINT('',(500.3927,0.964531347339,38.1));
#1491 = CARTESIAN_POINT('',(500.3927,0.964531347339,38.048708925855));
#1492 = CARTESIAN_POINT('',(500.39141129915,0.961155776433,
    37.997416190949));
#1493 = CARTESIAN_POINT('',(500.38883556806,0.954404953145,
    37.946472401517));
#1494 = CARTESIAN_POINT('',(500.385034038,0.944307608748,37.896213217542
    ));
#1495 = CARTESIAN_POINT('',(500.37562281988,0.91863056743,
    37.801739486845));
#1496 = CARTESIAN_POINT('',(500.370185419,0.903567398684,37.757365278192
    ));
#1497 = CARTESIAN_POINT('',(500.36390947656,0.885774849055,
    37.714081155887));
#1498 = CARTESIAN_POINT('',(500.35691890121,0.865314690376,
    37.672109123914));
#1499 = CARTESIAN_POINT('',(500.34298798407,0.822796972395,
    37.597469013076));
#1500 = CARTESIAN_POINT('',(500.33620735927,0.80148046701,37.56436785753
    ));
#1501 = CARTESIAN_POINT('',(500.32911753266,0.778365059587,
    37.532464592476));
#1502 = CARTESIAN_POINT('',(500.3218182639,0.753509212587,
    37.501867546152));
#1503 = CARTESIAN_POINT('',(500.31159221351,0.716857943282,
    37.461532033177));
#1504 = CARTESIAN_POINT('',(500.30875251925,0.70649021916,
    37.450594458386));
#1505 = CARTESIAN_POINT('',(500.30590382274,0.695882988202,
    37.439866784826));
#1506 = CARTESIAN_POINT('',(500.30305209215,0.685040431827,
    37.429354244296));
#1507 = CARTESIAN_POINT('',(500.29616420868,0.65826634154,
    37.404468585478));
#1508 = CARTESIAN_POINT('',(500.29213105599,0.642101582079,
    37.390317916587));
#1509 = CARTESIAN_POINT('',(500.28812112094,0.62548548014,
    37.376624205233));
#1510 = CARTESIAN_POINT('',(500.28415156513,0.608432179071,
    37.363401043472));
#1511 = CARTESIAN_POINT('',(500.27439590611,0.564854400457,
    37.331631506554));
#1512 = CARTESIAN_POINT('',(500.26868033722,0.537810742445,
    37.31368017671));
#1513 = CARTESIAN_POINT('',(500.2631502102,0.509878153784,
    37.296850330962));
#1514 = CARTESIAN_POINT('',(500.25786007583,0.481116944684,
    37.281181088982));
#1515 = CARTESIAN_POINT('',(500.23897123485,0.369558891061,
    37.226487008621));
#1516 = CARTESIAN_POINT('',(500.22731068128,0.281537877864,
    37.195446327089));
#1517 = CARTESIAN_POINT('',(500.21903692911,0.18921341662,
    37.174487322531));
#1518 = CARTESIAN_POINT('',(500.2148994668,9.463492078508E-02,
    37.163981937898));
#1519 = CARTESIAN_POINT('',(500.21490000004,-1.523999853334E-05,
    37.163983290857));
#1520 = PCURVE('',#346,#1521);
#1521 = DEFINITIONAL_REPRESENTATION('',(#1522),#1553);
#1522 = B_SPLINE_CURVE_WITH_KNOTS('',5,(#1523,#1524,#1525,#1526,#1527,
    #1528,#1529,#1530,#1531,#1532,#1533,#1534,#1535,#1536,#1537,#1538,
    #1539,#1540,#1541,#1542,#1543,#1544,#1545,#1546,#1547,#1548,#1549,
    #1550,#1551,#1552),.UNSPECIFIED.,.F.,.F.,(6,4,4,4,4,4,4,6),(0.,
    0.173055191309,0.331936785276,0.466155375698,0.517381539449,
    0.590013737526,0.698506551342,0.999990291068),.UNSPECIFIED.);
#1523 = CARTESIAN_POINT('',(-2.777009016026,-38.1));
#1524 = CARTESIAN_POINT('',(-2.777009016026,-38.04870892585));
#1525 = CARTESIAN_POINT('',(-2.778344763715,-37.99741619094));
#1526 = CARTESIAN_POINT('',(-2.781015757201,-37.94647240151));
#1527 = CARTESIAN_POINT('',(-2.78500415658,-37.89621321754));
#1528 = CARTESIAN_POINT('',(-2.795113735437,-37.80173948684));
#1529 = CARTESIAN_POINT('',(-2.801033856229,-37.75736527819));
#1530 = CARTESIAN_POINT('',(-2.808008011582,-37.71408115588));
#1531 = CARTESIAN_POINT('',(-2.816000303303,-37.67210912391));
#1532 = CARTESIAN_POINT('',(-2.832540090769,-37.59746901307));
#1533 = CARTESIAN_POINT('',(-2.84080899175,-37.56436785753));
#1534 = CARTESIAN_POINT('',(-2.849746239873,-37.53246459247));
#1535 = CARTESIAN_POINT('',(-2.859321918221,-37.50186754615));
#1536 = CARTESIAN_POINT('',(-2.873388355278,-37.46153203317));
#1537 = CARTESIAN_POINT('',(-2.877362132118,-37.45059445838));
#1538 = CARTESIAN_POINT('',(-2.881422206786,-37.43986678482));
#1539 = CARTESIAN_POINT('',(-2.885566654056,-37.42935424429));
#1540 = CARTESIAN_POINT('',(-2.895786565721,-37.40446858547));
#1541 = CARTESIAN_POINT('',(-2.901945252527,-37.39031791658));
#1542 = CARTESIAN_POINT('',(-2.908263835357,-37.37662420523));
#1543 = CARTESIAN_POINT('',(-2.914736270567,-37.36340104347));
#1544 = CARTESIAN_POINT('',(-2.931244502439,-37.33163150655));
#1545 = CARTESIAN_POINT('',(-2.941461888593,-37.31368017671));
#1546 = CARTESIAN_POINT('',(-2.951987002329,-37.29685033096));
#1547 = CARTESIAN_POINT('',(-2.962796484178,-37.28118108898));
#1548 = CARTESIAN_POINT('',(-3.004622364718,-37.22648830383));
#1549 = CARTESIAN_POINT('',(-3.037423452008,-37.19544832629));
#1550 = CARTESIAN_POINT('',(-3.071642818925,-37.17448934737));
#1551 = CARTESIAN_POINT('',(-3.106604260034,-37.16398329117));
#1552 = CARTESIAN_POINT('',(-3.141592653589,-37.16398329074));
#1553 = ( GEOMETRIC_REPRESENTATION_CONTEXT(2) 
PARAMETRIC_REPRESENTATION_CONTEXT() REPRESENTATION_CONTEXT('2D SPACE',''
  ) );
#1554 = PCURVE('',#429,#1555);
#1555 = DEFINITIONAL_REPRESENTATION('',(#1556),#1587);
#1556 = B_SPLINE_CURVE_WITH_KNOTS('',5,(#1557,#1558,#1559,#1560,#1561,
    #1562,#1563,#1564,#1565,#1566,#1567,#1568,#1569,#1570,#1571,#1572,
    #1573,#1574,#1575,#1576,#1577,#1578,#1579,#1580,#1581,#1582,#1583,
    #1584,#1585,#1586),.UNSPECIFIED.,.F.,.F.,(6,4,4,4,4,4,4,6),(0.,
    0.173055191309,0.331936785276,0.466155375698,0.517381539449,
    0.590013737526,0.698506551342,0.999990291068),.UNSPECIFIED.);
#1557 = CARTESIAN_POINT('',(6.28318530718,-0.964531347339));
#1558 = CARTESIAN_POINT('',(6.263092435262,-0.964531347339));
#1559 = CARTESIAN_POINT('',(6.242999191111,-0.961155776433));
#1560 = CARTESIAN_POINT('',(6.223024891555,-0.954404953145));
#1561 = CARTESIAN_POINT('',(6.203285890389,-0.944307608748));
#1562 = CARTESIAN_POINT('',(6.166093375186,-0.91863056743));
#1563 = CARTESIAN_POINT('',(6.14858471068,-0.903567398684));
#1564 = CARTESIAN_POINT('',(6.131456307975,-0.885774849055));
#1565 = CARTESIAN_POINT('',(6.114790884983,-0.865314690376));
#1566 = CARTESIAN_POINT('',(6.08504629164,-0.822796972395));
#1567 = CARTESIAN_POINT('',(6.071811957349,-0.80148046701));
#1568 = CARTESIAN_POINT('',(6.059011388643,-0.778365059587));
#1569 = CARTESIAN_POINT('',(6.046690124141,-0.753509212587));
#1570 = CARTESIAN_POINT('',(6.030389107368,-0.716857943282));
#1571 = CARTESIAN_POINT('',(6.025962418028,-0.70649021916));
#1572 = CARTESIAN_POINT('',(6.021614377503,-0.695882988202));
#1573 = CARTESIAN_POINT('',(6.017347395189,-0.685040431827));
#1574 = CARTESIAN_POINT('',(6.007232109898,-0.65826634154));
#1575 = CARTESIAN_POINT('',(6.001468104612,-0.642101582079));
#1576 = CARTESIAN_POINT('',(5.995878616517,-0.62548548014));
#1577 = CARTESIAN_POINT('',(5.990470278682,-0.608432179071));
#1578 = CARTESIAN_POINT('',(5.977451254496,-0.564854400457));
#1579 = CARTESIAN_POINT('',(5.970071501299,-0.537810742445));
#1580 = CARTESIAN_POINT('',(5.963132096857,-0.509878153784));
#1581 = CARTESIAN_POINT('',(5.956653549365,-0.481116944684));
#1582 = CARTESIAN_POINT('',(5.933986362411,-0.36956153288));
#1583 = CARTESIAN_POINT('',(5.921001587217,-0.281543546901));
#1584 = CARTESIAN_POINT('',(5.912173632339,-0.189222335928));
#1585 = CARTESIAN_POINT('',(5.90775045285,-9.464710353776E-02));
#1586 = CARTESIAN_POINT('',(5.907750452749,1.466826691475E-12));
#1587 = ( GEOMETRIC_REPRESENTATION_CONTEXT(2) 
PARAMETRIC_REPRESENTATION_CONTEXT() REPRESENTATION_CONTEXT('2D SPACE',''
  ) );
#1588 = ORIENTED_EDGE('',*,*,#689,.T.);
#1589 = ORIENTED_EDGE('',*,*,#564,.F.);
#1590 = ORIENTED_EDGE('',*,*,#1591,.T.);
#1591 = EDGE_CURVE('',#541,#1486,#1592,.T.);
#1592 = SURFACE_CURVE('',#1593,(#1624,#1658),.PCURVE_S1.);
#1593 = B_SPLINE_CURVE_WITH_KNOTS('',5,(#1594,#1595,#1596,#1597,#1598,
    #1599,#1600,#1601,#1602,#1603,#1604,#1605,#1606,#1607,#1608,#1609,
    #1610,#1611,#1612,#1613,#1614,#1615,#1616,#1617,#1618,#1619,#1620,
    #1621,#1622,#1623),.UNSPECIFIED.,.F.,.F.,(6,4,4,4,4,4,4,6),(0.,
    0.302785929593,0.410185386833,0.482602946667,0.532597157183,
    0.665613460183,0.825422753293,1.),.UNSPECIFIED.);
#1594 = CARTESIAN_POINT('',(500.21490000004,-1.52399452248E-05,
    39.036016709143));
#1595 = CARTESIAN_POINT('',(500.21489946449,9.504445059662E-02,
    39.036018067947));
#1596 = CARTESIAN_POINT('',(500.21907194704,0.190013442832,
    39.025423561807));
#1597 = CARTESIAN_POINT('',(500.2274177549,0.282725789978,
    39.004282563186));
#1598 = CARTESIAN_POINT('',(500.23916974964,0.371055633051,
    38.972984483951));
#1599 = CARTESIAN_POINT('',(500.25812002327,0.482532451193,
    38.918049116054));
#1600 = CARTESIAN_POINT('',(500.26336584807,0.510973553127,
    38.902494678896));
#1601 = CARTESIAN_POINT('',(500.26884548399,0.538601097079,
    38.885803878962));
#1602 = CARTESIAN_POINT('',(500.27450597019,0.565356688056,
    38.868014718778));
#1603 = CARTESIAN_POINT('',(500.28419278165,0.608609035195,
    38.836461562201));
#1604 = CARTESIAN_POINT('',(500.28815094876,0.625608729649,
    38.823273740938));
#1605 = CARTESIAN_POINT('',(500.29214917123,0.642173726542,
    38.809618207051));
#1606 = CARTESIAN_POINT('',(500.29617043843,0.658290010537,
    38.795508434578));
#1607 = CARTESIAN_POINT('',(500.30297792649,0.684752517231,
    38.770914038735));
#1608 = CARTESIAN_POINT('',(500.30576103229,0.69534019566,
    38.760659725468));
#1609 = CARTESIAN_POINT('',(500.3085413933,0.705703834356,38.75020037763
    ));
#1610 = CARTESIAN_POINT('',(500.31131346003,0.715839539543,
    38.739540854045));
#1611 = CARTESIAN_POINT('',(500.32141050188,0.752094993482,
    38.69980591777));
#1612 = CARTESIAN_POINT('',(500.32865199346,0.776806915411,
    38.669544384162));
#1613 = CARTESIAN_POINT('',(500.33569157399,0.799811709624,
    38.637996188726));
#1614 = CARTESIAN_POINT('',(500.34243192712,0.82105217972,38.60526647867
    ));
#1615 = CARTESIAN_POINT('',(500.35641347308,0.863824781381,
    38.530868118901));
#1616 = CARTESIAN_POINT('',(500.36348339428,0.884553753874,
    38.48872660277));
#1617 = CARTESIAN_POINT('',(500.36983574692,0.902586536688,
    38.445248736489));
#1618 = CARTESIAN_POINT('',(500.37534369305,0.917859807742,
    38.400659855742));
#1619 = CARTESIAN_POINT('',(500.38489959893,0.943950422475,
    38.305556573934));
#1620 = CARTESIAN_POINT('',(500.38876722197,0.954225838262,
    38.254873224744));
#1621 = CARTESIAN_POINT('',(500.39138848559,0.96109606376,
    38.203487147454));
#1622 = CARTESIAN_POINT('',(500.3927,0.964531347339,38.151742759223));
#1623 = CARTESIAN_POINT('',(500.3927,0.964531347339,38.1));
#1624 = PCURVE('',#346,#1625);
#1625 = DEFINITIONAL_REPRESENTATION('',(#1626),#1657);
#1626 = B_SPLINE_CURVE_WITH_KNOTS('',5,(#1627,#1628,#1629,#1630,#1631,
    #1632,#1633,#1634,#1635,#1636,#1637,#1638,#1639,#1640,#1641,#1642,
    #1643,#1644,#1645,#1646,#1647,#1648,#1649,#1650,#1651,#1652,#1653,
    #1654,#1655,#1656),.UNSPECIFIED.,.F.,.F.,(6,4,4,4,4,4,4,6),(
    9.708513120737E-06,0.302785929593,0.410185386833,0.482602946667,
    0.532597157183,0.665613460183,0.825422753293,1.),.UNSPECIFIED.);
#1627 = CARTESIAN_POINT('',(-3.14159265357,-39.03601670925));
#1628 = CARTESIAN_POINT('',(-3.106452869177,-39.03601670907));
#1629 = CARTESIAN_POINT('',(-3.071347109605,-39.02542152818));
#1630 = CARTESIAN_POINT('',(-3.036983089305,-39.00428055609));
#1631 = CARTESIAN_POINT('',(-3.004064582254,-38.9729831837));
#1632 = CARTESIAN_POINT('',(-2.962264509409,-38.91804911605));
#1633 = CARTESIAN_POINT('',(-2.951574335403,-38.90249467889));
#1634 = CARTESIAN_POINT('',(-2.941163426643,-38.88580387896));
#1635 = CARTESIAN_POINT('',(-2.931054417122,-38.86801471877));
#1636 = CARTESIAN_POINT('',(-2.914669142345,-38.8364615622));
#1637 = CARTESIAN_POINT('',(-2.908216960261,-38.82327374093));
#1638 = CARTESIAN_POINT('',(-2.901917755656,-38.80961820705));
#1639 = CARTESIAN_POINT('',(-2.895777518095,-38.79550843457));
#1640 = CARTESIAN_POINT('',(-2.885676562583,-38.77091403873));
#1641 = CARTESIAN_POINT('',(-2.881629686103,-38.76065972546));
#1642 = CARTESIAN_POINT('',(-2.877663126306,-38.75020037763));
#1643 = CARTESIAN_POINT('',(-2.873778674625,-38.73954085404));
#1644 = CARTESIAN_POINT('',(-2.859865991589,-38.69980591777));
#1645 = CARTESIAN_POINT('',(-2.850347362422,-38.66954438416));
#1646 = CARTESIAN_POINT('',(-2.841454639587,-38.63799618872));
#1647 = CARTESIAN_POINT('',(-2.833217034879,-38.60526647867));
#1648 = CARTESIAN_POINT('',(-2.816581876268,-38.5308681189));
#1649 = CARTESIAN_POINT('',(-2.808486085366,-38.48872660277));
#1650 = CARTESIAN_POINT('',(-2.801418800119,-38.44524873648));
#1651 = CARTESIAN_POINT('',(-2.79541677026,-38.40065985574));
#1652 = CARTESIAN_POINT('',(-2.785145236096,-38.30555657393));
#1653 = CARTESIAN_POINT('',(-2.781086626264,-38.25487322474));
#1654 = CARTESIAN_POINT('',(-2.778368396709,-38.20348714745));
#1655 = CARTESIAN_POINT('',(-2.777009016026,-38.15174275922));
#1656 = CARTESIAN_POINT('',(-2.777009016026,-38.1));
#1657 = ( GEOMETRIC_REPRESENTATION_CONTEXT(2) 
PARAMETRIC_REPRESENTATION_CONTEXT() REPRESENTATION_CONTEXT('2D SPACE',''
  ) );
#1658 = PCURVE('',#429,#1659);
#1659 = DEFINITIONAL_REPRESENTATION('',(#1660),#1691);
#1660 = B_SPLINE_CURVE_WITH_KNOTS('',5,(#1661,#1662,#1663,#1664,#1665,
    #1666,#1667,#1668,#1669,#1670,#1671,#1672,#1673,#1674,#1675,#1676,
    #1677,#1678,#1679,#1680,#1681,#1682,#1683,#1684,#1685,#1686,#1687,
    #1688,#1689,#1690),.UNSPECIFIED.,.F.,.F.,(6,4,4,4,4,4,4,6),(
    9.708513120737E-06,0.302785929593,0.410185386833,0.482602946667,
    0.532597157183,0.665613460183,0.825422753293,1.),.UNSPECIFIED.);
#1661 = CARTESIAN_POINT('',(0.375434854431,5.477533502923E-11));
#1662 = CARTESIAN_POINT('',(0.375434854437,-9.505663085228E-02));
#1663 = CARTESIAN_POINT('',(0.370974171217,-0.190022361118));
#1664 = CARTESIAN_POINT('',(0.362069507473,-0.282731454315));
#1665 = CARTESIAN_POINT('',(0.348977861115,-0.371058271551));
#1666 = CARTESIAN_POINT('',(0.32621347433,-0.482532451193));
#1667 = CARTESIAN_POINT('',(0.319783087437,-0.510973553127));
#1668 = CARTESIAN_POINT('',(0.312901596121,-0.538601097079));
#1669 = CARTESIAN_POINT('',(0.305588913054,-0.565356688056));
#1670 = CARTESIAN_POINT('',(0.292658836862,-0.608609035195));
#1671 = CARTESIAN_POINT('',(0.287265040752,-0.625608729649));
#1672 = CARTESIAN_POINT('',(0.28169119356,-0.642173726542));
#1673 = CARTESIAN_POINT('',(0.275943870269,-0.658290010537));
#1674 = CARTESIAN_POINT('',(0.265946951708,-0.684752517231));
#1675 = CARTESIAN_POINT('',(0.261784633753,-0.69534019566));
#1676 = CARTESIAN_POINT('',(0.257545050923,-0.705703834356));
#1677 = CARTESIAN_POINT('',(0.253230442254,-0.715839539543));
#1678 = CARTESIAN_POINT('',(0.237169898946,-0.752094993482));
#1679 = CARTESIAN_POINT('',(0.224981691105,-0.776806915411));
#1680 = CARTESIAN_POINT('',(0.212321101106,-0.799811709624));
#1681 = CARTESIAN_POINT('',(0.199232408778,-0.82105217972));
#1682 = CARTESIAN_POINT('',(0.169577250057,-0.863824781381));
#1683 = CARTESIAN_POINT('',(0.152841253361,-0.884553753874));
#1684 = CARTESIAN_POINT('',(0.135633503836,-0.902586536688));
#1685 = CARTESIAN_POINT('',(0.11803807185,-0.917859807742));
#1686 = CARTESIAN_POINT('',(8.059451747921E-02,-0.943950422475));
#1687 = CARTESIAN_POINT('',(6.068801657215E-02,-0.954225838262));
#1688 = CARTESIAN_POINT('',(4.053997873619E-02,-0.96109606376));
#1689 = CARTESIAN_POINT('',(2.026981596878E-02,-0.964531347339));
#1690 = CARTESIAN_POINT('',(0.,-0.964531347339));
#1691 = ( GEOMETRIC_REPRESENTATION_CONTEXT(2) 
PARAMETRIC_REPRESENTATION_CONTEXT() REPRESENTATION_CONTEXT('2D SPACE',''
  ) );
#1692 = ADVANCED_FACE('',(#1693),#429,.F.);
#1693 = FACE_BOUND('',#1694,.F.);
#1694 = EDGE_LOOP('',(#1695,#1696,#1697,#1716,#1717,#1718));
#1695 = ORIENTED_EDGE('',*,*,#540,.F.);
#1696 = ORIENTED_EDGE('',*,*,#1591,.T.);
#1697 = ORIENTED_EDGE('',*,*,#1698,.T.);
#1698 = EDGE_CURVE('',#1486,#409,#1699,.T.);
#1699 = SEAM_CURVE('',#1700,(#1704,#1710),.PCURVE_S1.);
#1700 = LINE('',#1701,#1702);
#1701 = CARTESIAN_POINT('',(500.3927,0.,38.1));
#1702 = VECTOR('',#1703,1.);
#1703 = DIRECTION('',(-0.,1.,-0.));
#1704 = PCURVE('',#429,#1705);
#1705 = DEFINITIONAL_REPRESENTATION('',(#1706),#1709);
#1706 = B_SPLINE_CURVE_WITH_KNOTS('',1,(#1707,#1708),.UNSPECIFIED.,.F.,
  .F.,(2,2),(0.964531347338,23.9395),.PIECEWISE_BEZIER_KNOTS.);
#1707 = CARTESIAN_POINT('',(6.28318530718,-0.964531347338));
#1708 = CARTESIAN_POINT('',(6.28318530718,-23.9395));
#1709 = ( GEOMETRIC_REPRESENTATION_CONTEXT(2) 
PARAMETRIC_REPRESENTATION_CONTEXT() REPRESENTATION_CONTEXT('2D SPACE',''
  ) );
#1710 = PCURVE('',#429,#1711);
#1711 = DEFINITIONAL_REPRESENTATION('',(#1712),#1715);
#1712 = B_SPLINE_CURVE_WITH_KNOTS('',1,(#1713,#1714),.UNSPECIFIED.,.F.,
  .F.,(2,2),(0.964531347338,23.9395),.PIECEWISE_BEZIER_KNOTS.);
#1713 = CARTESIAN_POINT('',(0.,-0.964531347338));
#1714 = CARTESIAN_POINT('',(0.,-23.9395));
#1715 = ( GEOMETRIC_REPRESENTATION_CONTEXT(2) 
PARAMETRIC_REPRESENTATION_CONTEXT() REPRESENTATION_CONTEXT('2D SPACE',''
  ) );
#1716 = ORIENTED_EDGE('',*,*,#408,.T.);
#1717 = ORIENTED_EDGE('',*,*,#1698,.F.);
#1718 = ORIENTED_EDGE('',*,*,#1485,.T.);
#1719 = ADVANCED_FACE('',(#1720),#463,.F.);
#1720 = FACE_BOUND('',#1721,.F.);
#1721 = EDGE_LOOP('',(#1722,#1741,#1742,#1743,#1744,#1745));
#1722 = ORIENTED_EDGE('',*,*,#1723,.F.);
#1723 = EDGE_CURVE('',#795,#443,#1724,.T.);
#1724 = SEAM_CURVE('',#1725,(#1729,#1735),.PCURVE_S1.);
#1725 = LINE('',#1726,#1727);
#1726 = CARTESIAN_POINT('',(510.5527,0.,38.1));
#1727 = VECTOR('',#1728,1.);
#1728 = DIRECTION('',(-0.,1.,-0.));
#1729 = PCURVE('',#463,#1730);
#1730 = DEFINITIONAL_REPRESENTATION('',(#1731),#1734);
#1731 = B_SPLINE_CURVE_WITH_KNOTS('',1,(#1732,#1733),.UNSPECIFIED.,.F.,
  .F.,(2,2),(0.,23.9395),.PIECEWISE_BEZIER_KNOTS.);
#1732 = CARTESIAN_POINT('',(6.28318530718,0.));
#1733 = CARTESIAN_POINT('',(6.28318530718,-23.9395));
#1734 = ( GEOMETRIC_REPRESENTATION_CONTEXT(2) 
PARAMETRIC_REPRESENTATION_CONTEXT() REPRESENTATION_CONTEXT('2D SPACE',''
  ) );
#1735 = PCURVE('',#463,#1736);
#1736 = DEFINITIONAL_REPRESENTATION('',(#1737),#1740);
#1737 = B_SPLINE_CURVE_WITH_KNOTS('',1,(#1738,#1739),.UNSPECIFIED.,.F.,
  .F.,(2,2),(0.,23.9395),.PIECEWISE_BEZIER_KNOTS.);
#1738 = CARTESIAN_POINT('',(0.,0.));
#1739 = CARTESIAN_POINT('',(0.,-23.9395));
#1740 = ( GEOMETRIC_REPRESENTATION_CONTEXT(2) 
PARAMETRIC_REPRESENTATION_CONTEXT() REPRESENTATION_CONTEXT('2D SPACE',''
  ) );
#1741 = ORIENTED_EDGE('',*,*,#815,.F.);
#1742 = ORIENTED_EDGE('',*,*,#1174,.F.);
#1743 = ORIENTED_EDGE('',*,*,#1127,.F.);
#1744 = ORIENTED_EDGE('',*,*,#1723,.T.);
#1745 = ORIENTED_EDGE('',*,*,#442,.T.);
#1746 = ( GEOMETRIC_REPRESENTATION_CONTEXT(3) 
GLOBAL_UNCERTAINTY_ASSIGNED_CONTEXT((#1750)) 
GLOBAL_UNIT_ASSIGNED_CONTEXT((#1747,#1748,#1749)) REPRESENTATION_CONTEXT
('Context #1','3D Context with UNIT and UNCERTAINTY') );
#1747 = ( LENGTH_UNIT() NAMED_UNIT(*) SI_UNIT(.MILLI.,.METRE.) );
#1748 = ( NAMED_UNIT(*) PLANE_ANGLE_UNIT() SI_UNIT($,.RADIAN.) );
#1749 = ( NAMED_UNIT(*) SI_UNIT($,.STERADIAN.) SOLID_ANGLE_UNIT() );
#1750 = UNCERTAINTY_MEASURE_WITH_UNIT(LENGTH_MEASURE(5.E-06),#1747,
  'distance_accuracy_value','confusion accuracy');
#1751 = PRODUCT_RELATED_PRODUCT_CATEGORY('part',$,(#7));
ENDSEC;
END-ISO-10303-21;
