ISO-10303-21;
HEADER;
FILE_DESCRIPTION(('Open CASCADE Model'),'2;1');
FILE_NAME('Open CASCADE Shape Model','2026-10-02T23:00:07',('Author'),(
    'Open CASCADE'),'Open CASCADE STEP processor 7.9','Open CASCADE 7.9'
  ,'Unknown');
FILE_SCHEMA(('AUTOMOTIVE_DESIGN { 1 0 10303 214 1 1 1 1 }'));
ENDSEC;
DATA;
#1 = APPLICATION_PROTOCOL_DEFINITION('international standard',
  'automotive_design',2000,#2);
#2 = APPLICATION_CONTEXT(
  'core data for automotive mechanical design processes');
#3 = SHAPE_DEFINITION_REPRESENTATION(#4,#10);
#4 = PRODUCT_DEFINITION_SHAPE('','',#5);
#5 = PRODUCT_DEFINITION('design','',#6,#9);
#6 = PRODUCT_DEFINITION_FORMATION('','',#7);
#7 = PRODUCT('Open CASCADE STEP translator 7.9 1',
  'Open CASCADE STEP translator 7.9 1','',(#8));
#8 = PRODUCT_CONTEXT('',#2,'mechanical');
#9 = PRODUCT_DEFINITION_CONTEXT('part definition',#2,'design');
#10 = ADVANCED_BREP_SHAPE_REPRESENTATION('',(#11,#15),#5959);
#11 = AXIS2_PLACEMENT_3D('',#12,#13,#14);
#12 = CARTESIAN_POINT('',(0.,0.,0.));
#13 = DIRECTION('',(0.,0.,1.));
#14 = DIRECTION('',(1.,0.,-0.));
#15 = MANIFOLD_SOLID_BREP('',#16);
#16 = CLOSED_SHELL('',(#17,#291,#571,#688,#737,#944,#1378,#1812,#1864,
    #2298,#2732,#2893,#2948,#3000,#3055,#3489,#3541,#3975,#4204,#4428,
    #4483,#4535,#4590,#5024,#5076,#5510,#5514,#5518,#5551,#5555,#5559,
    #5614,#5669,#5721,#5776,#5831,#5835,#5839,#5843,#5847,#5851,#5855,
    #5912,#5916,#5920,#5924,#5928,#5932,#5936,#5940,#5944,#5951,#5955));
#17 = ADVANCED_FACE('',(#18,#137,#167,#197,#231,#261),#32,.F.);
#18 = FACE_BOUND('',#19,.F.);
#19 = EDGE_LOOP('',(#20,#55,#83,#111));
#20 = ORIENTED_EDGE('',*,*,#21,.F.);
#21 = EDGE_CURVE('',#22,#24,#26,.T.);
#22 = VERTEX_POINT('',#23);
#23 = CARTESIAN_POINT('',(421.894,-36.83,-36.83));
#24 = VERTEX_POINT('',#25);
#25 = CARTESIAN_POINT('',(421.894,-36.83,36.83));
#26 = SURFACE_CURVE('',#27,(#31,#43),.PCURVE_S1.);
#27 = LINE('',#28,#29);
#28 = CARTESIAN_POINT('',(421.894,-36.83,-36.83));
#29 = VECTOR('',#30,1.);
#30 = DIRECTION('',(0.,0.,1.));
#31 = PCURVE('',#32,#37);
#32 = PLANE('',#33);
#33 = AXIS2_PLACEMENT_3D('',#34,#35,#36);
#34 = CARTESIAN_POINT('',(421.894,-36.83,-36.83));
#35 = DIRECTION('',(1.,0.,0.));
#36 = DIRECTION('',(0.,0.,1.));
#37 = DEFINITIONAL_REPRESENTATION('',(#38),#42);
#38 = LINE('',#39,#40);
#39 = CARTESIAN_POINT('',(0.,0.));
#40 = VECTOR('',#41,1.);
#41 = DIRECTION('',(1.,0.));
#42 = ( GEOMETRIC_REPRESENTATION_CONTEXT(2) 
PARAMETRIC_REPRESENTATION_CONTEXT() REPRESENTATION_CONTEXT('2D SPACE',''
  ) );
#43 = PCURVE('',#44,#49);
#44 = PLANE('',#45);
#45 = AXIS2_PLACEMENT_3D('',#46,#47,#48);
#46 = CARTESIAN_POINT('',(421.894,-36.83,-36.83));
#47 = DIRECTION('',(0.,1.,0.));
#48 = DIRECTION('',(0.,0.,1.));
#49 = DEFINITIONAL_REPRESENTATION('',(#50),#54);
#50 = LINE('',#51,#52);
#51 = CARTESIAN_POINT('',(0.,0.));
#52 = VECTOR('',#53,1.);
#53 = DIRECTION('',(1.,0.));
#54 = ( GEOMETRIC_REPRESENTATION_CONTEXT(2) 
PARAMETRIC_REPRESENTATION_CONTEXT() REPRESENTATION_CONTEXT('2D SPACE',''
  ) );
#55 = ORIENTED_EDGE('',*,*,#56,.T.);
#56 = EDGE_CURVE('',#22,#57,#59,.T.);
#57 = VERTEX_POINT('',#58);
#58 = CARTESIAN_POINT('',(421.894,36.83,-36.83));
#59 = SURFACE_CURVE('',#60,(#64,#71),.PCURVE_S1.);
#60 = LINE('',#61,#62);
#61 = CARTESIAN_POINT('',(421.894,-36.83,-36.83));
#62 = VECTOR('',#63,1.);
#63 = DIRECTION('',(0.,1.,0.));
#64 = PCURVE('',#32,#65);
#65 = DEFINITIONAL_REPRESENTATION('',(#66),#70);
#66 = LINE('',#67,#68);
#67 = CARTESIAN_POINT('',(0.,0.));
#68 = VECTOR('',#69,1.);
#69 = DIRECTION('',(0.,-1.));
#70 = ( GEOMETRIC_REPRESENTATION_CONTEXT(2) 
PARAMETRIC_REPRESENTATION_CONTEXT() REPRESENTATION_CONTEXT('2D SPACE',''
  ) );
#71 = PCURVE('',#72,#77);
#72 = PLANE('',#73);
#73 = AXIS2_PLACEMENT_3D('',#74,#75,#76);
#74 = CARTESIAN_POINT('',(421.894,-36.83,-36.83));
#75 = DIRECTION('',(0.,0.,1.));
#76 = DIRECTION('',(1.,0.,0.));
#77 = DEFINITIONAL_REPRESENTATION('',(#78),#82);
#78 = LINE('',#79,#80);
#79 = CARTESIAN_POINT('',(0.,0.));
#80 = VECTOR('',#81,1.);
#81 = DIRECTION('',(0.,1.));
#82 = ( GEOMETRIC_REPRESENTATION_CONTEXT(2) 
PARAMETRIC_REPRESENTATION_CONTEXT() REPRESENTATION_CONTEXT('2D SPACE',''
  ) );
#83 = ORIENTED_EDGE('',*,*,#84,.T.);
#84 = EDGE_CURVE('',#57,#85,#87,.T.);
#85 = VERTEX_POINT('',#86);
#86 = CARTESIAN_POINT('',(421.894,36.83,36.83));
#87 = SURFACE_CURVE('',#88,(#92,#99),.PCURVE_S1.);
#88 = LINE('',#89,#90);
#89 = CARTESIAN_POINT('',(421.894,36.83,-36.83));
#90 = VECTOR('',#91,1.);
#91 = DIRECTION('',(0.,0.,1.));
#92 = PCURVE('',#32,#93);
#93 = DEFINITIONAL_REPRESENTATION('',(#94),#98);
#94 = LINE('',#95,#96);
#95 = CARTESIAN_POINT('',(0.,-73.66));
#96 = VECTOR('',#97,1.);
#97 = DIRECTION('',(1.,0.));
#98 = ( GEOMETRIC_REPRESENTATION_CONTEXT(2) 
PARAMETRIC_REPRESENTATION_CONTEXT() REPRESENTATION_CONTEXT('2D SPACE',''
  ) );
#99 = PCURVE('',#100,#105);
#100 = PLANE('',#101);
#101 = AXIS2_PLACEMENT_3D('',#102,#103,#104);
#102 = CARTESIAN_POINT('',(421.894,36.83,-36.83));
#103 = DIRECTION('',(0.,1.,0.));
#104 = DIRECTION('',(0.,0.,1.));
#105 = DEFINITIONAL_REPRESENTATION('',(#106),#110);
#106 = LINE('',#107,#108);
#107 = CARTESIAN_POINT('',(0.,0.));
#108 = VECTOR('',#109,1.);
#109 = DIRECTION('',(1.,0.));
#110 = ( GEOMETRIC_REPRESENTATION_CONTEXT(2) 
PARAMETRIC_REPRESENTATION_CONTEXT() REPRESENTATION_CONTEXT('2D SPACE',''
  ) );
#111 = ORIENTED_EDGE('',*,*,#112,.F.);
#112 = EDGE_CURVE('',#24,#85,#113,.T.);
#113 = SURFACE_CURVE('',#114,(#118,#125),.PCURVE_S1.);
#114 = LINE('',#115,#116);
#115 = CARTESIAN_POINT('',(421.894,-36.83,36.83));
#116 = VECTOR('',#117,1.);
#117 = DIRECTION('',(0.,1.,0.));
#118 = PCURVE('',#32,#119);
#119 = DEFINITIONAL_REPRESENTATION('',(#120),#124);
#120 = LINE('',#121,#122);
#121 = CARTESIAN_POINT('',(73.66,0.));
#122 = VECTOR('',#123,1.);
#123 = DIRECTION('',(0.,-1.));
#124 = ( GEOMETRIC_REPRESENTATION_CONTEXT(2) 
PARAMETRIC_REPRESENTATION_CONTEXT() REPRESENTATION_CONTEXT('2D SPACE',''
  ) );
#125 = PCURVE('',#126,#131);
#126 = PLANE('',#127);
#127 = AXIS2_PLACEMENT_3D('',#128,#129,#130);
#128 = CARTESIAN_POINT('',(421.894,-36.83,36.83));
#129 = DIRECTION('',(0.,0.,1.));
#130 = DIRECTION('',(1.,0.,0.));
#131 = DEFINITIONAL_REPRESENTATION('',(#132),#136);
#132 = LINE('',#133,#134);
#133 = CARTESIAN_POINT('',(0.,0.));
#134 = VECTOR('',#135,1.);
#135 = DIRECTION('',(0.,1.));
#136 = ( GEOMETRIC_REPRESENTATION_CONTEXT(2) 
PARAMETRIC_REPRESENTATION_CONTEXT() REPRESENTATION_CONTEXT('2D SPACE',''
  ) );
#137 = FACE_BOUND('',#138,.F.);
#138 = EDGE_LOOP('',(#139));
#139 = ORIENTED_EDGE('',*,*,#140,.F.);
#140 = EDGE_CURVE('',#141,#141,#143,.T.);
#141 = VERTEX_POINT('',#142);
#142 = CARTESIAN_POINT('',(421.894,30.9372,-29.21));
#143 = SURFACE_CURVE('',#144,(#149,#156),.PCURVE_S1.);
#144 = CIRCLE('',#145,1.7272);
#145 = AXIS2_PLACEMENT_3D('',#146,#147,#148);
#146 = CARTESIAN_POINT('',(421.894,29.21,-29.21));
#147 = DIRECTION('',(1.,0.,0.));
#148 = DIRECTION('',(0.,1.,0.));
#149 = PCURVE('',#32,#150);
#150 = DEFINITIONAL_REPRESENTATION('',(#151),#155);
#151 = CIRCLE('',#152,1.7272);
#152 = AXIS2_PLACEMENT_2D('',#153,#154);
#153 = CARTESIAN_POINT('',(7.62,-66.04));
#154 = DIRECTION('',(0.,-1.));
#155 = ( GEOMETRIC_REPRESENTATION_CONTEXT(2) 
PARAMETRIC_REPRESENTATION_CONTEXT() REPRESENTATION_CONTEXT('2D SPACE',''
  ) );
#156 = PCURVE('',#157,#162);
#157 = CYLINDRICAL_SURFACE('',#158,1.7272);
#158 = AXIS2_PLACEMENT_3D('',#159,#160,#161);
#159 = CARTESIAN_POINT('',(421.894,29.21,-29.21));
#160 = DIRECTION('',(-1.,-0.,-0.));
#161 = DIRECTION('',(0.,1.,0.));
#162 = DEFINITIONAL_REPRESENTATION('',(#163),#166);
#163 = B_SPLINE_CURVE_WITH_KNOTS('',1,(#164,#165),.UNSPECIFIED.,.F.,.F.,
  (2,2),(0.,6.28318530718),.PIECEWISE_BEZIER_KNOTS.);
#164 = CARTESIAN_POINT('',(0.,0.));
#165 = CARTESIAN_POINT('',(-6.28318530718,0.));
#166 = ( GEOMETRIC_REPRESENTATION_CONTEXT(2) 
PARAMETRIC_REPRESENTATION_CONTEXT() REPRESENTATION_CONTEXT('2D SPACE',''
  ) );
#167 = FACE_BOUND('',#168,.F.);
#168 = EDGE_LOOP('',(#169));
#169 = ORIENTED_EDGE('',*,*,#170,.F.);
#170 = EDGE_CURVE('',#171,#171,#173,.T.);
#171 = VERTEX_POINT('',#172);
#172 = CARTESIAN_POINT('',(421.894,30.9372,29.21));
#173 = SURFACE_CURVE('',#174,(#179,#186),.PCURVE_S1.);
#174 = CIRCLE('',#175,1.7272);
#175 = AXIS2_PLACEMENT_3D('',#176,#177,#178);
#176 = CARTESIAN_POINT('',(421.894,29.21,29.21));
#177 = DIRECTION('',(1.,0.,0.));
#178 = DIRECTION('',(0.,1.,0.));
#179 = PCURVE('',#32,#180);
#180 = DEFINITIONAL_REPRESENTATION('',(#181),#185);
#181 = CIRCLE('',#182,1.7272);
#182 = AXIS2_PLACEMENT_2D('',#183,#184);
#183 = CARTESIAN_POINT('',(66.04,-66.04));
#184 = DIRECTION('',(0.,-1.));
#185 = ( GEOMETRIC_REPRESENTATION_CONTEXT(2) 
PARAMETRIC_REPRESENTATION_CONTEXT() REPRESENTATION_CONTEXT('2D SPACE',''
  ) );
#186 = PCURVE('',#187,#192);
#187 = CYLINDRICAL_SURFACE('',#188,1.7272);
#188 = AXIS2_PLACEMENT_3D('',#189,#190,#191);
#189 = CARTESIAN_POINT('',(421.894,29.21,29.21));
#190 = DIRECTION('',(-1.,-0.,-0.));
#191 = DIRECTION('',(0.,1.,0.));
#192 = DEFINITIONAL_REPRESENTATION('',(#193),#196);
#193 = B_SPLINE_CURVE_WITH_KNOTS('',1,(#194,#195),.UNSPECIFIED.,.F.,.F.,
  (2,2),(0.,6.28318530718),.PIECEWISE_BEZIER_KNOTS.);
#194 = CARTESIAN_POINT('',(0.,0.));
#195 = CARTESIAN_POINT('',(-6.28318530718,0.));
#196 = ( GEOMETRIC_REPRESENTATION_CONTEXT(2) 
PARAMETRIC_REPRESENTATION_CONTEXT() REPRESENTATION_CONTEXT('2D SPACE',''
  ) );
#197 = FACE_BOUND('',#198,.F.);
#198 = EDGE_LOOP('',(#199));
#199 = ORIENTED_EDGE('',*,*,#200,.T.);
#200 = EDGE_CURVE('',#201,#201,#203,.T.);
#201 = VERTEX_POINT('',#202);
#202 = CARTESIAN_POINT('',(421.894,27.50635,0.));
#203 = SURFACE_CURVE('',#204,(#209,#220),.PCURVE_S1.);
#204 = CIRCLE('',#205,27.50635);
#205 = AXIS2_PLACEMENT_3D('',#206,#207,#208);
#206 = CARTESIAN_POINT('',(421.894,0.,0.));
#207 = DIRECTION('',(-1.,0.,0.));
#208 = DIRECTION('',(0.,1.,0.));
#209 = PCURVE('',#32,#210);
#210 = DEFINITIONAL_REPRESENTATION('',(#211),#219);
#211 = ( BOUNDED_CURVE() B_SPLINE_CURVE(2,(#212,#213,#214,#215,#216,#217
,#218),.UNSPECIFIED.,.T.,.F.) B_SPLINE_CURVE_WITH_KNOTS((1,2,2,2,2,1),(
    -2.094395102393,0.,2.094395102393,4.188790204786,6.28318530718,
8.377580409573),.UNSPECIFIED.) CURVE() GEOMETRIC_REPRESENTATION_ITEM() 
RATIONAL_B_SPLINE_CURVE((1.,0.5,1.,0.5,1.,0.5,1.)) REPRESENTATION_ITEM(
  '') );
#212 = CARTESIAN_POINT('',(36.83,-64.33635));
#213 = CARTESIAN_POINT('',(-10.81239573077,-64.33635));
#214 = CARTESIAN_POINT('',(13.008802134614,-23.076825));
#215 = CARTESIAN_POINT('',(36.83,18.1827));
#216 = CARTESIAN_POINT('',(60.651197865386,-23.076825));
#217 = CARTESIAN_POINT('',(84.472395730772,-64.33635));
#218 = CARTESIAN_POINT('',(36.83,-64.33635));
#219 = ( GEOMETRIC_REPRESENTATION_CONTEXT(2) 
PARAMETRIC_REPRESENTATION_CONTEXT() REPRESENTATION_CONTEXT('2D SPACE',''
  ) );
#220 = PCURVE('',#221,#226);
#221 = CYLINDRICAL_SURFACE('',#222,27.50635);
#222 = AXIS2_PLACEMENT_3D('',#223,#224,#225);
#223 = CARTESIAN_POINT('',(421.64,0.,0.));
#224 = DIRECTION('',(-1.,-0.,-0.));
#225 = DIRECTION('',(0.,1.,0.));
#226 = DEFINITIONAL_REPRESENTATION('',(#227),#230);
#227 = B_SPLINE_CURVE_WITH_KNOTS('',1,(#228,#229),.UNSPECIFIED.,.F.,.F.,
  (2,2),(0.,6.28318530718),.PIECEWISE_BEZIER_KNOTS.);
#228 = CARTESIAN_POINT('',(-6.28318530718,-0.254));
#229 = CARTESIAN_POINT('',(0.,-0.254));
#230 = ( GEOMETRIC_REPRESENTATION_CONTEXT(2) 
PARAMETRIC_REPRESENTATION_CONTEXT() REPRESENTATION_CONTEXT('2D SPACE',''
  ) );
#231 = FACE_BOUND('',#232,.F.);
#232 = EDGE_LOOP('',(#233));
#233 = ORIENTED_EDGE('',*,*,#234,.F.);
#234 = EDGE_CURVE('',#235,#235,#237,.T.);
#235 = VERTEX_POINT('',#236);
#236 = CARTESIAN_POINT('',(421.894,-27.4828,-29.21));
#237 = SURFACE_CURVE('',#238,(#243,#250),.PCURVE_S1.);
#238 = CIRCLE('',#239,1.7272);
#239 = AXIS2_PLACEMENT_3D('',#240,#241,#242);
#240 = CARTESIAN_POINT('',(421.894,-29.21,-29.21));
#241 = DIRECTION('',(1.,0.,0.));
#242 = DIRECTION('',(0.,1.,0.));
#243 = PCURVE('',#32,#244);
#244 = DEFINITIONAL_REPRESENTATION('',(#245),#249);
#245 = CIRCLE('',#246,1.7272);
#246 = AXIS2_PLACEMENT_2D('',#247,#248);
#247 = CARTESIAN_POINT('',(7.62,-7.62));
#248 = DIRECTION('',(0.,-1.));
#249 = ( GEOMETRIC_REPRESENTATION_CONTEXT(2) 
PARAMETRIC_REPRESENTATION_CONTEXT() REPRESENTATION_CONTEXT('2D SPACE',''
  ) );
#250 = PCURVE('',#251,#256);
#251 = CYLINDRICAL_SURFACE('',#252,1.7272);
#252 = AXIS2_PLACEMENT_3D('',#253,#254,#255);
#253 = CARTESIAN_POINT('',(421.894,-29.21,-29.21));
#254 = DIRECTION('',(-1.,-0.,-0.));
#255 = DIRECTION('',(0.,1.,0.));
#256 = DEFINITIONAL_REPRESENTATION('',(#257),#260);
#257 = B_SPLINE_CURVE_WITH_KNOTS('',1,(#258,#259),.UNSPECIFIED.,.F.,.F.,
  (2,2),(0.,6.28318530718),.PIECEWISE_BEZIER_KNOTS.);
#258 = CARTESIAN_POINT('',(0.,0.));
#259 = CARTESIAN_POINT('',(-6.28318530718,0.));
#260 = ( GEOMETRIC_REPRESENTATION_CONTEXT(2) 
PARAMETRIC_REPRESENTATION_CONTEXT() REPRESENTATION_CONTEXT('2D SPACE',''
  ) );
#261 = FACE_BOUND('',#262,.F.);
#262 = EDGE_LOOP('',(#263));
#263 = ORIENTED_EDGE('',*,*,#264,.F.);
#264 = EDGE_CURVE('',#265,#265,#267,.T.);
#265 = VERTEX_POINT('',#266);
#266 = CARTESIAN_POINT('',(421.894,-27.4828,29.21));
#267 = SURFACE_CURVE('',#268,(#273,#280),.PCURVE_S1.);
#268 = CIRCLE('',#269,1.7272);
#269 = AXIS2_PLACEMENT_3D('',#270,#271,#272);
#270 = CARTESIAN_POINT('',(421.894,-29.21,29.21));
#271 = DIRECTION('',(1.,0.,0.));
#272 = DIRECTION('',(0.,1.,0.));
#273 = PCURVE('',#32,#274);
#274 = DEFINITIONAL_REPRESENTATION('',(#275),#279);
#275 = CIRCLE('',#276,1.7272);
#276 = AXIS2_PLACEMENT_2D('',#277,#278);
#277 = CARTESIAN_POINT('',(66.04,-7.62));
#278 = DIRECTION('',(0.,-1.));
#279 = ( GEOMETRIC_REPRESENTATION_CONTEXT(2) 
PARAMETRIC_REPRESENTATION_CONTEXT() REPRESENTATION_CONTEXT('2D SPACE',''
  ) );
#280 = PCURVE('',#281,#286);
#281 = CYLINDRICAL_SURFACE('',#282,1.7272);
#282 = AXIS2_PLACEMENT_3D('',#283,#284,#285);
#283 = CARTESIAN_POINT('',(421.894,-29.21,29.21));
#284 = DIRECTION('',(-1.,-0.,-0.));
#285 = DIRECTION('',(0.,1.,0.));
#286 = DEFINITIONAL_REPRESENTATION('',(#287),#290);
#287 = B_SPLINE_CURVE_WITH_KNOTS('',1,(#288,#289),.UNSPECIFIED.,.F.,.F.,
  (2,2),(0.,6.28318530718),.PIECEWISE_BEZIER_KNOTS.);
#288 = CARTESIAN_POINT('',(0.,0.));
#289 = CARTESIAN_POINT('',(-6.28318530718,0.));
#290 = ( GEOMETRIC_REPRESENTATION_CONTEXT(2) 
PARAMETRIC_REPRESENTATION_CONTEXT() REPRESENTATION_CONTEXT('2D SPACE',''
  ) );
#291 = ADVANCED_FACE('',(#292,#367,#401,#435,#469,#503,#537),#44,.F.);
#292 = FACE_BOUND('',#293,.F.);
#293 = EDGE_LOOP('',(#294,#317,#318,#341));
#294 = ORIENTED_EDGE('',*,*,#295,.F.);
#295 = EDGE_CURVE('',#22,#296,#298,.T.);
#296 = VERTEX_POINT('',#297);
#297 = CARTESIAN_POINT('',(510.126,-36.83,-36.83));
#298 = SURFACE_CURVE('',#299,(#303,#310),.PCURVE_S1.);
#299 = LINE('',#300,#301);
#300 = CARTESIAN_POINT('',(421.894,-36.83,-36.83));
#301 = VECTOR('',#302,1.);
#302 = DIRECTION('',(1.,0.,0.));
#303 = PCURVE('',#44,#304);
#304 = DEFINITIONAL_REPRESENTATION('',(#305),#309);
#305 = LINE('',#306,#307);
#306 = CARTESIAN_POINT('',(0.,0.));
#307 = VECTOR('',#308,1.);
#308 = DIRECTION('',(0.,1.));
#309 = ( GEOMETRIC_REPRESENTATION_CONTEXT(2) 
PARAMETRIC_REPRESENTATION_CONTEXT() REPRESENTATION_CONTEXT('2D SPACE',''
  ) );
#310 = PCURVE('',#72,#311);
#311 = DEFINITIONAL_REPRESENTATION('',(#312),#316);
#312 = LINE('',#313,#314);
#313 = CARTESIAN_POINT('',(0.,0.));
#314 = VECTOR('',#315,1.);
#315 = DIRECTION('',(1.,0.));
#316 = ( GEOMETRIC_REPRESENTATION_CONTEXT(2) 
PARAMETRIC_REPRESENTATION_CONTEXT() REPRESENTATION_CONTEXT('2D SPACE',''
  ) );
#317 = ORIENTED_EDGE('',*,*,#21,.T.);
#318 = ORIENTED_EDGE('',*,*,#319,.T.);
#319 = EDGE_CURVE('',#24,#320,#322,.T.);
#320 = VERTEX_POINT('',#321);
#321 = CARTESIAN_POINT('',(510.126,-36.83,36.83));
#322 = SURFACE_CURVE('',#323,(#327,#334),.PCURVE_S1.);
#323 = LINE('',#324,#325);
#324 = CARTESIAN_POINT('',(421.894,-36.83,36.83));
#325 = VECTOR('',#326,1.);
#326 = DIRECTION('',(1.,0.,0.));
#327 = PCURVE('',#44,#328);
#328 = DEFINITIONAL_REPRESENTATION('',(#329),#333);
#329 = LINE('',#330,#331);
#330 = CARTESIAN_POINT('',(73.66,0.));
#331 = VECTOR('',#332,1.);
#332 = DIRECTION('',(0.,1.));
#333 = ( GEOMETRIC_REPRESENTATION_CONTEXT(2) 
PARAMETRIC_REPRESENTATION_CONTEXT() REPRESENTATION_CONTEXT('2D SPACE',''
  ) );
#334 = PCURVE('',#126,#335);
#335 = DEFINITIONAL_REPRESENTATION('',(#336),#340);
#336 = LINE('',#337,#338);
#337 = CARTESIAN_POINT('',(0.,0.));
#338 = VECTOR('',#339,1.);
#339 = DIRECTION('',(1.,0.));
#340 = ( GEOMETRIC_REPRESENTATION_CONTEXT(2) 
PARAMETRIC_REPRESENTATION_CONTEXT() REPRESENTATION_CONTEXT('2D SPACE',''
  ) );
#341 = ORIENTED_EDGE('',*,*,#342,.F.);
#342 = EDGE_CURVE('',#296,#320,#343,.T.);
#343 = SURFACE_CURVE('',#344,(#348,#355),.PCURVE_S1.);
#344 = LINE('',#345,#346);
#345 = CARTESIAN_POINT('',(510.126,-36.83,-36.83));
#346 = VECTOR('',#347,1.);
#347 = DIRECTION('',(0.,0.,1.));
#348 = PCURVE('',#44,#349);
#349 = DEFINITIONAL_REPRESENTATION('',(#350),#354);
#350 = LINE('',#351,#352);
#351 = CARTESIAN_POINT('',(0.,88.232));
#352 = VECTOR('',#353,1.);
#353 = DIRECTION('',(1.,0.));
#354 = ( GEOMETRIC_REPRESENTATION_CONTEXT(2) 
PARAMETRIC_REPRESENTATION_CONTEXT() REPRESENTATION_CONTEXT('2D SPACE',''
  ) );
#355 = PCURVE('',#356,#361);
#356 = PLANE('',#357);
#357 = AXIS2_PLACEMENT_3D('',#358,#359,#360);
#358 = CARTESIAN_POINT('',(510.126,-36.83,-36.83));
#359 = DIRECTION('',(1.,0.,0.));
#360 = DIRECTION('',(0.,0.,1.));
#361 = DEFINITIONAL_REPRESENTATION('',(#362),#366);
#362 = LINE('',#363,#364);
#363 = CARTESIAN_POINT('',(0.,0.));
#364 = VECTOR('',#365,1.);
#365 = DIRECTION('',(1.,0.));
#366 = ( GEOMETRIC_REPRESENTATION_CONTEXT(2) 
PARAMETRIC_REPRESENTATION_CONTEXT() REPRESENTATION_CONTEXT('2D SPACE',''
  ) );
#367 = FACE_BOUND('',#368,.F.);
#368 = EDGE_LOOP('',(#369));
#369 = ORIENTED_EDGE('',*,*,#370,.T.);
#370 = EDGE_CURVE('',#371,#371,#373,.T.);
#371 = VERTEX_POINT('',#372);
#372 = CARTESIAN_POINT('',(433.3367,-36.83,-25.4));
#373 = SURFACE_CURVE('',#374,(#379,#390),.PCURVE_S1.);
#374 = CIRCLE('',#375,2.5527);
#375 = AXIS2_PLACEMENT_3D('',#376,#377,#378);
#376 = CARTESIAN_POINT('',(430.784,-36.83,-25.4));
#377 = DIRECTION('',(0.,-1.,0.));
#378 = DIRECTION('',(1.,0.,0.));
#379 = PCURVE('',#44,#380);
#380 = DEFINITIONAL_REPRESENTATION('',(#381),#389);
#381 = ( BOUNDED_CURVE() B_SPLINE_CURVE(2,(#382,#383,#384,#385,#386,#387
,#388),.UNSPECIFIED.,.T.,.F.) B_SPLINE_CURVE_WITH_KNOTS((1,2,2,2,2,1),(
    -2.094395102393,0.,2.094395102393,4.188790204786,6.28318530718,
8.377580409573),.UNSPECIFIED.) CURVE() GEOMETRIC_REPRESENTATION_ITEM() 
RATIONAL_B_SPLINE_CURVE((1.,0.5,1.,0.5,1.,0.5,1.)) REPRESENTATION_ITEM(
  '') );
#382 = CARTESIAN_POINT('',(11.43,11.4427));
#383 = CARTESIAN_POINT('',(15.851406096481,11.4427));
#384 = CARTESIAN_POINT('',(13.640703048241,7.61365));
#385 = CARTESIAN_POINT('',(11.43,3.7846));
#386 = CARTESIAN_POINT('',(9.219296951759,7.61365));
#387 = CARTESIAN_POINT('',(7.008593903519,11.4427));
#388 = CARTESIAN_POINT('',(11.43,11.4427));
#389 = ( GEOMETRIC_REPRESENTATION_CONTEXT(2) 
PARAMETRIC_REPRESENTATION_CONTEXT() REPRESENTATION_CONTEXT('2D SPACE',''
  ) );
#390 = PCURVE('',#391,#396);
#391 = CYLINDRICAL_SURFACE('',#392,2.5527);
#392 = AXIS2_PLACEMENT_3D('',#393,#394,#395);
#393 = CARTESIAN_POINT('',(430.784,-37.084,-25.4));
#394 = DIRECTION('',(0.,-1.,0.));
#395 = DIRECTION('',(1.,0.,0.));
#396 = DEFINITIONAL_REPRESENTATION('',(#397),#400);
#397 = B_SPLINE_CURVE_WITH_KNOTS('',1,(#398,#399),.UNSPECIFIED.,.F.,.F.,
  (2,2),(0.,6.28318530718),.PIECEWISE_BEZIER_KNOTS.);
#398 = CARTESIAN_POINT('',(0.,-0.254));
#399 = CARTESIAN_POINT('',(6.28318530718,-0.254));
#400 = ( GEOMETRIC_REPRESENTATION_CONTEXT(2) 
PARAMETRIC_REPRESENTATION_CONTEXT() REPRESENTATION_CONTEXT('2D SPACE',''
  ) );
#401 = FACE_BOUND('',#402,.F.);
#402 = EDGE_LOOP('',(#403));
#403 = ORIENTED_EDGE('',*,*,#404,.T.);
#404 = EDGE_CURVE('',#405,#405,#407,.T.);
#405 = VERTEX_POINT('',#406);
#406 = CARTESIAN_POINT('',(443.6364,-36.83,0.));
#407 = SURFACE_CURVE('',#408,(#413,#424),.PCURVE_S1.);
#408 = CIRCLE('',#409,4.2164);
#409 = AXIS2_PLACEMENT_3D('',#410,#411,#412);
#410 = CARTESIAN_POINT('',(439.42,-36.83,0.));
#411 = DIRECTION('',(0.,-1.,0.));
#412 = DIRECTION('',(1.,0.,0.));
#413 = PCURVE('',#44,#414);
#414 = DEFINITIONAL_REPRESENTATION('',(#415),#423);
#415 = ( BOUNDED_CURVE() B_SPLINE_CURVE(2,(#416,#417,#418,#419,#420,#421
,#422),.UNSPECIFIED.,.T.,.F.) B_SPLINE_CURVE_WITH_KNOTS((1,2,2,2,2,1),(
    -2.094395102393,0.,2.094395102393,4.188790204786,6.28318530718,
8.377580409573),.UNSPECIFIED.) CURVE() GEOMETRIC_REPRESENTATION_ITEM() 
RATIONAL_B_SPLINE_CURVE((1.,0.5,1.,0.5,1.,0.5,1.)) REPRESENTATION_ITEM(
  '') );
#416 = CARTESIAN_POINT('',(36.83,21.7424));
#417 = CARTESIAN_POINT('',(44.133019025033,21.7424));
#418 = CARTESIAN_POINT('',(40.481509512517,15.4178));
#419 = CARTESIAN_POINT('',(36.83,9.0932));
#420 = CARTESIAN_POINT('',(33.178490487483,15.4178));
#421 = CARTESIAN_POINT('',(29.526980974967,21.7424));
#422 = CARTESIAN_POINT('',(36.83,21.7424));
#423 = ( GEOMETRIC_REPRESENTATION_CONTEXT(2) 
PARAMETRIC_REPRESENTATION_CONTEXT() REPRESENTATION_CONTEXT('2D SPACE',''
  ) );
#424 = PCURVE('',#425,#430);
#425 = CYLINDRICAL_SURFACE('',#426,4.2164);
#426 = AXIS2_PLACEMENT_3D('',#427,#428,#429);
#427 = CARTESIAN_POINT('',(439.42,-37.084,0.));
#428 = DIRECTION('',(0.,-1.,0.));
#429 = DIRECTION('',(1.,0.,0.));
#430 = DEFINITIONAL_REPRESENTATION('',(#431),#434);
#431 = B_SPLINE_CURVE_WITH_KNOTS('',1,(#432,#433),.UNSPECIFIED.,.F.,.F.,
  (2,2),(0.,6.28318530718),.PIECEWISE_BEZIER_KNOTS.);
#432 = CARTESIAN_POINT('',(0.,-0.254));
#433 = CARTESIAN_POINT('',(6.28318530718,-0.254));
#434 = ( GEOMETRIC_REPRESENTATION_CONTEXT(2) 
PARAMETRIC_REPRESENTATION_CONTEXT() REPRESENTATION_CONTEXT('2D SPACE',''
  ) );
#435 = FACE_BOUND('',#436,.F.);
#436 = EDGE_LOOP('',(#437));
#437 = ORIENTED_EDGE('',*,*,#438,.T.);
#438 = EDGE_CURVE('',#439,#439,#441,.T.);
#439 = VERTEX_POINT('',#440);
#440 = CARTESIAN_POINT('',(433.3367,-36.83,25.4));
#441 = SURFACE_CURVE('',#442,(#447,#458),.PCURVE_S1.);
#442 = CIRCLE('',#443,2.5527);
#443 = AXIS2_PLACEMENT_3D('',#444,#445,#446);
#444 = CARTESIAN_POINT('',(430.784,-36.83,25.4));
#445 = DIRECTION('',(0.,-1.,0.));
#446 = DIRECTION('',(1.,0.,0.));
#447 = PCURVE('',#44,#448);
#448 = DEFINITIONAL_REPRESENTATION('',(#449),#457);
#449 = ( BOUNDED_CURVE() B_SPLINE_CURVE(2,(#450,#451,#452,#453,#454,#455
,#456),.UNSPECIFIED.,.T.,.F.) B_SPLINE_CURVE_WITH_KNOTS((1,2,2,2,2,1),(
    -2.094395102393,0.,2.094395102393,4.188790204786,6.28318530718,
8.377580409573),.UNSPECIFIED.) CURVE() GEOMETRIC_REPRESENTATION_ITEM() 
RATIONAL_B_SPLINE_CURVE((1.,0.5,1.,0.5,1.,0.5,1.)) REPRESENTATION_ITEM(
  '') );
#450 = CARTESIAN_POINT('',(62.23,11.4427));
#451 = CARTESIAN_POINT('',(66.651406096481,11.4427));
#452 = CARTESIAN_POINT('',(64.440703048241,7.61365));
#453 = CARTESIAN_POINT('',(62.23,3.7846));
#454 = CARTESIAN_POINT('',(60.019296951759,7.61365));
#455 = CARTESIAN_POINT('',(57.808593903519,11.4427));
#456 = CARTESIAN_POINT('',(62.23,11.4427));
#457 = ( GEOMETRIC_REPRESENTATION_CONTEXT(2) 
PARAMETRIC_REPRESENTATION_CONTEXT() REPRESENTATION_CONTEXT('2D SPACE',''
  ) );
#458 = PCURVE('',#459,#464);
#459 = CYLINDRICAL_SURFACE('',#460,2.5527);
#460 = AXIS2_PLACEMENT_3D('',#461,#462,#463);
#461 = CARTESIAN_POINT('',(430.784,-37.084,25.4));
#462 = DIRECTION('',(0.,-1.,0.));
#463 = DIRECTION('',(1.,0.,0.));
#464 = DEFINITIONAL_REPRESENTATION('',(#465),#468);
#465 = B_SPLINE_CURVE_WITH_KNOTS('',1,(#466,#467),.UNSPECIFIED.,.F.,.F.,
  (2,2),(0.,6.28318530718),.PIECEWISE_BEZIER_KNOTS.);
#466 = CARTESIAN_POINT('',(0.,-0.254));
#467 = CARTESIAN_POINT('',(6.28318530718,-0.254));
#468 = ( GEOMETRIC_REPRESENTATION_CONTEXT(2) 
PARAMETRIC_REPRESENTATION_CONTEXT() REPRESENTATION_CONTEXT('2D SPACE',''
  ) );
#469 = FACE_BOUND('',#470,.F.);
#470 = EDGE_LOOP('',(#471));
#471 = ORIENTED_EDGE('',*,*,#472,.T.);
#472 = EDGE_CURVE('',#473,#473,#475,.T.);
#473 = VERTEX_POINT('',#474);
#474 = CARTESIAN_POINT('',(503.7887,-36.83,-25.4));
#475 = SURFACE_CURVE('',#476,(#481,#492),.PCURVE_S1.);
#476 = CIRCLE('',#477,2.5527);
#477 = AXIS2_PLACEMENT_3D('',#478,#479,#480);
#478 = CARTESIAN_POINT('',(501.236,-36.83,-25.4));
#479 = DIRECTION('',(0.,-1.,0.));
#480 = DIRECTION('',(1.,0.,0.));
#481 = PCURVE('',#44,#482);
#482 = DEFINITIONAL_REPRESENTATION('',(#483),#491);
#483 = ( BOUNDED_CURVE() B_SPLINE_CURVE(2,(#484,#485,#486,#487,#488,#489
,#490),.UNSPECIFIED.,.T.,.F.) B_SPLINE_CURVE_WITH_KNOTS((1,2,2,2,2,1),(
    -2.094395102393,0.,2.094395102393,4.188790204786,6.28318530718,
8.377580409573),.UNSPECIFIED.) CURVE() GEOMETRIC_REPRESENTATION_ITEM() 
RATIONAL_B_SPLINE_CURVE((1.,0.5,1.,0.5,1.,0.5,1.)) REPRESENTATION_ITEM(
  '') );
#484 = CARTESIAN_POINT('',(11.43,81.8947));
#485 = CARTESIAN_POINT('',(15.851406096481,81.8947));
#486 = CARTESIAN_POINT('',(13.640703048241,78.06565));
#487 = CARTESIAN_POINT('',(11.43,74.2366));
#488 = CARTESIAN_POINT('',(9.219296951759,78.06565));
#489 = CARTESIAN_POINT('',(7.008593903519,81.8947));
#490 = CARTESIAN_POINT('',(11.43,81.8947));
#491 = ( GEOMETRIC_REPRESENTATION_CONTEXT(2) 
PARAMETRIC_REPRESENTATION_CONTEXT() REPRESENTATION_CONTEXT('2D SPACE',''
  ) );
#492 = PCURVE('',#493,#498);
#493 = CYLINDRICAL_SURFACE('',#494,2.5527);
#494 = AXIS2_PLACEMENT_3D('',#495,#496,#497);
#495 = CARTESIAN_POINT('',(501.236,-37.084,-25.4));
#496 = DIRECTION('',(0.,-1.,0.));
#497 = DIRECTION('',(1.,0.,0.));
#498 = DEFINITIONAL_REPRESENTATION('',(#499),#502);
#499 = B_SPLINE_CURVE_WITH_KNOTS('',1,(#500,#501),.UNSPECIFIED.,.F.,.F.,
  (2,2),(0.,6.28318530718),.PIECEWISE_BEZIER_KNOTS.);
#500 = CARTESIAN_POINT('',(0.,-0.254));
#501 = CARTESIAN_POINT('',(6.28318530718,-0.254));
#502 = ( GEOMETRIC_REPRESENTATION_CONTEXT(2) 
PARAMETRIC_REPRESENTATION_CONTEXT() REPRESENTATION_CONTEXT('2D SPACE',''
  ) );
#503 = FACE_BOUND('',#504,.F.);
#504 = EDGE_LOOP('',(#505));
#505 = ORIENTED_EDGE('',*,*,#506,.T.);
#506 = EDGE_CURVE('',#507,#507,#509,.T.);
#507 = VERTEX_POINT('',#508);
#508 = CARTESIAN_POINT('',(496.9764,-36.83,0.));
#509 = SURFACE_CURVE('',#510,(#515,#526),.PCURVE_S1.);
#510 = CIRCLE('',#511,4.2164);
#511 = AXIS2_PLACEMENT_3D('',#512,#513,#514);
#512 = CARTESIAN_POINT('',(492.76,-36.83,0.));
#513 = DIRECTION('',(0.,-1.,0.));
#514 = DIRECTION('',(1.,0.,0.));
#515 = PCURVE('',#44,#516);
#516 = DEFINITIONAL_REPRESENTATION('',(#517),#525);
#517 = ( BOUNDED_CURVE() B_SPLINE_CURVE(2,(#518,#519,#520,#521,#522,#523
,#524),.UNSPECIFIED.,.T.,.F.) B_SPLINE_CURVE_WITH_KNOTS((1,2,2,2,2,1),(
    -2.094395102393,0.,2.094395102393,4.188790204786,6.28318530718,
8.377580409573),.UNSPECIFIED.) CURVE() GEOMETRIC_REPRESENTATION_ITEM() 
RATIONAL_B_SPLINE_CURVE((1.,0.5,1.,0.5,1.,0.5,1.)) REPRESENTATION_ITEM(
  '') );
#518 = CARTESIAN_POINT('',(36.83,75.0824));
#519 = CARTESIAN_POINT('',(44.133019025033,75.0824));
#520 = CARTESIAN_POINT('',(40.481509512517,68.7578));
#521 = CARTESIAN_POINT('',(36.83,62.4332));
#522 = CARTESIAN_POINT('',(33.178490487483,68.7578));
#523 = CARTESIAN_POINT('',(29.526980974967,75.0824));
#524 = CARTESIAN_POINT('',(36.83,75.0824));
#525 = ( GEOMETRIC_REPRESENTATION_CONTEXT(2) 
PARAMETRIC_REPRESENTATION_CONTEXT() REPRESENTATION_CONTEXT('2D SPACE',''
  ) );
#526 = PCURVE('',#527,#532);
#527 = CYLINDRICAL_SURFACE('',#528,4.2164);
#528 = AXIS2_PLACEMENT_3D('',#529,#530,#531);
#529 = CARTESIAN_POINT('',(492.76,-37.084,0.));
#530 = DIRECTION('',(0.,-1.,0.));
#531 = DIRECTION('',(1.,0.,0.));
#532 = DEFINITIONAL_REPRESENTATION('',(#533),#536);
#533 = B_SPLINE_CURVE_WITH_KNOTS('',1,(#534,#535),.UNSPECIFIED.,.F.,.F.,
  (2,2),(0.,6.28318530718),.PIECEWISE_BEZIER_KNOTS.);
#534 = CARTESIAN_POINT('',(0.,-0.254));
#535 = CARTESIAN_POINT('',(6.28318530718,-0.254));
#536 = ( GEOMETRIC_REPRESENTATION_CONTEXT(2) 
PARAMETRIC_REPRESENTATION_CONTEXT() REPRESENTATION_CONTEXT('2D SPACE',''
  ) );
#537 = FACE_BOUND('',#538,.F.);
#538 = EDGE_LOOP('',(#539));
#539 = ORIENTED_EDGE('',*,*,#540,.T.);
#540 = EDGE_CURVE('',#541,#541,#543,.T.);
#541 = VERTEX_POINT('',#542);
#542 = CARTESIAN_POINT('',(503.7887,-36.83,25.4));
#543 = SURFACE_CURVE('',#544,(#549,#560),.PCURVE_S1.);
#544 = CIRCLE('',#545,2.5527);
#545 = AXIS2_PLACEMENT_3D('',#546,#547,#548);
#546 = CARTESIAN_POINT('',(501.236,-36.83,25.4));
#547 = DIRECTION('',(0.,-1.,0.));
#548 = DIRECTION('',(1.,0.,0.));
#549 = PCURVE('',#44,#550);
#550 = DEFINITIONAL_REPRESENTATION('',(#551),#559);
#551 = ( BOUNDED_CURVE() B_SPLINE_CURVE(2,(#552,#553,#554,#555,#556,#557
,#558),.UNSPECIFIED.,.T.,.F.) B_SPLINE_CURVE_WITH_KNOTS((1,2,2,2,2,1),(
    -2.094395102393,0.,2.094395102393,4.188790204786,6.28318530718,
8.377580409573),.UNSPECIFIED.) CURVE() GEOMETRIC_REPRESENTATION_ITEM() 
RATIONAL_B_SPLINE_CURVE((1.,0.5,1.,0.5,1.,0.5,1.)) REPRESENTATION_ITEM(
  '') );
#552 = CARTESIAN_POINT('',(62.23,81.8947));
#553 = CARTESIAN_POINT('',(66.651406096481,81.8947));
#554 = CARTESIAN_POINT('',(64.440703048241,78.06565));
#555 = CARTESIAN_POINT('',(62.23,74.2366));
#556 = CARTESIAN_POINT('',(60.019296951759,78.06565));
#557 = CARTESIAN_POINT('',(57.808593903519,81.8947));
#558 = CARTESIAN_POINT('',(62.23,81.8947));
#559 = ( GEOMETRIC_REPRESENTATION_CONTEXT(2) 
PARAMETRIC_REPRESENTATION_CONTEXT() REPRESENTATION_CONTEXT('2D SPACE',''
  ) );
#560 = PCURVE('',#561,#566);
#561 = CYLINDRICAL_SURFACE('',#562,2.5527);
#562 = AXIS2_PLACEMENT_3D('',#563,#564,#565);
#563 = CARTESIAN_POINT('',(501.236,-37.084,25.4));
#564 = DIRECTION('',(0.,-1.,0.));
#565 = DIRECTION('',(1.,0.,0.));
#566 = DEFINITIONAL_REPRESENTATION('',(#567),#570);
#567 = B_SPLINE_CURVE_WITH_KNOTS('',1,(#568,#569),.UNSPECIFIED.,.F.,.F.,
  (2,2),(0.,6.28318530718),.PIECEWISE_BEZIER_KNOTS.);
#568 = CARTESIAN_POINT('',(0.,-0.254));
#569 = CARTESIAN_POINT('',(6.28318530718,-0.254));
#570 = ( GEOMETRIC_REPRESENTATION_CONTEXT(2) 
PARAMETRIC_REPRESENTATION_CONTEXT() REPRESENTATION_CONTEXT('2D SPACE',''
  ) );
#571 = ADVANCED_FACE('',(#572,#620,#654),#126,.T.);
#572 = FACE_BOUND('',#573,.T.);
#573 = EDGE_LOOP('',(#574,#575,#576,#599));
#574 = ORIENTED_EDGE('',*,*,#112,.F.);
#575 = ORIENTED_EDGE('',*,*,#319,.T.);
#576 = ORIENTED_EDGE('',*,*,#577,.T.);
#577 = EDGE_CURVE('',#320,#578,#580,.T.);
#578 = VERTEX_POINT('',#579);
#579 = CARTESIAN_POINT('',(510.126,36.83,36.83));
#580 = SURFACE_CURVE('',#581,(#585,#592),.PCURVE_S1.);
#581 = LINE('',#582,#583);
#582 = CARTESIAN_POINT('',(510.126,-36.83,36.83));
#583 = VECTOR('',#584,1.);
#584 = DIRECTION('',(0.,1.,0.));
#585 = PCURVE('',#126,#586);
#586 = DEFINITIONAL_REPRESENTATION('',(#587),#591);
#587 = LINE('',#588,#589);
#588 = CARTESIAN_POINT('',(88.232,0.));
#589 = VECTOR('',#590,1.);
#590 = DIRECTION('',(0.,1.));
#591 = ( GEOMETRIC_REPRESENTATION_CONTEXT(2) 
PARAMETRIC_REPRESENTATION_CONTEXT() REPRESENTATION_CONTEXT('2D SPACE',''
  ) );
#592 = PCURVE('',#356,#593);
#593 = DEFINITIONAL_REPRESENTATION('',(#594),#598);
#594 = LINE('',#595,#596);
#595 = CARTESIAN_POINT('',(73.66,0.));
#596 = VECTOR('',#597,1.);
#597 = DIRECTION('',(0.,-1.));
#598 = ( GEOMETRIC_REPRESENTATION_CONTEXT(2) 
PARAMETRIC_REPRESENTATION_CONTEXT() REPRESENTATION_CONTEXT('2D SPACE',''
  ) );
#599 = ORIENTED_EDGE('',*,*,#600,.F.);
#600 = EDGE_CURVE('',#85,#578,#601,.T.);
#601 = SURFACE_CURVE('',#602,(#606,#613),.PCURVE_S1.);
#602 = LINE('',#603,#604);
#603 = CARTESIAN_POINT('',(421.894,36.83,36.83));
#604 = VECTOR('',#605,1.);
#605 = DIRECTION('',(1.,0.,0.));
#606 = PCURVE('',#126,#607);
#607 = DEFINITIONAL_REPRESENTATION('',(#608),#612);
#608 = LINE('',#609,#610);
#609 = CARTESIAN_POINT('',(0.,73.66));
#610 = VECTOR('',#611,1.);
#611 = DIRECTION('',(1.,0.));
#612 = ( GEOMETRIC_REPRESENTATION_CONTEXT(2) 
PARAMETRIC_REPRESENTATION_CONTEXT() REPRESENTATION_CONTEXT('2D SPACE',''
  ) );
#613 = PCURVE('',#100,#614);
#614 = DEFINITIONAL_REPRESENTATION('',(#615),#619);
#615 = LINE('',#616,#617);
#616 = CARTESIAN_POINT('',(73.66,0.));
#617 = VECTOR('',#618,1.);
#618 = DIRECTION('',(0.,1.));
#619 = ( GEOMETRIC_REPRESENTATION_CONTEXT(2) 
PARAMETRIC_REPRESENTATION_CONTEXT() REPRESENTATION_CONTEXT('2D SPACE',''
  ) );
#620 = FACE_BOUND('',#621,.T.);
#621 = EDGE_LOOP('',(#622));
#622 = ORIENTED_EDGE('',*,*,#623,.T.);
#623 = EDGE_CURVE('',#624,#624,#626,.T.);
#624 = VERTEX_POINT('',#625);
#625 = CARTESIAN_POINT('',(458.47,0.,36.83));
#626 = SURFACE_CURVE('',#627,(#632,#643),.PCURVE_S1.);
#627 = CIRCLE('',#628,7.62);
#628 = AXIS2_PLACEMENT_3D('',#629,#630,#631);
#629 = CARTESIAN_POINT('',(450.85,0.,36.83));
#630 = DIRECTION('',(0.,0.,-1.));
#631 = DIRECTION('',(1.,0.,0.));
#632 = PCURVE('',#126,#633);
#633 = DEFINITIONAL_REPRESENTATION('',(#634),#642);
#634 = ( BOUNDED_CURVE() B_SPLINE_CURVE(2,(#635,#636,#637,#638,#639,#640
,#641),.UNSPECIFIED.,.T.,.F.) B_SPLINE_CURVE_WITH_KNOTS((1,2,2,2,2,1),(
    -2.094395102393,0.,2.094395102393,4.188790204786,6.28318530718,
8.377580409573),.UNSPECIFIED.) CURVE() GEOMETRIC_REPRESENTATION_ITEM() 
RATIONAL_B_SPLINE_CURVE((1.,0.5,1.,0.5,1.,0.5,1.)) REPRESENTATION_ITEM(
  '') );
#635 = CARTESIAN_POINT('',(36.576,36.83));
#636 = CARTESIAN_POINT('',(36.576,23.631772846325));
#637 = CARTESIAN_POINT('',(25.146,30.230886423163));
#638 = CARTESIAN_POINT('',(13.716,36.83));
#639 = CARTESIAN_POINT('',(25.146,43.429113576837));
#640 = CARTESIAN_POINT('',(36.576,50.028227153675));
#641 = CARTESIAN_POINT('',(36.576,36.83));
#642 = ( GEOMETRIC_REPRESENTATION_CONTEXT(2) 
PARAMETRIC_REPRESENTATION_CONTEXT() REPRESENTATION_CONTEXT('2D SPACE',''
  ) );
#643 = PCURVE('',#644,#649);
#644 = CYLINDRICAL_SURFACE('',#645,7.62);
#645 = AXIS2_PLACEMENT_3D('',#646,#647,#648);
#646 = CARTESIAN_POINT('',(450.85,0.,0.));
#647 = DIRECTION('',(-0.,-0.,-1.));
#648 = DIRECTION('',(1.,0.,0.));
#649 = DEFINITIONAL_REPRESENTATION('',(#650),#653);
#650 = B_SPLINE_CURVE_WITH_KNOTS('',1,(#651,#652),.UNSPECIFIED.,.F.,.F.,
  (2,2),(0.,6.28318530718),.PIECEWISE_BEZIER_KNOTS.);
#651 = CARTESIAN_POINT('',(-6.28318530718,-36.83));
#652 = CARTESIAN_POINT('',(0.,-36.83));
#653 = ( GEOMETRIC_REPRESENTATION_CONTEXT(2) 
PARAMETRIC_REPRESENTATION_CONTEXT() REPRESENTATION_CONTEXT('2D SPACE',''
  ) );
#654 = FACE_BOUND('',#655,.T.);
#655 = EDGE_LOOP('',(#656));
#656 = ORIENTED_EDGE('',*,*,#657,.T.);
#657 = EDGE_CURVE('',#658,#658,#660,.T.);
#658 = VERTEX_POINT('',#659);
#659 = CARTESIAN_POINT('',(496.57,0.,36.83));
#660 = SURFACE_CURVE('',#661,(#666,#677),.PCURVE_S1.);
#661 = CIRCLE('',#662,7.62);
#662 = AXIS2_PLACEMENT_3D('',#663,#664,#665);
#663 = CARTESIAN_POINT('',(488.95,0.,36.83));
#664 = DIRECTION('',(0.,0.,-1.));
#665 = DIRECTION('',(1.,0.,0.));
#666 = PCURVE('',#126,#667);
#667 = DEFINITIONAL_REPRESENTATION('',(#668),#676);
#668 = ( BOUNDED_CURVE() B_SPLINE_CURVE(2,(#669,#670,#671,#672,#673,#674
,#675),.UNSPECIFIED.,.T.,.F.) B_SPLINE_CURVE_WITH_KNOTS((1,2,2,2,2,1),(
    -2.094395102393,0.,2.094395102393,4.188790204786,6.28318530718,
8.377580409573),.UNSPECIFIED.) CURVE() GEOMETRIC_REPRESENTATION_ITEM() 
RATIONAL_B_SPLINE_CURVE((1.,0.5,1.,0.5,1.,0.5,1.)) REPRESENTATION_ITEM(
  '') );
#669 = CARTESIAN_POINT('',(74.676,36.83));
#670 = CARTESIAN_POINT('',(74.676,23.631772846325));
#671 = CARTESIAN_POINT('',(63.246,30.230886423163));
#672 = CARTESIAN_POINT('',(51.816,36.83));
#673 = CARTESIAN_POINT('',(63.246,43.429113576837));
#674 = CARTESIAN_POINT('',(74.676,50.028227153675));
#675 = CARTESIAN_POINT('',(74.676,36.83));
#676 = ( GEOMETRIC_REPRESENTATION_CONTEXT(2) 
PARAMETRIC_REPRESENTATION_CONTEXT() REPRESENTATION_CONTEXT('2D SPACE',''
  ) );
#677 = PCURVE('',#678,#683);
#678 = CYLINDRICAL_SURFACE('',#679,7.62);
#679 = AXIS2_PLACEMENT_3D('',#680,#681,#682);
#680 = CARTESIAN_POINT('',(488.95,0.,0.));
#681 = DIRECTION('',(-0.,-0.,-1.));
#682 = DIRECTION('',(1.,0.,0.));
#683 = DEFINITIONAL_REPRESENTATION('',(#684),#687);
#684 = B_SPLINE_CURVE_WITH_KNOTS('',1,(#685,#686),.UNSPECIFIED.,.F.,.F.,
  (2,2),(0.,6.28318530718),.PIECEWISE_BEZIER_KNOTS.);
#685 = CARTESIAN_POINT('',(-6.28318530718,-36.83));
#686 = CARTESIAN_POINT('',(0.,-36.83));
#687 = ( GEOMETRIC_REPRESENTATION_CONTEXT(2) 
PARAMETRIC_REPRESENTATION_CONTEXT() REPRESENTATION_CONTEXT('2D SPACE',''
  ) );
#688 = ADVANCED_FACE('',(#689),#72,.F.);
#689 = FACE_BOUND('',#690,.F.);
#690 = EDGE_LOOP('',(#691,#692,#693,#716));
#691 = ORIENTED_EDGE('',*,*,#56,.F.);
#692 = ORIENTED_EDGE('',*,*,#295,.T.);
#693 = ORIENTED_EDGE('',*,*,#694,.T.);
#694 = EDGE_CURVE('',#296,#695,#697,.T.);
#695 = VERTEX_POINT('',#696);
#696 = CARTESIAN_POINT('',(510.126,36.83,-36.83));
#697 = SURFACE_CURVE('',#698,(#702,#709),.PCURVE_S1.);
#698 = LINE('',#699,#700);
#699 = CARTESIAN_POINT('',(510.126,-36.83,-36.83));
#700 = VECTOR('',#701,1.);
#701 = DIRECTION('',(0.,1.,0.));
#702 = PCURVE('',#72,#703);
#703 = DEFINITIONAL_REPRESENTATION('',(#704),#708);
#704 = LINE('',#705,#706);
#705 = CARTESIAN_POINT('',(88.232,0.));
#706 = VECTOR('',#707,1.);
#707 = DIRECTION('',(0.,1.));
#708 = ( GEOMETRIC_REPRESENTATION_CONTEXT(2) 
PARAMETRIC_REPRESENTATION_CONTEXT() REPRESENTATION_CONTEXT('2D SPACE',''
  ) );
#709 = PCURVE('',#356,#710);
#710 = DEFINITIONAL_REPRESENTATION('',(#711),#715);
#711 = LINE('',#712,#713);
#712 = CARTESIAN_POINT('',(0.,0.));
#713 = VECTOR('',#714,1.);
#714 = DIRECTION('',(0.,-1.));
#715 = ( GEOMETRIC_REPRESENTATION_CONTEXT(2) 
PARAMETRIC_REPRESENTATION_CONTEXT() REPRESENTATION_CONTEXT('2D SPACE',''
  ) );
#716 = ORIENTED_EDGE('',*,*,#717,.F.);
#717 = EDGE_CURVE('',#57,#695,#718,.T.);
#718 = SURFACE_CURVE('',#719,(#723,#730),.PCURVE_S1.);
#719 = LINE('',#720,#721);
#720 = CARTESIAN_POINT('',(421.894,36.83,-36.83));
#721 = VECTOR('',#722,1.);
#722 = DIRECTION('',(1.,0.,0.));
#723 = PCURVE('',#72,#724);
#724 = DEFINITIONAL_REPRESENTATION('',(#725),#729);
#725 = LINE('',#726,#727);
#726 = CARTESIAN_POINT('',(0.,73.66));
#727 = VECTOR('',#728,1.);
#728 = DIRECTION('',(1.,0.));
#729 = ( GEOMETRIC_REPRESENTATION_CONTEXT(2) 
PARAMETRIC_REPRESENTATION_CONTEXT() REPRESENTATION_CONTEXT('2D SPACE',''
  ) );
#730 = PCURVE('',#100,#731);
#731 = DEFINITIONAL_REPRESENTATION('',(#732),#736);
#732 = LINE('',#733,#734);
#733 = CARTESIAN_POINT('',(0.,0.));
#734 = VECTOR('',#735,1.);
#735 = DIRECTION('',(0.,1.));
#736 = ( GEOMETRIC_REPRESENTATION_CONTEXT(2) 
PARAMETRIC_REPRESENTATION_CONTEXT() REPRESENTATION_CONTEXT('2D SPACE',''
  ) );
#737 = ADVANCED_FACE('',(#738,#764,#794,#824,#854,#884,#914),#100,.T.);
#738 = FACE_BOUND('',#739,.T.);
#739 = EDGE_LOOP('',(#740,#741,#742,#743));
#740 = ORIENTED_EDGE('',*,*,#717,.F.);
#741 = ORIENTED_EDGE('',*,*,#84,.T.);
#742 = ORIENTED_EDGE('',*,*,#600,.T.);
#743 = ORIENTED_EDGE('',*,*,#744,.F.);
#744 = EDGE_CURVE('',#695,#578,#745,.T.);
#745 = SURFACE_CURVE('',#746,(#750,#757),.PCURVE_S1.);
#746 = LINE('',#747,#748);
#747 = CARTESIAN_POINT('',(510.126,36.83,-36.83));
#748 = VECTOR('',#749,1.);
#749 = DIRECTION('',(0.,0.,1.));
#750 = PCURVE('',#100,#751);
#751 = DEFINITIONAL_REPRESENTATION('',(#752),#756);
#752 = LINE('',#753,#754);
#753 = CARTESIAN_POINT('',(0.,88.232));
#754 = VECTOR('',#755,1.);
#755 = DIRECTION('',(1.,0.));
#756 = ( GEOMETRIC_REPRESENTATION_CONTEXT(2) 
PARAMETRIC_REPRESENTATION_CONTEXT() REPRESENTATION_CONTEXT('2D SPACE',''
  ) );
#757 = PCURVE('',#356,#758);
#758 = DEFINITIONAL_REPRESENTATION('',(#759),#763);
#759 = LINE('',#760,#761);
#760 = CARTESIAN_POINT('',(0.,-73.66));
#761 = VECTOR('',#762,1.);
#762 = DIRECTION('',(1.,0.));
#763 = ( GEOMETRIC_REPRESENTATION_CONTEXT(2) 
PARAMETRIC_REPRESENTATION_CONTEXT() REPRESENTATION_CONTEXT('2D SPACE',''
  ) );
#764 = FACE_BOUND('',#765,.T.);
#765 = EDGE_LOOP('',(#766));
#766 = ORIENTED_EDGE('',*,*,#767,.F.);
#767 = EDGE_CURVE('',#768,#768,#770,.T.);
#768 = VERTEX_POINT('',#769);
#769 = CARTESIAN_POINT('',(433.3367,36.83,-25.4));
#770 = SURFACE_CURVE('',#771,(#776,#783),.PCURVE_S1.);
#771 = CIRCLE('',#772,2.5527);
#772 = AXIS2_PLACEMENT_3D('',#773,#774,#775);
#773 = CARTESIAN_POINT('',(430.784,36.83,-25.4));
#774 = DIRECTION('',(-0.,1.,0.));
#775 = DIRECTION('',(1.,0.,0.));
#776 = PCURVE('',#100,#777);
#777 = DEFINITIONAL_REPRESENTATION('',(#778),#782);
#778 = CIRCLE('',#779,2.5527);
#779 = AXIS2_PLACEMENT_2D('',#780,#781);
#780 = CARTESIAN_POINT('',(11.43,8.89));
#781 = DIRECTION('',(0.,1.));
#782 = ( GEOMETRIC_REPRESENTATION_CONTEXT(2) 
PARAMETRIC_REPRESENTATION_CONTEXT() REPRESENTATION_CONTEXT('2D SPACE',''
  ) );
#783 = PCURVE('',#784,#789);
#784 = CYLINDRICAL_SURFACE('',#785,2.5527);
#785 = AXIS2_PLACEMENT_3D('',#786,#787,#788);
#786 = CARTESIAN_POINT('',(430.784,37.084,-25.4));
#787 = DIRECTION('',(-0.,1.,-0.));
#788 = DIRECTION('',(1.,0.,0.));
#789 = DEFINITIONAL_REPRESENTATION('',(#790),#793);
#790 = B_SPLINE_CURVE_WITH_KNOTS('',1,(#791,#792),.UNSPECIFIED.,.F.,.F.,
  (2,2),(0.,6.28318530718),.PIECEWISE_BEZIER_KNOTS.);
#791 = CARTESIAN_POINT('',(-6.28318530718,-0.254));
#792 = CARTESIAN_POINT('',(0.,-0.254));
#793 = ( GEOMETRIC_REPRESENTATION_CONTEXT(2) 
PARAMETRIC_REPRESENTATION_CONTEXT() REPRESENTATION_CONTEXT('2D SPACE',''
  ) );
#794 = FACE_BOUND('',#795,.T.);
#795 = EDGE_LOOP('',(#796));
#796 = ORIENTED_EDGE('',*,*,#797,.F.);
#797 = EDGE_CURVE('',#798,#798,#800,.T.);
#798 = VERTEX_POINT('',#799);
#799 = CARTESIAN_POINT('',(443.6364,36.83,0.));
#800 = SURFACE_CURVE('',#801,(#806,#813),.PCURVE_S1.);
#801 = CIRCLE('',#802,4.2164);
#802 = AXIS2_PLACEMENT_3D('',#803,#804,#805);
#803 = CARTESIAN_POINT('',(439.42,36.83,0.));
#804 = DIRECTION('',(-0.,1.,0.));
#805 = DIRECTION('',(1.,0.,0.));
#806 = PCURVE('',#100,#807);
#807 = DEFINITIONAL_REPRESENTATION('',(#808),#812);
#808 = CIRCLE('',#809,4.2164);
#809 = AXIS2_PLACEMENT_2D('',#810,#811);
#810 = CARTESIAN_POINT('',(36.83,17.526));
#811 = DIRECTION('',(0.,1.));
#812 = ( GEOMETRIC_REPRESENTATION_CONTEXT(2) 
PARAMETRIC_REPRESENTATION_CONTEXT() REPRESENTATION_CONTEXT('2D SPACE',''
  ) );
#813 = PCURVE('',#814,#819);
#814 = CYLINDRICAL_SURFACE('',#815,4.2164);
#815 = AXIS2_PLACEMENT_3D('',#816,#817,#818);
#816 = CARTESIAN_POINT('',(439.42,37.084,0.));
#817 = DIRECTION('',(-0.,1.,-0.));
#818 = DIRECTION('',(1.,0.,0.));
#819 = DEFINITIONAL_REPRESENTATION('',(#820),#823);
#820 = B_SPLINE_CURVE_WITH_KNOTS('',1,(#821,#822),.UNSPECIFIED.,.F.,.F.,
  (2,2),(0.,6.28318530718),.PIECEWISE_BEZIER_KNOTS.);
#821 = CARTESIAN_POINT('',(-6.28318530718,-0.254));
#822 = CARTESIAN_POINT('',(0.,-0.254));
#823 = ( GEOMETRIC_REPRESENTATION_CONTEXT(2) 
PARAMETRIC_REPRESENTATION_CONTEXT() REPRESENTATION_CONTEXT('2D SPACE',''
  ) );
#824 = FACE_BOUND('',#825,.T.);
#825 = EDGE_LOOP('',(#826));
#826 = ORIENTED_EDGE('',*,*,#827,.F.);
#827 = EDGE_CURVE('',#828,#828,#830,.T.);
#828 = VERTEX_POINT('',#829);
#829 = CARTESIAN_POINT('',(433.3367,36.83,25.4));
#830 = SURFACE_CURVE('',#831,(#836,#843),.PCURVE_S1.);
#831 = CIRCLE('',#832,2.5527);
#832 = AXIS2_PLACEMENT_3D('',#833,#834,#835);
#833 = CARTESIAN_POINT('',(430.784,36.83,25.4));
#834 = DIRECTION('',(-0.,1.,0.));
#835 = DIRECTION('',(1.,0.,0.));
#836 = PCURVE('',#100,#837);
#837 = DEFINITIONAL_REPRESENTATION('',(#838),#842);
#838 = CIRCLE('',#839,2.5527);
#839 = AXIS2_PLACEMENT_2D('',#840,#841);
#840 = CARTESIAN_POINT('',(62.23,8.89));
#841 = DIRECTION('',(0.,1.));
#842 = ( GEOMETRIC_REPRESENTATION_CONTEXT(2) 
PARAMETRIC_REPRESENTATION_CONTEXT() REPRESENTATION_CONTEXT('2D SPACE',''
  ) );
#843 = PCURVE('',#844,#849);
#844 = CYLINDRICAL_SURFACE('',#845,2.5527);
#845 = AXIS2_PLACEMENT_3D('',#846,#847,#848);
#846 = CARTESIAN_POINT('',(430.784,37.084,25.4));
#847 = DIRECTION('',(-0.,1.,-0.));
#848 = DIRECTION('',(1.,0.,0.));
#849 = DEFINITIONAL_REPRESENTATION('',(#850),#853);
#850 = B_SPLINE_CURVE_WITH_KNOTS('',1,(#851,#852),.UNSPECIFIED.,.F.,.F.,
  (2,2),(0.,6.28318530718),.PIECEWISE_BEZIER_KNOTS.);
#851 = CARTESIAN_POINT('',(-6.28318530718,-0.254));
#852 = CARTESIAN_POINT('',(0.,-0.254));
#853 = ( GEOMETRIC_REPRESENTATION_CONTEXT(2) 
PARAMETRIC_REPRESENTATION_CONTEXT() REPRESENTATION_CONTEXT('2D SPACE',''
  ) );
#854 = FACE_BOUND('',#855,.T.);
#855 = EDGE_LOOP('',(#856));
#856 = ORIENTED_EDGE('',*,*,#857,.F.);
#857 = EDGE_CURVE('',#858,#858,#860,.T.);
#858 = VERTEX_POINT('',#859);
#859 = CARTESIAN_POINT('',(503.7887,36.83,-25.4));
#860 = SURFACE_CURVE('',#861,(#866,#873),.PCURVE_S1.);
#861 = CIRCLE('',#862,2.5527);
#862 = AXIS2_PLACEMENT_3D('',#863,#864,#865);
#863 = CARTESIAN_POINT('',(501.236,36.83,-25.4));
#864 = DIRECTION('',(-0.,1.,0.));
#865 = DIRECTION('',(1.,0.,0.));
#866 = PCURVE('',#100,#867);
#867 = DEFINITIONAL_REPRESENTATION('',(#868),#872);
#868 = CIRCLE('',#869,2.5527);
#869 = AXIS2_PLACEMENT_2D('',#870,#871);
#870 = CARTESIAN_POINT('',(11.43,79.342));
#871 = DIRECTION('',(0.,1.));
#872 = ( GEOMETRIC_REPRESENTATION_CONTEXT(2) 
PARAMETRIC_REPRESENTATION_CONTEXT() REPRESENTATION_CONTEXT('2D SPACE',''
  ) );
#873 = PCURVE('',#874,#879);
#874 = CYLINDRICAL_SURFACE('',#875,2.5527);
#875 = AXIS2_PLACEMENT_3D('',#876,#877,#878);
#876 = CARTESIAN_POINT('',(501.236,37.084,-25.4));
#877 = DIRECTION('',(-0.,1.,-0.));
#878 = DIRECTION('',(1.,0.,0.));
#879 = DEFINITIONAL_REPRESENTATION('',(#880),#883);
#880 = B_SPLINE_CURVE_WITH_KNOTS('',1,(#881,#882),.UNSPECIFIED.,.F.,.F.,
  (2,2),(0.,6.28318530718),.PIECEWISE_BEZIER_KNOTS.);
#881 = CARTESIAN_POINT('',(-6.28318530718,-0.254));
#882 = CARTESIAN_POINT('',(0.,-0.254));
#883 = ( GEOMETRIC_REPRESENTATION_CONTEXT(2) 
PARAMETRIC_REPRESENTATION_CONTEXT() REPRESENTATION_CONTEXT('2D SPACE',''
  ) );
#884 = FACE_BOUND('',#885,.T.);
#885 = EDGE_LOOP('',(#886));
#886 = ORIENTED_EDGE('',*,*,#887,.F.);
#887 = EDGE_CURVE('',#888,#888,#890,.T.);
#888 = VERTEX_POINT('',#889);
#889 = CARTESIAN_POINT('',(496.9764,36.83,0.));
#890 = SURFACE_CURVE('',#891,(#896,#903),.PCURVE_S1.);
#891 = CIRCLE('',#892,4.2164);
#892 = AXIS2_PLACEMENT_3D('',#893,#894,#895);
#893 = CARTESIAN_POINT('',(492.76,36.83,0.));
#894 = DIRECTION('',(-0.,1.,0.));
#895 = DIRECTION('',(1.,0.,0.));
#896 = PCURVE('',#100,#897);
#897 = DEFINITIONAL_REPRESENTATION('',(#898),#902);
#898 = CIRCLE('',#899,4.2164);
#899 = AXIS2_PLACEMENT_2D('',#900,#901);
#900 = CARTESIAN_POINT('',(36.83,70.866));
#901 = DIRECTION('',(0.,1.));
#902 = ( GEOMETRIC_REPRESENTATION_CONTEXT(2) 
PARAMETRIC_REPRESENTATION_CONTEXT() REPRESENTATION_CONTEXT('2D SPACE',''
  ) );
#903 = PCURVE('',#904,#909);
#904 = CYLINDRICAL_SURFACE('',#905,4.2164);
#905 = AXIS2_PLACEMENT_3D('',#906,#907,#908);
#906 = CARTESIAN_POINT('',(492.76,37.084,0.));
#907 = DIRECTION('',(-0.,1.,-0.));
#908 = DIRECTION('',(1.,0.,0.));
#909 = DEFINITIONAL_REPRESENTATION('',(#910),#913);
#910 = B_SPLINE_CURVE_WITH_KNOTS('',1,(#911,#912),.UNSPECIFIED.,.F.,.F.,
  (2,2),(0.,6.28318530718),.PIECEWISE_BEZIER_KNOTS.);
#911 = CARTESIAN_POINT('',(-6.28318530718,-0.254));
#912 = CARTESIAN_POINT('',(0.,-0.254));
#913 = ( GEOMETRIC_REPRESENTATION_CONTEXT(2) 
PARAMETRIC_REPRESENTATION_CONTEXT() REPRESENTATION_CONTEXT('2D SPACE',''
  ) );
#914 = FACE_BOUND('',#915,.T.);
#915 = EDGE_LOOP('',(#916));
#916 = ORIENTED_EDGE('',*,*,#917,.F.);
#917 = EDGE_CURVE('',#918,#918,#920,.T.);
#918 = VERTEX_POINT('',#919);
#919 = CARTESIAN_POINT('',(503.7887,36.83,25.4));
#920 = SURFACE_CURVE('',#921,(#926,#933),.PCURVE_S1.);
#921 = CIRCLE('',#922,2.5527);
#922 = AXIS2_PLACEMENT_3D('',#923,#924,#925);
#923 = CARTESIAN_POINT('',(501.236,36.83,25.4));
#924 = DIRECTION('',(-0.,1.,0.));
#925 = DIRECTION('',(1.,0.,0.));
#926 = PCURVE('',#100,#927);
#927 = DEFINITIONAL_REPRESENTATION('',(#928),#932);
#928 = CIRCLE('',#929,2.5527);
#929 = AXIS2_PLACEMENT_2D('',#930,#931);
#930 = CARTESIAN_POINT('',(62.23,79.342));
#931 = DIRECTION('',(0.,1.));
#932 = ( GEOMETRIC_REPRESENTATION_CONTEXT(2) 
PARAMETRIC_REPRESENTATION_CONTEXT() REPRESENTATION_CONTEXT('2D SPACE',''
  ) );
#933 = PCURVE('',#934,#939);
#934 = CYLINDRICAL_SURFACE('',#935,2.5527);
#935 = AXIS2_PLACEMENT_3D('',#936,#937,#938);
#936 = CARTESIAN_POINT('',(501.236,37.084,25.4));
#937 = DIRECTION('',(-0.,1.,-0.));
#938 = DIRECTION('',(1.,0.,0.));
#939 = DEFINITIONAL_REPRESENTATION('',(#940),#943);
#940 = B_SPLINE_CURVE_WITH_KNOTS('',1,(#941,#942),.UNSPECIFIED.,.F.,.F.,
  (2,2),(0.,6.28318530718),.PIECEWISE_BEZIER_KNOTS.);
#941 = CARTESIAN_POINT('',(-6.28318530718,-0.254));
#942 = CARTESIAN_POINT('',(0.,-0.254));
#943 = ( GEOMETRIC_REPRESENTATION_CONTEXT(2) 
PARAMETRIC_REPRESENTATION_CONTEXT() REPRESENTATION_CONTEXT('2D SPACE',''
  ) );
#944 = ADVANCED_FACE('',(#945,#996),#157,.F.);
#945 = FACE_BOUND('',#946,.T.);
#946 = EDGE_LOOP('',(#947,#948,#969,#995));
#947 = ORIENTED_EDGE('',*,*,#140,.F.);
#948 = ORIENTED_EDGE('',*,*,#949,.T.);
#949 = EDGE_CURVE('',#141,#950,#952,.T.);
#950 = VERTEX_POINT('',#951);
#951 = CARTESIAN_POINT('',(434.594,30.9372,-29.21));
#952 = SEAM_CURVE('',#953,(#957,#963),.PCURVE_S1.);
#953 = LINE('',#954,#955);
#954 = CARTESIAN_POINT('',(421.894,30.9372,-29.21));
#955 = VECTOR('',#956,1.);
#956 = DIRECTION('',(1.,0.,0.));
#957 = PCURVE('',#157,#958);
#958 = DEFINITIONAL_REPRESENTATION('',(#959),#962);
#959 = B_SPLINE_CURVE_WITH_KNOTS('',1,(#960,#961),.UNSPECIFIED.,.F.,.F.,
  (2,2),(0.,12.7),.PIECEWISE_BEZIER_KNOTS.);
#960 = CARTESIAN_POINT('',(-6.28318530718,0.));
#961 = CARTESIAN_POINT('',(-6.28318530718,-12.7));
#962 = ( GEOMETRIC_REPRESENTATION_CONTEXT(2) 
PARAMETRIC_REPRESENTATION_CONTEXT() REPRESENTATION_CONTEXT('2D SPACE',''
  ) );
#963 = PCURVE('',#157,#964);
#964 = DEFINITIONAL_REPRESENTATION('',(#965),#968);
#965 = B_SPLINE_CURVE_WITH_KNOTS('',1,(#966,#967),.UNSPECIFIED.,.F.,.F.,
  (2,2),(0.,12.7),.PIECEWISE_BEZIER_KNOTS.);
#966 = CARTESIAN_POINT('',(0.,0.));
#967 = CARTESIAN_POINT('',(0.,-12.7));
#968 = ( GEOMETRIC_REPRESENTATION_CONTEXT(2) 
PARAMETRIC_REPRESENTATION_CONTEXT() REPRESENTATION_CONTEXT('2D SPACE',''
  ) );
#969 = ORIENTED_EDGE('',*,*,#970,.T.);
#970 = EDGE_CURVE('',#950,#950,#971,.T.);
#971 = SURFACE_CURVE('',#972,(#977,#983),.PCURVE_S1.);
#972 = CIRCLE('',#973,1.7272);
#973 = AXIS2_PLACEMENT_3D('',#974,#975,#976);
#974 = CARTESIAN_POINT('',(434.594,29.21,-29.21));
#975 = DIRECTION('',(1.,0.,0.));
#976 = DIRECTION('',(0.,1.,0.));
#977 = PCURVE('',#157,#978);
#978 = DEFINITIONAL_REPRESENTATION('',(#979),#982);
#979 = B_SPLINE_CURVE_WITH_KNOTS('',1,(#980,#981),.UNSPECIFIED.,.F.,.F.,
  (2,2),(0.,6.28318530718),.PIECEWISE_BEZIER_KNOTS.);
#980 = CARTESIAN_POINT('',(0.,-12.7));
#981 = CARTESIAN_POINT('',(-6.28318530718,-12.7));
#982 = ( GEOMETRIC_REPRESENTATION_CONTEXT(2) 
PARAMETRIC_REPRESENTATION_CONTEXT() REPRESENTATION_CONTEXT('2D SPACE',''
  ) );
#983 = PCURVE('',#984,#989);
#984 = PLANE('',#985);
#985 = AXIS2_PLACEMENT_3D('',#986,#987,#988);
#986 = CARTESIAN_POINT('',(434.594,29.21,-29.21));
#987 = DIRECTION('',(1.,0.,0.));
#988 = DIRECTION('',(-0.,0.,1.));
#989 = DEFINITIONAL_REPRESENTATION('',(#990),#994);
#990 = CIRCLE('',#991,1.7272);
#991 = AXIS2_PLACEMENT_2D('',#992,#993);
#992 = CARTESIAN_POINT('',(0.,0.));
#993 = DIRECTION('',(0.,-1.));
#994 = ( GEOMETRIC_REPRESENTATION_CONTEXT(2) 
PARAMETRIC_REPRESENTATION_CONTEXT() REPRESENTATION_CONTEXT('2D SPACE',''
  ) );
#995 = ORIENTED_EDGE('',*,*,#949,.F.);
#996 = FACE_BOUND('',#997,.T.);
#997 = EDGE_LOOP('',(#998));
#998 = ORIENTED_EDGE('',*,*,#999,.F.);
#999 = EDGE_CURVE('',#1000,#1000,#1002,.T.);
#1000 = VERTEX_POINT('',#1001);
#1001 = CARTESIAN_POINT('',(430.784,28.025763304909,-27.9527));
#1002 = SURFACE_CURVE('',#1003,(#1126,#1252),.PCURVE_S1.);
#1003 = B_SPLINE_CURVE_WITH_KNOTS('',6,(#1004,#1005,#1006,#1007,#1008,
    #1009,#1010,#1011,#1012,#1013,#1014,#1015,#1016,#1017,#1018,#1019,
    #1020,#1021,#1022,#1023,#1024,#1025,#1026,#1027,#1028,#1029,#1030,
    #1031,#1032,#1033,#1034,#1035,#1036,#1037,#1038,#1039,#1040,#1041,
    #1042,#1043,#1044,#1045,#1046,#1047,#1048,#1049,#1050,#1051,#1052,
    #1053,#1054,#1055,#1056,#1057,#1058,#1059,#1060,#1061,#1062,#1063,
    #1064,#1065,#1066,#1067,#1068,#1069,#1070,#1071,#1072,#1073,#1074,
    #1075,#1076,#1077,#1078,#1079,#1080,#1081,#1082,#1083,#1084,#1085,
    #1086,#1087,#1088,#1089,#1090,#1091,#1092,#1093,#1094,#1095,#1096,
    #1097,#1098,#1099,#1100,#1101,#1102,#1103,#1104,#1105,#1106,#1107,
    #1108,#1109,#1110,#1111,#1112,#1113,#1114,#1115,#1116,#1117,#1118,
    #1119,#1120,#1121,#1122,#1123,#1124,#1125),.UNSPECIFIED.,.T.,.F.,(7,
    5,5,5,5,5,5,5,5,5,5,5,5,5,5,5,5,5,5,5,5,5,5,5,7),(0.,
    6.980837238512E-02,0.100992880532,0.124978657055,0.144517468264,
    0.217861090698,0.24944622472,0.25241925176,0.281692603449,
    0.374813555763,0.430797887984,0.471637822685,0.500293283276,
    0.543370363437,0.569804784289,0.601070321939,0.718778823416,
    0.748003184051,0.750971235517,0.782503509551,0.85572438617,
    0.875230497777,0.899176132381,0.930308451021,1.),.UNSPECIFIED.);
#1004 = CARTESIAN_POINT('',(430.784,28.025763304909,-27.9527));
#1005 = CARTESIAN_POINT('',(430.65608125693,28.025763304909,-27.9527));
#1006 = CARTESIAN_POINT('',(430.52899238616,28.033936079918,
    -27.94501551876));
#1007 = CARTESIAN_POINT('',(430.40513665757,28.050052485328,
    -27.92979783295));
#1008 = CARTESIAN_POINT('',(430.28683479762,28.07394408419,
    -27.90808818275));
#1009 = CARTESIAN_POINT('',(430.1760548543,28.105175196889,
    -27.88151902617));
#1010 = CARTESIAN_POINT('',(430.02861600019,28.159484554859,
    -27.83883550735));
#1011 = CARTESIAN_POINT('',(429.98472040965,28.177563592577,
    -27.82502787744));
#1012 = CARTESIAN_POINT('',(429.94248827565,28.196914193161,
    -27.81072458176));
#1013 = CARTESIAN_POINT('',(429.90194223695,28.217496058038,
    -27.7960533942));
#1014 = CARTESIAN_POINT('',(429.86309458598,28.239266460891,
    -27.78113768424));
#1015 = CARTESIAN_POINT('',(429.79737515733,28.279804542581,
    -27.75452732396));
#1016 = CARTESIAN_POINT('',(429.76980513272,28.298107664046,
    -27.74288198675));
#1017 = CARTESIAN_POINT('',(429.74323439638,28.317071667648,
    -27.73121230335));
#1018 = CARTESIAN_POINT('',(429.71765816601,28.336678362523,
    -27.71956750443));
#1019 = CARTESIAN_POINT('',(429.69306967567,28.356909311343,
    -27.70799415334));
#1020 = CARTESIAN_POINT('',(429.65022787958,28.39471925664,
    -27.68720245452));
#1021 = CARTESIAN_POINT('',(429.6316454673,28.412094405586,
    -27.67794535227));
#1022 = CARTESIAN_POINT('',(429.61370843874,28.429861120459,
    -27.66878858885));
#1023 = CARTESIAN_POINT('',(429.59641215113,28.448008842849,
    -27.65975484977));
#1024 = CARTESIAN_POINT('',(429.57975181924,28.466526612641,
    -27.65086575654));
#1025 = CARTESIAN_POINT('',(429.50355267176,28.556260378648,
    -27.60939465009));
#1026 = CARTESIAN_POINT('',(429.45221938639,28.632237642047,
    -27.57894381575));
#1027 = CARTESIAN_POINT('',(429.40956022416,28.71267327027,
    -27.55192523737));
#1028 = CARTESIAN_POINT('',(429.37534070098,28.796787551251,
    -27.52923584184));
#1029 = CARTESIAN_POINT('',(429.34935609993,28.883723520781,
    -27.51152643796));
#1030 = CARTESIAN_POINT('',(429.32385796556,29.010856891347,
    -27.49388386572));
#1031 = CARTESIAN_POINT('',(429.31769928451,29.049468121309,
    -27.4895726801));
#1032 = CARTESIAN_POINT('',(429.31305039702,29.088340298441,
    -27.48629289129));
#1033 = CARTESIAN_POINT('',(429.30990670272,29.127390313123,
    -27.48406603302));
#1034 = CARTESIAN_POINT('',(429.3082658482,29.166533172032,
    -27.48290326992));
#1035 = CARTESIAN_POINT('',(429.30811472605,29.209366975977,
    -27.48279618503));
#1036 = CARTESIAN_POINT('',(429.30811503919,29.213052007461,
    -27.48279640677));
#1037 = CARTESIAN_POINT('',(429.30812866634,29.216737022916,
    -27.48280606322));
#1038 = CARTESIAN_POINT('',(429.30815560756,29.220421951671,
    -27.48282515401));
#1039 = CARTESIAN_POINT('',(429.30819586312,29.22410672207,
    -27.48285367798));
#1040 = CARTESIAN_POINT('',(429.3087769033,29.264070385804,
    -27.48326535104));
#1041 = CARTESIAN_POINT('',(429.31059524017,29.300327410474,
    -27.48455347379));
#1042 = CARTESIAN_POINT('',(429.31370483378,29.33649331931,
    -27.48675392342));
#1043 = CARTESIAN_POINT('',(429.31810773358,29.372500543612,
    -27.4898569831));
#1044 = CARTESIAN_POINT('',(429.32380764873,29.408282962151,
    -27.49384529709));
#1045 = CARTESIAN_POINT('',(429.35308484145,29.556681875074,
    -27.51411758444));
#1046 = CARTESIAN_POINT('',(429.38849810342,29.666436943398,
    -27.53821392275));
#1047 = CARTESIAN_POINT('',(429.43716406719,29.771283145906,
    -27.57017104341));
#1048 = CARTESIAN_POINT('',(429.49960218222,29.869546803953,
    -27.60854518294));
#1049 = CARTESIAN_POINT('',(429.5763752124,29.959749929801,
    -27.65127474945));
#1050 = CARTESIAN_POINT('',(429.72264840536,30.089401839337,
    -27.72239952604));
#1051 = CARTESIAN_POINT('',(429.78292237293,30.134820783736,
    -27.74975768477));
#1052 = CARTESIAN_POINT('',(429.84863895854,30.176705972337,
    -27.77720371981));
#1053 = CARTESIAN_POINT('',(429.9198389381,30.21481880354,
    -27.80408418229));
#1054 = CARTESIAN_POINT('',(429.99648139748,30.248939243391,
    -27.82968299349));
#1055 = CARTESIAN_POINT('',(430.13817752137,30.300670418647,
    -27.87043683461));
#1056 = CARTESIAN_POINT('',(430.2007926952,30.320258054831,
    -27.88655776111));
#1057 = CARTESIAN_POINT('',(430.26604734986,30.3374799952,
    -27.90126001825));
#1058 = CARTESIAN_POINT('',(430.33368551228,30.352226070486,
    -27.91423075012));
#1059 = CARTESIAN_POINT('',(430.40340429617,30.364409353519,
    -27.92519409834));
#1060 = CARTESIAN_POINT('',(430.5249867285,30.38067172014,
    -27.94002758363));
#1061 = CARTESIAN_POINT('',(430.57594094393,30.386077194416,
    -27.94503657557));
#1062 = CARTESIAN_POINT('',(430.62752203335,30.390151814362,
    -27.94885227851));
#1063 = CARTESIAN_POINT('',(430.67953005542,30.392875067205,
    -27.95141674908));
#1064 = CARTESIAN_POINT('',(430.73175964238,30.394236695091,-27.9527));
#1065 = CARTESIAN_POINT('',(430.86253170133,30.394236695091,-27.9527));
#1066 = CARTESIAN_POINT('',(430.9409802772,30.391157856726,
    -27.94980127787));
#1067 = CARTESIAN_POINT('',(431.0186782616,30.385016410474,
    -27.9440132548));
#1068 = CARTESIAN_POINT('',(431.09497137208,30.375851244263,-27.93549106
    ));
#1069 = CARTESIAN_POINT('',(431.16924397696,30.363750122894,
    -27.92451490892));
#1070 = CARTESIAN_POINT('',(431.28494391101,30.339748286261,
    -27.90346410334));
#1071 = CARTESIAN_POINT('',(431.32800664117,30.329570500262,
    -27.89467310728));
#1072 = CARTESIAN_POINT('',(431.37006156803,30.318364611269,
    -27.88517322246));
#1073 = CARTESIAN_POINT('',(431.41104560209,30.306156117993,
    -27.87504514905));
#1074 = CARTESIAN_POINT('',(431.45090374945,30.292973956061,
    -27.86437355822));
#1075 = CARTESIAN_POINT('',(431.53534455549,30.262145857057,
    -27.84008716916));
#1076 = CARTESIAN_POINT('',(431.57946547941,30.244123065565,
    -27.82628804503));
#1077 = CARTESIAN_POINT('',(431.62191747488,30.224820263259,
    -27.81198300082));
#1078 = CARTESIAN_POINT('',(431.66267670786,30.204278112146,
    -27.79730098561));
#1079 = CARTESIAN_POINT('',(431.70172991894,30.182539796529,
    -27.7823666165));
#1080 = CARTESIAN_POINT('',(431.87966901995,30.073479364505,
    -27.71057805085));
#1081 = CARTESIAN_POINT('',(431.99645151293,29.970756995842,
    -27.65180903971));
#1082 = CARTESIAN_POINT('',(432.08933269766,29.853539632361,
    -27.59719237582));
#1083 = CARTESIAN_POINT('',(432.15976686339,29.724430854639,
    -27.55163354153));
#1084 = CARTESIAN_POINT('',(432.20898652068,29.586732687024,
    -27.51822272701));
#1085 = CARTESIAN_POINT('',(432.24419235126,29.408282962151,
    -27.49384529709));
#1086 = CARTESIAN_POINT('',(432.24989226641,29.372500543612,
    -27.4898569831));
#1087 = CARTESIAN_POINT('',(432.25429516621,29.33649331931,
    -27.48675392342));
#1088 = CARTESIAN_POINT('',(432.25740475982,29.300327410474,
    -27.48455347379));
#1089 = CARTESIAN_POINT('',(432.25922309669,29.264070385804,
    -27.48326535104));
#1090 = CARTESIAN_POINT('',(432.25980413688,29.22410672207,
    -27.48285367798));
#1091 = CARTESIAN_POINT('',(432.25984439243,29.220421951671,
    -27.48282515401));
#1092 = CARTESIAN_POINT('',(432.25987133366,29.216737022916,
    -27.48280606322));
#1093 = CARTESIAN_POINT('',(432.25988496081,29.213052007461,
    -27.48279640677));
#1094 = CARTESIAN_POINT('',(432.25988527394,29.209366975977,
    -27.48279618503));
#1095 = CARTESIAN_POINT('',(432.25973415179,29.166533172032,
    -27.48290326992));
#1096 = CARTESIAN_POINT('',(432.25809329727,29.127390313123,
    -27.48406603302));
#1097 = CARTESIAN_POINT('',(432.25494960297,29.088340298441,
    -27.48629289129));
#1098 = CARTESIAN_POINT('',(432.25030071548,29.049468121309,
    -27.4895726801));
#1099 = CARTESIAN_POINT('',(432.24414203443,29.010856891347,
    -27.49388386572));
#1100 = CARTESIAN_POINT('',(432.21864390006,28.883723520781,
    -27.51152643796));
#1101 = CARTESIAN_POINT('',(432.19265929901,28.796787551252,
    -27.52923584184));
#1102 = CARTESIAN_POINT('',(432.15843977583,28.71267327027,
    -27.55192523737));
#1103 = CARTESIAN_POINT('',(432.1157806136,28.632237642047,
    -27.57894381575));
#1104 = CARTESIAN_POINT('',(432.06444732824,28.556260378648,
    -27.60939465009));
#1105 = CARTESIAN_POINT('',(431.98824818075,28.466526612641,
    -27.65086575654));
#1106 = CARTESIAN_POINT('',(431.97158784886,28.448008842849,
    -27.65975484977));
#1107 = CARTESIAN_POINT('',(431.95429156125,28.429861120459,
    -27.66878858885));
#1108 = CARTESIAN_POINT('',(431.93635453269,28.412094405586,
    -27.67794535227));
#1109 = CARTESIAN_POINT('',(431.91777212041,28.39471925664,
    -27.68720245452));
#1110 = CARTESIAN_POINT('',(431.87493032432,28.356909311343,
    -27.70799415334));
#1111 = CARTESIAN_POINT('',(431.85034183399,28.336678362523,
    -27.71956750443));
#1112 = CARTESIAN_POINT('',(431.82476560361,28.317071667648,
    -27.73121230335));
#1113 = CARTESIAN_POINT('',(431.79819486727,28.298107664046,
    -27.74288198675));
#1114 = CARTESIAN_POINT('',(431.77062484266,28.279804542581,
    -27.75452732396));
#1115 = CARTESIAN_POINT('',(431.70490541401,28.239266460888,
    -27.78113768424));
#1116 = CARTESIAN_POINT('',(431.66605776305,28.217496058038,
    -27.7960533942));
#1117 = CARTESIAN_POINT('',(431.62551172434,28.196914193164,
    -27.81072458176));
#1118 = CARTESIAN_POINT('',(431.58327959034,28.177563592578,
    -27.82502787744));
#1119 = CARTESIAN_POINT('',(431.53938399979,28.159484554857,
    -27.83883550735));
#1120 = CARTESIAN_POINT('',(431.39194513707,28.105175193714,
    -27.88151902867));
#1121 = CARTESIAN_POINT('',(431.28116521988,28.073944087432,
    -27.90808818015));
#1122 = CARTESIAN_POINT('',(431.16286333897,28.050052486712,
    -27.92979783187));
#1123 = CARTESIAN_POINT('',(431.03900759423,28.033936077251,
    -27.94501552092));
#1124 = CARTESIAN_POINT('',(430.91191875792,28.025763304909,-27.9527));
#1125 = CARTESIAN_POINT('',(430.784,28.025763304909,-27.9527));
#1126 = PCURVE('',#157,#1127);
#1127 = DEFINITIONAL_REPRESENTATION('',(#1128),#1251);
#1128 = B_SPLINE_CURVE_WITH_KNOTS('',6,(#1129,#1130,#1131,#1132,#1133,
    #1134,#1135,#1136,#1137,#1138,#1139,#1140,#1141,#1142,#1143,#1144,
    #1145,#1146,#1147,#1148,#1149,#1150,#1151,#1152,#1153,#1154,#1155,
    #1156,#1157,#1158,#1159,#1160,#1161,#1162,#1163,#1164,#1165,#1166,
    #1167,#1168,#1169,#1170,#1171,#1172,#1173,#1174,#1175,#1176,#1177,
    #1178,#1179,#1180,#1181,#1182,#1183,#1184,#1185,#1186,#1187,#1188,
    #1189,#1190,#1191,#1192,#1193,#1194,#1195,#1196,#1197,#1198,#1199,
    #1200,#1201,#1202,#1203,#1204,#1205,#1206,#1207,#1208,#1209,#1210,
    #1211,#1212,#1213,#1214,#1215,#1216,#1217,#1218,#1219,#1220,#1221,
    #1222,#1223,#1224,#1225,#1226,#1227,#1228,#1229,#1230,#1231,#1232,
    #1233,#1234,#1235,#1236,#1237,#1238,#1239,#1240,#1241,#1242,#1243,
    #1244,#1245,#1246,#1247,#1248,#1249,#1250),.UNSPECIFIED.,.T.,.F.,(7,
    5,5,5,5,5,5,5,5,5,5,5,5,5,5,5,5,5,5,5,5,5,5,5,7),(0.,
    6.980837238512E-02,0.100992880532,0.124978657055,0.144517468264,
    0.217861090698,0.24944622472,0.25241925176,0.281692603449,
    0.374813555763,0.430797887984,0.471637822685,0.500293283276,
    0.543370363437,0.569804784289,0.601070321939,0.718778823416,
    0.748003184051,0.750971235517,0.782503509551,0.85572438617,
    0.875230497777,0.899176132381,0.930308451021,1.),.UNSPECIFIED.);
#1129 = CARTESIAN_POINT('',(-2.3262782874,-8.89));
#1130 = CARTESIAN_POINT('',(-2.3262782874,-8.762081256934));
#1131 = CARTESIAN_POINT('',(-2.319783296976,-8.63499238616));
#1132 = CARTESIAN_POINT('',(-2.306949168035,-8.511136657579));
#1133 = CARTESIAN_POINT('',(-2.288266113979,-8.392834797624));
#1134 = CARTESIAN_POINT('',(-2.264544528595,-8.282054854307));
#1135 = CARTESIAN_POINT('',(-2.224551914762,-8.134616000199));
#1136 = CARTESIAN_POINT('',(-2.211382324568,-8.090720409654));
#1137 = CARTESIAN_POINT('',(-2.197453239926,-8.048488275659));
#1138 = CARTESIAN_POINT('',(-2.182822966556,-8.007942236952));
#1139 = CARTESIAN_POINT('',(-2.167546910346,-7.969094585981));
#1140 = CARTESIAN_POINT('',(-2.13947157196,-7.903375157331));
#1141 = CARTESIAN_POINT('',(-2.1269127961,-7.875805132722));
#1142 = CARTESIAN_POINT('',(-2.114023118131,-7.849234396383));
#1143 = CARTESIAN_POINT('',(-2.10082278008,-7.82365816601));
#1144 = CARTESIAN_POINT('',(-2.087330397638,-7.799069675676));
#1145 = CARTESIAN_POINT('',(-2.062348006945,-7.756227879583));
#1146 = CARTESIAN_POINT('',(-2.050950623431,-7.737645467306));
#1147 = CARTESIAN_POINT('',(-2.039380028025,-7.719708438742));
#1148 = CARTESIAN_POINT('',(-2.027644966696,-7.702412151138));
#1149 = CARTESIAN_POINT('',(-2.015753712973,-7.685751819248));
#1150 = CARTESIAN_POINT('',(-1.95852036762,-7.60955267176));
#1151 = CARTESIAN_POINT('',(-1.911193444276,-7.558219386392));
#1152 = CARTESIAN_POINT('',(-1.862191586813,-7.515560224165));
#1153 = CARTESIAN_POINT('',(-1.811895677113,-7.481340700981));
#1154 = CARTESIAN_POINT('',(-1.760630795677,-7.455356099935));
#1155 = CARTESIAN_POINT('',(-1.686318798237,-7.429857965564));
#1156 = CARTESIAN_POINT('',(-1.663833269872,-7.423699284511));
#1157 = CARTESIAN_POINT('',(-1.641259658456,-7.419050397025));
#1158 = CARTESIAN_POINT('',(-1.618626503056,-7.415906702722));
#1159 = CARTESIAN_POINT('',(-1.59596246552,-7.414265848201));
#1160 = CARTESIAN_POINT('',(-1.571162825756,-7.414114726053));
#1161 = CARTESIAN_POINT('',(-1.569029303633,-7.41411503919));
#1162 = CARTESIAN_POINT('',(-1.566895786962,-7.41412866634));
#1163 = CARTESIAN_POINT('',(-1.564762299182,-7.414155607568));
#1164 = CARTESIAN_POINT('',(-1.562628864303,-7.41419586312));
#1165 = CARTESIAN_POINT('',(-1.539489804531,-7.414776903302));
#1166 = CARTESIAN_POINT('',(-1.518491568976,-7.416595240176));
#1167 = CARTESIAN_POINT('',(-1.497523706396,-7.419704833785));
#1168 = CARTESIAN_POINT('',(-1.476609027326,-7.424107733582));
#1169 = CARTESIAN_POINT('',(-1.455770246688,-7.429807648732));
#1170 = CARTESIAN_POINT('',(-1.369053492516,-7.459084841456));
#1171 = CARTESIAN_POINT('',(-1.304205742346,-7.494498103422));
#1172 = CARTESIAN_POINT('',(-1.241038206973,-7.543164067194));
#1173 = CARTESIAN_POINT('',(-1.180200407611,-7.605602182225));
#1174 = CARTESIAN_POINT('',(-1.122513191761,-7.682375212405));
#1175 = CARTESIAN_POINT('',(-1.03689512969,-7.828648405369));
#1176 = CARTESIAN_POINT('',(-1.006222132396,-7.888922372937));
#1177 = CARTESIAN_POINT('',(-0.977257560006,-7.95463895854));
#1178 = CARTESIAN_POINT('',(-0.950274531962,-8.025838938101));
#1179 = CARTESIAN_POINT('',(-0.92558475854,-8.102481397488));
#1180 = CARTESIAN_POINT('',(-0.887456094906,-8.244177521378));
#1181 = CARTESIAN_POINT('',(-0.872771215166,-8.306792695207));
#1182 = CARTESIAN_POINT('',(-0.859664135097,-8.37204734986));
#1183 = CARTESIAN_POINT('',(-0.848295397826,-8.439685512284));
#1184 = CARTESIAN_POINT('',(-0.838805867434,-8.509404296171));
#1185 = CARTESIAN_POINT('',(-0.826061952867,-8.630986728509));
#1186 = CARTESIAN_POINT('',(-0.821795291316,-8.681940943935));
#1187 = CARTESIAN_POINT('',(-0.818563398423,-8.733522033351));
#1188 = CARTESIAN_POINT('',(-0.816397694528,-8.785530055426));
#1189 = CARTESIAN_POINT('',(-0.81531436619,-8.837759642383));
#1190 = CARTESIAN_POINT('',(-0.81531436619,-8.968531701333));
#1191 = CARTESIAN_POINT('',(-0.817762600207,-9.046980277206));
#1192 = CARTESIAN_POINT('',(-0.822648801302,-9.124678261607));
#1193 = CARTESIAN_POINT('',(-0.829894251929,-9.200971372081));
#1194 = CARTESIAN_POINT('',(-0.839351915444,-9.275243976967));
#1195 = CARTESIAN_POINT('',(-0.857835760291,-9.390943911015));
#1196 = CARTESIAN_POINT('',(-0.865622032182,-9.434006641177));
#1197 = CARTESIAN_POINT('',(-0.874126963083,-9.476061568033));
#1198 = CARTESIAN_POINT('',(-0.883310069079,-9.51704560209));
#1199 = CARTESIAN_POINT('',(-0.893128802546,-9.556903749455));
#1200 = CARTESIAN_POINT('',(-0.915850772646,-9.64134455549));
#1201 = CARTESIAN_POINT('',(-0.928991516665,-9.685465479411));
#1202 = CARTESIAN_POINT('',(-0.942898973137,-9.727917474889));
#1203 = CARTESIAN_POINT('',(-0.957514181876,-9.768676707869));
#1204 = CARTESIAN_POINT('',(-0.972781033585,-9.807729918944));
#1205 = CARTESIAN_POINT('',(-1.048375714065,-9.985669019954));
#1206 = CARTESIAN_POINT('',(-1.116762454611,-10.10245151293));
#1207 = CARTESIAN_POINT('',(-1.191210379915,-10.19533269767));
#1208 = CARTESIAN_POINT('',(-1.269883539434,-10.26576686339));
#1209 = CARTESIAN_POINT('',(-1.351493331049,-10.31498652068));
#1210 = CARTESIAN_POINT('',(-1.455770246688,-10.35019235126));
#1211 = CARTESIAN_POINT('',(-1.476609027326,-10.35589226641));
#1212 = CARTESIAN_POINT('',(-1.497523706396,-10.36029516621));
#1213 = CARTESIAN_POINT('',(-1.518491568976,-10.36340475982));
#1214 = CARTESIAN_POINT('',(-1.539489804531,-10.36522309669));
#1215 = CARTESIAN_POINT('',(-1.562628864303,-10.36580413688));
#1216 = CARTESIAN_POINT('',(-1.564762299182,-10.36584439243));
#1217 = CARTESIAN_POINT('',(-1.566895786962,-10.36587133366));
#1218 = CARTESIAN_POINT('',(-1.569029303633,-10.36588496081));
#1219 = CARTESIAN_POINT('',(-1.571162825756,-10.36588527394));
#1220 = CARTESIAN_POINT('',(-1.59596246552,-10.36573415179));
#1221 = CARTESIAN_POINT('',(-1.618626503056,-10.36409329727));
#1222 = CARTESIAN_POINT('',(-1.641259658456,-10.36094960297));
#1223 = CARTESIAN_POINT('',(-1.663833269872,-10.35630071548));
#1224 = CARTESIAN_POINT('',(-1.686318798237,-10.35014203443));
#1225 = CARTESIAN_POINT('',(-1.760630795677,-10.32464390006));
#1226 = CARTESIAN_POINT('',(-1.811895677113,-10.29865929901));
#1227 = CARTESIAN_POINT('',(-1.862191586813,-10.26443977583));
#1228 = CARTESIAN_POINT('',(-1.911193444276,-10.2217806136));
#1229 = CARTESIAN_POINT('',(-1.95852036762,-10.17044732824));
#1230 = CARTESIAN_POINT('',(-2.015753712973,-10.09424818075));
#1231 = CARTESIAN_POINT('',(-2.027644966696,-10.07758784886));
#1232 = CARTESIAN_POINT('',(-2.039380028025,-10.06029156125));
#1233 = CARTESIAN_POINT('',(-2.050950623431,-10.04235453269));
#1234 = CARTESIAN_POINT('',(-2.062348006945,-10.02377212041));
#1235 = CARTESIAN_POINT('',(-2.087330397638,-9.980930324324));
#1236 = CARTESIAN_POINT('',(-2.10082278008,-9.95634183399));
#1237 = CARTESIAN_POINT('',(-2.114023118131,-9.930765603617));
#1238 = CARTESIAN_POINT('',(-2.1269127961,-9.904194867278));
#1239 = CARTESIAN_POINT('',(-2.13947157196,-9.876624842669));
#1240 = CARTESIAN_POINT('',(-2.167546910348,-9.810905414015));
#1241 = CARTESIAN_POINT('',(-2.182822966555,-9.77205776305));
#1242 = CARTESIAN_POINT('',(-2.197453239924,-9.731511724347));
#1243 = CARTESIAN_POINT('',(-2.211382324568,-9.689279590347));
#1244 = CARTESIAN_POINT('',(-2.224551914764,-9.645383999795));
#1245 = CARTESIAN_POINT('',(-2.264544530934,-9.497945137073));
#1246 = CARTESIAN_POINT('',(-2.28826611157,-9.387165219883));
#1247 = CARTESIAN_POINT('',(-2.306949167019,-9.268863338976));
#1248 = CARTESIAN_POINT('',(-2.319783298965,-9.145007594235));
#1249 = CARTESIAN_POINT('',(-2.3262782874,-9.017918757926));
#1250 = CARTESIAN_POINT('',(-2.3262782874,-8.89));
#1251 = ( GEOMETRIC_REPRESENTATION_CONTEXT(2) 
PARAMETRIC_REPRESENTATION_CONTEXT() REPRESENTATION_CONTEXT('2D SPACE',''
  ) );
#1252 = PCURVE('',#784,#1253);
#1253 = DEFINITIONAL_REPRESENTATION('',(#1254),#1377);
#1254 = B_SPLINE_CURVE_WITH_KNOTS('',6,(#1255,#1256,#1257,#1258,#1259,
    #1260,#1261,#1262,#1263,#1264,#1265,#1266,#1267,#1268,#1269,#1270,
    #1271,#1272,#1273,#1274,#1275,#1276,#1277,#1278,#1279,#1280,#1281,
    #1282,#1283,#1284,#1285,#1286,#1287,#1288,#1289,#1290,#1291,#1292,
    #1293,#1294,#1295,#1296,#1297,#1298,#1299,#1300,#1301,#1302,#1303,
    #1304,#1305,#1306,#1307,#1308,#1309,#1310,#1311,#1312,#1313,#1314,
    #1315,#1316,#1317,#1318,#1319,#1320,#1321,#1322,#1323,#1324,#1325,
    #1326,#1327,#1328,#1329,#1330,#1331,#1332,#1333,#1334,#1335,#1336,
    #1337,#1338,#1339,#1340,#1341,#1342,#1343,#1344,#1345,#1346,#1347,
    #1348,#1349,#1350,#1351,#1352,#1353,#1354,#1355,#1356,#1357,#1358,
    #1359,#1360,#1361,#1362,#1363,#1364,#1365,#1366,#1367,#1368,#1369,
    #1370,#1371,#1372,#1373,#1374,#1375,#1376),.UNSPECIFIED.,.T.,.F.,(7,
    5,5,5,5,5,5,5,5,5,5,5,5,5,5,5,5,5,5,5,5,5,5,5,7),(0.,
    6.980837238512E-02,0.100992880532,0.124978657055,0.144517468264,
    0.217861090698,0.24944622472,0.25241925176,0.281692603449,
    0.374813555763,0.430797887984,0.471637822685,0.500293283276,
    0.543370363437,0.569804784289,0.601070321939,0.718778823416,
    0.748003184051,0.750971235517,0.782503509551,0.85572438617,
    0.875230497777,0.899176132381,0.930308451021,1.),.UNSPECIFIED.);
#1255 = CARTESIAN_POINT('',(-4.712388980385,-9.058236695091));
#1256 = CARTESIAN_POINT('',(-4.662277826287,-9.058236695091));
#1257 = CARTESIAN_POINT('',(-4.612494015854,-9.050063920082));
#1258 = CARTESIAN_POINT('',(-4.56374244338,-9.033947514672));
#1259 = CARTESIAN_POINT('',(-4.516737260468,-9.01005591581));
#1260 = CARTESIAN_POINT('',(-4.472155886046,-8.978824803111));
#1261 = CARTESIAN_POINT('',(-4.412026222698,-8.924515445141));
#1262 = CARTESIAN_POINT('',(-4.39400448404,-8.906436407423));
#1263 = CARTESIAN_POINT('',(-4.37654332812,-8.887085806839));
#1264 = CARTESIAN_POINT('',(-4.359656923556,-8.866503941962));
#1265 = CARTESIAN_POINT('',(-4.343358079879,-8.844733539109));
#1266 = CARTESIAN_POINT('',(-4.315582614696,-8.804195457419));
#1267 = CARTESIAN_POINT('',(-4.303859606853,-8.785892335954));
#1268 = CARTESIAN_POINT('',(-4.292492753545,-8.766928332352));
#1269 = CARTESIAN_POINT('',(-4.281485257302,-8.747321637477));
#1270 = CARTESIAN_POINT('',(-4.270839993642,-8.727090688657));
#1271 = CARTESIAN_POINT('',(-4.252185030965,-8.68928074336));
#1272 = CARTESIAN_POINT('',(-4.244052680153,-8.671905594414));
#1273 = CARTESIAN_POINT('',(-4.236163906223,-8.654138879541));
#1274 = CARTESIAN_POINT('',(-4.228520182208,-8.635991157151));
#1275 = CARTESIAN_POINT('',(-4.221123006575,-8.617473387359));
#1276 = CARTESIAN_POINT('',(-4.187138026133,-8.527739621352));
#1277 = CARTESIAN_POINT('',(-4.163772463884,-8.451762357953));
#1278 = CARTESIAN_POINT('',(-4.144000280126,-8.37132672973));
#1279 = CARTESIAN_POINT('',(-4.127917321914,-8.287212448748));
#1280 = CARTESIAN_POINT('',(-4.115599324183,-8.200276479219));
#1281 = CARTESIAN_POINT('',(-4.103452696597,-8.073143108653));
#1282 = CARTESIAN_POINT('',(-4.10050771991,-8.034531878691));
#1283 = CARTESIAN_POINT('',(-4.098278981034,-7.995659701559));
#1284 = CARTESIAN_POINT('',(-4.09676980977,-7.956609686877));
#1285 = CARTESIAN_POINT('',(-4.09598196884,-7.917466827968));
#1286 = CARTESIAN_POINT('',(-4.095909411822,-7.874633024023));
#1287 = CARTESIAN_POINT('',(-4.095909562133,-7.870947992539));
#1288 = CARTESIAN_POINT('',(-4.095916104884,-7.867262977084));
#1289 = CARTESIAN_POINT('',(-4.095929040016,-7.863578048329));
#1290 = CARTESIAN_POINT('',(-4.095948367341,-7.85989327793));
#1291 = CARTESIAN_POINT('',(-4.096227325772,-7.819929614196));
#1292 = CARTESIAN_POINT('',(-4.09710028326,-7.783672589526));
#1293 = CARTESIAN_POINT('',(-4.098592576682,-7.74750668069));
#1294 = CARTESIAN_POINT('',(-4.100702673335,-7.711499456388));
#1295 = CARTESIAN_POINT('',(-4.103427890131,-7.675717037849));
#1296 = CARTESIAN_POINT('',(-4.117378087029,-7.527318124926));
#1297 = CARTESIAN_POINT('',(-4.134156478651,-7.417563056602));
#1298 = CARTESIAN_POINT('',(-4.156961890921,-7.312716854094));
#1299 = CARTESIAN_POINT('',(-4.185644134974,-7.214453196047));
#1300 = CARTESIAN_POINT('',(-4.220012021327,-7.124250070199));
#1301 = CARTESIAN_POINT('',(-4.283728338265,-6.994598160663));
#1302 = CARTESIAN_POINT('',(-4.30964962704,-6.949179216264));
#1303 = CARTESIAN_POINT('',(-4.337527768899,-6.907294027663));
#1304 = CARTESIAN_POINT('',(-4.367311044917,-6.86918119646));
#1305 = CARTESIAN_POINT('',(-4.398937177833,-6.835060756609));
#1306 = CARTESIAN_POINT('',(-4.456695780439,-6.783329581353));
#1307 = CARTESIAN_POINT('',(-4.482014197936,-6.763741945169));
#1308 = CARTESIAN_POINT('',(-4.508199679784,-6.7465200048));
#1309 = CARTESIAN_POINT('',(-4.535157655534,-6.731773929514));
#1310 = CARTESIAN_POINT('',(-4.562788081627,-6.719590646481));
#1311 = CARTESIAN_POINT('',(-4.61077020201,-6.70332827986));
#1312 = CARTESIAN_POINT('',(-4.630821503736,-6.697922805584));
#1313 = CARTESIAN_POINT('',(-4.651074534292,-6.693848185638));
#1314 = CARTESIAN_POINT('',(-4.671464021681,-6.691124932795));
#1315 = CARTESIAN_POINT('',(-4.691924234188,-6.689763304909));
#1316 = CARTESIAN_POINT('',(-4.743153152176,-6.689763304909));
#1317 = CARTESIAN_POINT('',(-4.773884665902,-6.692842143274));
#1318 = CARTESIAN_POINT('',(-4.804374892388,-6.698983589526));
#1319 = CARTESIAN_POINT('',(-4.834418618939,-6.708148755737));
#1320 = CARTESIAN_POINT('',(-4.863814149675,-6.720249877106));
#1321 = CARTESIAN_POINT('',(-4.909882770018,-6.744251713739));
#1322 = CARTESIAN_POINT('',(-4.927096212563,-6.754429499738));
#1323 = CARTESIAN_POINT('',(-4.943980680903,-6.765635388731));
#1324 = CARTESIAN_POINT('',(-4.960514103866,-6.777843882007));
#1325 = CARTESIAN_POINT('',(-4.976675391712,-6.791026043939));
#1326 = CARTESIAN_POINT('',(-5.011095408474,-6.821854142943));
#1327 = CARTESIAN_POINT('',(-5.029200311524,-6.839876934435));
#1328 = CARTESIAN_POINT('',(-5.046743201348,-6.859179736741));
#1329 = CARTESIAN_POINT('',(-5.063709529892,-6.879721887854));
#1330 = CARTESIAN_POINT('',(-5.080086144986,-6.901460203471));
#1331 = CARTESIAN_POINT('',(-5.155251560261,-7.010520635495));
#1332 = CARTESIAN_POINT('',(-5.206290249316,-7.113243004158));
#1333 = CARTESIAN_POINT('',(-5.24841965255,-7.230460367639));
#1334 = CARTESIAN_POINT('',(-5.281272716148,-7.359569145361));
#1335 = CARTESIAN_POINT('',(-5.304574955853,-7.497267312976));
#1336 = CARTESIAN_POINT('',(-5.321350070638,-7.675717037849));
#1337 = CARTESIAN_POINT('',(-5.324075287435,-7.711499456388));
#1338 = CARTESIAN_POINT('',(-5.326185384088,-7.74750668069));
#1339 = CARTESIAN_POINT('',(-5.327677677509,-7.783672589526));
#1340 = CARTESIAN_POINT('',(-5.328550634997,-7.819929614196));
#1341 = CARTESIAN_POINT('',(-5.328829593428,-7.85989327793));
#1342 = CARTESIAN_POINT('',(-5.328848920753,-7.863578048329));
#1343 = CARTESIAN_POINT('',(-5.328861855886,-7.867262977084));
#1344 = CARTESIAN_POINT('',(-5.328868398637,-7.870947992539));
#1345 = CARTESIAN_POINT('',(-5.328868548947,-7.874633024023));
#1346 = CARTESIAN_POINT('',(-5.32879599193,-7.917466827968));
#1347 = CARTESIAN_POINT('',(-5.328008150999,-7.956609686877));
#1348 = CARTESIAN_POINT('',(-5.326498979735,-7.995659701559));
#1349 = CARTESIAN_POINT('',(-5.324270240859,-8.034531878691));
#1350 = CARTESIAN_POINT('',(-5.321325264172,-8.073143108653));
#1351 = CARTESIAN_POINT('',(-5.309178636586,-8.200276479219));
#1352 = CARTESIAN_POINT('',(-5.296860638855,-8.287212448748));
#1353 = CARTESIAN_POINT('',(-5.280777680643,-8.37132672973));
#1354 = CARTESIAN_POINT('',(-5.261005496886,-8.451762357953));
#1355 = CARTESIAN_POINT('',(-5.237639934636,-8.527739621352));
#1356 = CARTESIAN_POINT('',(-5.203654954194,-8.617473387359));
#1357 = CARTESIAN_POINT('',(-5.196257778562,-8.635991157151));
#1358 = CARTESIAN_POINT('',(-5.188614054546,-8.654138879541));
#1359 = CARTESIAN_POINT('',(-5.180725280617,-8.671905594414));
#1360 = CARTESIAN_POINT('',(-5.172592929805,-8.68928074336));
#1361 = CARTESIAN_POINT('',(-5.153937967127,-8.727090688657));
#1362 = CARTESIAN_POINT('',(-5.143292703467,-8.747321637477));
#1363 = CARTESIAN_POINT('',(-5.132285207225,-8.766928332352));
#1364 = CARTESIAN_POINT('',(-5.120918353916,-8.785892335954));
#1365 = CARTESIAN_POINT('',(-5.109195346074,-8.804195457419));
#1366 = CARTESIAN_POINT('',(-5.081419880889,-8.844733539112));
#1367 = CARTESIAN_POINT('',(-5.065121037214,-8.866503941962));
#1368 = CARTESIAN_POINT('',(-5.048234632652,-8.887085806836));
#1369 = CARTESIAN_POINT('',(-5.03077347673,-8.906436407422));
#1370 = CARTESIAN_POINT('',(-5.012751738069,-8.924515445143));
#1371 = CARTESIAN_POINT('',(-4.952622071207,-8.978824806286));
#1372 = CARTESIAN_POINT('',(-4.908040707293,-9.010055912568));
#1373 = CARTESIAN_POINT('',(-4.861035516102,-9.033947513288));
#1374 = CARTESIAN_POINT('',(-4.812283937129,-9.050063922749));
#1375 = CARTESIAN_POINT('',(-4.762500140304,-9.058236695091));
#1376 = CARTESIAN_POINT('',(-4.712388980385,-9.058236695091));
#1377 = ( GEOMETRIC_REPRESENTATION_CONTEXT(2) 
PARAMETRIC_REPRESENTATION_CONTEXT() REPRESENTATION_CONTEXT('2D SPACE',''
  ) );
#1378 = ADVANCED_FACE('',(#1379,#1430),#187,.F.);
#1379 = FACE_BOUND('',#1380,.T.);
#1380 = EDGE_LOOP('',(#1381,#1382,#1403,#1429));
#1381 = ORIENTED_EDGE('',*,*,#170,.F.);
#1382 = ORIENTED_EDGE('',*,*,#1383,.T.);
#1383 = EDGE_CURVE('',#171,#1384,#1386,.T.);
#1384 = VERTEX_POINT('',#1385);
#1385 = CARTESIAN_POINT('',(434.594,30.9372,29.21));
#1386 = SEAM_CURVE('',#1387,(#1391,#1397),.PCURVE_S1.);
#1387 = LINE('',#1388,#1389);
#1388 = CARTESIAN_POINT('',(421.894,30.9372,29.21));
#1389 = VECTOR('',#1390,1.);
#1390 = DIRECTION('',(1.,0.,0.));
#1391 = PCURVE('',#187,#1392);
#1392 = DEFINITIONAL_REPRESENTATION('',(#1393),#1396);
#1393 = B_SPLINE_CURVE_WITH_KNOTS('',1,(#1394,#1395),.UNSPECIFIED.,.F.,
  .F.,(2,2),(0.,12.7),.PIECEWISE_BEZIER_KNOTS.);
#1394 = CARTESIAN_POINT('',(-6.28318530718,0.));
#1395 = CARTESIAN_POINT('',(-6.28318530718,-12.7));
#1396 = ( GEOMETRIC_REPRESENTATION_CONTEXT(2) 
PARAMETRIC_REPRESENTATION_CONTEXT() REPRESENTATION_CONTEXT('2D SPACE',''
  ) );
#1397 = PCURVE('',#187,#1398);
#1398 = DEFINITIONAL_REPRESENTATION('',(#1399),#1402);
#1399 = B_SPLINE_CURVE_WITH_KNOTS('',1,(#1400,#1401),.UNSPECIFIED.,.F.,
  .F.,(2,2),(0.,12.7),.PIECEWISE_BEZIER_KNOTS.);
#1400 = CARTESIAN_POINT('',(0.,0.));
#1401 = CARTESIAN_POINT('',(0.,-12.7));
#1402 = ( GEOMETRIC_REPRESENTATION_CONTEXT(2) 
PARAMETRIC_REPRESENTATION_CONTEXT() REPRESENTATION_CONTEXT('2D SPACE',''
  ) );
#1403 = ORIENTED_EDGE('',*,*,#1404,.T.);
#1404 = EDGE_CURVE('',#1384,#1384,#1405,.T.);
#1405 = SURFACE_CURVE('',#1406,(#1411,#1417),.PCURVE_S1.);
#1406 = CIRCLE('',#1407,1.7272);
#1407 = AXIS2_PLACEMENT_3D('',#1408,#1409,#1410);
#1408 = CARTESIAN_POINT('',(434.594,29.21,29.21));
#1409 = DIRECTION('',(1.,0.,0.));
#1410 = DIRECTION('',(0.,1.,0.));
#1411 = PCURVE('',#187,#1412);
#1412 = DEFINITIONAL_REPRESENTATION('',(#1413),#1416);
#1413 = B_SPLINE_CURVE_WITH_KNOTS('',1,(#1414,#1415),.UNSPECIFIED.,.F.,
  .F.,(2,2),(0.,6.28318530718),.PIECEWISE_BEZIER_KNOTS.);
#1414 = CARTESIAN_POINT('',(0.,-12.7));
#1415 = CARTESIAN_POINT('',(-6.28318530718,-12.7));
#1416 = ( GEOMETRIC_REPRESENTATION_CONTEXT(2) 
PARAMETRIC_REPRESENTATION_CONTEXT() REPRESENTATION_CONTEXT('2D SPACE',''
  ) );
#1417 = PCURVE('',#1418,#1423);
#1418 = PLANE('',#1419);
#1419 = AXIS2_PLACEMENT_3D('',#1420,#1421,#1422);
#1420 = CARTESIAN_POINT('',(434.594,29.21,29.21));
#1421 = DIRECTION('',(1.,0.,0.));
#1422 = DIRECTION('',(-0.,0.,1.));
#1423 = DEFINITIONAL_REPRESENTATION('',(#1424),#1428);
#1424 = CIRCLE('',#1425,1.7272);
#1425 = AXIS2_PLACEMENT_2D('',#1426,#1427);
#1426 = CARTESIAN_POINT('',(0.,0.));
#1427 = DIRECTION('',(0.,-1.));
#1428 = ( GEOMETRIC_REPRESENTATION_CONTEXT(2) 
PARAMETRIC_REPRESENTATION_CONTEXT() REPRESENTATION_CONTEXT('2D SPACE',''
  ) );
#1429 = ORIENTED_EDGE('',*,*,#1383,.F.);
#1430 = FACE_BOUND('',#1431,.T.);
#1431 = EDGE_LOOP('',(#1432));
#1432 = ORIENTED_EDGE('',*,*,#1433,.F.);
#1433 = EDGE_CURVE('',#1434,#1434,#1436,.T.);
#1434 = VERTEX_POINT('',#1435);
#1435 = CARTESIAN_POINT('',(430.784,30.394236695091,27.9527));
#1436 = SURFACE_CURVE('',#1437,(#1560,#1686),.PCURVE_S1.);
#1437 = B_SPLINE_CURVE_WITH_KNOTS('',6,(#1438,#1439,#1440,#1441,#1442,
    #1443,#1444,#1445,#1446,#1447,#1448,#1449,#1450,#1451,#1452,#1453,
    #1454,#1455,#1456,#1457,#1458,#1459,#1460,#1461,#1462,#1463,#1464,
    #1465,#1466,#1467,#1468,#1469,#1470,#1471,#1472,#1473,#1474,#1475,
    #1476,#1477,#1478,#1479,#1480,#1481,#1482,#1483,#1484,#1485,#1486,
    #1487,#1488,#1489,#1490,#1491,#1492,#1493,#1494,#1495,#1496,#1497,
    #1498,#1499,#1500,#1501,#1502,#1503,#1504,#1505,#1506,#1507,#1508,
    #1509,#1510,#1511,#1512,#1513,#1514,#1515,#1516,#1517,#1518,#1519,
    #1520,#1521,#1522,#1523,#1524,#1525,#1526,#1527,#1528,#1529,#1530,
    #1531,#1532,#1533,#1534,#1535,#1536,#1537,#1538,#1539,#1540,#1541,
    #1542,#1543,#1544,#1545,#1546,#1547,#1548,#1549,#1550,#1551,#1552,
    #1553,#1554,#1555,#1556,#1557,#1558,#1559),.UNSPECIFIED.,.T.,.F.,(7,
    5,5,5,5,5,5,5,5,5,5,5,5,5,5,5,5,5,5,5,5,5,5,5,7),(0.,
    6.980836651714E-02,0.100992869411,0.124978641893,0.14451744981,
    0.217861059861,0.249446188539,0.252419215075,0.281692561811,
    0.374813498369,0.430797821117,0.471637748908,0.50029320465,
    0.543370277523,0.569804693902,0.601070232405,0.718778760875,
    0.748003128212,0.750971180358,0.782503461624,0.855724359622,
    0.875230475615,0.899176115605,0.930308441246,1.),.UNSPECIFIED.);
#1438 = CARTESIAN_POINT('',(430.784,30.394236695091,27.9527));
#1439 = CARTESIAN_POINT('',(430.65608124211,30.394236695091,27.9527));
#1440 = CARTESIAN_POINT('',(430.52899240571,30.386063922743,
    27.945015520924));
#1441 = CARTESIAN_POINT('',(430.40513666101,30.369947513291,
    27.929797831873));
#1442 = CARTESIAN_POINT('',(430.28683478016,30.346055912576,
    27.908088180157));
#1443 = CARTESIAN_POINT('',(430.1760548629,30.314824806278,
    27.881519028664));
#1444 = CARTESIAN_POINT('',(430.02861600019,30.260515445141,
    27.838835507353));
#1445 = CARTESIAN_POINT('',(429.98472040965,30.242436407423,
    27.825027877441));
#1446 = CARTESIAN_POINT('',(429.94248827565,30.223085806839,
    27.810724581764));
#1447 = CARTESIAN_POINT('',(429.90194223695,30.202503941962,
    27.796053394203));
#1448 = CARTESIAN_POINT('',(429.86309458598,30.180733539109,
    27.781137684242));
#1449 = CARTESIAN_POINT('',(429.79737515733,30.140195457419,
    27.754527323966));
#1450 = CARTESIAN_POINT('',(429.76980513272,30.121892335954,
    27.742881986753));
#1451 = CARTESIAN_POINT('',(429.74323439638,30.102928332352,
    27.73121230335));
#1452 = CARTESIAN_POINT('',(429.71765816601,30.083321637477,
    27.719567504433));
#1453 = CARTESIAN_POINT('',(429.69306967567,30.063090688657,
    27.707994153347));
#1454 = CARTESIAN_POINT('',(429.65022787958,30.02528074336,
    27.687202454525));
#1455 = CARTESIAN_POINT('',(429.6316454673,30.007905594414,
    27.677945352275));
#1456 = CARTESIAN_POINT('',(429.61370843874,29.990138879541,
    27.668788588855));
#1457 = CARTESIAN_POINT('',(429.59641215113,29.971991157151,
    27.659754849773));
#1458 = CARTESIAN_POINT('',(429.57975181924,29.953473387359,
    27.650865756546));
#1459 = CARTESIAN_POINT('',(429.50355267178,29.863739621379,
    27.609394650109));
#1460 = CARTESIAN_POINT('',(429.45221938638,29.78776235795,
    27.578943815744));
#1461 = CARTESIAN_POINT('',(429.40956022415,29.7073267297,
    27.551925237369));
#1462 = CARTESIAN_POINT('',(429.37534070098,29.623212448736,
    27.529235841842));
#1463 = CARTESIAN_POINT('',(429.34935609994,29.536276479252,
    27.511526437969));
#1464 = CARTESIAN_POINT('',(429.32385796556,29.409143108653,
    27.493883865728));
#1465 = CARTESIAN_POINT('',(429.31769928451,29.370531878691,
    27.489572680104));
#1466 = CARTESIAN_POINT('',(429.31305039702,29.331659701559,
    27.486292891297));
#1467 = CARTESIAN_POINT('',(429.30990670272,29.292609686877,
    27.484066033029));
#1468 = CARTESIAN_POINT('',(429.3082658482,29.253466827968,
    27.482903269926));
#1469 = CARTESIAN_POINT('',(429.30811472605,29.210633024023,
    27.482796185036));
#1470 = CARTESIAN_POINT('',(429.30811503919,29.206947992539,
    27.482796406778));
#1471 = CARTESIAN_POINT('',(429.30812866634,29.203262977085,
    27.482806063222));
#1472 = CARTESIAN_POINT('',(429.30815560756,29.19957804833,
    27.482825154017));
#1473 = CARTESIAN_POINT('',(429.30819586312,29.195893277931,
    27.482853677981));
#1474 = CARTESIAN_POINT('',(429.3087769033,29.155929614197,
    27.483265351044));
#1475 = CARTESIAN_POINT('',(429.31059524017,29.119672589526,
    27.484553473794));
#1476 = CARTESIAN_POINT('',(429.31370483378,29.083506680691,
    27.486753923426));
#1477 = CARTESIAN_POINT('',(429.31810773358,29.047499456389,
    27.489856983106));
#1478 = CARTESIAN_POINT('',(429.32380764873,29.011717037849,
    27.493845297094));
#1479 = CARTESIAN_POINT('',(429.35308484145,28.863318124926,
    27.514117584447));
#1480 = CARTESIAN_POINT('',(429.38849810342,28.753563056603,
    27.538213922758));
#1481 = CARTESIAN_POINT('',(429.43716406719,28.648716854094,
    27.570171043413));
#1482 = CARTESIAN_POINT('',(429.49960218222,28.550453196048,
    27.608545182945));
#1483 = CARTESIAN_POINT('',(429.5763752124,28.4602500702,27.651274749456
    ));
#1484 = CARTESIAN_POINT('',(429.72264840536,28.330598160663,
    27.722399526046));
#1485 = CARTESIAN_POINT('',(429.78292237293,28.285179216265,
    27.749757684775));
#1486 = CARTESIAN_POINT('',(429.84863895853,28.243294027664,
    27.777203719815));
#1487 = CARTESIAN_POINT('',(429.91983893809,28.205181196461,
    27.80408418229));
#1488 = CARTESIAN_POINT('',(429.99648139748,28.17106075661,
    27.829682993496));
#1489 = CARTESIAN_POINT('',(430.13817752137,28.119329581354,
    27.870436834609));
#1490 = CARTESIAN_POINT('',(430.2007926952,28.099741945169,
    27.886557761119));
#1491 = CARTESIAN_POINT('',(430.26604734985,28.0825200048,
    27.901260018258));
#1492 = CARTESIAN_POINT('',(430.33368551228,28.067773929515,
    27.91423075012));
#1493 = CARTESIAN_POINT('',(430.40340429617,28.055590646481,
    27.92519409834));
#1494 = CARTESIAN_POINT('',(430.5249867285,28.03932827986,
    27.940027583632));
#1495 = CARTESIAN_POINT('',(430.57594094393,28.033922805584,
    27.945036575577));
#1496 = CARTESIAN_POINT('',(430.62752203335,28.029848185638,
    27.948852278514));
#1497 = CARTESIAN_POINT('',(430.67953005542,28.027124932795,
    27.951416749089));
#1498 = CARTESIAN_POINT('',(430.73175964238,28.025763304909,27.9527));
#1499 = CARTESIAN_POINT('',(430.86253170133,28.025763304909,27.9527));
#1500 = CARTESIAN_POINT('',(430.9409802772,28.028842143274,
    27.949801277873));
#1501 = CARTESIAN_POINT('',(431.0186782616,28.034983589526,
    27.944013254805));
#1502 = CARTESIAN_POINT('',(431.09497137208,28.044148755737,27.93549106)
  );
#1503 = CARTESIAN_POINT('',(431.16924397696,28.056249877106,
    27.924514908922));
#1504 = CARTESIAN_POINT('',(431.28494391101,28.080251713739,
    27.903464103348));
#1505 = CARTESIAN_POINT('',(431.32800664117,28.090429499738,
    27.89467310728));
#1506 = CARTESIAN_POINT('',(431.37006156803,28.101635388731,
    27.885173222462));
#1507 = CARTESIAN_POINT('',(431.41104560209,28.113843882007,
    27.875045149051));
#1508 = CARTESIAN_POINT('',(431.45090374945,28.127026043939,
    27.864373558223));
#1509 = CARTESIAN_POINT('',(431.53534456448,28.157854146226,
    27.840087166581));
#1510 = CARTESIAN_POINT('',(431.57946547775,28.175876932849,
    27.826288045978));
#1511 = CARTESIAN_POINT('',(431.62191746657,28.195179732796,
    27.811983003651));
#1512 = CARTESIAN_POINT('',(431.66267670505,28.215721887342,
    27.797300986185));
#1513 = CARTESIAN_POINT('',(431.70172992649,28.237460208096,
    27.78236661346));
#1514 = CARTESIAN_POINT('',(431.87966901995,28.346520635495,
    27.710578050853));
#1515 = CARTESIAN_POINT('',(431.99645151293,28.449243004159,
    27.651809039712));
#1516 = CARTESIAN_POINT('',(432.08933269767,28.56646036764,
    27.597192375828));
#1517 = CARTESIAN_POINT('',(432.15976686339,28.695569145362,
    27.551633541531));
#1518 = CARTESIAN_POINT('',(432.20898652068,28.833267312977,
    27.518222727018));
#1519 = CARTESIAN_POINT('',(432.24419235126,29.011717037849,
    27.493845297094));
#1520 = CARTESIAN_POINT('',(432.24989226641,29.047499456389,
    27.489856983106));
#1521 = CARTESIAN_POINT('',(432.25429516621,29.083506680691,
    27.486753923426));
#1522 = CARTESIAN_POINT('',(432.25740475982,29.119672589526,
    27.484553473794));
#1523 = CARTESIAN_POINT('',(432.25922309669,29.155929614197,
    27.483265351044));
#1524 = CARTESIAN_POINT('',(432.25980413688,29.195893277931,
    27.482853677981));
#1525 = CARTESIAN_POINT('',(432.25984439243,29.19957804833,
    27.482825154017));
#1526 = CARTESIAN_POINT('',(432.25987133366,29.203262977085,
    27.482806063222));
#1527 = CARTESIAN_POINT('',(432.25988496081,29.206947992539,
    27.482796406778));
#1528 = CARTESIAN_POINT('',(432.25988527394,29.210633024023,
    27.482796185036));
#1529 = CARTESIAN_POINT('',(432.25973415179,29.253466827968,
    27.482903269926));
#1530 = CARTESIAN_POINT('',(432.25809329727,29.292609686877,
    27.484066033029));
#1531 = CARTESIAN_POINT('',(432.25494960297,29.331659701559,
    27.486292891297));
#1532 = CARTESIAN_POINT('',(432.25030071548,29.370531878691,
    27.489572680104));
#1533 = CARTESIAN_POINT('',(432.24414203443,29.409143108653,
    27.493883865728));
#1534 = CARTESIAN_POINT('',(432.21864389894,29.536276484788,
    27.511526438738));
#1535 = CARTESIAN_POINT('',(432.19265930275,29.623212440305,
    27.529235839616));
#1536 = CARTESIAN_POINT('',(432.15843977447,29.707326729366,
    27.551925238043));
#1537 = CARTESIAN_POINT('',(432.11578060922,29.787762366237,
    27.578943818292));
#1538 = CARTESIAN_POINT('',(432.06444733227,29.863739616599,
    27.609394647899));
#1539 = CARTESIAN_POINT('',(431.98824818075,29.953473387359,
    27.650865756546));
#1540 = CARTESIAN_POINT('',(431.97158784886,29.971991157151,
    27.659754849773));
#1541 = CARTESIAN_POINT('',(431.95429156125,29.990138879541,
    27.668788588855));
#1542 = CARTESIAN_POINT('',(431.93635453269,30.007905594414,
    27.677945352275));
#1543 = CARTESIAN_POINT('',(431.91777212041,30.02528074336,
    27.687202454525));
#1544 = CARTESIAN_POINT('',(431.87493032432,30.063090688657,
    27.707994153347));
#1545 = CARTESIAN_POINT('',(431.85034183399,30.083321637477,
    27.719567504433));
#1546 = CARTESIAN_POINT('',(431.82476560361,30.102928332352,
    27.73121230335));
#1547 = CARTESIAN_POINT('',(431.79819486727,30.121892335954,
    27.742881986753));
#1548 = CARTESIAN_POINT('',(431.77062484266,30.140195457419,
    27.754527323966));
#1549 = CARTESIAN_POINT('',(431.70490541401,30.180733539112,
    27.781137684244));
#1550 = CARTESIAN_POINT('',(431.66605776304,30.202503941962,
    27.796053394202));
#1551 = CARTESIAN_POINT('',(431.62551172434,30.223085806837,
    27.810724581763));
#1552 = CARTESIAN_POINT('',(431.58327959034,30.242436407422,
    27.825027877441));
#1553 = CARTESIAN_POINT('',(431.53938399979,30.260515445143,
    27.838835507355));
#1554 = CARTESIAN_POINT('',(431.39194514569,30.31482480311,
    27.881519026175));
#1555 = CARTESIAN_POINT('',(431.28116520237,30.34605591581,
    27.908088182756));
#1556 = CARTESIAN_POINT('',(431.16286334242,30.369947514672,
    27.929797832951));
#1557 = CARTESIAN_POINT('',(431.03900761383,30.386063920082,
    27.945015518767));
#1558 = CARTESIAN_POINT('',(430.91191874306,30.394236695091,27.9527));
#1559 = CARTESIAN_POINT('',(430.784,30.394236695091,27.9527));
#1560 = PCURVE('',#187,#1561);
#1561 = DEFINITIONAL_REPRESENTATION('',(#1562),#1685);
#1562 = B_SPLINE_CURVE_WITH_KNOTS('',6,(#1563,#1564,#1565,#1566,#1567,
    #1568,#1569,#1570,#1571,#1572,#1573,#1574,#1575,#1576,#1577,#1578,
    #1579,#1580,#1581,#1582,#1583,#1584,#1585,#1586,#1587,#1588,#1589,
    #1590,#1591,#1592,#1593,#1594,#1595,#1596,#1597,#1598,#1599,#1600,
    #1601,#1602,#1603,#1604,#1605,#1606,#1607,#1608,#1609,#1610,#1611,
    #1612,#1613,#1614,#1615,#1616,#1617,#1618,#1619,#1620,#1621,#1622,
    #1623,#1624,#1625,#1626,#1627,#1628,#1629,#1630,#1631,#1632,#1633,
    #1634,#1635,#1636,#1637,#1638,#1639,#1640,#1641,#1642,#1643,#1644,
    #1645,#1646,#1647,#1648,#1649,#1650,#1651,#1652,#1653,#1654,#1655,
    #1656,#1657,#1658,#1659,#1660,#1661,#1662,#1663,#1664,#1665,#1666,
    #1667,#1668,#1669,#1670,#1671,#1672,#1673,#1674,#1675,#1676,#1677,
    #1678,#1679,#1680,#1681,#1682,#1683,#1684),.UNSPECIFIED.,.T.,.F.,(7,
    5,5,5,5,5,5,5,5,5,5,5,5,5,5,5,5,5,5,5,5,5,5,5,7),(0.,
    6.980836651714E-02,0.100992869411,0.124978641893,0.14451744981,
    0.217861059861,0.249446188539,0.252419215075,0.281692561811,
    0.374813498369,0.430797821117,0.471637748908,0.50029320465,
    0.543370277523,0.569804693902,0.601070232405,0.718778760875,
    0.748003128212,0.750971180358,0.782503461624,0.855724359622,
    0.875230475615,0.899176115605,0.930308441246,1.),.UNSPECIFIED.);
#1563 = CARTESIAN_POINT('',(-5.46787094099,-8.89));
#1564 = CARTESIAN_POINT('',(-5.46787094099,-8.762081242116));
#1565 = CARTESIAN_POINT('',(-5.461375952549,-8.634992405713));
#1566 = CARTESIAN_POINT('',(-5.448541820611,-8.511136661013));
#1567 = CARTESIAN_POINT('',(-5.429858765166,-8.392834780163));
#1568 = CARTESIAN_POINT('',(-5.406137184518,-8.282054862906));
#1569 = CARTESIAN_POINT('',(-5.366144568352,-8.134616000199));
#1570 = CARTESIAN_POINT('',(-5.352974978158,-8.090720409654));
#1571 = CARTESIAN_POINT('',(-5.339045893516,-8.048488275659));
#1572 = CARTESIAN_POINT('',(-5.324415620145,-8.007942236952));
#1573 = CARTESIAN_POINT('',(-5.309139563936,-7.969094585981));
#1574 = CARTESIAN_POINT('',(-5.28106422555,-7.903375157331));
#1575 = CARTESIAN_POINT('',(-5.268505449689,-7.875805132722));
#1576 = CARTESIAN_POINT('',(-5.255615771721,-7.849234396383));
#1577 = CARTESIAN_POINT('',(-5.24241543367,-7.82365816601));
#1578 = CARTESIAN_POINT('',(-5.228923051227,-7.799069675676));
#1579 = CARTESIAN_POINT('',(-5.203940660535,-7.756227879583));
#1580 = CARTESIAN_POINT('',(-5.192543277021,-7.737645467306));
#1581 = CARTESIAN_POINT('',(-5.180972681615,-7.719708438742));
#1582 = CARTESIAN_POINT('',(-5.169237620285,-7.702412151138));
#1583 = CARTESIAN_POINT('',(-5.157346366563,-7.685751819248));
#1584 = CARTESIAN_POINT('',(-5.100113021227,-7.609552671783));
#1585 = CARTESIAN_POINT('',(-5.052786097863,-7.55821938638));
#1586 = CARTESIAN_POINT('',(-5.003784240385,-7.515560224151));
#1587 = CARTESIAN_POINT('',(-4.953488330696,-7.481340700985));
#1588 = CARTESIAN_POINT('',(-4.902223449286,-7.455356099942));
#1589 = CARTESIAN_POINT('',(-4.827911451827,-7.429857965564));
#1590 = CARTESIAN_POINT('',(-4.805425923462,-7.423699284511));
#1591 = CARTESIAN_POINT('',(-4.782852312045,-7.419050397025));
#1592 = CARTESIAN_POINT('',(-4.760219156646,-7.415906702722));
#1593 = CARTESIAN_POINT('',(-4.73755511911,-7.414265848201));
#1594 = CARTESIAN_POINT('',(-4.712755479346,-7.414114726053));
#1595 = CARTESIAN_POINT('',(-4.710621957223,-7.41411503919));
#1596 = CARTESIAN_POINT('',(-4.708488440552,-7.41412866634));
#1597 = CARTESIAN_POINT('',(-4.706354952772,-7.414155607568));
#1598 = CARTESIAN_POINT('',(-4.704221517893,-7.41419586312));
#1599 = CARTESIAN_POINT('',(-4.681082458121,-7.414776903302));
#1600 = CARTESIAN_POINT('',(-4.660084222566,-7.416595240176));
#1601 = CARTESIAN_POINT('',(-4.639116359986,-7.419704833785));
#1602 = CARTESIAN_POINT('',(-4.618201680916,-7.424107733582));
#1603 = CARTESIAN_POINT('',(-4.597362900278,-7.429807648732));
#1604 = CARTESIAN_POINT('',(-4.510646146107,-7.459084841456));
#1605 = CARTESIAN_POINT('',(-4.445798395936,-7.494498103422));
#1606 = CARTESIAN_POINT('',(-4.382630860563,-7.543164067194));
#1607 = CARTESIAN_POINT('',(-4.321793061201,-7.605602182225));
#1608 = CARTESIAN_POINT('',(-4.264105845351,-7.682375212404));
#1609 = CARTESIAN_POINT('',(-4.178487783281,-7.828648405369));
#1610 = CARTESIAN_POINT('',(-4.147814785986,-7.888922372936));
#1611 = CARTESIAN_POINT('',(-4.118850213596,-7.954638958539));
#1612 = CARTESIAN_POINT('',(-4.091867185552,-8.025838938099));
#1613 = CARTESIAN_POINT('',(-4.06717741213,-8.102481397487));
#1614 = CARTESIAN_POINT('',(-4.029048748496,-8.244177521377));
#1615 = CARTESIAN_POINT('',(-4.014363868756,-8.306792695206));
#1616 = CARTESIAN_POINT('',(-4.001256788687,-8.372047349859));
#1617 = CARTESIAN_POINT('',(-3.989888051416,-8.439685512283));
#1618 = CARTESIAN_POINT('',(-3.980398521024,-8.50940429617));
#1619 = CARTESIAN_POINT('',(-3.967654606457,-8.630986728508));
#1620 = CARTESIAN_POINT('',(-3.963387944906,-8.681940943934));
#1621 = CARTESIAN_POINT('',(-3.960156052013,-8.73352203335));
#1622 = CARTESIAN_POINT('',(-3.957990348118,-8.785530055425));
#1623 = CARTESIAN_POINT('',(-3.95690701978,-8.837759642383));
#1624 = CARTESIAN_POINT('',(-3.95690701978,-8.968531701333));
#1625 = CARTESIAN_POINT('',(-3.959355253797,-9.046980277206));
#1626 = CARTESIAN_POINT('',(-3.964241454892,-9.124678261608));
#1627 = CARTESIAN_POINT('',(-3.971486905519,-9.200971372082));
#1628 = CARTESIAN_POINT('',(-3.980944569034,-9.275243976968));
#1629 = CARTESIAN_POINT('',(-3.999428413881,-9.390943911016));
#1630 = CARTESIAN_POINT('',(-4.007214685772,-9.434006641178));
#1631 = CARTESIAN_POINT('',(-4.015719616673,-9.476061568034));
#1632 = CARTESIAN_POINT('',(-4.024902722669,-9.517045602091));
#1633 = CARTESIAN_POINT('',(-4.034721456136,-9.556903749456));
#1634 = CARTESIAN_POINT('',(-4.057443428655,-9.641344564482));
#1635 = CARTESIAN_POINT('',(-4.070584169191,-9.685465477755));
#1636 = CARTESIAN_POINT('',(-4.084491623916,-9.727917466576));
#1637 = CARTESIAN_POINT('',(-4.099106835031,-9.768676705056));
#1638 = CARTESIAN_POINT('',(-4.114373690381,-9.807729926491));
#1639 = CARTESIAN_POINT('',(-4.189968367655,-9.985669019955));
#1640 = CARTESIAN_POINT('',(-4.258355108202,-10.10245151293));
#1641 = CARTESIAN_POINT('',(-4.332803033505,-10.19533269767));
#1642 = CARTESIAN_POINT('',(-4.411476193025,-10.26576686339));
#1643 = CARTESIAN_POINT('',(-4.493085984639,-10.31498652068));
#1644 = CARTESIAN_POINT('',(-4.597362900278,-10.35019235126));
#1645 = CARTESIAN_POINT('',(-4.618201680916,-10.35589226641));
#1646 = CARTESIAN_POINT('',(-4.639116359986,-10.36029516621));
#1647 = CARTESIAN_POINT('',(-4.660084222566,-10.36340475982));
#1648 = CARTESIAN_POINT('',(-4.681082458121,-10.36522309669));
#1649 = CARTESIAN_POINT('',(-4.704221517893,-10.36580413688));
#1650 = CARTESIAN_POINT('',(-4.706354952772,-10.36584439243));
#1651 = CARTESIAN_POINT('',(-4.708488440552,-10.36587133366));
#1652 = CARTESIAN_POINT('',(-4.710621957223,-10.36588496081));
#1653 = CARTESIAN_POINT('',(-4.712755479346,-10.36588527394));
#1654 = CARTESIAN_POINT('',(-4.73755511911,-10.3657341518));
#1655 = CARTESIAN_POINT('',(-4.760219156646,-10.36409329727));
#1656 = CARTESIAN_POINT('',(-4.782852312045,-10.36094960297));
#1657 = CARTESIAN_POINT('',(-4.805425923462,-10.35630071548));
#1658 = CARTESIAN_POINT('',(-4.827911451827,-10.35014203443));
#1659 = CARTESIAN_POINT('',(-4.902223452522,-10.32464389894));
#1660 = CARTESIAN_POINT('',(-4.953488325603,-10.29865930275));
#1661 = CARTESIAN_POINT('',(-5.003784240308,-10.26443977447));
#1662 = CARTESIAN_POINT('',(-5.052786102928,-10.22178060922));
#1663 = CARTESIAN_POINT('',(-5.100113018178,-10.17044733227));
#1664 = CARTESIAN_POINT('',(-5.157346366563,-10.09424818075));
#1665 = CARTESIAN_POINT('',(-5.169237620285,-10.07758784886));
#1666 = CARTESIAN_POINT('',(-5.180972681615,-10.06029156125));
#1667 = CARTESIAN_POINT('',(-5.192543277021,-10.04235453269));
#1668 = CARTESIAN_POINT('',(-5.203940660535,-10.02377212041));
#1669 = CARTESIAN_POINT('',(-5.228923051227,-9.980930324324));
#1670 = CARTESIAN_POINT('',(-5.24241543367,-9.956341833991));
#1671 = CARTESIAN_POINT('',(-5.255615771721,-9.930765603617));
#1672 = CARTESIAN_POINT('',(-5.268505449689,-9.904194867278));
#1673 = CARTESIAN_POINT('',(-5.28106422555,-9.876624842669));
#1674 = CARTESIAN_POINT('',(-5.309139563938,-9.810905414015));
#1675 = CARTESIAN_POINT('',(-5.324415620145,-9.772057763049));
#1676 = CARTESIAN_POINT('',(-5.339045893514,-9.731511724346));
#1677 = CARTESIAN_POINT('',(-5.352974978158,-9.689279590347));
#1678 = CARTESIAN_POINT('',(-5.366144568353,-9.645383999796));
#1679 = CARTESIAN_POINT('',(-5.406137182185,-9.497945145694));
#1680 = CARTESIAN_POINT('',(-5.429858767569,-9.387165202376));
#1681 = CARTESIAN_POINT('',(-5.448541821625,-9.26886334242));
#1682 = CARTESIAN_POINT('',(-5.461375950566,-9.14500761384));
#1683 = CARTESIAN_POINT('',(-5.46787094099,-9.017918743066));
#1684 = CARTESIAN_POINT('',(-5.46787094099,-8.89));
#1685 = ( GEOMETRIC_REPRESENTATION_CONTEXT(2) 
PARAMETRIC_REPRESENTATION_CONTEXT() REPRESENTATION_CONTEXT('2D SPACE',''
  ) );
#1686 = PCURVE('',#844,#1687);
#1687 = DEFINITIONAL_REPRESENTATION('',(#1688),#1811);
#1688 = B_SPLINE_CURVE_WITH_KNOTS('',6,(#1689,#1690,#1691,#1692,#1693,
    #1694,#1695,#1696,#1697,#1698,#1699,#1700,#1701,#1702,#1703,#1704,
    #1705,#1706,#1707,#1708,#1709,#1710,#1711,#1712,#1713,#1714,#1715,
    #1716,#1717,#1718,#1719,#1720,#1721,#1722,#1723,#1724,#1725,#1726,
    #1727,#1728,#1729,#1730,#1731,#1732,#1733,#1734,#1735,#1736,#1737,
    #1738,#1739,#1740,#1741,#1742,#1743,#1744,#1745,#1746,#1747,#1748,
    #1749,#1750,#1751,#1752,#1753,#1754,#1755,#1756,#1757,#1758,#1759,
    #1760,#1761,#1762,#1763,#1764,#1765,#1766,#1767,#1768,#1769,#1770,
    #1771,#1772,#1773,#1774,#1775,#1776,#1777,#1778,#1779,#1780,#1781,
    #1782,#1783,#1784,#1785,#1786,#1787,#1788,#1789,#1790,#1791,#1792,
    #1793,#1794,#1795,#1796,#1797,#1798,#1799,#1800,#1801,#1802,#1803,
    #1804,#1805,#1806,#1807,#1808,#1809,#1810),.UNSPECIFIED.,.T.,.F.,(7,
    5,5,5,5,5,5,5,5,5,5,5,5,5,5,5,5,5,5,5,5,5,5,5,7),(0.,
    6.980836651714E-02,0.100992869411,0.124978641893,0.14451744981,
    0.217861059861,0.249446188539,0.252419215075,0.281692561811,
    0.374813498369,0.430797821117,0.471637748908,0.50029320465,
    0.543370277523,0.569804693902,0.601070232405,0.718778760875,
    0.748003128212,0.750971180358,0.782503461624,0.855724359622,
    0.875230475615,0.899176115605,0.930308441246,1.),.UNSPECIFIED.);
#1689 = CARTESIAN_POINT('',(-1.570796326795,-6.689763304909));
#1690 = CARTESIAN_POINT('',(-1.620907486698,-6.689763304909));
#1691 = CARTESIAN_POINT('',(-1.67069128356,-6.697936077257));
#1692 = CARTESIAN_POINT('',(-1.719442862517,-6.714052486709));
#1693 = CARTESIAN_POINT('',(-1.766448053685,-6.737944087424));
#1694 = CARTESIAN_POINT('',(-1.811029417626,-6.769175193722));
#1695 = CARTESIAN_POINT('',(-1.871159084482,-6.823484554859));
#1696 = CARTESIAN_POINT('',(-1.88918082314,-6.841563592577));
#1697 = CARTESIAN_POINT('',(-1.90664197906,-6.860914193161));
#1698 = CARTESIAN_POINT('',(-1.923528383623,-6.881496058038));
#1699 = CARTESIAN_POINT('',(-1.939827227301,-6.903266460891));
#1700 = CARTESIAN_POINT('',(-1.967602692484,-6.943804542581));
#1701 = CARTESIAN_POINT('',(-1.979325700326,-6.962107664046));
#1702 = CARTESIAN_POINT('',(-1.990692553635,-6.981071667648));
#1703 = CARTESIAN_POINT('',(-2.001700049878,-7.000678362523));
#1704 = CARTESIAN_POINT('',(-2.012345313538,-7.020909311343));
#1705 = CARTESIAN_POINT('',(-2.031000276215,-7.05871925664));
#1706 = CARTESIAN_POINT('',(-2.039132627027,-7.076094405586));
#1707 = CARTESIAN_POINT('',(-2.047021400956,-7.093861120459));
#1708 = CARTESIAN_POINT('',(-2.054665124972,-7.112008842849));
#1709 = CARTESIAN_POINT('',(-2.062062300604,-7.130526612641));
#1710 = CARTESIAN_POINT('',(-2.096047281036,-7.220260378621));
#1711 = CARTESIAN_POINT('',(-2.119412843301,-7.29623764205));
#1712 = CARTESIAN_POINT('',(-2.13918502706,-7.3766732703));
#1713 = CARTESIAN_POINT('',(-2.155267985263,-7.460787551264));
#1714 = CARTESIAN_POINT('',(-2.167585982993,-7.547723520748));
#1715 = CARTESIAN_POINT('',(-2.179732610582,-7.674856891347));
#1716 = CARTESIAN_POINT('',(-2.182677587269,-7.713468121309));
#1717 = CARTESIAN_POINT('',(-2.184906326146,-7.752340298441));
#1718 = CARTESIAN_POINT('',(-2.186415497409,-7.791390313123));
#1719 = CARTESIAN_POINT('',(-2.18720333834,-7.830533172032));
#1720 = CARTESIAN_POINT('',(-2.187275895358,-7.873366975977));
#1721 = CARTESIAN_POINT('',(-2.187275745047,-7.877052007461));
#1722 = CARTESIAN_POINT('',(-2.187269202296,-7.880737022915));
#1723 = CARTESIAN_POINT('',(-2.187256267163,-7.88442195167));
#1724 = CARTESIAN_POINT('',(-2.187236939838,-7.888106722069));
#1725 = CARTESIAN_POINT('',(-2.186957981407,-7.928070385803));
#1726 = CARTESIAN_POINT('',(-2.18608502392,-7.964327410474));
#1727 = CARTESIAN_POINT('',(-2.184592730498,-8.000493319309));
#1728 = CARTESIAN_POINT('',(-2.182482633845,-8.036500543611));
#1729 = CARTESIAN_POINT('',(-2.179757417048,-8.072282962151));
#1730 = CARTESIAN_POINT('',(-2.165807220151,-8.220681875074));
#1731 = CARTESIAN_POINT('',(-2.149028828529,-8.330436943397));
#1732 = CARTESIAN_POINT('',(-2.126223416258,-8.435283145905));
#1733 = CARTESIAN_POINT('',(-2.097541172206,-8.533546803952));
#1734 = CARTESIAN_POINT('',(-2.063173285853,-8.6237499298));
#1735 = CARTESIAN_POINT('',(-1.999456968915,-8.753401839337));
#1736 = CARTESIAN_POINT('',(-1.97353568014,-8.798820783735));
#1737 = CARTESIAN_POINT('',(-1.945657538281,-8.840705972336));
#1738 = CARTESIAN_POINT('',(-1.915874262263,-8.878818803539));
#1739 = CARTESIAN_POINT('',(-1.884248129347,-8.91293924339));
#1740 = CARTESIAN_POINT('',(-1.826489526742,-8.964670418646));
#1741 = CARTESIAN_POINT('',(-1.801171109244,-8.984258054831));
#1742 = CARTESIAN_POINT('',(-1.774985627396,-9.0014799952));
#1743 = CARTESIAN_POINT('',(-1.748027651646,-9.016226070485));
#1744 = CARTESIAN_POINT('',(-1.720397225553,-9.028409353519));
#1745 = CARTESIAN_POINT('',(-1.67241510517,-9.04467172014));
#1746 = CARTESIAN_POINT('',(-1.652363803444,-9.050077194416));
#1747 = CARTESIAN_POINT('',(-1.632110772888,-9.054151814362));
#1748 = CARTESIAN_POINT('',(-1.611721285499,-9.056875067205));
#1749 = CARTESIAN_POINT('',(-1.591261072992,-9.058236695091));
#1750 = CARTESIAN_POINT('',(-1.540032155003,-9.058236695091));
#1751 = CARTESIAN_POINT('',(-1.509300641278,-9.055157856726));
#1752 = CARTESIAN_POINT('',(-1.478810414791,-9.049016410474));
#1753 = CARTESIAN_POINT('',(-1.44876668824,-9.039851244263));
#1754 = CARTESIAN_POINT('',(-1.419371157504,-9.027750122894));
#1755 = CARTESIAN_POINT('',(-1.373302537161,-9.003748286261));
#1756 = CARTESIAN_POINT('',(-1.356089094616,-8.993570500262));
#1757 = CARTESIAN_POINT('',(-1.339204626276,-8.982364611269));
#1758 = CARTESIAN_POINT('',(-1.322671203313,-8.970156117993));
#1759 = CARTESIAN_POINT('',(-1.306509915468,-8.956973956061));
#1760 = CARTESIAN_POINT('',(-1.27208989504,-8.926145853774));
#1761 = CARTESIAN_POINT('',(-1.25398499639,-8.908123067151));
#1762 = CARTESIAN_POINT('',(-1.236442109275,-8.888820267204));
#1763 = CARTESIAN_POINT('',(-1.219475778403,-8.868278112658));
#1764 = CARTESIAN_POINT('',(-1.203099159006,-8.846539791904));
#1765 = CARTESIAN_POINT('',(-1.127933746918,-8.737479364505));
#1766 = CARTESIAN_POINT('',(-1.076895057863,-8.634756995841));
#1767 = CARTESIAN_POINT('',(-1.03476565463,-8.51753963236));
#1768 = CARTESIAN_POINT('',(-1.001912591031,-8.388430854638));
#1769 = CARTESIAN_POINT('',(-0.978610351326,-8.250732687023));
#1770 = CARTESIAN_POINT('',(-0.961835236542,-8.072282962151));
#1771 = CARTESIAN_POINT('',(-0.959110019745,-8.036500543611));
#1772 = CARTESIAN_POINT('',(-0.956999923092,-8.000493319309));
#1773 = CARTESIAN_POINT('',(-0.95550762967,-7.964327410474));
#1774 = CARTESIAN_POINT('',(-0.954634672182,-7.928070385803));
#1775 = CARTESIAN_POINT('',(-0.954355713751,-7.888106722069));
#1776 = CARTESIAN_POINT('',(-0.954336386426,-7.88442195167));
#1777 = CARTESIAN_POINT('',(-0.954323451294,-7.880737022915));
#1778 = CARTESIAN_POINT('',(-0.954316908543,-7.877052007461));
#1779 = CARTESIAN_POINT('',(-0.954316758232,-7.873366975977));
#1780 = CARTESIAN_POINT('',(-0.95438931525,-7.830533172032));
#1781 = CARTESIAN_POINT('',(-0.955177156181,-7.791390313123));
#1782 = CARTESIAN_POINT('',(-0.956686327444,-7.752340298441));
#1783 = CARTESIAN_POINT('',(-0.958915066321,-7.713468121309));
#1784 = CARTESIAN_POINT('',(-0.961860043008,-7.674856891347));
#1785 = CARTESIAN_POINT('',(-0.974006671125,-7.547723515212));
#1786 = CARTESIAN_POINT('',(-0.986324666619,-7.460787559695));
#1787 = CARTESIAN_POINT('',(-1.002407627127,-7.376673270634));
#1788 = CARTESIAN_POINT('',(-1.02217981228,-7.296237633763));
#1789 = CARTESIAN_POINT('',(-1.045545370743,-7.220260383401));
#1790 = CARTESIAN_POINT('',(-1.079530352986,-7.130526612641));
#1791 = CARTESIAN_POINT('',(-1.086927528618,-7.112008842849));
#1792 = CARTESIAN_POINT('',(-1.094571252633,-7.093861120459));
#1793 = CARTESIAN_POINT('',(-1.102460026563,-7.076094405586));
#1794 = CARTESIAN_POINT('',(-1.110592377375,-7.05871925664));
#1795 = CARTESIAN_POINT('',(-1.129247340052,-7.020909311343));
#1796 = CARTESIAN_POINT('',(-1.139892603712,-7.000678362523));
#1797 = CARTESIAN_POINT('',(-1.150900099955,-6.981071667648));
#1798 = CARTESIAN_POINT('',(-1.162266953263,-6.962107664046));
#1799 = CARTESIAN_POINT('',(-1.173989961106,-6.943804542581));
#1800 = CARTESIAN_POINT('',(-1.201765426291,-6.903266460888));
#1801 = CARTESIAN_POINT('',(-1.218064269966,-6.881496058038));
#1802 = CARTESIAN_POINT('',(-1.234950674528,-6.860914193163));
#1803 = CARTESIAN_POINT('',(-1.25241183045,-6.841563592578));
#1804 = CARTESIAN_POINT('',(-1.27043356911,-6.823484554857));
#1805 = CARTESIAN_POINT('',(-1.330563232457,-6.76917519689));
#1806 = CARTESIAN_POINT('',(-1.375144606878,-6.73794408419));
#1807 = CARTESIAN_POINT('',(-1.42214978979,-6.714052485328));
#1808 = CARTESIAN_POINT('',(-1.470901362264,-6.697936079918));
#1809 = CARTESIAN_POINT('',(-1.520685172697,-6.689763304909));
#1810 = CARTESIAN_POINT('',(-1.570796326795,-6.689763304909));
#1811 = ( GEOMETRIC_REPRESENTATION_CONTEXT(2) 
PARAMETRIC_REPRESENTATION_CONTEXT() REPRESENTATION_CONTEXT('2D SPACE',''
  ) );
#1812 = ADVANCED_FACE('',(#1813),#221,.F.);
#1813 = FACE_BOUND('',#1814,.T.);
#1814 = EDGE_LOOP('',(#1815,#1816,#1837,#1863));
#1815 = ORIENTED_EDGE('',*,*,#200,.T.);
#1816 = ORIENTED_EDGE('',*,*,#1817,.T.);
#1817 = EDGE_CURVE('',#201,#1818,#1820,.T.);
#1818 = VERTEX_POINT('',#1819);
#1819 = CARTESIAN_POINT('',(432.91,27.50635,0.));
#1820 = SEAM_CURVE('',#1821,(#1825,#1831),.PCURVE_S1.);
#1821 = LINE('',#1822,#1823);
#1822 = CARTESIAN_POINT('',(421.64,27.50635,0.));
#1823 = VECTOR('',#1824,1.);
#1824 = DIRECTION('',(1.,0.,0.));
#1825 = PCURVE('',#221,#1826);
#1826 = DEFINITIONAL_REPRESENTATION('',(#1827),#1830);
#1827 = B_SPLINE_CURVE_WITH_KNOTS('',1,(#1828,#1829),.UNSPECIFIED.,.F.,
  .F.,(2,2),(0.254,11.27),.PIECEWISE_BEZIER_KNOTS.);
#1828 = CARTESIAN_POINT('',(-6.28318530718,-0.254));
#1829 = CARTESIAN_POINT('',(-6.28318530718,-11.27));
#1830 = ( GEOMETRIC_REPRESENTATION_CONTEXT(2) 
PARAMETRIC_REPRESENTATION_CONTEXT() REPRESENTATION_CONTEXT('2D SPACE',''
  ) );
#1831 = PCURVE('',#221,#1832);
#1832 = DEFINITIONAL_REPRESENTATION('',(#1833),#1836);
#1833 = B_SPLINE_CURVE_WITH_KNOTS('',1,(#1834,#1835),.UNSPECIFIED.,.F.,
  .F.,(2,2),(0.254,11.27),.PIECEWISE_BEZIER_KNOTS.);
#1834 = CARTESIAN_POINT('',(0.,-0.254));
#1835 = CARTESIAN_POINT('',(0.,-11.27));
#1836 = ( GEOMETRIC_REPRESENTATION_CONTEXT(2) 
PARAMETRIC_REPRESENTATION_CONTEXT() REPRESENTATION_CONTEXT('2D SPACE',''
  ) );
#1837 = ORIENTED_EDGE('',*,*,#1838,.T.);
#1838 = EDGE_CURVE('',#1818,#1818,#1839,.T.);
#1839 = SURFACE_CURVE('',#1840,(#1845,#1851),.PCURVE_S1.);
#1840 = CIRCLE('',#1841,27.50635);
#1841 = AXIS2_PLACEMENT_3D('',#1842,#1843,#1844);
#1842 = CARTESIAN_POINT('',(432.91,0.,0.));
#1843 = DIRECTION('',(1.,0.,0.));
#1844 = DIRECTION('',(0.,1.,0.));
#1845 = PCURVE('',#221,#1846);
#1846 = DEFINITIONAL_REPRESENTATION('',(#1847),#1850);
#1847 = B_SPLINE_CURVE_WITH_KNOTS('',1,(#1848,#1849),.UNSPECIFIED.,.F.,
  .F.,(2,2),(0.,6.28318530718),.PIECEWISE_BEZIER_KNOTS.);
#1848 = CARTESIAN_POINT('',(0.,-11.27));
#1849 = CARTESIAN_POINT('',(-6.28318530718,-11.27));
#1850 = ( GEOMETRIC_REPRESENTATION_CONTEXT(2) 
PARAMETRIC_REPRESENTATION_CONTEXT() REPRESENTATION_CONTEXT('2D SPACE',''
  ) );
#1851 = PCURVE('',#1852,#1857);
#1852 = PLANE('',#1853);
#1853 = AXIS2_PLACEMENT_3D('',#1854,#1855,#1856);
#1854 = CARTESIAN_POINT('',(432.91,-2.004577297399E-15,
    -1.122852116124E-15));
#1855 = DIRECTION('',(1.,0.,0.));
#1856 = DIRECTION('',(-0.,0.,1.));
#1857 = DEFINITIONAL_REPRESENTATION('',(#1858),#1862);
#1858 = CIRCLE('',#1859,27.50635);
#1859 = AXIS2_PLACEMENT_2D('',#1860,#1861);
#1860 = CARTESIAN_POINT('',(1.122852116124E-15,-2.004577297399E-15));
#1861 = DIRECTION('',(0.,-1.));
#1862 = ( GEOMETRIC_REPRESENTATION_CONTEXT(2) 
PARAMETRIC_REPRESENTATION_CONTEXT() REPRESENTATION_CONTEXT('2D SPACE',''
  ) );
#1863 = ORIENTED_EDGE('',*,*,#1817,.F.);
#1864 = ADVANCED_FACE('',(#1865,#1916),#251,.F.);
#1865 = FACE_BOUND('',#1866,.T.);
#1866 = EDGE_LOOP('',(#1867,#1868,#1889,#1915));
#1867 = ORIENTED_EDGE('',*,*,#234,.F.);
#1868 = ORIENTED_EDGE('',*,*,#1869,.T.);
#1869 = EDGE_CURVE('',#235,#1870,#1872,.T.);
#1870 = VERTEX_POINT('',#1871);
#1871 = CARTESIAN_POINT('',(434.594,-27.4828,-29.21));
#1872 = SEAM_CURVE('',#1873,(#1877,#1883),.PCURVE_S1.);
#1873 = LINE('',#1874,#1875);
#1874 = CARTESIAN_POINT('',(421.894,-27.4828,-29.21));
#1875 = VECTOR('',#1876,1.);
#1876 = DIRECTION('',(1.,0.,0.));
#1877 = PCURVE('',#251,#1878);
#1878 = DEFINITIONAL_REPRESENTATION('',(#1879),#1882);
#1879 = B_SPLINE_CURVE_WITH_KNOTS('',1,(#1880,#1881),.UNSPECIFIED.,.F.,
  .F.,(2,2),(0.,12.7),.PIECEWISE_BEZIER_KNOTS.);
#1880 = CARTESIAN_POINT('',(-6.28318530718,0.));
#1881 = CARTESIAN_POINT('',(-6.28318530718,-12.7));
#1882 = ( GEOMETRIC_REPRESENTATION_CONTEXT(2) 
PARAMETRIC_REPRESENTATION_CONTEXT() REPRESENTATION_CONTEXT('2D SPACE',''
  ) );
#1883 = PCURVE('',#251,#1884);
#1884 = DEFINITIONAL_REPRESENTATION('',(#1885),#1888);
#1885 = B_SPLINE_CURVE_WITH_KNOTS('',1,(#1886,#1887),.UNSPECIFIED.,.F.,
  .F.,(2,2),(0.,12.7),.PIECEWISE_BEZIER_KNOTS.);
#1886 = CARTESIAN_POINT('',(0.,0.));
#1887 = CARTESIAN_POINT('',(0.,-12.7));
#1888 = ( GEOMETRIC_REPRESENTATION_CONTEXT(2) 
PARAMETRIC_REPRESENTATION_CONTEXT() REPRESENTATION_CONTEXT('2D SPACE',''
  ) );
#1889 = ORIENTED_EDGE('',*,*,#1890,.T.);
#1890 = EDGE_CURVE('',#1870,#1870,#1891,.T.);
#1891 = SURFACE_CURVE('',#1892,(#1897,#1903),.PCURVE_S1.);
#1892 = CIRCLE('',#1893,1.7272);
#1893 = AXIS2_PLACEMENT_3D('',#1894,#1895,#1896);
#1894 = CARTESIAN_POINT('',(434.594,-29.21,-29.21));
#1895 = DIRECTION('',(1.,0.,0.));
#1896 = DIRECTION('',(0.,1.,0.));
#1897 = PCURVE('',#251,#1898);
#1898 = DEFINITIONAL_REPRESENTATION('',(#1899),#1902);
#1899 = B_SPLINE_CURVE_WITH_KNOTS('',1,(#1900,#1901),.UNSPECIFIED.,.F.,
  .F.,(2,2),(0.,6.28318530718),.PIECEWISE_BEZIER_KNOTS.);
#1900 = CARTESIAN_POINT('',(0.,-12.7));
#1901 = CARTESIAN_POINT('',(-6.28318530718,-12.7));
#1902 = ( GEOMETRIC_REPRESENTATION_CONTEXT(2) 
PARAMETRIC_REPRESENTATION_CONTEXT() REPRESENTATION_CONTEXT('2D SPACE',''
  ) );
#1903 = PCURVE('',#1904,#1909);
#1904 = PLANE('',#1905);
#1905 = AXIS2_PLACEMENT_3D('',#1906,#1907,#1908);
#1906 = CARTESIAN_POINT('',(434.594,-29.21,-29.21));
#1907 = DIRECTION('',(1.,0.,0.));
#1908 = DIRECTION('',(-0.,0.,1.));
#1909 = DEFINITIONAL_REPRESENTATION('',(#1910),#1914);
#1910 = CIRCLE('',#1911,1.7272);
#1911 = AXIS2_PLACEMENT_2D('',#1912,#1913);
#1912 = CARTESIAN_POINT('',(0.,0.));
#1913 = DIRECTION('',(0.,-1.));
#1914 = ( GEOMETRIC_REPRESENTATION_CONTEXT(2) 
PARAMETRIC_REPRESENTATION_CONTEXT() REPRESENTATION_CONTEXT('2D SPACE',''
  ) );
#1915 = ORIENTED_EDGE('',*,*,#1869,.F.);
#1916 = FACE_BOUND('',#1917,.T.);
#1917 = EDGE_LOOP('',(#1918));
#1918 = ORIENTED_EDGE('',*,*,#1919,.F.);
#1919 = EDGE_CURVE('',#1920,#1920,#1922,.T.);
#1920 = VERTEX_POINT('',#1921);
#1921 = CARTESIAN_POINT('',(430.784,-30.39423669509,-27.9527));
#1922 = SURFACE_CURVE('',#1923,(#2046,#2172),.PCURVE_S1.);
#1923 = B_SPLINE_CURVE_WITH_KNOTS('',6,(#1924,#1925,#1926,#1927,#1928,
    #1929,#1930,#1931,#1932,#1933,#1934,#1935,#1936,#1937,#1938,#1939,
    #1940,#1941,#1942,#1943,#1944,#1945,#1946,#1947,#1948,#1949,#1950,
    #1951,#1952,#1953,#1954,#1955,#1956,#1957,#1958,#1959,#1960,#1961,
    #1962,#1963,#1964,#1965,#1966,#1967,#1968,#1969,#1970,#1971,#1972,
    #1973,#1974,#1975,#1976,#1977,#1978,#1979,#1980,#1981,#1982,#1983,
    #1984,#1985,#1986,#1987,#1988,#1989,#1990,#1991,#1992,#1993,#1994,
    #1995,#1996,#1997,#1998,#1999,#2000,#2001,#2002,#2003,#2004,#2005,
    #2006,#2007,#2008,#2009,#2010,#2011,#2012,#2013,#2014,#2015,#2016,
    #2017,#2018,#2019,#2020,#2021,#2022,#2023,#2024,#2025,#2026,#2027,
    #2028,#2029,#2030,#2031,#2032,#2033,#2034,#2035,#2036,#2037,#2038,
    #2039,#2040,#2041,#2042,#2043,#2044,#2045),.UNSPECIFIED.,.T.,.F.,(7,
    5,5,5,5,5,5,5,5,5,5,5,5,5,5,5,5,5,5,5,5,5,5,5,7),(0.,
    6.98083917853E-02,0.100992903514,0.124978679091,0.14451748953,
    0.217861113992,0.249446246909,0.252419273844,0.281692624509,
    0.374813573563,0.430797903825,0.471637837095,0.500293296683,
    0.543370375336,0.569804795263,0.601070331819,0.718778829176,
    0.748003188788,0.750971240149,0.78250351308,0.855724391751,
    0.875230502603,0.899176136281,0.930308453718,1.),.UNSPECIFIED.);
#1924 = CARTESIAN_POINT('',(430.784,-30.39423669509,-27.9527));
#1925 = CARTESIAN_POINT('',(430.65608125693,-30.39423669509,-27.9527));
#1926 = CARTESIAN_POINT('',(430.52899238616,-30.38606392008,
    -27.94501551876));
#1927 = CARTESIAN_POINT('',(430.40513665757,-30.36994751467,
    -27.92979783295));
#1928 = CARTESIAN_POINT('',(430.28683479762,-30.34605591581,
    -27.90808818275));
#1929 = CARTESIAN_POINT('',(430.1760548543,-30.31482480311,
    -27.88151902617));
#1930 = CARTESIAN_POINT('',(430.02861600762,-30.26051544787,
    -27.8388355095));
#1931 = CARTESIAN_POINT('',(429.98472040864,-30.2424364063,
    -27.82502787679));
#1932 = CARTESIAN_POINT('',(429.94248826919,-30.22308580376,
    -27.81072457956));
#1933 = CARTESIAN_POINT('',(429.90194223459,-30.20250394148,
    -27.79605339369));
#1934 = CARTESIAN_POINT('',(429.86309459171,-30.18073354264,
    -27.78113768656));
#1935 = CARTESIAN_POINT('',(429.79737515733,-30.14019545741,
    -27.75452732396));
#1936 = CARTESIAN_POINT('',(429.76980513272,-30.12189233595,
    -27.74288198675));
#1937 = CARTESIAN_POINT('',(429.74323439638,-30.10292833235,
    -27.73121230335));
#1938 = CARTESIAN_POINT('',(429.71765816601,-30.08332163747,
    -27.71956750443));
#1939 = CARTESIAN_POINT('',(429.69306967567,-30.06309068865,
    -27.70799415334));
#1940 = CARTESIAN_POINT('',(429.65022787958,-30.02528074336,
    -27.68720245452));
#1941 = CARTESIAN_POINT('',(429.6316454673,-30.00790559441,
    -27.67794535227));
#1942 = CARTESIAN_POINT('',(429.61370843874,-29.99013887954,
    -27.66878858885));
#1943 = CARTESIAN_POINT('',(429.59641215113,-29.97199115715,
    -27.65975484977));
#1944 = CARTESIAN_POINT('',(429.57975181924,-29.95347338735,
    -27.65086575654));
#1945 = CARTESIAN_POINT('',(429.50355266772,-29.86373961659,
    -27.60939464789));
#1946 = CARTESIAN_POINT('',(429.45221939077,-29.78776236623,
    -27.57894381829));
#1947 = CARTESIAN_POINT('',(429.40956022552,-29.70732672936,
    -27.55192523804));
#1948 = CARTESIAN_POINT('',(429.37534069724,-29.6232124403,
    -27.52923583961));
#1949 = CARTESIAN_POINT('',(429.34935610105,-29.53627648478,
    -27.51152643873));
#1950 = CARTESIAN_POINT('',(429.32385796556,-29.40914310865,
    -27.49388386572));
#1951 = CARTESIAN_POINT('',(429.31769928451,-29.37053187869,
    -27.4895726801));
#1952 = CARTESIAN_POINT('',(429.31305039702,-29.33165970155,
    -27.48629289129));
#1953 = CARTESIAN_POINT('',(429.30990670272,-29.29260968687,
    -27.48406603302));
#1954 = CARTESIAN_POINT('',(429.3082658482,-29.25346682796,
    -27.48290326992));
#1955 = CARTESIAN_POINT('',(429.30811472605,-29.21063302402,
    -27.48279618503));
#1956 = CARTESIAN_POINT('',(429.30811503919,-29.20694799253,
    -27.48279640677));
#1957 = CARTESIAN_POINT('',(429.30812866634,-29.20326297708,
    -27.48280606322));
#1958 = CARTESIAN_POINT('',(429.30815560756,-29.19957804832,
    -27.48282515401));
#1959 = CARTESIAN_POINT('',(429.30819586312,-29.19589327793,
    -27.48285367798));
#1960 = CARTESIAN_POINT('',(429.3087769033,-29.15592961419,
    -27.48326535104));
#1961 = CARTESIAN_POINT('',(429.31059524017,-29.11967258952,
    -27.48455347379));
#1962 = CARTESIAN_POINT('',(429.31370483378,-29.08350668069,
    -27.48675392342));
#1963 = CARTESIAN_POINT('',(429.31810773358,-29.04749945638,
    -27.4898569831));
#1964 = CARTESIAN_POINT('',(429.32380764873,-29.01171703784,
    -27.49384529709));
#1965 = CARTESIAN_POINT('',(429.35308484145,-28.86331812492,
    -27.51411758444));
#1966 = CARTESIAN_POINT('',(429.38849810342,-28.7535630566,
    -27.53821392275));
#1967 = CARTESIAN_POINT('',(429.43716406719,-28.64871685409,
    -27.57017104341));
#1968 = CARTESIAN_POINT('',(429.49960218222,-28.55045319604,
    -27.60854518294));
#1969 = CARTESIAN_POINT('',(429.5763752124,-28.46025007019,
    -27.65127474945));
#1970 = CARTESIAN_POINT('',(429.72264840536,-28.33059816066,
    -27.72239952604));
#1971 = CARTESIAN_POINT('',(429.78292237293,-28.28517921626,
    -27.74975768477));
#1972 = CARTESIAN_POINT('',(429.84863895854,-28.24329402766,
    -27.77720371981));
#1973 = CARTESIAN_POINT('',(429.9198389381,-28.20518119646,
    -27.80408418229));
#1974 = CARTESIAN_POINT('',(429.99648139748,-28.1710607566,
    -27.82968299349));
#1975 = CARTESIAN_POINT('',(430.13817752137,-28.11932958135,
    -27.87043683461));
#1976 = CARTESIAN_POINT('',(430.2007926952,-28.09974194516,
    -27.88655776111));
#1977 = CARTESIAN_POINT('',(430.26604734986,-28.0825200048,
    -27.90126001825));
#1978 = CARTESIAN_POINT('',(430.33368551228,-28.06777392951,
    -27.91423075012));
#1979 = CARTESIAN_POINT('',(430.40340429617,-28.05559064648,
    -27.92519409834));
#1980 = CARTESIAN_POINT('',(430.5249867285,-28.03932827986,
    -27.94002758363));
#1981 = CARTESIAN_POINT('',(430.57594094393,-28.03392280558,
    -27.94503657557));
#1982 = CARTESIAN_POINT('',(430.62752203335,-28.02984818563,
    -27.94885227851));
#1983 = CARTESIAN_POINT('',(430.67953005542,-28.02712493279,
    -27.95141674908));
#1984 = CARTESIAN_POINT('',(430.73175964238,-28.0257633049,-27.9527));
#1985 = CARTESIAN_POINT('',(430.86253170133,-28.0257633049,-27.9527));
#1986 = CARTESIAN_POINT('',(430.9409802772,-28.02884214327,
    -27.94980127787));
#1987 = CARTESIAN_POINT('',(431.0186782616,-28.03498358952,
    -27.9440132548));
#1988 = CARTESIAN_POINT('',(431.09497137208,-28.04414875573,-27.93549106
    ));
#1989 = CARTESIAN_POINT('',(431.16924397696,-28.0562498771,
    -27.92451490892));
#1990 = CARTESIAN_POINT('',(431.28494391101,-28.08025171373,
    -27.90346410334));
#1991 = CARTESIAN_POINT('',(431.32800664117,-28.09042949973,
    -27.89467310728));
#1992 = CARTESIAN_POINT('',(431.37006156803,-28.10163538873,
    -27.88517322246));
#1993 = CARTESIAN_POINT('',(431.41104560209,-28.113843882,
    -27.87504514905));
#1994 = CARTESIAN_POINT('',(431.45090374945,-28.12702604393,
    -27.86437355822));
#1995 = CARTESIAN_POINT('',(431.53534455549,-28.15785414294,
    -27.84008716916));
#1996 = CARTESIAN_POINT('',(431.57946547941,-28.17587693443,
    -27.82628804503));
#1997 = CARTESIAN_POINT('',(431.62191747488,-28.19517973674,
    -27.81198300082));
#1998 = CARTESIAN_POINT('',(431.66267670786,-28.21572188785,
    -27.79730098561));
#1999 = CARTESIAN_POINT('',(431.70172991894,-28.23746020347,
    -27.7823666165));
#2000 = CARTESIAN_POINT('',(431.87966901995,-28.34652063549,
    -27.71057805085));
#2001 = CARTESIAN_POINT('',(431.99645151293,-28.44924300415,
    -27.65180903971));
#2002 = CARTESIAN_POINT('',(432.08933269767,-28.56646036763,
    -27.59719237582));
#2003 = CARTESIAN_POINT('',(432.15976686339,-28.69556914536,
    -27.55163354153));
#2004 = CARTESIAN_POINT('',(432.20898652068,-28.83326731297,
    -27.51822272701));
#2005 = CARTESIAN_POINT('',(432.24419235126,-29.01171703784,
    -27.49384529709));
#2006 = CARTESIAN_POINT('',(432.24989226641,-29.04749945638,
    -27.4898569831));
#2007 = CARTESIAN_POINT('',(432.25429516621,-29.08350668069,
    -27.48675392342));
#2008 = CARTESIAN_POINT('',(432.25740475982,-29.11967258952,
    -27.48455347379));
#2009 = CARTESIAN_POINT('',(432.25922309669,-29.15592961419,
    -27.48326535104));
#2010 = CARTESIAN_POINT('',(432.25980413688,-29.19589327793,
    -27.48285367798));
#2011 = CARTESIAN_POINT('',(432.25984439243,-29.19957804832,
    -27.48282515401));
#2012 = CARTESIAN_POINT('',(432.25987133366,-29.20326297708,
    -27.48280606322));
#2013 = CARTESIAN_POINT('',(432.25988496081,-29.20694799253,
    -27.48279640677));
#2014 = CARTESIAN_POINT('',(432.25988527394,-29.21063302402,
    -27.48279618503));
#2015 = CARTESIAN_POINT('',(432.25973415179,-29.25346682796,
    -27.48290326992));
#2016 = CARTESIAN_POINT('',(432.25809329727,-29.29260968687,
    -27.48406603302));
#2017 = CARTESIAN_POINT('',(432.25494960297,-29.33165970155,
    -27.48629289129));
#2018 = CARTESIAN_POINT('',(432.25030071548,-29.37053187869,
    -27.4895726801));
#2019 = CARTESIAN_POINT('',(432.24414203443,-29.40914310865,
    -27.49388386572));
#2020 = CARTESIAN_POINT('',(432.21864389894,-29.53627648482,
    -27.51152643874));
#2021 = CARTESIAN_POINT('',(432.19265930275,-29.62321244029,
    -27.52923583961));
#2022 = CARTESIAN_POINT('',(432.15843977449,-29.70732672933,
    -27.55192523803));
#2023 = CARTESIAN_POINT('',(432.11578060923,-29.78776236623,
    -27.57894381828));
#2024 = CARTESIAN_POINT('',(432.06444733225,-29.86373961662,
    -27.60939464791));
#2025 = CARTESIAN_POINT('',(431.98824818075,-29.95347338735,
    -27.65086575654));
#2026 = CARTESIAN_POINT('',(431.97158784886,-29.97199115715,
    -27.65975484977));
#2027 = CARTESIAN_POINT('',(431.95429156125,-29.99013887954,
    -27.66878858885));
#2028 = CARTESIAN_POINT('',(431.93635453269,-30.00790559441,
    -27.67794535227));
#2029 = CARTESIAN_POINT('',(431.91777212041,-30.02528074336,
    -27.68720245452));
#2030 = CARTESIAN_POINT('',(431.87493032432,-30.06309068865,
    -27.70799415334));
#2031 = CARTESIAN_POINT('',(431.85034183399,-30.08332163747,
    -27.71956750443));
#2032 = CARTESIAN_POINT('',(431.82476560361,-30.10292833235,
    -27.73121230335));
#2033 = CARTESIAN_POINT('',(431.79819486727,-30.12189233595,
    -27.74288198675));
#2034 = CARTESIAN_POINT('',(431.77062484266,-30.14019545741,
    -27.75452732396));
#2035 = CARTESIAN_POINT('',(431.70490541401,-30.18073353911,
    -27.78113768424));
#2036 = CARTESIAN_POINT('',(431.66605776305,-30.20250394196,
    -27.7960533942));
#2037 = CARTESIAN_POINT('',(431.62551172434,-30.22308580683,
    -27.81072458176));
#2038 = CARTESIAN_POINT('',(431.58327959034,-30.24243640742,
    -27.82502787744));
#2039 = CARTESIAN_POINT('',(431.53938399979,-30.26051544514,
    -27.83883550735));
#2040 = CARTESIAN_POINT('',(431.39194513709,-30.31482480628,
    -27.88151902866));
#2041 = CARTESIAN_POINT('',(431.28116521984,-30.34605591257,
    -27.90808818015));
#2042 = CARTESIAN_POINT('',(431.16286333898,-30.36994751329,
    -27.92979783187));
#2043 = CARTESIAN_POINT('',(431.03900759427,-30.38606392274,
    -27.94501552092));
#2044 = CARTESIAN_POINT('',(430.91191875789,-30.39423669509,-27.9527));
#2045 = CARTESIAN_POINT('',(430.784,-30.39423669509,-27.9527));
#2046 = PCURVE('',#251,#2047);
#2047 = DEFINITIONAL_REPRESENTATION('',(#2048),#2171);
#2048 = B_SPLINE_CURVE_WITH_KNOTS('',6,(#2049,#2050,#2051,#2052,#2053,
    #2054,#2055,#2056,#2057,#2058,#2059,#2060,#2061,#2062,#2063,#2064,
    #2065,#2066,#2067,#2068,#2069,#2070,#2071,#2072,#2073,#2074,#2075,
    #2076,#2077,#2078,#2079,#2080,#2081,#2082,#2083,#2084,#2085,#2086,
    #2087,#2088,#2089,#2090,#2091,#2092,#2093,#2094,#2095,#2096,#2097,
    #2098,#2099,#2100,#2101,#2102,#2103,#2104,#2105,#2106,#2107,#2108,
    #2109,#2110,#2111,#2112,#2113,#2114,#2115,#2116,#2117,#2118,#2119,
    #2120,#2121,#2122,#2123,#2124,#2125,#2126,#2127,#2128,#2129,#2130,
    #2131,#2132,#2133,#2134,#2135,#2136,#2137,#2138,#2139,#2140,#2141,
    #2142,#2143,#2144,#2145,#2146,#2147,#2148,#2149,#2150,#2151,#2152,
    #2153,#2154,#2155,#2156,#2157,#2158,#2159,#2160,#2161,#2162,#2163,
    #2164,#2165,#2166,#2167,#2168,#2169,#2170),.UNSPECIFIED.,.T.,.F.,(7,
    5,5,5,5,5,5,5,5,5,5,5,5,5,5,5,5,5,5,5,5,5,5,5,7),(0.,
    6.98083917853E-02,0.100992903514,0.124978679091,0.14451748953,
    0.217861113992,0.249446246909,0.252419273844,0.281692624509,
    0.374813573563,0.430797903825,0.471637837095,0.500293296683,
    0.543370375336,0.569804795263,0.601070331819,0.718778829176,
    0.748003188788,0.750971240149,0.78250351308,0.855724391751,
    0.875230502603,0.899176136281,0.930308453718,1.),.UNSPECIFIED.);
#2049 = CARTESIAN_POINT('',(-2.3262782874,-8.89));
#2050 = CARTESIAN_POINT('',(-2.3262782874,-8.762081256934));
#2051 = CARTESIAN_POINT('',(-2.319783296976,-8.63499238616));
#2052 = CARTESIAN_POINT('',(-2.306949168035,-8.511136657579));
#2053 = CARTESIAN_POINT('',(-2.288266113979,-8.392834797624));
#2054 = CARTESIAN_POINT('',(-2.264544528595,-8.282054854307));
#2055 = CARTESIAN_POINT('',(-2.224551916775,-8.134616007621));
#2056 = CARTESIAN_POINT('',(-2.211382323825,-8.090720408649));
#2057 = CARTESIAN_POINT('',(-2.197453237734,-8.04848826919));
#2058 = CARTESIAN_POINT('',(-2.182822966161,-8.007942234595));
#2059 = CARTESIAN_POINT('',(-2.167546912795,-7.969094591713));
#2060 = CARTESIAN_POINT('',(-2.13947157196,-7.903375157331));
#2061 = CARTESIAN_POINT('',(-2.1269127961,-7.875805132722));
#2062 = CARTESIAN_POINT('',(-2.114023118131,-7.849234396383));
#2063 = CARTESIAN_POINT('',(-2.10082278008,-7.82365816601));
#2064 = CARTESIAN_POINT('',(-2.087330397638,-7.799069675676));
#2065 = CARTESIAN_POINT('',(-2.062348006945,-7.756227879583));
#2066 = CARTESIAN_POINT('',(-2.050950623431,-7.737645467306));
#2067 = CARTESIAN_POINT('',(-2.039380028025,-7.719708438742));
#2068 = CARTESIAN_POINT('',(-2.027644966696,-7.702412151138));
#2069 = CARTESIAN_POINT('',(-2.015753712973,-7.685751819248));
#2070 = CARTESIAN_POINT('',(-1.958520364589,-7.609552667723));
#2071 = CARTESIAN_POINT('',(-1.911193449338,-7.558219390772));
#2072 = CARTESIAN_POINT('',(-1.862191586718,-7.515560225524));
#2073 = CARTESIAN_POINT('',(-1.811895672014,-7.481340697244));
#2074 = CARTESIAN_POINT('',(-1.760630798932,-7.455356101052));
#2075 = CARTESIAN_POINT('',(-1.686318798237,-7.429857965564));
#2076 = CARTESIAN_POINT('',(-1.663833269872,-7.423699284511));
#2077 = CARTESIAN_POINT('',(-1.641259658456,-7.419050397025));
#2078 = CARTESIAN_POINT('',(-1.618626503056,-7.415906702722));
#2079 = CARTESIAN_POINT('',(-1.59596246552,-7.414265848201));
#2080 = CARTESIAN_POINT('',(-1.571162825756,-7.414114726053));
#2081 = CARTESIAN_POINT('',(-1.569029303633,-7.41411503919));
#2082 = CARTESIAN_POINT('',(-1.566895786962,-7.41412866634));
#2083 = CARTESIAN_POINT('',(-1.564762299182,-7.414155607568));
#2084 = CARTESIAN_POINT('',(-1.562628864303,-7.41419586312));
#2085 = CARTESIAN_POINT('',(-1.539489804531,-7.414776903302));
#2086 = CARTESIAN_POINT('',(-1.518491568976,-7.416595240176));
#2087 = CARTESIAN_POINT('',(-1.497523706396,-7.419704833785));
#2088 = CARTESIAN_POINT('',(-1.476609027326,-7.424107733582));
#2089 = CARTESIAN_POINT('',(-1.455770246688,-7.429807648732));
#2090 = CARTESIAN_POINT('',(-1.369053492516,-7.459084841456));
#2091 = CARTESIAN_POINT('',(-1.304205742346,-7.494498103422));
#2092 = CARTESIAN_POINT('',(-1.241038206973,-7.543164067194));
#2093 = CARTESIAN_POINT('',(-1.180200407611,-7.605602182225));
#2094 = CARTESIAN_POINT('',(-1.122513191761,-7.682375212405));
#2095 = CARTESIAN_POINT('',(-1.03689512969,-7.82864840537));
#2096 = CARTESIAN_POINT('',(-1.006222132396,-7.888922372937));
#2097 = CARTESIAN_POINT('',(-0.977257560006,-7.95463895854));
#2098 = CARTESIAN_POINT('',(-0.950274531962,-8.025838938101));
#2099 = CARTESIAN_POINT('',(-0.92558475854,-8.102481397488));
#2100 = CARTESIAN_POINT('',(-0.887456094906,-8.244177521378));
#2101 = CARTESIAN_POINT('',(-0.872771215166,-8.306792695207));
#2102 = CARTESIAN_POINT('',(-0.859664135097,-8.37204734986));
#2103 = CARTESIAN_POINT('',(-0.848295397826,-8.439685512284));
#2104 = CARTESIAN_POINT('',(-0.838805867434,-8.509404296171));
#2105 = CARTESIAN_POINT('',(-0.826061952867,-8.630986728509));
#2106 = CARTESIAN_POINT('',(-0.821795291316,-8.681940943935));
#2107 = CARTESIAN_POINT('',(-0.818563398423,-8.733522033351));
#2108 = CARTESIAN_POINT('',(-0.816397694528,-8.785530055426));
#2109 = CARTESIAN_POINT('',(-0.81531436619,-8.837759642383));
#2110 = CARTESIAN_POINT('',(-0.81531436619,-8.968531701333));
#2111 = CARTESIAN_POINT('',(-0.817762600207,-9.046980277206));
#2112 = CARTESIAN_POINT('',(-0.822648801302,-9.124678261607));
#2113 = CARTESIAN_POINT('',(-0.829894251929,-9.200971372081));
#2114 = CARTESIAN_POINT('',(-0.839351915444,-9.275243976967));
#2115 = CARTESIAN_POINT('',(-0.857835760291,-9.390943911015));
#2116 = CARTESIAN_POINT('',(-0.865622032182,-9.434006641177));
#2117 = CARTESIAN_POINT('',(-0.874126963083,-9.476061568033));
#2118 = CARTESIAN_POINT('',(-0.883310069079,-9.51704560209));
#2119 = CARTESIAN_POINT('',(-0.893128802546,-9.556903749455));
#2120 = CARTESIAN_POINT('',(-0.915850772646,-9.64134455549));
#2121 = CARTESIAN_POINT('',(-0.928991516665,-9.685465479411));
#2122 = CARTESIAN_POINT('',(-0.942898973137,-9.727917474889));
#2123 = CARTESIAN_POINT('',(-0.957514181876,-9.768676707869));
#2124 = CARTESIAN_POINT('',(-0.972781033585,-9.807729918944));
#2125 = CARTESIAN_POINT('',(-1.048375714065,-9.985669019954));
#2126 = CARTESIAN_POINT('',(-1.116762454611,-10.10245151293));
#2127 = CARTESIAN_POINT('',(-1.191210379915,-10.19533269767));
#2128 = CARTESIAN_POINT('',(-1.269883539435,-10.26576686339));
#2129 = CARTESIAN_POINT('',(-1.351493331049,-10.31498652068));
#2130 = CARTESIAN_POINT('',(-1.455770246688,-10.35019235126));
#2131 = CARTESIAN_POINT('',(-1.476609027326,-10.35589226641));
#2132 = CARTESIAN_POINT('',(-1.497523706396,-10.36029516621));
#2133 = CARTESIAN_POINT('',(-1.518491568976,-10.36340475982));
#2134 = CARTESIAN_POINT('',(-1.539489804531,-10.36522309669));
#2135 = CARTESIAN_POINT('',(-1.562628864303,-10.36580413688));
#2136 = CARTESIAN_POINT('',(-1.564762299182,-10.36584439243));
#2137 = CARTESIAN_POINT('',(-1.566895786962,-10.36587133366));
#2138 = CARTESIAN_POINT('',(-1.569029303633,-10.36588496081));
#2139 = CARTESIAN_POINT('',(-1.571162825756,-10.36588527394));
#2140 = CARTESIAN_POINT('',(-1.59596246552,-10.36573415179));
#2141 = CARTESIAN_POINT('',(-1.618626503056,-10.36409329727));
#2142 = CARTESIAN_POINT('',(-1.641259658456,-10.36094960297));
#2143 = CARTESIAN_POINT('',(-1.663833269872,-10.35630071548));
#2144 = CARTESIAN_POINT('',(-1.686318798237,-10.35014203443));
#2145 = CARTESIAN_POINT('',(-1.760630798951,-10.32464389894));
#2146 = CARTESIAN_POINT('',(-1.811895672007,-10.29865930275));
#2147 = CARTESIAN_POINT('',(-1.8621915867,-10.26443977449));
#2148 = CARTESIAN_POINT('',(-1.911193449335,-10.22178060924));
#2149 = CARTESIAN_POINT('',(-1.958520364606,-10.17044733225));
#2150 = CARTESIAN_POINT('',(-2.015753712973,-10.09424818075));
#2151 = CARTESIAN_POINT('',(-2.027644966696,-10.07758784886));
#2152 = CARTESIAN_POINT('',(-2.039380028025,-10.06029156125));
#2153 = CARTESIAN_POINT('',(-2.050950623431,-10.04235453269));
#2154 = CARTESIAN_POINT('',(-2.062348006945,-10.02377212041));
#2155 = CARTESIAN_POINT('',(-2.087330397638,-9.980930324324));
#2156 = CARTESIAN_POINT('',(-2.10082278008,-9.95634183399));
#2157 = CARTESIAN_POINT('',(-2.114023118131,-9.930765603617));
#2158 = CARTESIAN_POINT('',(-2.1269127961,-9.904194867278));
#2159 = CARTESIAN_POINT('',(-2.13947157196,-9.876624842669));
#2160 = CARTESIAN_POINT('',(-2.167546910349,-9.810905414012));
#2161 = CARTESIAN_POINT('',(-2.182822966555,-9.772057763051));
#2162 = CARTESIAN_POINT('',(-2.197453239923,-9.731511724349));
#2163 = CARTESIAN_POINT('',(-2.211382324567,-9.689279590347));
#2164 = CARTESIAN_POINT('',(-2.224551914764,-9.645383999792));
#2165 = CARTESIAN_POINT('',(-2.264544530929,-9.49794513709));
#2166 = CARTESIAN_POINT('',(-2.288266111575,-9.387165219848));
#2167 = CARTESIAN_POINT('',(-2.306949167021,-9.268863338984));
#2168 = CARTESIAN_POINT('',(-2.319783298961,-9.145007594275));
#2169 = CARTESIAN_POINT('',(-2.3262782874,-9.017918757894));
#2170 = CARTESIAN_POINT('',(-2.3262782874,-8.89));
#2171 = ( GEOMETRIC_REPRESENTATION_CONTEXT(2) 
PARAMETRIC_REPRESENTATION_CONTEXT() REPRESENTATION_CONTEXT('2D SPACE',''
  ) );
#2172 = PCURVE('',#391,#2173);
#2173 = DEFINITIONAL_REPRESENTATION('',(#2174),#2297);
#2174 = B_SPLINE_CURVE_WITH_KNOTS('',6,(#2175,#2176,#2177,#2178,#2179,
    #2180,#2181,#2182,#2183,#2184,#2185,#2186,#2187,#2188,#2189,#2190,
    #2191,#2192,#2193,#2194,#2195,#2196,#2197,#2198,#2199,#2200,#2201,
    #2202,#2203,#2204,#2205,#2206,#2207,#2208,#2209,#2210,#2211,#2212,
    #2213,#2214,#2215,#2216,#2217,#2218,#2219,#2220,#2221,#2222,#2223,
    #2224,#2225,#2226,#2227,#2228,#2229,#2230,#2231,#2232,#2233,#2234,
    #2235,#2236,#2237,#2238,#2239,#2240,#2241,#2242,#2243,#2244,#2245,
    #2246,#2247,#2248,#2249,#2250,#2251,#2252,#2253,#2254,#2255,#2256,
    #2257,#2258,#2259,#2260,#2261,#2262,#2263,#2264,#2265,#2266,#2267,
    #2268,#2269,#2270,#2271,#2272,#2273,#2274,#2275,#2276,#2277,#2278,
    #2279,#2280,#2281,#2282,#2283,#2284,#2285,#2286,#2287,#2288,#2289,
    #2290,#2291,#2292,#2293,#2294,#2295,#2296),.UNSPECIFIED.,.T.,.F.,(7,
    5,5,5,5,5,5,5,5,5,5,5,5,5,5,5,5,5,5,5,5,5,5,5,7),(0.,
    6.98083917853E-02,0.100992903514,0.124978679091,0.14451748953,
    0.217861113992,0.249446246909,0.252419273844,0.281692624509,
    0.374813573563,0.430797903825,0.471637837095,0.500293296683,
    0.543370375336,0.569804795263,0.601070331819,0.718778829176,
    0.748003188788,0.750971240149,0.78250351308,0.855724391751,
    0.875230502603,0.899176136281,0.930308453718,1.),.UNSPECIFIED.);
#2175 = CARTESIAN_POINT('',(4.712388980385,-6.689763304909));
#2176 = CARTESIAN_POINT('',(4.662277826287,-6.689763304909));
#2177 = CARTESIAN_POINT('',(4.612494015854,-6.697936079918));
#2178 = CARTESIAN_POINT('',(4.56374244338,-6.714052485328));
#2179 = CARTESIAN_POINT('',(4.516737260468,-6.73794408419));
#2180 = CARTESIAN_POINT('',(4.472155886047,-6.769175196889));
#2181 = CARTESIAN_POINT('',(4.412026225725,-6.823484552125));
#2182 = CARTESIAN_POINT('',(4.394004483585,-6.841563593695));
#2183 = CARTESIAN_POINT('',(4.37654332544,-6.860914196238));
#2184 = CARTESIAN_POINT('',(4.359656922618,-6.881496058515));
#2185 = CARTESIAN_POINT('',(4.343358082301,-6.903266457355));
#2186 = CARTESIAN_POINT('',(4.315582614696,-6.943804542581));
#2187 = CARTESIAN_POINT('',(4.303859606853,-6.962107664046));
#2188 = CARTESIAN_POINT('',(4.292492753545,-6.981071667648));
#2189 = CARTESIAN_POINT('',(4.281485257302,-7.000678362523));
#2190 = CARTESIAN_POINT('',(4.270839993642,-7.020909311343));
#2191 = CARTESIAN_POINT('',(4.252185030965,-7.05871925664));
#2192 = CARTESIAN_POINT('',(4.244052680153,-7.076094405586));
#2193 = CARTESIAN_POINT('',(4.236163906223,-7.093861120459));
#2194 = CARTESIAN_POINT('',(4.228520182208,-7.112008842849));
#2195 = CARTESIAN_POINT('',(4.221123006575,-7.130526612641));
#2196 = CARTESIAN_POINT('',(4.187138024333,-7.220260383401));
#2197 = CARTESIAN_POINT('',(4.163772465869,-7.296237633763));
#2198 = CARTESIAN_POINT('',(4.144000280717,-7.376673270634));
#2199 = CARTESIAN_POINT('',(4.127917320209,-7.460787559695));
#2200 = CARTESIAN_POINT('',(4.115599324715,-7.547723515212));
#2201 = CARTESIAN_POINT('',(4.103452696597,-7.674856891347));
#2202 = CARTESIAN_POINT('',(4.10050771991,-7.713468121309));
#2203 = CARTESIAN_POINT('',(4.098278981034,-7.752340298441));
#2204 = CARTESIAN_POINT('',(4.09676980977,-7.791390313123));
#2205 = CARTESIAN_POINT('',(4.09598196884,-7.830533172032));
#2206 = CARTESIAN_POINT('',(4.095909411822,-7.873366975977));
#2207 = CARTESIAN_POINT('',(4.095909562133,-7.877052007461));
#2208 = CARTESIAN_POINT('',(4.095916104884,-7.880737022916));
#2209 = CARTESIAN_POINT('',(4.095929040016,-7.884421951671));
#2210 = CARTESIAN_POINT('',(4.095948367341,-7.88810672207));
#2211 = CARTESIAN_POINT('',(4.096227325772,-7.928070385804));
#2212 = CARTESIAN_POINT('',(4.09710028326,-7.964327410474));
#2213 = CARTESIAN_POINT('',(4.098592576682,-8.00049331931));
#2214 = CARTESIAN_POINT('',(4.100702673335,-8.036500543612));
#2215 = CARTESIAN_POINT('',(4.103427890131,-8.072282962151));
#2216 = CARTESIAN_POINT('',(4.117378087029,-8.220681875074));
#2217 = CARTESIAN_POINT('',(4.134156478651,-8.330436943398));
#2218 = CARTESIAN_POINT('',(4.156961890921,-8.435283145906));
#2219 = CARTESIAN_POINT('',(4.185644134974,-8.533546803953));
#2220 = CARTESIAN_POINT('',(4.220012021327,-8.623749929801));
#2221 = CARTESIAN_POINT('',(4.283728338265,-8.753401839337));
#2222 = CARTESIAN_POINT('',(4.30964962704,-8.798820783736));
#2223 = CARTESIAN_POINT('',(4.337527768899,-8.840705972337));
#2224 = CARTESIAN_POINT('',(4.367311044917,-8.87881880354));
#2225 = CARTESIAN_POINT('',(4.398937177833,-8.912939243391));
#2226 = CARTESIAN_POINT('',(4.456695780439,-8.964670418647));
#2227 = CARTESIAN_POINT('',(4.482014197936,-8.984258054831));
#2228 = CARTESIAN_POINT('',(4.508199679784,-9.0014799952));
#2229 = CARTESIAN_POINT('',(4.535157655534,-9.016226070486));
#2230 = CARTESIAN_POINT('',(4.562788081627,-9.028409353519));
#2231 = CARTESIAN_POINT('',(4.61077020201,-9.04467172014));
#2232 = CARTESIAN_POINT('',(4.630821503736,-9.050077194416));
#2233 = CARTESIAN_POINT('',(4.651074534292,-9.054151814362));
#2234 = CARTESIAN_POINT('',(4.671464021681,-9.056875067205));
#2235 = CARTESIAN_POINT('',(4.691924234188,-9.058236695091));
#2236 = CARTESIAN_POINT('',(4.743153152176,-9.058236695091));
#2237 = CARTESIAN_POINT('',(4.773884665902,-9.055157856726));
#2238 = CARTESIAN_POINT('',(4.804374892388,-9.049016410474));
#2239 = CARTESIAN_POINT('',(4.834418618939,-9.039851244263));
#2240 = CARTESIAN_POINT('',(4.863814149675,-9.027750122894));
#2241 = CARTESIAN_POINT('',(4.909882770018,-9.003748286261));
#2242 = CARTESIAN_POINT('',(4.927096212563,-8.993570500262));
#2243 = CARTESIAN_POINT('',(4.943980680903,-8.982364611269));
#2244 = CARTESIAN_POINT('',(4.960514103866,-8.970156117993));
#2245 = CARTESIAN_POINT('',(4.976675391712,-8.956973956061));
#2246 = CARTESIAN_POINT('',(5.011095408474,-8.926145857057));
#2247 = CARTESIAN_POINT('',(5.029200311524,-8.908123065565));
#2248 = CARTESIAN_POINT('',(5.046743201348,-8.888820263259));
#2249 = CARTESIAN_POINT('',(5.063709529892,-8.868278112146));
#2250 = CARTESIAN_POINT('',(5.080086144986,-8.846539796529));
#2251 = CARTESIAN_POINT('',(5.155251560261,-8.737479364505));
#2252 = CARTESIAN_POINT('',(5.206290249316,-8.634756995842));
#2253 = CARTESIAN_POINT('',(5.24841965255,-8.517539632361));
#2254 = CARTESIAN_POINT('',(5.281272716148,-8.388430854639));
#2255 = CARTESIAN_POINT('',(5.304574955853,-8.250732687024));
#2256 = CARTESIAN_POINT('',(5.321350070638,-8.072282962151));
#2257 = CARTESIAN_POINT('',(5.324075287435,-8.036500543612));
#2258 = CARTESIAN_POINT('',(5.326185384088,-8.00049331931));
#2259 = CARTESIAN_POINT('',(5.327677677509,-7.964327410474));
#2260 = CARTESIAN_POINT('',(5.328550634997,-7.928070385804));
#2261 = CARTESIAN_POINT('',(5.328829593428,-7.88810672207));
#2262 = CARTESIAN_POINT('',(5.328848920753,-7.884421951671));
#2263 = CARTESIAN_POINT('',(5.328861855886,-7.880737022916));
#2264 = CARTESIAN_POINT('',(5.328868398637,-7.877052007461));
#2265 = CARTESIAN_POINT('',(5.328868548947,-7.873366975977));
#2266 = CARTESIAN_POINT('',(5.32879599193,-7.830533172032));
#2267 = CARTESIAN_POINT('',(5.328008150999,-7.791390313123));
#2268 = CARTESIAN_POINT('',(5.326498979735,-7.752340298441));
#2269 = CARTESIAN_POINT('',(5.324270240859,-7.713468121309));
#2270 = CARTESIAN_POINT('',(5.321325264172,-7.674856891347));
#2271 = CARTESIAN_POINT('',(5.309178636051,-7.54772351518));
#2272 = CARTESIAN_POINT('',(5.296860640559,-7.460787559708));
#2273 = CARTESIAN_POINT('',(5.28077768006,-7.376673270664));
#2274 = CARTESIAN_POINT('',(5.261005494905,-7.296237633766));
#2275 = CARTESIAN_POINT('',(5.237639936426,-7.220260383374));
#2276 = CARTESIAN_POINT('',(5.203654954194,-7.130526612641));
#2277 = CARTESIAN_POINT('',(5.196257778562,-7.112008842849));
#2278 = CARTESIAN_POINT('',(5.188614054546,-7.093861120459));
#2279 = CARTESIAN_POINT('',(5.180725280617,-7.076094405586));
#2280 = CARTESIAN_POINT('',(5.172592929805,-7.05871925664));
#2281 = CARTESIAN_POINT('',(5.153937967127,-7.020909311343));
#2282 = CARTESIAN_POINT('',(5.143292703467,-7.000678362523));
#2283 = CARTESIAN_POINT('',(5.132285207225,-6.981071667648));
#2284 = CARTESIAN_POINT('',(5.120918353916,-6.962107664046));
#2285 = CARTESIAN_POINT('',(5.109195346074,-6.943804542581));
#2286 = CARTESIAN_POINT('',(5.081419880888,-6.903266460886));
#2287 = CARTESIAN_POINT('',(5.065121037214,-6.881496058039));
#2288 = CARTESIAN_POINT('',(5.048234632653,-6.860914193165));
#2289 = CARTESIAN_POINT('',(5.03077347673,-6.841563592579));
#2290 = CARTESIAN_POINT('',(5.012751738068,-6.823484554856));
#2291 = CARTESIAN_POINT('',(4.952622071214,-6.76917519372));
#2292 = CARTESIAN_POINT('',(4.908040707279,-6.737944087426));
#2293 = CARTESIAN_POINT('',(4.861035516105,-6.714052486709));
#2294 = CARTESIAN_POINT('',(4.812283937145,-6.697936077256));
#2295 = CARTESIAN_POINT('',(4.762500140292,-6.689763304909));
#2296 = CARTESIAN_POINT('',(4.712388980385,-6.689763304909));
#2297 = ( GEOMETRIC_REPRESENTATION_CONTEXT(2) 
PARAMETRIC_REPRESENTATION_CONTEXT() REPRESENTATION_CONTEXT('2D SPACE',''
  ) );
#2298 = ADVANCED_FACE('',(#2299,#2350),#281,.F.);
#2299 = FACE_BOUND('',#2300,.T.);
#2300 = EDGE_LOOP('',(#2301,#2302,#2323,#2349));
#2301 = ORIENTED_EDGE('',*,*,#264,.F.);
#2302 = ORIENTED_EDGE('',*,*,#2303,.T.);
#2303 = EDGE_CURVE('',#265,#2304,#2306,.T.);
#2304 = VERTEX_POINT('',#2305);
#2305 = CARTESIAN_POINT('',(434.594,-27.4828,29.21));
#2306 = SEAM_CURVE('',#2307,(#2311,#2317),.PCURVE_S1.);
#2307 = LINE('',#2308,#2309);
#2308 = CARTESIAN_POINT('',(421.894,-27.4828,29.21));
#2309 = VECTOR('',#2310,1.);
#2310 = DIRECTION('',(1.,0.,0.));
#2311 = PCURVE('',#281,#2312);
#2312 = DEFINITIONAL_REPRESENTATION('',(#2313),#2316);
#2313 = B_SPLINE_CURVE_WITH_KNOTS('',1,(#2314,#2315),.UNSPECIFIED.,.F.,
  .F.,(2,2),(0.,12.7),.PIECEWISE_BEZIER_KNOTS.);
#2314 = CARTESIAN_POINT('',(-6.28318530718,0.));
#2315 = CARTESIAN_POINT('',(-6.28318530718,-12.7));
#2316 = ( GEOMETRIC_REPRESENTATION_CONTEXT(2) 
PARAMETRIC_REPRESENTATION_CONTEXT() REPRESENTATION_CONTEXT('2D SPACE',''
  ) );
#2317 = PCURVE('',#281,#2318);
#2318 = DEFINITIONAL_REPRESENTATION('',(#2319),#2322);
#2319 = B_SPLINE_CURVE_WITH_KNOTS('',1,(#2320,#2321),.UNSPECIFIED.,.F.,
  .F.,(2,2),(0.,12.7),.PIECEWISE_BEZIER_KNOTS.);
#2320 = CARTESIAN_POINT('',(0.,0.));
#2321 = CARTESIAN_POINT('',(0.,-12.7));
#2322 = ( GEOMETRIC_REPRESENTATION_CONTEXT(2) 
PARAMETRIC_REPRESENTATION_CONTEXT() REPRESENTATION_CONTEXT('2D SPACE',''
  ) );
#2323 = ORIENTED_EDGE('',*,*,#2324,.T.);
#2324 = EDGE_CURVE('',#2304,#2304,#2325,.T.);
#2325 = SURFACE_CURVE('',#2326,(#2331,#2337),.PCURVE_S1.);
#2326 = CIRCLE('',#2327,1.7272);
#2327 = AXIS2_PLACEMENT_3D('',#2328,#2329,#2330);
#2328 = CARTESIAN_POINT('',(434.594,-29.21,29.21));
#2329 = DIRECTION('',(1.,0.,0.));
#2330 = DIRECTION('',(0.,1.,0.));
#2331 = PCURVE('',#281,#2332);
#2332 = DEFINITIONAL_REPRESENTATION('',(#2333),#2336);
#2333 = B_SPLINE_CURVE_WITH_KNOTS('',1,(#2334,#2335),.UNSPECIFIED.,.F.,
  .F.,(2,2),(0.,6.28318530718),.PIECEWISE_BEZIER_KNOTS.);
#2334 = CARTESIAN_POINT('',(0.,-12.7));
#2335 = CARTESIAN_POINT('',(-6.28318530718,-12.7));
#2336 = ( GEOMETRIC_REPRESENTATION_CONTEXT(2) 
PARAMETRIC_REPRESENTATION_CONTEXT() REPRESENTATION_CONTEXT('2D SPACE',''
  ) );
#2337 = PCURVE('',#2338,#2343);
#2338 = PLANE('',#2339);
#2339 = AXIS2_PLACEMENT_3D('',#2340,#2341,#2342);
#2340 = CARTESIAN_POINT('',(434.594,-29.21,29.21));
#2341 = DIRECTION('',(1.,0.,0.));
#2342 = DIRECTION('',(-0.,0.,1.));
#2343 = DEFINITIONAL_REPRESENTATION('',(#2344),#2348);
#2344 = CIRCLE('',#2345,1.7272);
#2345 = AXIS2_PLACEMENT_2D('',#2346,#2347);
#2346 = CARTESIAN_POINT('',(0.,0.));
#2347 = DIRECTION('',(0.,-1.));
#2348 = ( GEOMETRIC_REPRESENTATION_CONTEXT(2) 
PARAMETRIC_REPRESENTATION_CONTEXT() REPRESENTATION_CONTEXT('2D SPACE',''
  ) );
#2349 = ORIENTED_EDGE('',*,*,#2303,.F.);
#2350 = FACE_BOUND('',#2351,.T.);
#2351 = EDGE_LOOP('',(#2352));
#2352 = ORIENTED_EDGE('',*,*,#2353,.F.);
#2353 = EDGE_CURVE('',#2354,#2354,#2356,.T.);
#2354 = VERTEX_POINT('',#2355);
#2355 = CARTESIAN_POINT('',(430.784,-28.0257633049,27.9527));
#2356 = SURFACE_CURVE('',#2357,(#2480,#2606),.PCURVE_S1.);
#2357 = B_SPLINE_CURVE_WITH_KNOTS('',6,(#2358,#2359,#2360,#2361,#2362,
    #2363,#2364,#2365,#2366,#2367,#2368,#2369,#2370,#2371,#2372,#2373,
    #2374,#2375,#2376,#2377,#2378,#2379,#2380,#2381,#2382,#2383,#2384,
    #2385,#2386,#2387,#2388,#2389,#2390,#2391,#2392,#2393,#2394,#2395,
    #2396,#2397,#2398,#2399,#2400,#2401,#2402,#2403,#2404,#2405,#2406,
    #2407,#2408,#2409,#2410,#2411,#2412,#2413,#2414,#2415,#2416,#2417,
    #2418,#2419,#2420,#2421,#2422,#2423,#2424,#2425,#2426,#2427,#2428,
    #2429,#2430,#2431,#2432,#2433,#2434,#2435,#2436,#2437,#2438,#2439,
    #2440,#2441,#2442,#2443,#2444,#2445,#2446,#2447,#2448,#2449,#2450,
    #2451,#2452,#2453,#2454,#2455,#2456,#2457,#2458,#2459,#2460,#2461,
    #2462,#2463,#2464,#2465,#2466,#2467,#2468,#2469,#2470,#2471,#2472,
    #2473,#2474,#2475,#2476,#2477,#2478,#2479),.UNSPECIFIED.,.T.,.F.,(7,
    5,5,5,5,5,5,5,5,5,5,5,5,5,5,5,5,5,5,5,5,5,5,5,7),(0.,
    6.980836448319E-02,0.100992866452,0.124978638227,0.144517445569,
    0.217861053487,0.249446181258,0.252419207709,0.281692553605,
    0.374813487489,0.43079780863,0.471637735247,0.500293190167,
    0.543370261802,0.569804677423,0.601070215028,0.718778740119,
    0.748003106617,0.750971158677,0.782503439037,0.855724330346,
    0.875230445865,0.899176085274,0.930308414958,1.),.UNSPECIFIED.);
#2358 = CARTESIAN_POINT('',(430.784,-28.0257633049,27.9527));
#2359 = CARTESIAN_POINT('',(430.65608124198,-28.0257633049,27.9527));
#2360 = CARTESIAN_POINT('',(430.52899240588,-28.03393607723,
    27.945015520943));
#2361 = CARTESIAN_POINT('',(430.40513666104,-28.05005248672,
    27.929797831863));
#2362 = CARTESIAN_POINT('',(430.28683478,-28.07394408745,27.908088180134
    ));
#2363 = CARTESIAN_POINT('',(430.17605486298,-28.10517519369,
    27.881519028687));
#2364 = CARTESIAN_POINT('',(430.02861600018,-28.15948455486,
    27.838835507351));
#2365 = CARTESIAN_POINT('',(429.98472040965,-28.17756359257,
    27.825027877442));
#2366 = CARTESIAN_POINT('',(429.94248827566,-28.19691419315,
    27.810724581767));
#2367 = CARTESIAN_POINT('',(429.90194223695,-28.21749605803,
    27.796053394203));
#2368 = CARTESIAN_POINT('',(429.86309458597,-28.23926646089,
    27.781137684239));
#2369 = CARTESIAN_POINT('',(429.79737515733,-28.27980454258,
    27.754527323966));
#2370 = CARTESIAN_POINT('',(429.76980513272,-28.29810766404,
    27.742881986753));
#2371 = CARTESIAN_POINT('',(429.74323439638,-28.31707166764,
    27.73121230335));
#2372 = CARTESIAN_POINT('',(429.71765816601,-28.33667836252,
    27.719567504433));
#2373 = CARTESIAN_POINT('',(429.69306967567,-28.35690931134,
    27.707994153347));
#2374 = CARTESIAN_POINT('',(429.65022787958,-28.39471925664,
    27.687202454525));
#2375 = CARTESIAN_POINT('',(429.6316454673,-28.41209440558,
    27.677945352275));
#2376 = CARTESIAN_POINT('',(429.61370843874,-28.42986112045,
    27.668788588855));
#2377 = CARTESIAN_POINT('',(429.59641215113,-28.44800884284,
    27.659754849773));
#2378 = CARTESIAN_POINT('',(429.57975181924,-28.46652661264,
    27.650865756546));
#2379 = CARTESIAN_POINT('',(429.50355267176,-28.55626037864,
    27.609394650096));
#2380 = CARTESIAN_POINT('',(429.45221938639,-28.63223764204,
    27.57894381575));
#2381 = CARTESIAN_POINT('',(429.40956022416,-28.71267327027,
    27.551925237378));
#2382 = CARTESIAN_POINT('',(429.37534070098,-28.79678755125,
    27.529235841841));
#2383 = CARTESIAN_POINT('',(429.34935609993,-28.88372352078,
    27.511526437965));
#2384 = CARTESIAN_POINT('',(429.32385796556,-29.01085689134,
    27.493883865728));
#2385 = CARTESIAN_POINT('',(429.31769928451,-29.0494681213,
    27.489572680104));
#2386 = CARTESIAN_POINT('',(429.31305039702,-29.08834029844,
    27.486292891297));
#2387 = CARTESIAN_POINT('',(429.30990670272,-29.12739031312,
    27.484066033029));
#2388 = CARTESIAN_POINT('',(429.3082658482,-29.16653317203,
    27.482903269926));
#2389 = CARTESIAN_POINT('',(429.30811472605,-29.20936697597,
    27.482796185036));
#2390 = CARTESIAN_POINT('',(429.30811503919,-29.21305200746,
    27.482796406778));
#2391 = CARTESIAN_POINT('',(429.30812866634,-29.21673702291,
    27.482806063222));
#2392 = CARTESIAN_POINT('',(429.30815560756,-29.22042195167,
    27.482825154017));
#2393 = CARTESIAN_POINT('',(429.30819586312,-29.22410672206,
    27.482853677981));
#2394 = CARTESIAN_POINT('',(429.3087769033,-29.2640703858,
    27.483265351044));
#2395 = CARTESIAN_POINT('',(429.31059524017,-29.30032741047,
    27.484553473794));
#2396 = CARTESIAN_POINT('',(429.31370483378,-29.3364933193,
    27.486753923426));
#2397 = CARTESIAN_POINT('',(429.31810773358,-29.37250054361,
    27.489856983106));
#2398 = CARTESIAN_POINT('',(429.32380764873,-29.40828296215,
    27.493845297094));
#2399 = CARTESIAN_POINT('',(429.35308484145,-29.55668187507,
    27.514117584447));
#2400 = CARTESIAN_POINT('',(429.38849810342,-29.66643694339,
    27.538213922758));
#2401 = CARTESIAN_POINT('',(429.43716406719,-29.7712831459,
    27.570171043413));
#2402 = CARTESIAN_POINT('',(429.49960218222,-29.86954680395,
    27.608545182945));
#2403 = CARTESIAN_POINT('',(429.5763752124,-29.9597499298,
    27.651274749456));
#2404 = CARTESIAN_POINT('',(429.72264840536,-30.08940183933,
    27.722399526046));
#2405 = CARTESIAN_POINT('',(429.78292237293,-30.13482078373,
    27.749757684775));
#2406 = CARTESIAN_POINT('',(429.84863895853,-30.17670597233,
    27.777203719815));
#2407 = CARTESIAN_POINT('',(429.91983893809,-30.21481880353,
    27.80408418229));
#2408 = CARTESIAN_POINT('',(429.99648139748,-30.24893924339,
    27.829682993496));
#2409 = CARTESIAN_POINT('',(430.13817752137,-30.30067041864,
    27.870436834609));
#2410 = CARTESIAN_POINT('',(430.2007926952,-30.32025805483,
    27.886557761119));
#2411 = CARTESIAN_POINT('',(430.26604734985,-30.3374799952,
    27.901260018258));
#2412 = CARTESIAN_POINT('',(430.33368551228,-30.35222607048,
    27.91423075012));
#2413 = CARTESIAN_POINT('',(430.40340429617,-30.36440935351,
    27.92519409834));
#2414 = CARTESIAN_POINT('',(430.5249867285,-30.38067172014,
    27.940027583632));
#2415 = CARTESIAN_POINT('',(430.57594094393,-30.38607719441,
    27.945036575577));
#2416 = CARTESIAN_POINT('',(430.62752203335,-30.39015181436,
    27.948852278514));
#2417 = CARTESIAN_POINT('',(430.67953005542,-30.3928750672,
    27.951416749089));
#2418 = CARTESIAN_POINT('',(430.73175964238,-30.39423669509,27.9527));
#2419 = CARTESIAN_POINT('',(430.86253170133,-30.39423669509,27.9527));
#2420 = CARTESIAN_POINT('',(430.9409802772,-30.39115785672,
    27.949801277873));
#2421 = CARTESIAN_POINT('',(431.0186782616,-30.38501641047,
    27.944013254805));
#2422 = CARTESIAN_POINT('',(431.09497137208,-30.37585124426,27.93549106)
  );
#2423 = CARTESIAN_POINT('',(431.16924397696,-30.36375012289,
    27.924514908922));
#2424 = CARTESIAN_POINT('',(431.28494391101,-30.33974828626,
    27.903464103348));
#2425 = CARTESIAN_POINT('',(431.32800664117,-30.32957050026,
    27.89467310728));
#2426 = CARTESIAN_POINT('',(431.37006156803,-30.31836461126,
    27.885173222462));
#2427 = CARTESIAN_POINT('',(431.41104560209,-30.30615611799,
    27.875045149051));
#2428 = CARTESIAN_POINT('',(431.45090374945,-30.29297395606,
    27.864373558223));
#2429 = CARTESIAN_POINT('',(431.53534456448,-30.26214585377,
    27.840087166581));
#2430 = CARTESIAN_POINT('',(431.57946547775,-30.24412306715,
    27.826288045978));
#2431 = CARTESIAN_POINT('',(431.62191746657,-30.2248202672,
    27.811983003651));
#2432 = CARTESIAN_POINT('',(431.66267670505,-30.20427811265,
    27.797300986185));
#2433 = CARTESIAN_POINT('',(431.70172992649,-30.1825397919,
    27.78236661346));
#2434 = CARTESIAN_POINT('',(431.87966901995,-30.0734793645,
    27.710578050853));
#2435 = CARTESIAN_POINT('',(431.99645151293,-29.97075699584,
    27.651809039712));
#2436 = CARTESIAN_POINT('',(432.08933269767,-29.85353963236,
    27.597192375828));
#2437 = CARTESIAN_POINT('',(432.15976686339,-29.72443085463,
    27.551633541531));
#2438 = CARTESIAN_POINT('',(432.20898652068,-29.58673268702,
    27.518222727018));
#2439 = CARTESIAN_POINT('',(432.24419235126,-29.40828296215,
    27.493845297094));
#2440 = CARTESIAN_POINT('',(432.24989226641,-29.37250054361,
    27.489856983106));
#2441 = CARTESIAN_POINT('',(432.25429516621,-29.3364933193,
    27.486753923426));
#2442 = CARTESIAN_POINT('',(432.25740475982,-29.30032741047,
    27.484553473794));
#2443 = CARTESIAN_POINT('',(432.25922309669,-29.2640703858,
    27.483265351044));
#2444 = CARTESIAN_POINT('',(432.25980413688,-29.22410672206,
    27.482853677981));
#2445 = CARTESIAN_POINT('',(432.25984439243,-29.22042195167,
    27.482825154017));
#2446 = CARTESIAN_POINT('',(432.25987133366,-29.21673702291,
    27.482806063222));
#2447 = CARTESIAN_POINT('',(432.25988496081,-29.21305200746,
    27.482796406778));
#2448 = CARTESIAN_POINT('',(432.25988527394,-29.20936697597,
    27.482796185036));
#2449 = CARTESIAN_POINT('',(432.25973415179,-29.16653317203,
    27.482903269926));
#2450 = CARTESIAN_POINT('',(432.25809329727,-29.12739031312,
    27.484066033029));
#2451 = CARTESIAN_POINT('',(432.25494960297,-29.08834029844,
    27.486292891297));
#2452 = CARTESIAN_POINT('',(432.25030071548,-29.0494681213,
    27.489572680104));
#2453 = CARTESIAN_POINT('',(432.24414203443,-29.01085689134,
    27.493883865728));
#2454 = CARTESIAN_POINT('',(432.21864390006,-28.88372352078,
    27.511526437965));
#2455 = CARTESIAN_POINT('',(432.19265929901,-28.79678755125,
    27.529235841841));
#2456 = CARTESIAN_POINT('',(432.15843977583,-28.71267327027,
    27.551925237378));
#2457 = CARTESIAN_POINT('',(432.1157806136,-28.63223764204,
    27.578943815751));
#2458 = CARTESIAN_POINT('',(432.06444732824,-28.55626037864,
    27.609394650096));
#2459 = CARTESIAN_POINT('',(431.98824818075,-28.46652661264,
    27.650865756546));
#2460 = CARTESIAN_POINT('',(431.97158784886,-28.44800884284,
    27.659754849773));
#2461 = CARTESIAN_POINT('',(431.95429156125,-28.42986112045,
    27.668788588855));
#2462 = CARTESIAN_POINT('',(431.93635453269,-28.41209440558,
    27.677945352275));
#2463 = CARTESIAN_POINT('',(431.91777212041,-28.39471925664,
    27.687202454525));
#2464 = CARTESIAN_POINT('',(431.87493032432,-28.35690931134,
    27.707994153347));
#2465 = CARTESIAN_POINT('',(431.85034183399,-28.33667836252,
    27.719567504433));
#2466 = CARTESIAN_POINT('',(431.82476560361,-28.31707166764,
    27.73121230335));
#2467 = CARTESIAN_POINT('',(431.79819486727,-28.29810766404,
    27.742881986753));
#2468 = CARTESIAN_POINT('',(431.77062484266,-28.27980454258,
    27.754527323966));
#2469 = CARTESIAN_POINT('',(431.70490540828,-28.23926645735,
    27.781137686563));
#2470 = CARTESIAN_POINT('',(431.6660577654,-28.21749605851,
    27.796053393698));
#2471 = CARTESIAN_POINT('',(431.62551173081,-28.19691419623,
    27.810724579564));
#2472 = CARTESIAN_POINT('',(431.58327959135,-28.17756359369,
    27.825027876799));
#2473 = CARTESIAN_POINT('',(431.53938399237,-28.15948455212,
    27.838835509502));
#2474 = CARTESIAN_POINT('',(431.39194513709,-28.10517519372,
    27.881519028664));
#2475 = CARTESIAN_POINT('',(431.28116521983,-28.07394408742,
    27.908088180158));
#2476 = CARTESIAN_POINT('',(431.16286333898,-28.0500524867,
    27.929797831873));
#2477 = CARTESIAN_POINT('',(431.03900759429,-28.03393607725,
    27.945015520923));
#2478 = CARTESIAN_POINT('',(430.91191875788,-28.0257633049,27.9527));
#2479 = CARTESIAN_POINT('',(430.784,-28.0257633049,27.9527));
#2480 = PCURVE('',#281,#2481);
#2481 = DEFINITIONAL_REPRESENTATION('',(#2482),#2605);
#2482 = B_SPLINE_CURVE_WITH_KNOTS('',6,(#2483,#2484,#2485,#2486,#2487,
    #2488,#2489,#2490,#2491,#2492,#2493,#2494,#2495,#2496,#2497,#2498,
    #2499,#2500,#2501,#2502,#2503,#2504,#2505,#2506,#2507,#2508,#2509,
    #2510,#2511,#2512,#2513,#2514,#2515,#2516,#2517,#2518,#2519,#2520,
    #2521,#2522,#2523,#2524,#2525,#2526,#2527,#2528,#2529,#2530,#2531,
    #2532,#2533,#2534,#2535,#2536,#2537,#2538,#2539,#2540,#2541,#2542,
    #2543,#2544,#2545,#2546,#2547,#2548,#2549,#2550,#2551,#2552,#2553,
    #2554,#2555,#2556,#2557,#2558,#2559,#2560,#2561,#2562,#2563,#2564,
    #2565,#2566,#2567,#2568,#2569,#2570,#2571,#2572,#2573,#2574,#2575,
    #2576,#2577,#2578,#2579,#2580,#2581,#2582,#2583,#2584,#2585,#2586,
    #2587,#2588,#2589,#2590,#2591,#2592,#2593,#2594,#2595,#2596,#2597,
    #2598,#2599,#2600,#2601,#2602,#2603,#2604),.UNSPECIFIED.,.T.,.F.,(7,
    5,5,5,5,5,5,5,5,5,5,5,5,5,5,5,5,5,5,5,5,5,5,5,7),(0.,
    6.980836448319E-02,0.100992866452,0.124978638227,0.144517445569,
    0.217861053487,0.249446181258,0.252419207709,0.281692553605,
    0.374813487489,0.43079780863,0.471637735247,0.500293190167,
    0.543370261802,0.569804677423,0.601070215028,0.718778740119,
    0.748003106617,0.750971158677,0.782503439037,0.855724330346,
    0.875230445865,0.899176085274,0.930308414958,1.),.UNSPECIFIED.);
#2483 = CARTESIAN_POINT('',(-5.46787094099,-8.89));
#2484 = CARTESIAN_POINT('',(-5.46787094099,-8.762081241982));
#2485 = CARTESIAN_POINT('',(-5.461375952567,-8.634992405889));
#2486 = CARTESIAN_POINT('',(-5.448541820602,-8.511136661044));
#2487 = CARTESIAN_POINT('',(-5.429858765145,-8.392834780006));
#2488 = CARTESIAN_POINT('',(-5.406137184539,-8.282054862983));
#2489 = CARTESIAN_POINT('',(-5.366144568349,-8.134616000189));
#2490 = CARTESIAN_POINT('',(-5.352974978159,-8.090720409655));
#2491 = CARTESIAN_POINT('',(-5.339045893519,-8.048488275667));
#2492 = CARTESIAN_POINT('',(-5.324415620146,-8.007942236955));
#2493 = CARTESIAN_POINT('',(-5.309139563933,-7.969094585973));
#2494 = CARTESIAN_POINT('',(-5.28106422555,-7.903375157331));
#2495 = CARTESIAN_POINT('',(-5.268505449689,-7.875805132722));
#2496 = CARTESIAN_POINT('',(-5.255615771721,-7.849234396383));
#2497 = CARTESIAN_POINT('',(-5.24241543367,-7.82365816601));
#2498 = CARTESIAN_POINT('',(-5.228923051227,-7.799069675676));
#2499 = CARTESIAN_POINT('',(-5.203940660535,-7.756227879583));
#2500 = CARTESIAN_POINT('',(-5.192543277021,-7.737645467306));
#2501 = CARTESIAN_POINT('',(-5.180972681615,-7.719708438742));
#2502 = CARTESIAN_POINT('',(-5.169237620285,-7.702412151138));
#2503 = CARTESIAN_POINT('',(-5.157346366563,-7.685751819248));
#2504 = CARTESIAN_POINT('',(-5.10011302121,-7.60955267176));
#2505 = CARTESIAN_POINT('',(-5.052786097865,-7.558219386392));
#2506 = CARTESIAN_POINT('',(-5.003784240403,-7.515560224165));
#2507 = CARTESIAN_POINT('',(-4.953488330703,-7.481340700981));
#2508 = CARTESIAN_POINT('',(-4.902223449267,-7.455356099936));
#2509 = CARTESIAN_POINT('',(-4.827911451827,-7.429857965564));
#2510 = CARTESIAN_POINT('',(-4.805425923462,-7.423699284511));
#2511 = CARTESIAN_POINT('',(-4.782852312045,-7.419050397025));
#2512 = CARTESIAN_POINT('',(-4.760219156646,-7.415906702722));
#2513 = CARTESIAN_POINT('',(-4.73755511911,-7.414265848201));
#2514 = CARTESIAN_POINT('',(-4.712755479346,-7.414114726053));
#2515 = CARTESIAN_POINT('',(-4.710621957223,-7.41411503919));
#2516 = CARTESIAN_POINT('',(-4.708488440552,-7.41412866634));
#2517 = CARTESIAN_POINT('',(-4.706354952772,-7.414155607568));
#2518 = CARTESIAN_POINT('',(-4.704221517893,-7.41419586312));
#2519 = CARTESIAN_POINT('',(-4.681082458121,-7.414776903302));
#2520 = CARTESIAN_POINT('',(-4.660084222566,-7.416595240176));
#2521 = CARTESIAN_POINT('',(-4.639116359986,-7.419704833785));
#2522 = CARTESIAN_POINT('',(-4.618201680916,-7.424107733582));
#2523 = CARTESIAN_POINT('',(-4.597362900278,-7.429807648732));
#2524 = CARTESIAN_POINT('',(-4.510646146107,-7.459084841456));
#2525 = CARTESIAN_POINT('',(-4.445798395936,-7.494498103422));
#2526 = CARTESIAN_POINT('',(-4.382630860563,-7.543164067193));
#2527 = CARTESIAN_POINT('',(-4.321793061201,-7.605602182225));
#2528 = CARTESIAN_POINT('',(-4.264105845351,-7.682375212404));
#2529 = CARTESIAN_POINT('',(-4.178487783281,-7.828648405369));
#2530 = CARTESIAN_POINT('',(-4.147814785986,-7.888922372936));
#2531 = CARTESIAN_POINT('',(-4.118850213596,-7.954638958539));
#2532 = CARTESIAN_POINT('',(-4.091867185552,-8.025838938099));
#2533 = CARTESIAN_POINT('',(-4.06717741213,-8.102481397487));
#2534 = CARTESIAN_POINT('',(-4.029048748496,-8.244177521377));
#2535 = CARTESIAN_POINT('',(-4.014363868756,-8.306792695206));
#2536 = CARTESIAN_POINT('',(-4.001256788687,-8.372047349859));
#2537 = CARTESIAN_POINT('',(-3.989888051416,-8.439685512283));
#2538 = CARTESIAN_POINT('',(-3.980398521024,-8.50940429617));
#2539 = CARTESIAN_POINT('',(-3.967654606457,-8.630986728508));
#2540 = CARTESIAN_POINT('',(-3.963387944906,-8.681940943934));
#2541 = CARTESIAN_POINT('',(-3.960156052013,-8.73352203335));
#2542 = CARTESIAN_POINT('',(-3.957990348118,-8.785530055425));
#2543 = CARTESIAN_POINT('',(-3.95690701978,-8.837759642383));
#2544 = CARTESIAN_POINT('',(-3.95690701978,-8.968531701333));
#2545 = CARTESIAN_POINT('',(-3.959355253797,-9.046980277206));
#2546 = CARTESIAN_POINT('',(-3.964241454892,-9.124678261608));
#2547 = CARTESIAN_POINT('',(-3.971486905519,-9.200971372082));
#2548 = CARTESIAN_POINT('',(-3.980944569034,-9.275243976968));
#2549 = CARTESIAN_POINT('',(-3.999428413881,-9.390943911016));
#2550 = CARTESIAN_POINT('',(-4.007214685772,-9.434006641178));
#2551 = CARTESIAN_POINT('',(-4.015719616673,-9.476061568034));
#2552 = CARTESIAN_POINT('',(-4.024902722669,-9.517045602091));
#2553 = CARTESIAN_POINT('',(-4.034721456136,-9.556903749456));
#2554 = CARTESIAN_POINT('',(-4.057443428655,-9.641344564482));
#2555 = CARTESIAN_POINT('',(-4.070584169191,-9.685465477755));
#2556 = CARTESIAN_POINT('',(-4.084491623916,-9.727917466576));
#2557 = CARTESIAN_POINT('',(-4.099106835031,-9.768676705056));
#2558 = CARTESIAN_POINT('',(-4.114373690381,-9.807729926491));
#2559 = CARTESIAN_POINT('',(-4.189968367655,-9.985669019955));
#2560 = CARTESIAN_POINT('',(-4.258355108202,-10.10245151293));
#2561 = CARTESIAN_POINT('',(-4.332803033505,-10.19533269767));
#2562 = CARTESIAN_POINT('',(-4.411476193025,-10.26576686339));
#2563 = CARTESIAN_POINT('',(-4.493085984639,-10.31498652068));
#2564 = CARTESIAN_POINT('',(-4.597362900278,-10.35019235126));
#2565 = CARTESIAN_POINT('',(-4.618201680916,-10.35589226641));
#2566 = CARTESIAN_POINT('',(-4.639116359986,-10.36029516621));
#2567 = CARTESIAN_POINT('',(-4.660084222566,-10.36340475982));
#2568 = CARTESIAN_POINT('',(-4.681082458121,-10.36522309669));
#2569 = CARTESIAN_POINT('',(-4.704221517893,-10.36580413688));
#2570 = CARTESIAN_POINT('',(-4.706354952772,-10.36584439243));
#2571 = CARTESIAN_POINT('',(-4.708488440552,-10.36587133366));
#2572 = CARTESIAN_POINT('',(-4.710621957223,-10.36588496081));
#2573 = CARTESIAN_POINT('',(-4.712755479346,-10.36588527394));
#2574 = CARTESIAN_POINT('',(-4.73755511911,-10.3657341518));
#2575 = CARTESIAN_POINT('',(-4.760219156646,-10.36409329727));
#2576 = CARTESIAN_POINT('',(-4.782852312045,-10.36094960297));
#2577 = CARTESIAN_POINT('',(-4.805425923462,-10.35630071548));
#2578 = CARTESIAN_POINT('',(-4.827911451827,-10.35014203443));
#2579 = CARTESIAN_POINT('',(-4.902223449267,-10.32464390006));
#2580 = CARTESIAN_POINT('',(-4.953488330703,-10.29865929901));
#2581 = CARTESIAN_POINT('',(-5.003784240403,-10.26443977583));
#2582 = CARTESIAN_POINT('',(-5.052786097865,-10.2217806136));
#2583 = CARTESIAN_POINT('',(-5.10011302121,-10.17044732824));
#2584 = CARTESIAN_POINT('',(-5.157346366563,-10.09424818075));
#2585 = CARTESIAN_POINT('',(-5.169237620285,-10.07758784886));
#2586 = CARTESIAN_POINT('',(-5.180972681615,-10.06029156125));
#2587 = CARTESIAN_POINT('',(-5.192543277021,-10.04235453269));
#2588 = CARTESIAN_POINT('',(-5.203940660535,-10.02377212041));
#2589 = CARTESIAN_POINT('',(-5.228923051227,-9.980930324324));
#2590 = CARTESIAN_POINT('',(-5.24241543367,-9.956341833991));
#2591 = CARTESIAN_POINT('',(-5.255615771721,-9.930765603617));
#2592 = CARTESIAN_POINT('',(-5.268505449689,-9.904194867278));
#2593 = CARTESIAN_POINT('',(-5.28106422555,-9.876624842669));
#2594 = CARTESIAN_POINT('',(-5.309139566385,-9.810905408288));
#2595 = CARTESIAN_POINT('',(-5.324415619751,-9.772057765406));
#2596 = CARTESIAN_POINT('',(-5.339045891324,-9.73151173081));
#2597 = CARTESIAN_POINT('',(-5.352974977415,-9.689279591351));
#2598 = CARTESIAN_POINT('',(-5.366144570365,-9.645383992379));
#2599 = CARTESIAN_POINT('',(-5.406137184517,-9.497945137096));
#2600 = CARTESIAN_POINT('',(-5.429858765167,-9.387165219833));
#2601 = CARTESIAN_POINT('',(-5.448541820612,-9.268863338988));
#2602 = CARTESIAN_POINT('',(-5.461375952549,-9.145007594292));
#2603 = CARTESIAN_POINT('',(-5.46787094099,-9.01791875788));
#2604 = CARTESIAN_POINT('',(-5.46787094099,-8.89));
#2605 = ( GEOMETRIC_REPRESENTATION_CONTEXT(2) 
PARAMETRIC_REPRESENTATION_CONTEXT() REPRESENTATION_CONTEXT('2D SPACE',''
  ) );
#2606 = PCURVE('',#459,#2607);
#2607 = DEFINITIONAL_REPRESENTATION('',(#2608),#2731);
#2608 = B_SPLINE_CURVE_WITH_KNOTS('',6,(#2609,#2610,#2611,#2612,#2613,
    #2614,#2615,#2616,#2617,#2618,#2619,#2620,#2621,#2622,#2623,#2624,
    #2625,#2626,#2627,#2628,#2629,#2630,#2631,#2632,#2633,#2634,#2635,
    #2636,#2637,#2638,#2639,#2640,#2641,#2642,#2643,#2644,#2645,#2646,
    #2647,#2648,#2649,#2650,#2651,#2652,#2653,#2654,#2655,#2656,#2657,
    #2658,#2659,#2660,#2661,#2662,#2663,#2664,#2665,#2666,#2667,#2668,
    #2669,#2670,#2671,#2672,#2673,#2674,#2675,#2676,#2677,#2678,#2679,
    #2680,#2681,#2682,#2683,#2684,#2685,#2686,#2687,#2688,#2689,#2690,
    #2691,#2692,#2693,#2694,#2695,#2696,#2697,#2698,#2699,#2700,#2701,
    #2702,#2703,#2704,#2705,#2706,#2707,#2708,#2709,#2710,#2711,#2712,
    #2713,#2714,#2715,#2716,#2717,#2718,#2719,#2720,#2721,#2722,#2723,
    #2724,#2725,#2726,#2727,#2728,#2729,#2730),.UNSPECIFIED.,.T.,.F.,(7,
    5,5,5,5,5,5,5,5,5,5,5,5,5,5,5,5,5,5,5,5,5,5,5,7),(0.,
    6.980836448319E-02,0.100992866452,0.124978638227,0.144517445569,
    0.217861053487,0.249446181258,0.252419207709,0.281692553605,
    0.374813487489,0.43079780863,0.471637735247,0.500293190167,
    0.543370261802,0.569804677423,0.601070215028,0.718778740119,
    0.748003106617,0.750971158677,0.782503439037,0.855724330346,
    0.875230445865,0.899176085274,0.930308414958,1.),.UNSPECIFIED.);
#2609 = CARTESIAN_POINT('',(1.570796326795,-9.058236695091));
#2610 = CARTESIAN_POINT('',(1.62090748675,-9.058236695091));
#2611 = CARTESIAN_POINT('',(1.67069128349,-9.050063922767));
#2612 = CARTESIAN_POINT('',(1.719442862505,-9.033947513279));
#2613 = CARTESIAN_POINT('',(1.766448053748,-9.010055912547));
#2614 = CARTESIAN_POINT('',(1.811029417595,-8.978824806307));
#2615 = CARTESIAN_POINT('',(1.871159084486,-8.924515445138));
#2616 = CARTESIAN_POINT('',(1.889180823139,-8.906436407424));
#2617 = CARTESIAN_POINT('',(1.906641979057,-8.887085806843));
#2618 = CARTESIAN_POINT('',(1.923528383622,-8.866503941963));
#2619 = CARTESIAN_POINT('',(1.939827227304,-8.844733539105));
#2620 = CARTESIAN_POINT('',(1.967602692484,-8.804195457419));
#2621 = CARTESIAN_POINT('',(1.979325700326,-8.785892335954));
#2622 = CARTESIAN_POINT('',(1.990692553635,-8.766928332352));
#2623 = CARTESIAN_POINT('',(2.001700049878,-8.747321637477));
#2624 = CARTESIAN_POINT('',(2.012345313538,-8.727090688657));
#2625 = CARTESIAN_POINT('',(2.031000276215,-8.68928074336));
#2626 = CARTESIAN_POINT('',(2.039132627027,-8.671905594414));
#2627 = CARTESIAN_POINT('',(2.047021400956,-8.654138879541));
#2628 = CARTESIAN_POINT('',(2.054665124972,-8.635991157151));
#2629 = CARTESIAN_POINT('',(2.062062300604,-8.617473387359));
#2630 = CARTESIAN_POINT('',(2.096047281046,-8.527739621352));
#2631 = CARTESIAN_POINT('',(2.119412843296,-8.451762357953));
#2632 = CARTESIAN_POINT('',(2.139185027054,-8.37132672973));
#2633 = CARTESIAN_POINT('',(2.155267985265,-8.287212448748));
#2634 = CARTESIAN_POINT('',(2.167585982997,-8.20027647922));
#2635 = CARTESIAN_POINT('',(2.179732610582,-8.073143108653));
#2636 = CARTESIAN_POINT('',(2.182677587269,-8.034531878691));
#2637 = CARTESIAN_POINT('',(2.184906326146,-7.995659701559));
#2638 = CARTESIAN_POINT('',(2.186415497409,-7.956609686877));
#2639 = CARTESIAN_POINT('',(2.18720333834,-7.917466827968));
#2640 = CARTESIAN_POINT('',(2.187275895358,-7.874633024023));
#2641 = CARTESIAN_POINT('',(2.187275745047,-7.870947992539));
#2642 = CARTESIAN_POINT('',(2.187269202296,-7.867262977085));
#2643 = CARTESIAN_POINT('',(2.187256267163,-7.86357804833));
#2644 = CARTESIAN_POINT('',(2.187236939838,-7.859893277931));
#2645 = CARTESIAN_POINT('',(2.186957981407,-7.819929614197));
#2646 = CARTESIAN_POINT('',(2.18608502392,-7.783672589526));
#2647 = CARTESIAN_POINT('',(2.184592730498,-7.747506680691));
#2648 = CARTESIAN_POINT('',(2.182482633845,-7.711499456389));
#2649 = CARTESIAN_POINT('',(2.179757417048,-7.675717037849));
#2650 = CARTESIAN_POINT('',(2.165807220151,-7.527318124926));
#2651 = CARTESIAN_POINT('',(2.149028828529,-7.417563056603));
#2652 = CARTESIAN_POINT('',(2.126223416258,-7.312716854095));
#2653 = CARTESIAN_POINT('',(2.097541172206,-7.214453196048));
#2654 = CARTESIAN_POINT('',(2.063173285853,-7.1242500702));
#2655 = CARTESIAN_POINT('',(1.999456968915,-6.994598160663));
#2656 = CARTESIAN_POINT('',(1.97353568014,-6.949179216265));
#2657 = CARTESIAN_POINT('',(1.945657538281,-6.907294027664));
#2658 = CARTESIAN_POINT('',(1.915874262263,-6.869181196461));
#2659 = CARTESIAN_POINT('',(1.884248129347,-6.83506075661));
#2660 = CARTESIAN_POINT('',(1.826489526742,-6.783329581354));
#2661 = CARTESIAN_POINT('',(1.801171109244,-6.763741945169));
#2662 = CARTESIAN_POINT('',(1.774985627396,-6.7465200048));
#2663 = CARTESIAN_POINT('',(1.748027651646,-6.731773929515));
#2664 = CARTESIAN_POINT('',(1.720397225553,-6.719590646481));
#2665 = CARTESIAN_POINT('',(1.67241510517,-6.70332827986));
#2666 = CARTESIAN_POINT('',(1.652363803444,-6.697922805584));
#2667 = CARTESIAN_POINT('',(1.632110772888,-6.693848185638));
#2668 = CARTESIAN_POINT('',(1.611721285499,-6.691124932795));
#2669 = CARTESIAN_POINT('',(1.591261072992,-6.689763304909));
#2670 = CARTESIAN_POINT('',(1.540032155003,-6.689763304909));
#2671 = CARTESIAN_POINT('',(1.509300641278,-6.692842143274));
#2672 = CARTESIAN_POINT('',(1.478810414791,-6.698983589526));
#2673 = CARTESIAN_POINT('',(1.44876668824,-6.708148755737));
#2674 = CARTESIAN_POINT('',(1.419371157504,-6.720249877106));
#2675 = CARTESIAN_POINT('',(1.373302537161,-6.744251713739));
#2676 = CARTESIAN_POINT('',(1.356089094616,-6.754429499738));
#2677 = CARTESIAN_POINT('',(1.339204626276,-6.765635388731));
#2678 = CARTESIAN_POINT('',(1.322671203313,-6.777843882007));
#2679 = CARTESIAN_POINT('',(1.306509915468,-6.791026043939));
#2680 = CARTESIAN_POINT('',(1.27208989504,-6.821854146226));
#2681 = CARTESIAN_POINT('',(1.25398499639,-6.839876932849));
#2682 = CARTESIAN_POINT('',(1.236442109275,-6.859179732796));
#2683 = CARTESIAN_POINT('',(1.219475778403,-6.879721887342));
#2684 = CARTESIAN_POINT('',(1.203099159006,-6.901460208096));
#2685 = CARTESIAN_POINT('',(1.127933746918,-7.010520635495));
#2686 = CARTESIAN_POINT('',(1.076895057863,-7.113243004159));
#2687 = CARTESIAN_POINT('',(1.03476565463,-7.23046036764));
#2688 = CARTESIAN_POINT('',(1.001912591031,-7.359569145362));
#2689 = CARTESIAN_POINT('',(0.978610351326,-7.497267312977));
#2690 = CARTESIAN_POINT('',(0.961835236542,-7.675717037849));
#2691 = CARTESIAN_POINT('',(0.959110019745,-7.711499456389));
#2692 = CARTESIAN_POINT('',(0.956999923092,-7.747506680691));
#2693 = CARTESIAN_POINT('',(0.95550762967,-7.783672589526));
#2694 = CARTESIAN_POINT('',(0.954634672182,-7.819929614197));
#2695 = CARTESIAN_POINT('',(0.954355713751,-7.859893277931));
#2696 = CARTESIAN_POINT('',(0.954336386426,-7.86357804833));
#2697 = CARTESIAN_POINT('',(0.954323451294,-7.867262977085));
#2698 = CARTESIAN_POINT('',(0.954316908543,-7.870947992539));
#2699 = CARTESIAN_POINT('',(0.954316758232,-7.874633024023));
#2700 = CARTESIAN_POINT('',(0.95438931525,-7.917466827968));
#2701 = CARTESIAN_POINT('',(0.955177156181,-7.956609686877));
#2702 = CARTESIAN_POINT('',(0.956686327444,-7.995659701559));
#2703 = CARTESIAN_POINT('',(0.958915066321,-8.034531878691));
#2704 = CARTESIAN_POINT('',(0.961860043008,-8.073143108653));
#2705 = CARTESIAN_POINT('',(0.974006670593,-8.200276479219));
#2706 = CARTESIAN_POINT('',(0.986324668325,-8.287212448748));
#2707 = CARTESIAN_POINT('',(1.002407626536,-8.37132672973));
#2708 = CARTESIAN_POINT('',(1.022179810294,-8.451762357953));
#2709 = CARTESIAN_POINT('',(1.045545372543,-8.527739621352));
#2710 = CARTESIAN_POINT('',(1.079530352986,-8.617473387359));
#2711 = CARTESIAN_POINT('',(1.086927528618,-8.635991157151));
#2712 = CARTESIAN_POINT('',(1.094571252633,-8.654138879541));
#2713 = CARTESIAN_POINT('',(1.102460026563,-8.671905594414));
#2714 = CARTESIAN_POINT('',(1.110592377375,-8.68928074336));
#2715 = CARTESIAN_POINT('',(1.129247340052,-8.727090688657));
#2716 = CARTESIAN_POINT('',(1.139892603712,-8.747321637477));
#2717 = CARTESIAN_POINT('',(1.150900099955,-8.766928332352));
#2718 = CARTESIAN_POINT('',(1.162266953263,-8.785892335954));
#2719 = CARTESIAN_POINT('',(1.173989961106,-8.804195457419));
#2720 = CARTESIAN_POINT('',(1.201765428712,-8.844733542645));
#2721 = CARTESIAN_POINT('',(1.218064269028,-8.866503941485));
#2722 = CARTESIAN_POINT('',(1.23495067185,-8.887085803762));
#2723 = CARTESIAN_POINT('',(1.252411829995,-8.906436406305));
#2724 = CARTESIAN_POINT('',(1.270433572135,-8.924515447875));
#2725 = CARTESIAN_POINT('',(1.330563235963,-8.978824806277));
#2726 = CARTESIAN_POINT('',(1.375144599906,-9.010055912577));
#2727 = CARTESIAN_POINT('',(1.422149791073,-9.033947513292));
#2728 = CARTESIAN_POINT('',(1.470901370027,-9.050063922742));
#2729 = CARTESIAN_POINT('',(1.520685166894,-9.058236695091));
#2730 = CARTESIAN_POINT('',(1.570796326795,-9.058236695091));
#2731 = ( GEOMETRIC_REPRESENTATION_CONTEXT(2) 
PARAMETRIC_REPRESENTATION_CONTEXT() REPRESENTATION_CONTEXT('2D SPACE',''
  ) );
#2732 = ADVANCED_FACE('',(#2733,#2739,#2769,#2799,#2833,#2863),#356,.T.
  );
#2733 = FACE_BOUND('',#2734,.T.);
#2734 = EDGE_LOOP('',(#2735,#2736,#2737,#2738));
#2735 = ORIENTED_EDGE('',*,*,#342,.F.);
#2736 = ORIENTED_EDGE('',*,*,#694,.T.);
#2737 = ORIENTED_EDGE('',*,*,#744,.T.);
#2738 = ORIENTED_EDGE('',*,*,#577,.F.);
#2739 = FACE_BOUND('',#2740,.T.);
#2740 = EDGE_LOOP('',(#2741));
#2741 = ORIENTED_EDGE('',*,*,#2742,.F.);
#2742 = EDGE_CURVE('',#2743,#2743,#2745,.T.);
#2743 = VERTEX_POINT('',#2744);
#2744 = CARTESIAN_POINT('',(510.126,30.9372,-29.21));
#2745 = SURFACE_CURVE('',#2746,(#2751,#2758),.PCURVE_S1.);
#2746 = CIRCLE('',#2747,1.7272);
#2747 = AXIS2_PLACEMENT_3D('',#2748,#2749,#2750);
#2748 = CARTESIAN_POINT('',(510.126,29.21,-29.21));
#2749 = DIRECTION('',(1.,0.,0.));
#2750 = DIRECTION('',(0.,1.,0.));
#2751 = PCURVE('',#356,#2752);
#2752 = DEFINITIONAL_REPRESENTATION('',(#2753),#2757);
#2753 = CIRCLE('',#2754,1.7272);
#2754 = AXIS2_PLACEMENT_2D('',#2755,#2756);
#2755 = CARTESIAN_POINT('',(7.62,-66.04));
#2756 = DIRECTION('',(0.,-1.));
#2757 = ( GEOMETRIC_REPRESENTATION_CONTEXT(2) 
PARAMETRIC_REPRESENTATION_CONTEXT() REPRESENTATION_CONTEXT('2D SPACE',''
  ) );
#2758 = PCURVE('',#2759,#2764);
#2759 = CYLINDRICAL_SURFACE('',#2760,1.7272);
#2760 = AXIS2_PLACEMENT_3D('',#2761,#2762,#2763);
#2761 = CARTESIAN_POINT('',(497.426,29.21,-29.21));
#2762 = DIRECTION('',(-1.,-0.,-0.));
#2763 = DIRECTION('',(0.,1.,0.));
#2764 = DEFINITIONAL_REPRESENTATION('',(#2765),#2768);
#2765 = B_SPLINE_CURVE_WITH_KNOTS('',1,(#2766,#2767),.UNSPECIFIED.,.F.,
  .F.,(2,2),(0.,6.28318530718),.PIECEWISE_BEZIER_KNOTS.);
#2766 = CARTESIAN_POINT('',(0.,-12.7));
#2767 = CARTESIAN_POINT('',(-6.28318530718,-12.7));
#2768 = ( GEOMETRIC_REPRESENTATION_CONTEXT(2) 
PARAMETRIC_REPRESENTATION_CONTEXT() REPRESENTATION_CONTEXT('2D SPACE',''
  ) );
#2769 = FACE_BOUND('',#2770,.T.);
#2770 = EDGE_LOOP('',(#2771));
#2771 = ORIENTED_EDGE('',*,*,#2772,.F.);
#2772 = EDGE_CURVE('',#2773,#2773,#2775,.T.);
#2773 = VERTEX_POINT('',#2774);
#2774 = CARTESIAN_POINT('',(510.126,30.9372,29.21));
#2775 = SURFACE_CURVE('',#2776,(#2781,#2788),.PCURVE_S1.);
#2776 = CIRCLE('',#2777,1.7272);
#2777 = AXIS2_PLACEMENT_3D('',#2778,#2779,#2780);
#2778 = CARTESIAN_POINT('',(510.126,29.21,29.21));
#2779 = DIRECTION('',(1.,0.,0.));
#2780 = DIRECTION('',(0.,1.,0.));
#2781 = PCURVE('',#356,#2782);
#2782 = DEFINITIONAL_REPRESENTATION('',(#2783),#2787);
#2783 = CIRCLE('',#2784,1.7272);
#2784 = AXIS2_PLACEMENT_2D('',#2785,#2786);
#2785 = CARTESIAN_POINT('',(66.04,-66.04));
#2786 = DIRECTION('',(0.,-1.));
#2787 = ( GEOMETRIC_REPRESENTATION_CONTEXT(2) 
PARAMETRIC_REPRESENTATION_CONTEXT() REPRESENTATION_CONTEXT('2D SPACE',''
  ) );
#2788 = PCURVE('',#2789,#2794);
#2789 = CYLINDRICAL_SURFACE('',#2790,1.7272);
#2790 = AXIS2_PLACEMENT_3D('',#2791,#2792,#2793);
#2791 = CARTESIAN_POINT('',(497.426,29.21,29.21));
#2792 = DIRECTION('',(-1.,-0.,-0.));
#2793 = DIRECTION('',(0.,1.,0.));
#2794 = DEFINITIONAL_REPRESENTATION('',(#2795),#2798);
#2795 = B_SPLINE_CURVE_WITH_KNOTS('',1,(#2796,#2797),.UNSPECIFIED.,.F.,
  .F.,(2,2),(0.,6.28318530718),.PIECEWISE_BEZIER_KNOTS.);
#2796 = CARTESIAN_POINT('',(0.,-12.7));
#2797 = CARTESIAN_POINT('',(-6.28318530718,-12.7));
#2798 = ( GEOMETRIC_REPRESENTATION_CONTEXT(2) 
PARAMETRIC_REPRESENTATION_CONTEXT() REPRESENTATION_CONTEXT('2D SPACE',''
  ) );
#2799 = FACE_BOUND('',#2800,.T.);
#2800 = EDGE_LOOP('',(#2801));
#2801 = ORIENTED_EDGE('',*,*,#2802,.T.);
#2802 = EDGE_CURVE('',#2803,#2803,#2805,.T.);
#2803 = VERTEX_POINT('',#2804);
#2804 = CARTESIAN_POINT('',(510.126,27.50635,0.));
#2805 = SURFACE_CURVE('',#2806,(#2811,#2822),.PCURVE_S1.);
#2806 = CIRCLE('',#2807,27.50635);
#2807 = AXIS2_PLACEMENT_3D('',#2808,#2809,#2810);
#2808 = CARTESIAN_POINT('',(510.126,0.,0.));
#2809 = DIRECTION('',(-1.,0.,0.));
#2810 = DIRECTION('',(0.,1.,0.));
#2811 = PCURVE('',#356,#2812);
#2812 = DEFINITIONAL_REPRESENTATION('',(#2813),#2821);
#2813 = ( BOUNDED_CURVE() B_SPLINE_CURVE(2,(#2814,#2815,#2816,#2817,
#2818,#2819,#2820),.UNSPECIFIED.,.T.,.F.) B_SPLINE_CURVE_WITH_KNOTS((1,2
    ,2,2,2,1),(-2.094395102393,0.,2.094395102393,4.188790204786,
6.28318530718,8.377580409573),.UNSPECIFIED.) CURVE() 
GEOMETRIC_REPRESENTATION_ITEM() RATIONAL_B_SPLINE_CURVE((1.,0.5,1.,0.5,
1.,0.5,1.)) REPRESENTATION_ITEM('') );
#2814 = CARTESIAN_POINT('',(36.83,-64.33635));
#2815 = CARTESIAN_POINT('',(-10.81239573077,-64.33635));
#2816 = CARTESIAN_POINT('',(13.008802134614,-23.076825));
#2817 = CARTESIAN_POINT('',(36.83,18.1827));
#2818 = CARTESIAN_POINT('',(60.651197865386,-23.076825));
#2819 = CARTESIAN_POINT('',(84.472395730772,-64.33635));
#2820 = CARTESIAN_POINT('',(36.83,-64.33635));
#2821 = ( GEOMETRIC_REPRESENTATION_CONTEXT(2) 
PARAMETRIC_REPRESENTATION_CONTEXT() REPRESENTATION_CONTEXT('2D SPACE',''
  ) );
#2822 = PCURVE('',#2823,#2828);
#2823 = CYLINDRICAL_SURFACE('',#2824,27.50635);
#2824 = AXIS2_PLACEMENT_3D('',#2825,#2826,#2827);
#2825 = CARTESIAN_POINT('',(499.11,0.,0.));
#2826 = DIRECTION('',(-1.,-0.,-0.));
#2827 = DIRECTION('',(0.,1.,0.));
#2828 = DEFINITIONAL_REPRESENTATION('',(#2829),#2832);
#2829 = B_SPLINE_CURVE_WITH_KNOTS('',1,(#2830,#2831),.UNSPECIFIED.,.F.,
  .F.,(2,2),(0.,6.28318530718),.PIECEWISE_BEZIER_KNOTS.);
#2830 = CARTESIAN_POINT('',(-6.28318530718,-11.016));
#2831 = CARTESIAN_POINT('',(0.,-11.016));
#2832 = ( GEOMETRIC_REPRESENTATION_CONTEXT(2) 
PARAMETRIC_REPRESENTATION_CONTEXT() REPRESENTATION_CONTEXT('2D SPACE',''
  ) );
#2833 = FACE_BOUND('',#2834,.T.);
#2834 = EDGE_LOOP('',(#2835));
#2835 = ORIENTED_EDGE('',*,*,#2836,.F.);
#2836 = EDGE_CURVE('',#2837,#2837,#2839,.T.);
#2837 = VERTEX_POINT('',#2838);
#2838 = CARTESIAN_POINT('',(510.126,-27.4828,-29.21));
#2839 = SURFACE_CURVE('',#2840,(#2845,#2852),.PCURVE_S1.);
#2840 = CIRCLE('',#2841,1.7272);
#2841 = AXIS2_PLACEMENT_3D('',#2842,#2843,#2844);
#2842 = CARTESIAN_POINT('',(510.126,-29.21,-29.21));
#2843 = DIRECTION('',(1.,0.,0.));
#2844 = DIRECTION('',(0.,1.,0.));
#2845 = PCURVE('',#356,#2846);
#2846 = DEFINITIONAL_REPRESENTATION('',(#2847),#2851);
#2847 = CIRCLE('',#2848,1.7272);
#2848 = AXIS2_PLACEMENT_2D('',#2849,#2850);
#2849 = CARTESIAN_POINT('',(7.62,-7.62));
#2850 = DIRECTION('',(0.,-1.));
#2851 = ( GEOMETRIC_REPRESENTATION_CONTEXT(2) 
PARAMETRIC_REPRESENTATION_CONTEXT() REPRESENTATION_CONTEXT('2D SPACE',''
  ) );
#2852 = PCURVE('',#2853,#2858);
#2853 = CYLINDRICAL_SURFACE('',#2854,1.7272);
#2854 = AXIS2_PLACEMENT_3D('',#2855,#2856,#2857);
#2855 = CARTESIAN_POINT('',(497.426,-29.21,-29.21));
#2856 = DIRECTION('',(-1.,-0.,-0.));
#2857 = DIRECTION('',(0.,1.,0.));
#2858 = DEFINITIONAL_REPRESENTATION('',(#2859),#2862);
#2859 = B_SPLINE_CURVE_WITH_KNOTS('',1,(#2860,#2861),.UNSPECIFIED.,.F.,
  .F.,(2,2),(0.,6.28318530718),.PIECEWISE_BEZIER_KNOTS.);
#2860 = CARTESIAN_POINT('',(0.,-12.7));
#2861 = CARTESIAN_POINT('',(-6.28318530718,-12.7));
#2862 = ( GEOMETRIC_REPRESENTATION_CONTEXT(2) 
PARAMETRIC_REPRESENTATION_CONTEXT() REPRESENTATION_CONTEXT('2D SPACE',''
  ) );
#2863 = FACE_BOUND('',#2864,.T.);
#2864 = EDGE_LOOP('',(#2865));
#2865 = ORIENTED_EDGE('',*,*,#2866,.F.);
#2866 = EDGE_CURVE('',#2867,#2867,#2869,.T.);
#2867 = VERTEX_POINT('',#2868);
#2868 = CARTESIAN_POINT('',(510.126,-27.4828,29.21));
#2869 = SURFACE_CURVE('',#2870,(#2875,#2882),.PCURVE_S1.);
#2870 = CIRCLE('',#2871,1.7272);
#2871 = AXIS2_PLACEMENT_3D('',#2872,#2873,#2874);
#2872 = CARTESIAN_POINT('',(510.126,-29.21,29.21));
#2873 = DIRECTION('',(1.,0.,0.));
#2874 = DIRECTION('',(0.,1.,0.));
#2875 = PCURVE('',#356,#2876);
#2876 = DEFINITIONAL_REPRESENTATION('',(#2877),#2881);
#2877 = CIRCLE('',#2878,1.7272);
#2878 = AXIS2_PLACEMENT_2D('',#2879,#2880);
#2879 = CARTESIAN_POINT('',(66.04,-7.62));
#2880 = DIRECTION('',(0.,-1.));
#2881 = ( GEOMETRIC_REPRESENTATION_CONTEXT(2) 
PARAMETRIC_REPRESENTATION_CONTEXT() REPRESENTATION_CONTEXT('2D SPACE',''
  ) );
#2882 = PCURVE('',#2883,#2888);
#2883 = CYLINDRICAL_SURFACE('',#2884,1.7272);
#2884 = AXIS2_PLACEMENT_3D('',#2885,#2886,#2887);
#2885 = CARTESIAN_POINT('',(497.426,-29.21,29.21));
#2886 = DIRECTION('',(-1.,-0.,-0.));
#2887 = DIRECTION('',(0.,1.,0.));
#2888 = DEFINITIONAL_REPRESENTATION('',(#2889),#2892);
#2889 = B_SPLINE_CURVE_WITH_KNOTS('',1,(#2890,#2891),.UNSPECIFIED.,.F.,
  .F.,(2,2),(0.,6.28318530718),.PIECEWISE_BEZIER_KNOTS.);
#2890 = CARTESIAN_POINT('',(0.,-12.7));
#2891 = CARTESIAN_POINT('',(-6.28318530718,-12.7));
#2892 = ( GEOMETRIC_REPRESENTATION_CONTEXT(2) 
PARAMETRIC_REPRESENTATION_CONTEXT() REPRESENTATION_CONTEXT('2D SPACE',''
  ) );
#2893 = ADVANCED_FACE('',(#2894,#2945),#391,.F.);
#2894 = FACE_BOUND('',#2895,.F.);
#2895 = EDGE_LOOP('',(#2896,#2917,#2918,#2919));
#2896 = ORIENTED_EDGE('',*,*,#2897,.F.);
#2897 = EDGE_CURVE('',#371,#2898,#2900,.T.);
#2898 = VERTEX_POINT('',#2899);
#2899 = CARTESIAN_POINT('',(433.3367,-21.844,-25.4));
#2900 = SEAM_CURVE('',#2901,(#2905,#2911),.PCURVE_S1.);
#2901 = LINE('',#2902,#2903);
#2902 = CARTESIAN_POINT('',(433.3367,-37.084,-25.4));
#2903 = VECTOR('',#2904,1.);
#2904 = DIRECTION('',(-0.,1.,-0.));
#2905 = PCURVE('',#391,#2906);
#2906 = DEFINITIONAL_REPRESENTATION('',(#2907),#2910);
#2907 = B_SPLINE_CURVE_WITH_KNOTS('',1,(#2908,#2909),.UNSPECIFIED.,.F.,
  .F.,(2,2),(0.254,15.24),.PIECEWISE_BEZIER_KNOTS.);
#2908 = CARTESIAN_POINT('',(6.28318530718,-0.254));
#2909 = CARTESIAN_POINT('',(6.28318530718,-15.24));
#2910 = ( GEOMETRIC_REPRESENTATION_CONTEXT(2) 
PARAMETRIC_REPRESENTATION_CONTEXT() REPRESENTATION_CONTEXT('2D SPACE',''
  ) );
#2911 = PCURVE('',#391,#2912);
#2912 = DEFINITIONAL_REPRESENTATION('',(#2913),#2916);
#2913 = B_SPLINE_CURVE_WITH_KNOTS('',1,(#2914,#2915),.UNSPECIFIED.,.F.,
  .F.,(2,2),(0.254,15.24),.PIECEWISE_BEZIER_KNOTS.);
#2914 = CARTESIAN_POINT('',(0.,-0.254));
#2915 = CARTESIAN_POINT('',(0.,-15.24));
#2916 = ( GEOMETRIC_REPRESENTATION_CONTEXT(2) 
PARAMETRIC_REPRESENTATION_CONTEXT() REPRESENTATION_CONTEXT('2D SPACE',''
  ) );
#2917 = ORIENTED_EDGE('',*,*,#370,.F.);
#2918 = ORIENTED_EDGE('',*,*,#2897,.T.);
#2919 = ORIENTED_EDGE('',*,*,#2920,.T.);
#2920 = EDGE_CURVE('',#2898,#2898,#2921,.T.);
#2921 = SURFACE_CURVE('',#2922,(#2927,#2933),.PCURVE_S1.);
#2922 = CIRCLE('',#2923,2.5527);
#2923 = AXIS2_PLACEMENT_3D('',#2924,#2925,#2926);
#2924 = CARTESIAN_POINT('',(430.784,-21.844,-25.4));
#2925 = DIRECTION('',(0.,-1.,0.));
#2926 = DIRECTION('',(1.,0.,0.));
#2927 = PCURVE('',#391,#2928);
#2928 = DEFINITIONAL_REPRESENTATION('',(#2929),#2932);
#2929 = B_SPLINE_CURVE_WITH_KNOTS('',1,(#2930,#2931),.UNSPECIFIED.,.F.,
  .F.,(2,2),(0.,6.28318530718),.PIECEWISE_BEZIER_KNOTS.);
#2930 = CARTESIAN_POINT('',(0.,-15.24));
#2931 = CARTESIAN_POINT('',(6.28318530718,-15.24));
#2932 = ( GEOMETRIC_REPRESENTATION_CONTEXT(2) 
PARAMETRIC_REPRESENTATION_CONTEXT() REPRESENTATION_CONTEXT('2D SPACE',''
  ) );
#2933 = PCURVE('',#2934,#2939);
#2934 = PLANE('',#2935);
#2935 = AXIS2_PLACEMENT_3D('',#2936,#2937,#2938);
#2936 = CARTESIAN_POINT('',(430.784,-21.844,-25.4));
#2937 = DIRECTION('',(-0.,-1.,-0.));
#2938 = DIRECTION('',(0.,0.,-1.));
#2939 = DEFINITIONAL_REPRESENTATION('',(#2940),#2944);
#2940 = CIRCLE('',#2941,2.5527);
#2941 = AXIS2_PLACEMENT_2D('',#2942,#2943);
#2942 = CARTESIAN_POINT('',(-7.105427357601E-15,-1.705302565824E-13));
#2943 = DIRECTION('',(0.,1.));
#2944 = ( GEOMETRIC_REPRESENTATION_CONTEXT(2) 
PARAMETRIC_REPRESENTATION_CONTEXT() REPRESENTATION_CONTEXT('2D SPACE',''
  ) );
#2945 = FACE_BOUND('',#2946,.F.);
#2946 = EDGE_LOOP('',(#2947));
#2947 = ORIENTED_EDGE('',*,*,#1919,.F.);
#2948 = ADVANCED_FACE('',(#2949),#425,.F.);
#2949 = FACE_BOUND('',#2950,.F.);
#2950 = EDGE_LOOP('',(#2951,#2952,#2973,#2999));
#2951 = ORIENTED_EDGE('',*,*,#404,.F.);
#2952 = ORIENTED_EDGE('',*,*,#2953,.T.);
#2953 = EDGE_CURVE('',#405,#2954,#2956,.T.);
#2954 = VERTEX_POINT('',#2955);
#2955 = CARTESIAN_POINT('',(443.6364,-25.654,0.));
#2956 = SEAM_CURVE('',#2957,(#2961,#2967),.PCURVE_S1.);
#2957 = LINE('',#2958,#2959);
#2958 = CARTESIAN_POINT('',(443.6364,-37.084,0.));
#2959 = VECTOR('',#2960,1.);
#2960 = DIRECTION('',(-0.,1.,-0.));
#2961 = PCURVE('',#425,#2962);
#2962 = DEFINITIONAL_REPRESENTATION('',(#2963),#2966);
#2963 = B_SPLINE_CURVE_WITH_KNOTS('',1,(#2964,#2965),.UNSPECIFIED.,.F.,
  .F.,(2,2),(0.254,11.43),.PIECEWISE_BEZIER_KNOTS.);
#2964 = CARTESIAN_POINT('',(6.28318530718,-0.254));
#2965 = CARTESIAN_POINT('',(6.28318530718,-11.43));
#2966 = ( GEOMETRIC_REPRESENTATION_CONTEXT(2) 
PARAMETRIC_REPRESENTATION_CONTEXT() REPRESENTATION_CONTEXT('2D SPACE',''
  ) );
#2967 = PCURVE('',#425,#2968);
#2968 = DEFINITIONAL_REPRESENTATION('',(#2969),#2972);
#2969 = B_SPLINE_CURVE_WITH_KNOTS('',1,(#2970,#2971),.UNSPECIFIED.,.F.,
  .F.,(2,2),(0.254,11.43),.PIECEWISE_BEZIER_KNOTS.);
#2970 = CARTESIAN_POINT('',(0.,-0.254));
#2971 = CARTESIAN_POINT('',(0.,-11.43));
#2972 = ( GEOMETRIC_REPRESENTATION_CONTEXT(2) 
PARAMETRIC_REPRESENTATION_CONTEXT() REPRESENTATION_CONTEXT('2D SPACE',''
  ) );
#2973 = ORIENTED_EDGE('',*,*,#2974,.T.);
#2974 = EDGE_CURVE('',#2954,#2954,#2975,.T.);
#2975 = SURFACE_CURVE('',#2976,(#2981,#2987),.PCURVE_S1.);
#2976 = CIRCLE('',#2977,4.2164);
#2977 = AXIS2_PLACEMENT_3D('',#2978,#2979,#2980);
#2978 = CARTESIAN_POINT('',(439.42,-25.654,0.));
#2979 = DIRECTION('',(0.,-1.,0.));
#2980 = DIRECTION('',(1.,0.,0.));
#2981 = PCURVE('',#425,#2982);
#2982 = DEFINITIONAL_REPRESENTATION('',(#2983),#2986);
#2983 = B_SPLINE_CURVE_WITH_KNOTS('',1,(#2984,#2985),.UNSPECIFIED.,.F.,
  .F.,(2,2),(0.,6.28318530718),.PIECEWISE_BEZIER_KNOTS.);
#2984 = CARTESIAN_POINT('',(0.,-11.43));
#2985 = CARTESIAN_POINT('',(6.28318530718,-11.43));
#2986 = ( GEOMETRIC_REPRESENTATION_CONTEXT(2) 
PARAMETRIC_REPRESENTATION_CONTEXT() REPRESENTATION_CONTEXT('2D SPACE',''
  ) );
#2987 = PCURVE('',#2988,#2993);
#2988 = PLANE('',#2989);
#2989 = AXIS2_PLACEMENT_3D('',#2990,#2991,#2992);
#2990 = CARTESIAN_POINT('',(439.42,-25.654,2.365417234828E-16));
#2991 = DIRECTION('',(-0.,-1.,-0.));
#2992 = DIRECTION('',(0.,0.,-1.));
#2993 = DEFINITIONAL_REPRESENTATION('',(#2994),#2998);
#2994 = CIRCLE('',#2995,4.2164);
#2995 = AXIS2_PLACEMENT_2D('',#2996,#2997);
#2996 = CARTESIAN_POINT('',(2.365417234828E-16,0.));
#2997 = DIRECTION('',(0.,1.));
#2998 = ( GEOMETRIC_REPRESENTATION_CONTEXT(2) 
PARAMETRIC_REPRESENTATION_CONTEXT() REPRESENTATION_CONTEXT('2D SPACE',''
  ) );
#2999 = ORIENTED_EDGE('',*,*,#2953,.F.);
#3000 = ADVANCED_FACE('',(#3001,#3052),#459,.F.);
#3001 = FACE_BOUND('',#3002,.F.);
#3002 = EDGE_LOOP('',(#3003,#3024,#3025,#3026));
#3003 = ORIENTED_EDGE('',*,*,#3004,.F.);
#3004 = EDGE_CURVE('',#439,#3005,#3007,.T.);
#3005 = VERTEX_POINT('',#3006);
#3006 = CARTESIAN_POINT('',(433.3367,-21.844,25.4));
#3007 = SEAM_CURVE('',#3008,(#3012,#3018),.PCURVE_S1.);
#3008 = LINE('',#3009,#3010);
#3009 = CARTESIAN_POINT('',(433.3367,-37.084,25.4));
#3010 = VECTOR('',#3011,1.);
#3011 = DIRECTION('',(-0.,1.,-0.));
#3012 = PCURVE('',#459,#3013);
#3013 = DEFINITIONAL_REPRESENTATION('',(#3014),#3017);
#3014 = B_SPLINE_CURVE_WITH_KNOTS('',1,(#3015,#3016),.UNSPECIFIED.,.F.,
  .F.,(2,2),(0.254,15.24),.PIECEWISE_BEZIER_KNOTS.);
#3015 = CARTESIAN_POINT('',(6.28318530718,-0.254));
#3016 = CARTESIAN_POINT('',(6.28318530718,-15.24));
#3017 = ( GEOMETRIC_REPRESENTATION_CONTEXT(2) 
PARAMETRIC_REPRESENTATION_CONTEXT() REPRESENTATION_CONTEXT('2D SPACE',''
  ) );
#3018 = PCURVE('',#459,#3019);
#3019 = DEFINITIONAL_REPRESENTATION('',(#3020),#3023);
#3020 = B_SPLINE_CURVE_WITH_KNOTS('',1,(#3021,#3022),.UNSPECIFIED.,.F.,
  .F.,(2,2),(0.254,15.24),.PIECEWISE_BEZIER_KNOTS.);
#3021 = CARTESIAN_POINT('',(0.,-0.254));
#3022 = CARTESIAN_POINT('',(0.,-15.24));
#3023 = ( GEOMETRIC_REPRESENTATION_CONTEXT(2) 
PARAMETRIC_REPRESENTATION_CONTEXT() REPRESENTATION_CONTEXT('2D SPACE',''
  ) );
#3024 = ORIENTED_EDGE('',*,*,#438,.F.);
#3025 = ORIENTED_EDGE('',*,*,#3004,.T.);
#3026 = ORIENTED_EDGE('',*,*,#3027,.T.);
#3027 = EDGE_CURVE('',#3005,#3005,#3028,.T.);
#3028 = SURFACE_CURVE('',#3029,(#3034,#3040),.PCURVE_S1.);
#3029 = CIRCLE('',#3030,2.5527);
#3030 = AXIS2_PLACEMENT_3D('',#3031,#3032,#3033);
#3031 = CARTESIAN_POINT('',(430.784,-21.844,25.4));
#3032 = DIRECTION('',(0.,-1.,0.));
#3033 = DIRECTION('',(1.,0.,0.));
#3034 = PCURVE('',#459,#3035);
#3035 = DEFINITIONAL_REPRESENTATION('',(#3036),#3039);
#3036 = B_SPLINE_CURVE_WITH_KNOTS('',1,(#3037,#3038),.UNSPECIFIED.,.F.,
  .F.,(2,2),(0.,6.28318530718),.PIECEWISE_BEZIER_KNOTS.);
#3037 = CARTESIAN_POINT('',(0.,-15.24));
#3038 = CARTESIAN_POINT('',(6.28318530718,-15.24));
#3039 = ( GEOMETRIC_REPRESENTATION_CONTEXT(2) 
PARAMETRIC_REPRESENTATION_CONTEXT() REPRESENTATION_CONTEXT('2D SPACE',''
  ) );
#3040 = PCURVE('',#3041,#3046);
#3041 = PLANE('',#3042);
#3042 = AXIS2_PLACEMENT_3D('',#3043,#3044,#3045);
#3043 = CARTESIAN_POINT('',(430.784,-21.844,25.4));
#3044 = DIRECTION('',(-0.,-1.,-0.));
#3045 = DIRECTION('',(0.,0.,-1.));
#3046 = DEFINITIONAL_REPRESENTATION('',(#3047),#3051);
#3047 = CIRCLE('',#3048,2.5527);
#3048 = AXIS2_PLACEMENT_2D('',#3049,#3050);
#3049 = CARTESIAN_POINT('',(0.,0.));
#3050 = DIRECTION('',(0.,1.));
#3051 = ( GEOMETRIC_REPRESENTATION_CONTEXT(2) 
PARAMETRIC_REPRESENTATION_CONTEXT() REPRESENTATION_CONTEXT('2D SPACE',''
  ) );
#3052 = FACE_BOUND('',#3053,.F.);
#3053 = EDGE_LOOP('',(#3054));
#3054 = ORIENTED_EDGE('',*,*,#2353,.F.);
#3055 = ADVANCED_FACE('',(#3056,#3107),#493,.F.);
#3056 = FACE_BOUND('',#3057,.F.);
#3057 = EDGE_LOOP('',(#3058,#3079,#3080,#3081));
#3058 = ORIENTED_EDGE('',*,*,#3059,.F.);
#3059 = EDGE_CURVE('',#473,#3060,#3062,.T.);
#3060 = VERTEX_POINT('',#3061);
#3061 = CARTESIAN_POINT('',(503.7887,-21.844,-25.4));
#3062 = SEAM_CURVE('',#3063,(#3067,#3073),.PCURVE_S1.);
#3063 = LINE('',#3064,#3065);
#3064 = CARTESIAN_POINT('',(503.7887,-37.084,-25.4));
#3065 = VECTOR('',#3066,1.);
#3066 = DIRECTION('',(-0.,1.,-0.));
#3067 = PCURVE('',#493,#3068);
#3068 = DEFINITIONAL_REPRESENTATION('',(#3069),#3072);
#3069 = B_SPLINE_CURVE_WITH_KNOTS('',1,(#3070,#3071),.UNSPECIFIED.,.F.,
  .F.,(2,2),(0.254,15.24),.PIECEWISE_BEZIER_KNOTS.);
#3070 = CARTESIAN_POINT('',(6.28318530718,-0.254));
#3071 = CARTESIAN_POINT('',(6.28318530718,-15.24));
#3072 = ( GEOMETRIC_REPRESENTATION_CONTEXT(2) 
PARAMETRIC_REPRESENTATION_CONTEXT() REPRESENTATION_CONTEXT('2D SPACE',''
  ) );
#3073 = PCURVE('',#493,#3074);
#3074 = DEFINITIONAL_REPRESENTATION('',(#3075),#3078);
#3075 = B_SPLINE_CURVE_WITH_KNOTS('',1,(#3076,#3077),.UNSPECIFIED.,.F.,
  .F.,(2,2),(0.254,15.24),.PIECEWISE_BEZIER_KNOTS.);
#3076 = CARTESIAN_POINT('',(0.,-0.254));
#3077 = CARTESIAN_POINT('',(0.,-15.24));
#3078 = ( GEOMETRIC_REPRESENTATION_CONTEXT(2) 
PARAMETRIC_REPRESENTATION_CONTEXT() REPRESENTATION_CONTEXT('2D SPACE',''
  ) );
#3079 = ORIENTED_EDGE('',*,*,#472,.F.);
#3080 = ORIENTED_EDGE('',*,*,#3059,.T.);
#3081 = ORIENTED_EDGE('',*,*,#3082,.T.);
#3082 = EDGE_CURVE('',#3060,#3060,#3083,.T.);
#3083 = SURFACE_CURVE('',#3084,(#3089,#3095),.PCURVE_S1.);
#3084 = CIRCLE('',#3085,2.5527);
#3085 = AXIS2_PLACEMENT_3D('',#3086,#3087,#3088);
#3086 = CARTESIAN_POINT('',(501.236,-21.844,-25.4));
#3087 = DIRECTION('',(0.,-1.,0.));
#3088 = DIRECTION('',(1.,0.,0.));
#3089 = PCURVE('',#493,#3090);
#3090 = DEFINITIONAL_REPRESENTATION('',(#3091),#3094);
#3091 = B_SPLINE_CURVE_WITH_KNOTS('',1,(#3092,#3093),.UNSPECIFIED.,.F.,
  .F.,(2,2),(0.,6.28318530718),.PIECEWISE_BEZIER_KNOTS.);
#3092 = CARTESIAN_POINT('',(0.,-15.24));
#3093 = CARTESIAN_POINT('',(6.28318530718,-15.24));
#3094 = ( GEOMETRIC_REPRESENTATION_CONTEXT(2) 
PARAMETRIC_REPRESENTATION_CONTEXT() REPRESENTATION_CONTEXT('2D SPACE',''
  ) );
#3095 = PCURVE('',#3096,#3101);
#3096 = PLANE('',#3097);
#3097 = AXIS2_PLACEMENT_3D('',#3098,#3099,#3100);
#3098 = CARTESIAN_POINT('',(501.236,-21.844,-25.4));
#3099 = DIRECTION('',(-0.,-1.,-0.));
#3100 = DIRECTION('',(0.,0.,-1.));
#3101 = DEFINITIONAL_REPRESENTATION('',(#3102),#3106);
#3102 = CIRCLE('',#3103,2.5527);
#3103 = AXIS2_PLACEMENT_2D('',#3104,#3105);
#3104 = CARTESIAN_POINT('',(-7.105427357601E-15,-5.684341886081E-14));
#3105 = DIRECTION('',(0.,1.));
#3106 = ( GEOMETRIC_REPRESENTATION_CONTEXT(2) 
PARAMETRIC_REPRESENTATION_CONTEXT() REPRESENTATION_CONTEXT('2D SPACE',''
  ) );
#3107 = FACE_BOUND('',#3108,.F.);
#3108 = EDGE_LOOP('',(#3109));
#3109 = ORIENTED_EDGE('',*,*,#3110,.F.);
#3110 = EDGE_CURVE('',#3111,#3111,#3113,.T.);
#3111 = VERTEX_POINT('',#3112);
#3112 = CARTESIAN_POINT('',(501.236,-30.39423669509,-27.9527));
#3113 = SURFACE_CURVE('',#3114,(#3237,#3363),.PCURVE_S1.);
#3114 = B_SPLINE_CURVE_WITH_KNOTS('',6,(#3115,#3116,#3117,#3118,#3119,
    #3120,#3121,#3122,#3123,#3124,#3125,#3126,#3127,#3128,#3129,#3130,
    #3131,#3132,#3133,#3134,#3135,#3136,#3137,#3138,#3139,#3140,#3141,
    #3142,#3143,#3144,#3145,#3146,#3147,#3148,#3149,#3150,#3151,#3152,
    #3153,#3154,#3155,#3156,#3157,#3158,#3159,#3160,#3161,#3162,#3163,
    #3164,#3165,#3166,#3167,#3168,#3169,#3170,#3171,#3172,#3173,#3174,
    #3175,#3176,#3177,#3178,#3179,#3180,#3181,#3182,#3183,#3184,#3185,
    #3186,#3187,#3188,#3189,#3190,#3191,#3192,#3193,#3194,#3195,#3196,
    #3197,#3198,#3199,#3200,#3201,#3202,#3203,#3204,#3205,#3206,#3207,
    #3208,#3209,#3210,#3211,#3212,#3213,#3214,#3215,#3216,#3217,#3218,
    #3219,#3220,#3221,#3222,#3223,#3224,#3225,#3226,#3227,#3228,#3229,
    #3230,#3231,#3232,#3233,#3234,#3235,#3236),.UNSPECIFIED.,.T.,.F.,(7,
    5,5,5,5,5,5,5,5,5,5,5,5,5,5,5,5,5,5,5,5,5,5,5,7),(0.,
    6.980838412347E-02,0.100992894876,0.124978673399,0.144517486239,
    0.217861119684,0.249446256457,0.252419283755,0.281692637994,
    0.374813598419,0.430797935518,0.471637873779,0.500293336868,
    0.543370420784,0.569804836349,0.601070364777,0.718778855313,
    0.748003213232,0.750971264421,0.782503535525,0.855724405366,
    0.875230515174,0.899176147571,0.93030846334,1.),.UNSPECIFIED.);
#3115 = CARTESIAN_POINT('',(501.236,-30.39423669509,-27.9527));
#3116 = CARTESIAN_POINT('',(501.10808124209,-30.39423669509,-27.9527));
#3117 = CARTESIAN_POINT('',(500.98099240573,-30.38606392274,
    -27.94501552092));
#3118 = CARTESIAN_POINT('',(500.85713666101,-30.36994751329,
    -27.92979783187));
#3119 = CARTESIAN_POINT('',(500.73883478014,-30.34605591257,
    -27.90808818015));
#3120 = CARTESIAN_POINT('',(500.62805486291,-30.31482480628,
    -27.88151902866));
#3121 = CARTESIAN_POINT('',(500.4806160002,-30.26051544514,
    -27.83883550735));
#3122 = CARTESIAN_POINT('',(500.43672040965,-30.24243640742,
    -27.82502787744));
#3123 = CARTESIAN_POINT('',(500.39448827565,-30.22308580683,
    -27.81072458176));
#3124 = CARTESIAN_POINT('',(500.35394223695,-30.20250394196,
    -27.7960533942));
#3125 = CARTESIAN_POINT('',(500.31509458598,-30.18073353911,
    -27.78113768424));
#3126 = CARTESIAN_POINT('',(500.24937515733,-30.14019545741,
    -27.75452732396));
#3127 = CARTESIAN_POINT('',(500.22180513272,-30.12189233595,
    -27.74288198675));
#3128 = CARTESIAN_POINT('',(500.19523439638,-30.10292833235,
    -27.73121230335));
#3129 = CARTESIAN_POINT('',(500.169658166,-30.08332163747,
    -27.71956750443));
#3130 = CARTESIAN_POINT('',(500.14506967567,-30.06309068865,
    -27.70799415334));
#3131 = CARTESIAN_POINT('',(500.10222787958,-30.02528074336,
    -27.68720245452));
#3132 = CARTESIAN_POINT('',(500.0836454673,-30.00790559441,
    -27.67794535227));
#3133 = CARTESIAN_POINT('',(500.06570843874,-29.99013887954,
    -27.66878858885));
#3134 = CARTESIAN_POINT('',(500.04841215113,-29.97199115715,
    -27.65975484977));
#3135 = CARTESIAN_POINT('',(500.03175181924,-29.95347338735,
    -27.65086575654));
#3136 = CARTESIAN_POINT('',(499.95555266774,-29.86373961662,
    -27.60939464791));
#3137 = CARTESIAN_POINT('',(499.90421939076,-29.78776236623,
    -27.57894381828));
#3138 = CARTESIAN_POINT('',(499.8615602255,-29.70732672933,
    -27.55192523803));
#3139 = CARTESIAN_POINT('',(499.82734069724,-29.62321244029,
    -27.52923583961));
#3140 = CARTESIAN_POINT('',(499.80135610105,-29.53627648482,
    -27.51152643874));
#3141 = CARTESIAN_POINT('',(499.77585796556,-29.40914310865,
    -27.49388386572));
#3142 = CARTESIAN_POINT('',(499.76969928451,-29.37053187869,
    -27.4895726801));
#3143 = CARTESIAN_POINT('',(499.76505039702,-29.33165970155,
    -27.48629289129));
#3144 = CARTESIAN_POINT('',(499.76190670272,-29.29260968687,
    -27.48406603302));
#3145 = CARTESIAN_POINT('',(499.7602658482,-29.25346682796,
    -27.48290326992));
#3146 = CARTESIAN_POINT('',(499.76011472605,-29.21063302402,
    -27.48279618503));
#3147 = CARTESIAN_POINT('',(499.76011503919,-29.20694799253,
    -27.48279640677));
#3148 = CARTESIAN_POINT('',(499.76012866633,-29.20326297708,
    -27.48280606322));
#3149 = CARTESIAN_POINT('',(499.76015560756,-29.19957804832,
    -27.48282515401));
#3150 = CARTESIAN_POINT('',(499.76019586312,-29.19589327793,
    -27.48285367798));
#3151 = CARTESIAN_POINT('',(499.7607769033,-29.15592961419,
    -27.48326535104));
#3152 = CARTESIAN_POINT('',(499.76259524017,-29.11967258952,
    -27.48455347379));
#3153 = CARTESIAN_POINT('',(499.76570483378,-29.08350668069,
    -27.48675392342));
#3154 = CARTESIAN_POINT('',(499.77010773358,-29.04749945638,
    -27.4898569831));
#3155 = CARTESIAN_POINT('',(499.77580764873,-29.01171703784,
    -27.49384529709));
#3156 = CARTESIAN_POINT('',(499.80508484145,-28.86331812492,
    -27.51411758444));
#3157 = CARTESIAN_POINT('',(499.84049810342,-28.7535630566,
    -27.53821392275));
#3158 = CARTESIAN_POINT('',(499.88916406719,-28.64871685409,
    -27.57017104341));
#3159 = CARTESIAN_POINT('',(499.95160218222,-28.55045319604,
    -27.60854518294));
#3160 = CARTESIAN_POINT('',(500.0283752124,-28.46025007019,
    -27.65127474945));
#3161 = CARTESIAN_POINT('',(500.17464840537,-28.33059816066,
    -27.72239952604));
#3162 = CARTESIAN_POINT('',(500.23492237293,-28.28517921626,
    -27.74975768477));
#3163 = CARTESIAN_POINT('',(500.30063895853,-28.24329402766,
    -27.77720371981));
#3164 = CARTESIAN_POINT('',(500.37183893809,-28.20518119646,
    -27.80408418229));
#3165 = CARTESIAN_POINT('',(500.44848139749,-28.1710607566,
    -27.82968299349));
#3166 = CARTESIAN_POINT('',(500.59017752137,-28.11932958135,
    -27.87043683461));
#3167 = CARTESIAN_POINT('',(500.6527926952,-28.09974194516,
    -27.88655776111));
#3168 = CARTESIAN_POINT('',(500.71804734986,-28.0825200048,
    -27.90126001825));
#3169 = CARTESIAN_POINT('',(500.78568551228,-28.06777392951,
    -27.91423075012));
#3170 = CARTESIAN_POINT('',(500.85540429617,-28.05559064648,
    -27.92519409834));
#3171 = CARTESIAN_POINT('',(500.9769867285,-28.03932827986,
    -27.94002758363));
#3172 = CARTESIAN_POINT('',(501.02794094393,-28.03392280558,
    -27.94503657557));
#3173 = CARTESIAN_POINT('',(501.07952203335,-28.02984818563,
    -27.94885227851));
#3174 = CARTESIAN_POINT('',(501.13153005542,-28.02712493279,
    -27.95141674908));
#3175 = CARTESIAN_POINT('',(501.18375964238,-28.0257633049,-27.9527));
#3176 = CARTESIAN_POINT('',(501.31453170133,-28.0257633049,-27.9527));
#3177 = CARTESIAN_POINT('',(501.3929802772,-28.02884214327,
    -27.94980127787));
#3178 = CARTESIAN_POINT('',(501.4706782616,-28.03498358952,
    -27.9440132548));
#3179 = CARTESIAN_POINT('',(501.54697137208,-28.04414875573,-27.93549106
    ));
#3180 = CARTESIAN_POINT('',(501.62124397696,-28.0562498771,
    -27.92451490892));
#3181 = CARTESIAN_POINT('',(501.73694389837,-28.08025171111,
    -27.90346410564));
#3182 = CARTESIAN_POINT('',(501.78000664385,-28.09042950123,
    -27.89467310615));
#3183 = CARTESIAN_POINT('',(501.82206158004,-28.10163539209,
    -27.88517321968));
#3184 = CARTESIAN_POINT('',(501.86304560585,-28.1138438823,
    -27.87504514868));
#3185 = CARTESIAN_POINT('',(501.90290373817,-28.12702603982,
    -27.86437356146));
#3186 = CARTESIAN_POINT('',(501.98734456448,-28.15785414622,
    -27.84008716658));
#3187 = CARTESIAN_POINT('',(502.03146547775,-28.17587693284,
    -27.82628804597));
#3188 = CARTESIAN_POINT('',(502.07391746657,-28.19517973279,
    -27.81198300365));
#3189 = CARTESIAN_POINT('',(502.11467670505,-28.21572188734,
    -27.79730098618));
#3190 = CARTESIAN_POINT('',(502.15372992648,-28.23746020809,
    -27.78236661346));
#3191 = CARTESIAN_POINT('',(502.33166901995,-28.34652063549,
    -27.71057805085));
#3192 = CARTESIAN_POINT('',(502.44845151293,-28.44924300415,
    -27.65180903971));
#3193 = CARTESIAN_POINT('',(502.54133269767,-28.56646036763,
    -27.59719237582));
#3194 = CARTESIAN_POINT('',(502.61176686339,-28.69556914536,
    -27.55163354153));
#3195 = CARTESIAN_POINT('',(502.66098652068,-28.83326731297,
    -27.51822272701));
#3196 = CARTESIAN_POINT('',(502.69619235126,-29.01171703784,
    -27.49384529709));
#3197 = CARTESIAN_POINT('',(502.70189226641,-29.04749945638,
    -27.4898569831));
#3198 = CARTESIAN_POINT('',(502.70629516621,-29.08350668069,
    -27.48675392342));
#3199 = CARTESIAN_POINT('',(502.70940475982,-29.11967258952,
    -27.48455347379));
#3200 = CARTESIAN_POINT('',(502.71122309669,-29.15592961419,
    -27.48326535104));
#3201 = CARTESIAN_POINT('',(502.71180413688,-29.19589327793,
    -27.48285367798));
#3202 = CARTESIAN_POINT('',(502.71184439243,-29.19957804832,
    -27.48282515401));
#3203 = CARTESIAN_POINT('',(502.71187133366,-29.20326297708,
    -27.48280606322));
#3204 = CARTESIAN_POINT('',(502.71188496081,-29.20694799253,
    -27.48279640677));
#3205 = CARTESIAN_POINT('',(502.71188527394,-29.21063302402,
    -27.48279618503));
#3206 = CARTESIAN_POINT('',(502.71173415179,-29.25346682796,
    -27.48290326992));
#3207 = CARTESIAN_POINT('',(502.71009329727,-29.29260968687,
    -27.48406603302));
#3208 = CARTESIAN_POINT('',(502.70694960297,-29.33165970155,
    -27.48629289129));
#3209 = CARTESIAN_POINT('',(502.70230071548,-29.37053187869,
    -27.4895726801));
#3210 = CARTESIAN_POINT('',(502.69614203443,-29.40914310865,
    -27.49388386572));
#3211 = CARTESIAN_POINT('',(502.67064390005,-29.53627647925,
    -27.51152643796));
#3212 = CARTESIAN_POINT('',(502.64465929901,-29.62321244873,
    -27.52923584184));
#3213 = CARTESIAN_POINT('',(502.61043977584,-29.7073267297,
    -27.55192523736));
#3214 = CARTESIAN_POINT('',(502.56778061362,-29.78776235795,
    -27.57894381574));
#3215 = CARTESIAN_POINT('',(502.51644732821,-29.86373962137,
    -27.6093946501));
#3216 = CARTESIAN_POINT('',(502.44024818075,-29.95347338735,
    -27.65086575654));
#3217 = CARTESIAN_POINT('',(502.42358784886,-29.97199115715,
    -27.65975484977));
#3218 = CARTESIAN_POINT('',(502.40629156125,-29.99013887954,
    -27.66878858885));
#3219 = CARTESIAN_POINT('',(502.38835453269,-30.00790559441,
    -27.67794535227));
#3220 = CARTESIAN_POINT('',(502.36977212041,-30.02528074336,
    -27.68720245452));
#3221 = CARTESIAN_POINT('',(502.32693032432,-30.06309068865,
    -27.70799415334));
#3222 = CARTESIAN_POINT('',(502.30234183399,-30.08332163747,
    -27.71956750443));
#3223 = CARTESIAN_POINT('',(502.27676560361,-30.10292833235,
    -27.73121230335));
#3224 = CARTESIAN_POINT('',(502.25019486727,-30.12189233595,
    -27.74288198675));
#3225 = CARTESIAN_POINT('',(502.22262484266,-30.14019545741,
    -27.75452732396));
#3226 = CARTESIAN_POINT('',(502.15690541401,-30.18073353911,
    -27.78113768424));
#3227 = CARTESIAN_POINT('',(502.11805776305,-30.20250394196,
    -27.7960533942));
#3228 = CARTESIAN_POINT('',(502.07751172434,-30.22308580683,
    -27.81072458176));
#3229 = CARTESIAN_POINT('',(502.03527959034,-30.24243640742,
    -27.82502787744));
#3230 = CARTESIAN_POINT('',(501.99138399979,-30.26051544514,
    -27.83883550735));
#3231 = CARTESIAN_POINT('',(501.84394514569,-30.31482480311,
    -27.88151902617));
#3232 = CARTESIAN_POINT('',(501.73316520237,-30.34605591581,
    -27.90808818275));
#3233 = CARTESIAN_POINT('',(501.61486334242,-30.36994751467,
    -27.92979783295));
#3234 = CARTESIAN_POINT('',(501.49100761384,-30.38606392008,
    -27.94501551876));
#3235 = CARTESIAN_POINT('',(501.36391874306,-30.39423669509,-27.9527));
#3236 = CARTESIAN_POINT('',(501.236,-30.39423669509,-27.9527));
#3237 = PCURVE('',#493,#3238);
#3238 = DEFINITIONAL_REPRESENTATION('',(#3239),#3362);
#3239 = B_SPLINE_CURVE_WITH_KNOTS('',6,(#3240,#3241,#3242,#3243,#3244,
    #3245,#3246,#3247,#3248,#3249,#3250,#3251,#3252,#3253,#3254,#3255,
    #3256,#3257,#3258,#3259,#3260,#3261,#3262,#3263,#3264,#3265,#3266,
    #3267,#3268,#3269,#3270,#3271,#3272,#3273,#3274,#3275,#3276,#3277,
    #3278,#3279,#3280,#3281,#3282,#3283,#3284,#3285,#3286,#3287,#3288,
    #3289,#3290,#3291,#3292,#3293,#3294,#3295,#3296,#3297,#3298,#3299,
    #3300,#3301,#3302,#3303,#3304,#3305,#3306,#3307,#3308,#3309,#3310,
    #3311,#3312,#3313,#3314,#3315,#3316,#3317,#3318,#3319,#3320,#3321,
    #3322,#3323,#3324,#3325,#3326,#3327,#3328,#3329,#3330,#3331,#3332,
    #3333,#3334,#3335,#3336,#3337,#3338,#3339,#3340,#3341,#3342,#3343,
    #3344,#3345,#3346,#3347,#3348,#3349,#3350,#3351,#3352,#3353,#3354,
    #3355,#3356,#3357,#3358,#3359,#3360,#3361),.UNSPECIFIED.,.T.,.F.,(7,
    5,5,5,5,5,5,5,5,5,5,5,5,5,5,5,5,5,5,5,5,5,5,5,7),(0.,
    6.980838412347E-02,0.100992894876,0.124978673399,0.144517486239,
    0.217861119684,0.249446256457,0.252419283755,0.281692637994,
    0.374813598419,0.430797935518,0.471637873779,0.500293336868,
    0.543370420784,0.569804836349,0.601070364777,0.718778855313,
    0.748003213232,0.750971264421,0.782503535525,0.855724405366,
    0.875230515174,0.899176147571,0.93030846334,1.),.UNSPECIFIED.);
#3240 = CARTESIAN_POINT('',(4.712388980385,-6.689763304909));
#3241 = CARTESIAN_POINT('',(4.662277820475,-6.689763304909));
#3242 = CARTESIAN_POINT('',(4.612494023628,-6.697936077254));
#3243 = CARTESIAN_POINT('',(4.563742444665,-6.71405248671));
#3244 = CARTESIAN_POINT('',(4.516737253486,-6.737944087428));
#3245 = CARTESIAN_POINT('',(4.472155889558,-6.769175193718));
#3246 = CARTESIAN_POINT('',(4.4120262227,-6.823484554857));
#3247 = CARTESIAN_POINT('',(4.394004484039,-6.841563592578));
#3248 = CARTESIAN_POINT('',(4.376543328117,-6.860914193163));
#3249 = CARTESIAN_POINT('',(4.359656923556,-6.881496058038));
#3250 = CARTESIAN_POINT('',(4.343358079881,-6.903266460888));
#3251 = CARTESIAN_POINT('',(4.315582614696,-6.943804542581));
#3252 = CARTESIAN_POINT('',(4.303859606853,-6.962107664046));
#3253 = CARTESIAN_POINT('',(4.292492753545,-6.981071667648));
#3254 = CARTESIAN_POINT('',(4.281485257302,-7.000678362523));
#3255 = CARTESIAN_POINT('',(4.270839993642,-7.020909311343));
#3256 = CARTESIAN_POINT('',(4.252185030965,-7.05871925664));
#3257 = CARTESIAN_POINT('',(4.244052680153,-7.076094405586));
#3258 = CARTESIAN_POINT('',(4.236163906223,-7.093861120459));
#3259 = CARTESIAN_POINT('',(4.228520182208,-7.112008842849));
#3260 = CARTESIAN_POINT('',(4.221123006575,-7.130526612641));
#3261 = CARTESIAN_POINT('',(4.187138024343,-7.220260383374));
#3262 = CARTESIAN_POINT('',(4.163772465864,-7.296237633766));
#3263 = CARTESIAN_POINT('',(4.14400028071,-7.376673270664));
#3264 = CARTESIAN_POINT('',(4.127917320211,-7.460787559708));
#3265 = CARTESIAN_POINT('',(4.115599324718,-7.54772351518));
#3266 = CARTESIAN_POINT('',(4.103452696597,-7.674856891347));
#3267 = CARTESIAN_POINT('',(4.10050771991,-7.713468121309));
#3268 = CARTESIAN_POINT('',(4.098278981034,-7.752340298441));
#3269 = CARTESIAN_POINT('',(4.09676980977,-7.791390313123));
#3270 = CARTESIAN_POINT('',(4.09598196884,-7.830533172032));
#3271 = CARTESIAN_POINT('',(4.095909411822,-7.873366975977));
#3272 = CARTESIAN_POINT('',(4.095909562133,-7.877052007461));
#3273 = CARTESIAN_POINT('',(4.095916104884,-7.880737022916));
#3274 = CARTESIAN_POINT('',(4.095929040016,-7.884421951671));
#3275 = CARTESIAN_POINT('',(4.095948367341,-7.88810672207));
#3276 = CARTESIAN_POINT('',(4.096227325772,-7.928070385804));
#3277 = CARTESIAN_POINT('',(4.09710028326,-7.964327410474));
#3278 = CARTESIAN_POINT('',(4.098592576682,-8.00049331931));
#3279 = CARTESIAN_POINT('',(4.100702673335,-8.036500543612));
#3280 = CARTESIAN_POINT('',(4.103427890131,-8.072282962151));
#3281 = CARTESIAN_POINT('',(4.117378087029,-8.220681875074));
#3282 = CARTESIAN_POINT('',(4.134156478651,-8.330436943398));
#3283 = CARTESIAN_POINT('',(4.156961890921,-8.435283145906));
#3284 = CARTESIAN_POINT('',(4.185644134974,-8.533546803953));
#3285 = CARTESIAN_POINT('',(4.220012021327,-8.623749929801));
#3286 = CARTESIAN_POINT('',(4.283728338266,-8.753401839339));
#3287 = CARTESIAN_POINT('',(4.30964962704,-8.798820783735));
#3288 = CARTESIAN_POINT('',(4.337527768898,-8.840705972335));
#3289 = CARTESIAN_POINT('',(4.367311044917,-8.87881880354));
#3290 = CARTESIAN_POINT('',(4.398937177834,-8.912939243392));
#3291 = CARTESIAN_POINT('',(4.456695780439,-8.964670418647));
#3292 = CARTESIAN_POINT('',(4.482014197936,-8.984258054831));
#3293 = CARTESIAN_POINT('',(4.508199679784,-9.0014799952));
#3294 = CARTESIAN_POINT('',(4.535157655534,-9.016226070486));
#3295 = CARTESIAN_POINT('',(4.562788081627,-9.028409353519));
#3296 = CARTESIAN_POINT('',(4.61077020201,-9.04467172014));
#3297 = CARTESIAN_POINT('',(4.630821503736,-9.050077194416));
#3298 = CARTESIAN_POINT('',(4.651074534292,-9.054151814362));
#3299 = CARTESIAN_POINT('',(4.671464021681,-9.056875067205));
#3300 = CARTESIAN_POINT('',(4.691924234188,-9.058236695091));
#3301 = CARTESIAN_POINT('',(4.743153152176,-9.058236695091));
#3302 = CARTESIAN_POINT('',(4.773884665902,-9.055157856726));
#3303 = CARTESIAN_POINT('',(4.804374892388,-9.049016410474));
#3304 = CARTESIAN_POINT('',(4.834418618939,-9.039851244263));
#3305 = CARTESIAN_POINT('',(4.863814149675,-9.027750122894));
#3306 = CARTESIAN_POINT('',(4.909882764987,-9.003748288882));
#3307 = CARTESIAN_POINT('',(4.927096213685,-8.993570498768));
#3308 = CARTESIAN_POINT('',(4.943980685736,-8.982364607903));
#3309 = CARTESIAN_POINT('',(4.960514105337,-8.970156117695));
#3310 = CARTESIAN_POINT('',(4.976675387115,-8.956973960178));
#3311 = CARTESIAN_POINT('',(5.011095412139,-8.926145853775));
#3312 = CARTESIAN_POINT('',(5.02920031079,-8.908123067151));
#3313 = CARTESIAN_POINT('',(5.046743197904,-8.888820267204));
#3314 = CARTESIAN_POINT('',(5.063709528776,-8.868278112659));
#3315 = CARTESIAN_POINT('',(5.080086148173,-8.846539791904));
#3316 = CARTESIAN_POINT('',(5.155251560261,-8.737479364505));
#3317 = CARTESIAN_POINT('',(5.206290249316,-8.634756995842));
#3318 = CARTESIAN_POINT('',(5.24841965255,-8.517539632361));
#3319 = CARTESIAN_POINT('',(5.281272716148,-8.388430854639));
#3320 = CARTESIAN_POINT('',(5.304574955853,-8.250732687024));
#3321 = CARTESIAN_POINT('',(5.321350070638,-8.072282962151));
#3322 = CARTESIAN_POINT('',(5.324075287435,-8.036500543612));
#3323 = CARTESIAN_POINT('',(5.326185384088,-8.00049331931));
#3324 = CARTESIAN_POINT('',(5.327677677509,-7.964327410474));
#3325 = CARTESIAN_POINT('',(5.328550634997,-7.928070385804));
#3326 = CARTESIAN_POINT('',(5.328829593428,-7.88810672207));
#3327 = CARTESIAN_POINT('',(5.328848920753,-7.884421951671));
#3328 = CARTESIAN_POINT('',(5.328861855886,-7.880737022916));
#3329 = CARTESIAN_POINT('',(5.328868398637,-7.877052007461));
#3330 = CARTESIAN_POINT('',(5.328868548947,-7.873366975977));
#3331 = CARTESIAN_POINT('',(5.32879599193,-7.830533172032));
#3332 = CARTESIAN_POINT('',(5.328008150999,-7.791390313123));
#3333 = CARTESIAN_POINT('',(5.326498979735,-7.752340298441));
#3334 = CARTESIAN_POINT('',(5.324270240859,-7.713468121309));
#3335 = CARTESIAN_POINT('',(5.321325264172,-7.674856891347));
#3336 = CARTESIAN_POINT('',(5.309178636583,-7.547723520748));
#3337 = CARTESIAN_POINT('',(5.296860638853,-7.460787551264));
#3338 = CARTESIAN_POINT('',(5.28077768065,-7.3766732703));
#3339 = CARTESIAN_POINT('',(5.261005496891,-7.29623764205));
#3340 = CARTESIAN_POINT('',(5.237639934626,-7.220260378621));
#3341 = CARTESIAN_POINT('',(5.203654954194,-7.130526612641));
#3342 = CARTESIAN_POINT('',(5.196257778562,-7.112008842849));
#3343 = CARTESIAN_POINT('',(5.188614054546,-7.093861120459));
#3344 = CARTESIAN_POINT('',(5.180725280617,-7.076094405586));
#3345 = CARTESIAN_POINT('',(5.172592929805,-7.05871925664));
#3346 = CARTESIAN_POINT('',(5.153937967127,-7.020909311343));
#3347 = CARTESIAN_POINT('',(5.143292703467,-7.000678362523));
#3348 = CARTESIAN_POINT('',(5.132285207225,-6.981071667648));
#3349 = CARTESIAN_POINT('',(5.120918353916,-6.962107664046));
#3350 = CARTESIAN_POINT('',(5.109195346074,-6.943804542581));
#3351 = CARTESIAN_POINT('',(5.081419880888,-6.903266460888));
#3352 = CARTESIAN_POINT('',(5.065121037214,-6.881496058038));
#3353 = CARTESIAN_POINT('',(5.048234632652,-6.860914193164));
#3354 = CARTESIAN_POINT('',(5.03077347673,-6.841563592578));
#3355 = CARTESIAN_POINT('',(5.012751738069,-6.823484554857));
#3356 = CARTESIAN_POINT('',(4.952622074723,-6.769175196889));
#3357 = CARTESIAN_POINT('',(4.908040700302,-6.73794408419));
#3358 = CARTESIAN_POINT('',(4.86103551739,-6.714052485328));
#3359 = CARTESIAN_POINT('',(4.812283944915,-6.697936079918));
#3360 = CARTESIAN_POINT('',(4.762500134482,-6.689763304909));
#3361 = CARTESIAN_POINT('',(4.712388980385,-6.689763304909));
#3362 = ( GEOMETRIC_REPRESENTATION_CONTEXT(2) 
PARAMETRIC_REPRESENTATION_CONTEXT() REPRESENTATION_CONTEXT('2D SPACE',''
  ) );
#3363 = PCURVE('',#2853,#3364);
#3364 = DEFINITIONAL_REPRESENTATION('',(#3365),#3488);
#3365 = B_SPLINE_CURVE_WITH_KNOTS('',6,(#3366,#3367,#3368,#3369,#3370,
    #3371,#3372,#3373,#3374,#3375,#3376,#3377,#3378,#3379,#3380,#3381,
    #3382,#3383,#3384,#3385,#3386,#3387,#3388,#3389,#3390,#3391,#3392,
    #3393,#3394,#3395,#3396,#3397,#3398,#3399,#3400,#3401,#3402,#3403,
    #3404,#3405,#3406,#3407,#3408,#3409,#3410,#3411,#3412,#3413,#3414,
    #3415,#3416,#3417,#3418,#3419,#3420,#3421,#3422,#3423,#3424,#3425,
    #3426,#3427,#3428,#3429,#3430,#3431,#3432,#3433,#3434,#3435,#3436,
    #3437,#3438,#3439,#3440,#3441,#3442,#3443,#3444,#3445,#3446,#3447,
    #3448,#3449,#3450,#3451,#3452,#3453,#3454,#3455,#3456,#3457,#3458,
    #3459,#3460,#3461,#3462,#3463,#3464,#3465,#3466,#3467,#3468,#3469,
    #3470,#3471,#3472,#3473,#3474,#3475,#3476,#3477,#3478,#3479,#3480,
    #3481,#3482,#3483,#3484,#3485,#3486,#3487),.UNSPECIFIED.,.T.,.F.,(7,
    5,5,5,5,5,5,5,5,5,5,5,5,5,5,5,5,5,5,5,5,5,5,5,7),(0.,
    6.980838412347E-02,0.100992894876,0.124978673399,0.144517486239,
    0.217861119684,0.249446256457,0.252419283755,0.281692637994,
    0.374813598419,0.430797935518,0.471637873779,0.500293336868,
    0.543370420784,0.569804836349,0.601070364777,0.718778855313,
    0.748003213232,0.750971264421,0.782503535525,0.855724405366,
    0.875230515174,0.899176147571,0.93030846334,1.),.UNSPECIFIED.);
#3366 = CARTESIAN_POINT('',(-2.3262782874,-3.81));
#3367 = CARTESIAN_POINT('',(-2.3262782874,-3.682081242098));
#3368 = CARTESIAN_POINT('',(-2.319783298962,-3.554992405736));
#3369 = CARTESIAN_POINT('',(-2.30694916702,-3.431136661018));
#3370 = CARTESIAN_POINT('',(-2.288266111574,-3.312834780142));
#3371 = CARTESIAN_POINT('',(-2.264544530931,-3.202054862916));
#3372 = CARTESIAN_POINT('',(-2.224551914763,-3.054616000205));
#3373 = CARTESIAN_POINT('',(-2.211382324568,-3.010720409653));
#3374 = CARTESIAN_POINT('',(-2.197453239924,-2.968488275654));
#3375 = CARTESIAN_POINT('',(-2.182822966555,-2.92794223695));
#3376 = CARTESIAN_POINT('',(-2.167546910348,-2.889094585985));
#3377 = CARTESIAN_POINT('',(-2.13947157196,-2.823375157331));
#3378 = CARTESIAN_POINT('',(-2.1269127961,-2.795805132722));
#3379 = CARTESIAN_POINT('',(-2.114023118131,-2.769234396383));
#3380 = CARTESIAN_POINT('',(-2.10082278008,-2.743658166009));
#3381 = CARTESIAN_POINT('',(-2.087330397638,-2.719069675676));
#3382 = CARTESIAN_POINT('',(-2.062348006945,-2.676227879583));
#3383 = CARTESIAN_POINT('',(-2.050950623431,-2.657645467306));
#3384 = CARTESIAN_POINT('',(-2.039380028025,-2.639708438742));
#3385 = CARTESIAN_POINT('',(-2.027644966696,-2.622412151138));
#3386 = CARTESIAN_POINT('',(-2.015753712973,-2.605751819248));
#3387 = CARTESIAN_POINT('',(-1.958520364606,-2.529552667746));
#3388 = CARTESIAN_POINT('',(-1.911193449335,-2.47821939076));
#3389 = CARTESIAN_POINT('',(-1.8621915867,-2.435560225509));
#3390 = CARTESIAN_POINT('',(-1.811895672007,-2.401340697248));
#3391 = CARTESIAN_POINT('',(-1.760630798951,-2.375356101059));
#3392 = CARTESIAN_POINT('',(-1.686318798237,-2.349857965563));
#3393 = CARTESIAN_POINT('',(-1.663833269872,-2.343699284511));
#3394 = CARTESIAN_POINT('',(-1.641259658456,-2.339050397025));
#3395 = CARTESIAN_POINT('',(-1.618626503056,-2.335906702722));
#3396 = CARTESIAN_POINT('',(-1.59596246552,-2.3342658482));
#3397 = CARTESIAN_POINT('',(-1.571162825756,-2.334114726053));
#3398 = CARTESIAN_POINT('',(-1.569029303633,-2.33411503919));
#3399 = CARTESIAN_POINT('',(-1.566895786962,-2.33412866634));
#3400 = CARTESIAN_POINT('',(-1.564762299182,-2.334155607568));
#3401 = CARTESIAN_POINT('',(-1.562628864303,-2.33419586312));
#3402 = CARTESIAN_POINT('',(-1.539489804531,-2.334776903302));
#3403 = CARTESIAN_POINT('',(-1.518491568976,-2.336595240176));
#3404 = CARTESIAN_POINT('',(-1.497523706396,-2.339704833785));
#3405 = CARTESIAN_POINT('',(-1.476609027326,-2.344107733582));
#3406 = CARTESIAN_POINT('',(-1.455770246688,-2.349807648732));
#3407 = CARTESIAN_POINT('',(-1.369053492516,-2.379084841456));
#3408 = CARTESIAN_POINT('',(-1.304205742346,-2.414498103422));
#3409 = CARTESIAN_POINT('',(-1.241038206973,-2.463164067194));
#3410 = CARTESIAN_POINT('',(-1.180200407611,-2.525602182225));
#3411 = CARTESIAN_POINT('',(-1.122513191761,-2.602375212405));
#3412 = CARTESIAN_POINT('',(-1.036895129689,-2.748648405371));
#3413 = CARTESIAN_POINT('',(-1.006222132396,-2.808922372937));
#3414 = CARTESIAN_POINT('',(-0.977257560007,-2.874638958538));
#3415 = CARTESIAN_POINT('',(-0.950274531962,-2.945838938099));
#3416 = CARTESIAN_POINT('',(-0.925584758539,-3.022481397491));
#3417 = CARTESIAN_POINT('',(-0.887456094906,-3.164177521378));
#3418 = CARTESIAN_POINT('',(-0.872771215166,-3.226792695207));
#3419 = CARTESIAN_POINT('',(-0.859664135097,-3.29204734986));
#3420 = CARTESIAN_POINT('',(-0.848295397826,-3.359685512284));
#3421 = CARTESIAN_POINT('',(-0.838805867434,-3.429404296171));
#3422 = CARTESIAN_POINT('',(-0.826061952867,-3.550986728509));
#3423 = CARTESIAN_POINT('',(-0.821795291316,-3.601940943935));
#3424 = CARTESIAN_POINT('',(-0.818563398423,-3.653522033351));
#3425 = CARTESIAN_POINT('',(-0.816397694528,-3.705530055426));
#3426 = CARTESIAN_POINT('',(-0.81531436619,-3.757759642383));
#3427 = CARTESIAN_POINT('',(-0.81531436619,-3.888531701333));
#3428 = CARTESIAN_POINT('',(-0.817762600207,-3.966980277205));
#3429 = CARTESIAN_POINT('',(-0.822648801302,-4.044678261607));
#3430 = CARTESIAN_POINT('',(-0.829894251929,-4.120971372081));
#3431 = CARTESIAN_POINT('',(-0.839351915444,-4.195243976967));
#3432 = CARTESIAN_POINT('',(-0.857835758273,-4.310943898379));
#3433 = CARTESIAN_POINT('',(-0.865622033262,-4.354006643856));
#3434 = CARTESIAN_POINT('',(-0.87412696561,-4.39606158004));
#3435 = CARTESIAN_POINT('',(-0.883310069347,-4.437045605857));
#3436 = CARTESIAN_POINT('',(-0.893128799512,-4.476903738179));
#3437 = CARTESIAN_POINT('',(-0.915850775065,-4.56134456448));
#3438 = CARTESIAN_POINT('',(-0.928991515601,-4.605465477753));
#3439 = CARTESIAN_POINT('',(-0.942898970325,-4.647917466575));
#3440 = CARTESIAN_POINT('',(-0.957514181441,-4.688676705055));
#3441 = CARTESIAN_POINT('',(-0.972781036791,-4.727729926489));
#3442 = CARTESIAN_POINT('',(-1.048375714065,-4.905669019954));
#3443 = CARTESIAN_POINT('',(-1.116762454611,-5.022451512934));
#3444 = CARTESIAN_POINT('',(-1.191210379915,-5.11533269767));
#3445 = CARTESIAN_POINT('',(-1.269883539434,-5.185766863394));
#3446 = CARTESIAN_POINT('',(-1.351493331049,-5.234986520688));
#3447 = CARTESIAN_POINT('',(-1.455770246688,-5.270192351268));
#3448 = CARTESIAN_POINT('',(-1.476609027326,-5.275892266418));
#3449 = CARTESIAN_POINT('',(-1.497523706396,-5.280295166215));
#3450 = CARTESIAN_POINT('',(-1.518491568976,-5.283404759824));
#3451 = CARTESIAN_POINT('',(-1.539489804531,-5.285223096698));
#3452 = CARTESIAN_POINT('',(-1.562628864303,-5.28580413688));
#3453 = CARTESIAN_POINT('',(-1.564762299182,-5.285844392432));
#3454 = CARTESIAN_POINT('',(-1.566895786962,-5.28587133366));
#3455 = CARTESIAN_POINT('',(-1.569029303633,-5.28588496081));
#3456 = CARTESIAN_POINT('',(-1.571162825756,-5.285885273947));
#3457 = CARTESIAN_POINT('',(-1.59596246552,-5.285734151799));
#3458 = CARTESIAN_POINT('',(-1.618626503056,-5.284093297278));
#3459 = CARTESIAN_POINT('',(-1.641259658456,-5.280949602975));
#3460 = CARTESIAN_POINT('',(-1.663833269872,-5.276300715489));
#3461 = CARTESIAN_POINT('',(-1.686318798237,-5.270142034436));
#3462 = CARTESIAN_POINT('',(-1.760630795696,-5.244643900058));
#3463 = CARTESIAN_POINT('',(-1.811895677106,-5.218659299015));
#3464 = CARTESIAN_POINT('',(-1.862191586795,-5.184439775849));
#3465 = CARTESIAN_POINT('',(-1.911193444273,-5.14178061362));
#3466 = CARTESIAN_POINT('',(-1.958520367638,-5.090447328217));
#3467 = CARTESIAN_POINT('',(-2.015753712973,-5.014248180752));
#3468 = CARTESIAN_POINT('',(-2.027644966696,-4.997587848862));
#3469 = CARTESIAN_POINT('',(-2.039380028025,-4.980291561258));
#3470 = CARTESIAN_POINT('',(-2.050950623431,-4.962354532694));
#3471 = CARTESIAN_POINT('',(-2.062348006945,-4.943772120417));
#3472 = CARTESIAN_POINT('',(-2.087330397638,-4.900930324324));
#3473 = CARTESIAN_POINT('',(-2.10082278008,-4.87634183399));
#3474 = CARTESIAN_POINT('',(-2.114023118131,-4.850765603617));
#3475 = CARTESIAN_POINT('',(-2.1269127961,-4.824194867278));
#3476 = CARTESIAN_POINT('',(-2.13947157196,-4.796624842669));
#3477 = CARTESIAN_POINT('',(-2.167546910348,-4.730905414014));
#3478 = CARTESIAN_POINT('',(-2.182822966555,-4.69205776305));
#3479 = CARTESIAN_POINT('',(-2.197453239924,-4.651511724347));
#3480 = CARTESIAN_POINT('',(-2.211382324568,-4.609279590347));
#3481 = CARTESIAN_POINT('',(-2.224551914764,-4.565383999795));
#3482 = CARTESIAN_POINT('',(-2.264544528595,-4.417945145693));
#3483 = CARTESIAN_POINT('',(-2.288266113979,-4.307165202376));
#3484 = CARTESIAN_POINT('',(-2.306949168035,-4.188863342421));
#3485 = CARTESIAN_POINT('',(-2.319783296976,-4.06500761384));
#3486 = CARTESIAN_POINT('',(-2.3262782874,-3.937918743065));
#3487 = CARTESIAN_POINT('',(-2.3262782874,-3.81));
#3488 = ( GEOMETRIC_REPRESENTATION_CONTEXT(2) 
PARAMETRIC_REPRESENTATION_CONTEXT() REPRESENTATION_CONTEXT('2D SPACE',''
  ) );
#3489 = ADVANCED_FACE('',(#3490),#527,.F.);
#3490 = FACE_BOUND('',#3491,.F.);
#3491 = EDGE_LOOP('',(#3492,#3493,#3514,#3540));
#3492 = ORIENTED_EDGE('',*,*,#506,.F.);
#3493 = ORIENTED_EDGE('',*,*,#3494,.T.);
#3494 = EDGE_CURVE('',#507,#3495,#3497,.T.);
#3495 = VERTEX_POINT('',#3496);
#3496 = CARTESIAN_POINT('',(496.9764,-25.654,0.));
#3497 = SEAM_CURVE('',#3498,(#3502,#3508),.PCURVE_S1.);
#3498 = LINE('',#3499,#3500);
#3499 = CARTESIAN_POINT('',(496.9764,-37.084,0.));
#3500 = VECTOR('',#3501,1.);
#3501 = DIRECTION('',(-0.,1.,-0.));
#3502 = PCURVE('',#527,#3503);
#3503 = DEFINITIONAL_REPRESENTATION('',(#3504),#3507);
#3504 = B_SPLINE_CURVE_WITH_KNOTS('',1,(#3505,#3506),.UNSPECIFIED.,.F.,
  .F.,(2,2),(0.254,11.43),.PIECEWISE_BEZIER_KNOTS.);
#3505 = CARTESIAN_POINT('',(6.28318530718,-0.254));
#3506 = CARTESIAN_POINT('',(6.28318530718,-11.43));
#3507 = ( GEOMETRIC_REPRESENTATION_CONTEXT(2) 
PARAMETRIC_REPRESENTATION_CONTEXT() REPRESENTATION_CONTEXT('2D SPACE',''
  ) );
#3508 = PCURVE('',#527,#3509);
#3509 = DEFINITIONAL_REPRESENTATION('',(#3510),#3513);
#3510 = B_SPLINE_CURVE_WITH_KNOTS('',1,(#3511,#3512),.UNSPECIFIED.,.F.,
  .F.,(2,2),(0.254,11.43),.PIECEWISE_BEZIER_KNOTS.);
#3511 = CARTESIAN_POINT('',(0.,-0.254));
#3512 = CARTESIAN_POINT('',(0.,-11.43));
#3513 = ( GEOMETRIC_REPRESENTATION_CONTEXT(2) 
PARAMETRIC_REPRESENTATION_CONTEXT() REPRESENTATION_CONTEXT('2D SPACE',''
  ) );
#3514 = ORIENTED_EDGE('',*,*,#3515,.T.);
#3515 = EDGE_CURVE('',#3495,#3495,#3516,.T.);
#3516 = SURFACE_CURVE('',#3517,(#3522,#3528),.PCURVE_S1.);
#3517 = CIRCLE('',#3518,4.2164);
#3518 = AXIS2_PLACEMENT_3D('',#3519,#3520,#3521);
#3519 = CARTESIAN_POINT('',(492.76,-25.654,0.));
#3520 = DIRECTION('',(0.,-1.,0.));
#3521 = DIRECTION('',(1.,0.,0.));
#3522 = PCURVE('',#527,#3523);
#3523 = DEFINITIONAL_REPRESENTATION('',(#3524),#3527);
#3524 = B_SPLINE_CURVE_WITH_KNOTS('',1,(#3525,#3526),.UNSPECIFIED.,.F.,
  .F.,(2,2),(0.,6.28318530718),.PIECEWISE_BEZIER_KNOTS.);
#3525 = CARTESIAN_POINT('',(0.,-11.43));
#3526 = CARTESIAN_POINT('',(6.28318530718,-11.43));
#3527 = ( GEOMETRIC_REPRESENTATION_CONTEXT(2) 
PARAMETRIC_REPRESENTATION_CONTEXT() REPRESENTATION_CONTEXT('2D SPACE',''
  ) );
#3528 = PCURVE('',#3529,#3534);
#3529 = PLANE('',#3530);
#3530 = AXIS2_PLACEMENT_3D('',#3531,#3532,#3533);
#3531 = CARTESIAN_POINT('',(492.76,-25.654,2.365417234828E-16));
#3532 = DIRECTION('',(-0.,-1.,-0.));
#3533 = DIRECTION('',(0.,0.,-1.));
#3534 = DEFINITIONAL_REPRESENTATION('',(#3535),#3539);
#3535 = CIRCLE('',#3536,4.2164);
#3536 = AXIS2_PLACEMENT_2D('',#3537,#3538);
#3537 = CARTESIAN_POINT('',(2.365417234828E-16,0.));
#3538 = DIRECTION('',(0.,1.));
#3539 = ( GEOMETRIC_REPRESENTATION_CONTEXT(2) 
PARAMETRIC_REPRESENTATION_CONTEXT() REPRESENTATION_CONTEXT('2D SPACE',''
  ) );
#3540 = ORIENTED_EDGE('',*,*,#3494,.F.);
#3541 = ADVANCED_FACE('',(#3542,#3593),#561,.F.);
#3542 = FACE_BOUND('',#3543,.F.);
#3543 = EDGE_LOOP('',(#3544,#3565,#3566,#3567));
#3544 = ORIENTED_EDGE('',*,*,#3545,.F.);
#3545 = EDGE_CURVE('',#541,#3546,#3548,.T.);
#3546 = VERTEX_POINT('',#3547);
#3547 = CARTESIAN_POINT('',(503.7887,-21.844,25.4));
#3548 = SEAM_CURVE('',#3549,(#3553,#3559),.PCURVE_S1.);
#3549 = LINE('',#3550,#3551);
#3550 = CARTESIAN_POINT('',(503.7887,-37.084,25.4));
#3551 = VECTOR('',#3552,1.);
#3552 = DIRECTION('',(-0.,1.,-0.));
#3553 = PCURVE('',#561,#3554);
#3554 = DEFINITIONAL_REPRESENTATION('',(#3555),#3558);
#3555 = B_SPLINE_CURVE_WITH_KNOTS('',1,(#3556,#3557),.UNSPECIFIED.,.F.,
  .F.,(2,2),(0.254,15.24),.PIECEWISE_BEZIER_KNOTS.);
#3556 = CARTESIAN_POINT('',(6.28318530718,-0.254));
#3557 = CARTESIAN_POINT('',(6.28318530718,-15.24));
#3558 = ( GEOMETRIC_REPRESENTATION_CONTEXT(2) 
PARAMETRIC_REPRESENTATION_CONTEXT() REPRESENTATION_CONTEXT('2D SPACE',''
  ) );
#3559 = PCURVE('',#561,#3560);
#3560 = DEFINITIONAL_REPRESENTATION('',(#3561),#3564);
#3561 = B_SPLINE_CURVE_WITH_KNOTS('',1,(#3562,#3563),.UNSPECIFIED.,.F.,
  .F.,(2,2),(0.254,15.24),.PIECEWISE_BEZIER_KNOTS.);
#3562 = CARTESIAN_POINT('',(0.,-0.254));
#3563 = CARTESIAN_POINT('',(0.,-15.24));
#3564 = ( GEOMETRIC_REPRESENTATION_CONTEXT(2) 
PARAMETRIC_REPRESENTATION_CONTEXT() REPRESENTATION_CONTEXT('2D SPACE',''
  ) );
#3565 = ORIENTED_EDGE('',*,*,#540,.F.);
#3566 = ORIENTED_EDGE('',*,*,#3545,.T.);
#3567 = ORIENTED_EDGE('',*,*,#3568,.T.);
#3568 = EDGE_CURVE('',#3546,#3546,#3569,.T.);
#3569 = SURFACE_CURVE('',#3570,(#3575,#3581),.PCURVE_S1.);
#3570 = CIRCLE('',#3571,2.5527);
#3571 = AXIS2_PLACEMENT_3D('',#3572,#3573,#3574);
#3572 = CARTESIAN_POINT('',(501.236,-21.844,25.4));
#3573 = DIRECTION('',(0.,-1.,0.));
#3574 = DIRECTION('',(1.,0.,0.));
#3575 = PCURVE('',#561,#3576);
#3576 = DEFINITIONAL_REPRESENTATION('',(#3577),#3580);
#3577 = B_SPLINE_CURVE_WITH_KNOTS('',1,(#3578,#3579),.UNSPECIFIED.,.F.,
  .F.,(2,2),(0.,6.28318530718),.PIECEWISE_BEZIER_KNOTS.);
#3578 = CARTESIAN_POINT('',(0.,-15.24));
#3579 = CARTESIAN_POINT('',(6.28318530718,-15.24));
#3580 = ( GEOMETRIC_REPRESENTATION_CONTEXT(2) 
PARAMETRIC_REPRESENTATION_CONTEXT() REPRESENTATION_CONTEXT('2D SPACE',''
  ) );
#3581 = PCURVE('',#3582,#3587);
#3582 = PLANE('',#3583);
#3583 = AXIS2_PLACEMENT_3D('',#3584,#3585,#3586);
#3584 = CARTESIAN_POINT('',(501.236,-21.844,25.4));
#3585 = DIRECTION('',(-0.,-1.,-0.));
#3586 = DIRECTION('',(0.,0.,-1.));
#3587 = DEFINITIONAL_REPRESENTATION('',(#3588),#3592);
#3588 = CIRCLE('',#3589,2.5527);
#3589 = AXIS2_PLACEMENT_2D('',#3590,#3591);
#3590 = CARTESIAN_POINT('',(0.,0.));
#3591 = DIRECTION('',(0.,1.));
#3592 = ( GEOMETRIC_REPRESENTATION_CONTEXT(2) 
PARAMETRIC_REPRESENTATION_CONTEXT() REPRESENTATION_CONTEXT('2D SPACE',''
  ) );
#3593 = FACE_BOUND('',#3594,.F.);
#3594 = EDGE_LOOP('',(#3595));
#3595 = ORIENTED_EDGE('',*,*,#3596,.F.);
#3596 = EDGE_CURVE('',#3597,#3597,#3599,.T.);
#3597 = VERTEX_POINT('',#3598);
#3598 = CARTESIAN_POINT('',(501.236,-28.0257633049,27.9527));
#3599 = SURFACE_CURVE('',#3600,(#3723,#3849),.PCURVE_S1.);
#3600 = B_SPLINE_CURVE_WITH_KNOTS('',6,(#3601,#3602,#3603,#3604,#3605,
    #3606,#3607,#3608,#3609,#3610,#3611,#3612,#3613,#3614,#3615,#3616,
    #3617,#3618,#3619,#3620,#3621,#3622,#3623,#3624,#3625,#3626,#3627,
    #3628,#3629,#3630,#3631,#3632,#3633,#3634,#3635,#3636,#3637,#3638,
    #3639,#3640,#3641,#3642,#3643,#3644,#3645,#3646,#3647,#3648,#3649,
    #3650,#3651,#3652,#3653,#3654,#3655,#3656,#3657,#3658,#3659,#3660,
    #3661,#3662,#3663,#3664,#3665,#3666,#3667,#3668,#3669,#3670,#3671,
    #3672,#3673,#3674,#3675,#3676,#3677,#3678,#3679,#3680,#3681,#3682,
    #3683,#3684,#3685,#3686,#3687,#3688,#3689,#3690,#3691,#3692,#3693,
    #3694,#3695,#3696,#3697,#3698,#3699,#3700,#3701,#3702,#3703,#3704,
    #3705,#3706,#3707,#3708,#3709,#3710,#3711,#3712,#3713,#3714,#3715,
    #3716,#3717,#3718,#3719,#3720,#3721,#3722),.UNSPECIFIED.,.T.,.F.,(7,
    5,5,5,5,5,5,5,5,5,5,5,5,5,5,5,5,5,5,5,5,5,5,5,7),(0.,
    6.980839548718E-02,0.100992906215,0.124978681022,0.144517490833,
    0.217861112913,0.249446244792,0.252419271629,0.281692621333,
    0.374813567328,0.43079789575,0.47163782768,0.500293286327,
    0.543370363565,0.569804782623,0.601070318152,0.718778811643,
    0.748003170295,0.750971221559,0.782503493454,0.855724369693,
    0.87523047989,0.899176112764,0.930308433953,1.),.UNSPECIFIED.);
#3601 = CARTESIAN_POINT('',(501.236,-28.0257633049,27.9527));
#3602 = CARTESIAN_POINT('',(501.10808124198,-28.0257633049,27.9527));
#3603 = CARTESIAN_POINT('',(500.98099240588,-28.03393607723,
    27.945015520943));
#3604 = CARTESIAN_POINT('',(500.85713666104,-28.05005248672,
    27.929797831863));
#3605 = CARTESIAN_POINT('',(500.73883478,-28.07394408745,27.908088180134
    ));
#3606 = CARTESIAN_POINT('',(500.62805486298,-28.10517519369,
    27.881519028686));
#3607 = CARTESIAN_POINT('',(500.48061600762,-28.15948455212,
    27.838835509502));
#3608 = CARTESIAN_POINT('',(500.43672040864,-28.17756359369,
    27.825027876799));
#3609 = CARTESIAN_POINT('',(500.39448826919,-28.19691419623,
    27.810724579564));
#3610 = CARTESIAN_POINT('',(500.35394223459,-28.21749605851,
    27.796053393698));
#3611 = CARTESIAN_POINT('',(500.31509459171,-28.23926645735,
    27.781137686563));
#3612 = CARTESIAN_POINT('',(500.24937515733,-28.27980454258,
    27.754527323966));
#3613 = CARTESIAN_POINT('',(500.22180513272,-28.29810766404,
    27.742881986753));
#3614 = CARTESIAN_POINT('',(500.19523439638,-28.31707166764,
    27.73121230335));
#3615 = CARTESIAN_POINT('',(500.169658166,-28.33667836252,
    27.719567504433));
#3616 = CARTESIAN_POINT('',(500.14506967567,-28.35690931134,
    27.707994153347));
#3617 = CARTESIAN_POINT('',(500.10222787958,-28.39471925664,
    27.687202454525));
#3618 = CARTESIAN_POINT('',(500.0836454673,-28.41209440558,
    27.677945352275));
#3619 = CARTESIAN_POINT('',(500.06570843874,-28.42986112045,
    27.668788588855));
#3620 = CARTESIAN_POINT('',(500.04841215113,-28.44800884284,
    27.659754849773));
#3621 = CARTESIAN_POINT('',(500.03175181924,-28.46652661264,
    27.650865756546));
#3622 = CARTESIAN_POINT('',(499.95555266774,-28.55626038337,
    27.609394647912));
#3623 = CARTESIAN_POINT('',(499.90421939076,-28.63223763376,
    27.578943818286));
#3624 = CARTESIAN_POINT('',(499.8615602255,-28.71267327066,
    27.551925238034));
#3625 = CARTESIAN_POINT('',(499.82734069724,-28.7967875597,
    27.529235839618));
#3626 = CARTESIAN_POINT('',(499.80135610105,-28.88372351518,
    27.511526438742));
#3627 = CARTESIAN_POINT('',(499.77585796556,-29.01085689134,
    27.493883865728));
#3628 = CARTESIAN_POINT('',(499.76969928451,-29.0494681213,
    27.489572680104));
#3629 = CARTESIAN_POINT('',(499.76505039702,-29.08834029844,
    27.486292891297));
#3630 = CARTESIAN_POINT('',(499.76190670272,-29.12739031312,
    27.484066033029));
#3631 = CARTESIAN_POINT('',(499.7602658482,-29.16653317203,
    27.482903269926));
#3632 = CARTESIAN_POINT('',(499.76011472605,-29.20936697597,
    27.482796185036));
#3633 = CARTESIAN_POINT('',(499.76011503919,-29.21305200746,
    27.482796406778));
#3634 = CARTESIAN_POINT('',(499.76012866633,-29.21673702291,
    27.482806063222));
#3635 = CARTESIAN_POINT('',(499.76015560756,-29.22042195167,
    27.482825154017));
#3636 = CARTESIAN_POINT('',(499.76019586312,-29.22410672206,
    27.482853677981));
#3637 = CARTESIAN_POINT('',(499.7607769033,-29.2640703858,
    27.483265351044));
#3638 = CARTESIAN_POINT('',(499.76259524017,-29.30032741047,
    27.484553473794));
#3639 = CARTESIAN_POINT('',(499.76570483378,-29.3364933193,
    27.486753923426));
#3640 = CARTESIAN_POINT('',(499.77010773358,-29.37250054361,
    27.489856983106));
#3641 = CARTESIAN_POINT('',(499.77580764873,-29.40828296215,
    27.493845297094));
#3642 = CARTESIAN_POINT('',(499.80508484145,-29.55668187507,
    27.514117584447));
#3643 = CARTESIAN_POINT('',(499.84049810342,-29.66643694339,
    27.538213922758));
#3644 = CARTESIAN_POINT('',(499.88916406719,-29.7712831459,
    27.570171043413));
#3645 = CARTESIAN_POINT('',(499.95160218222,-29.86954680395,
    27.608545182945));
#3646 = CARTESIAN_POINT('',(500.0283752124,-29.9597499298,
    27.651274749456));
#3647 = CARTESIAN_POINT('',(500.17464840536,-30.08940183933,
    27.722399526046));
#3648 = CARTESIAN_POINT('',(500.23492237293,-30.13482078373,
    27.749757684775));
#3649 = CARTESIAN_POINT('',(500.30063895853,-30.17670597233,
    27.777203719815));
#3650 = CARTESIAN_POINT('',(500.37183893809,-30.21481880353,
    27.80408418229));
#3651 = CARTESIAN_POINT('',(500.44848139748,-30.24893924339,
    27.829682993496));
#3652 = CARTESIAN_POINT('',(500.59017752137,-30.30067041864,
    27.870436834609));
#3653 = CARTESIAN_POINT('',(500.6527926952,-30.32025805483,
    27.886557761119));
#3654 = CARTESIAN_POINT('',(500.71804734985,-30.3374799952,
    27.901260018258));
#3655 = CARTESIAN_POINT('',(500.78568551228,-30.35222607048,
    27.91423075012));
#3656 = CARTESIAN_POINT('',(500.85540429617,-30.36440935351,
    27.92519409834));
#3657 = CARTESIAN_POINT('',(500.9769867285,-30.38067172014,
    27.940027583632));
#3658 = CARTESIAN_POINT('',(501.02794094393,-30.38607719441,
    27.945036575577));
#3659 = CARTESIAN_POINT('',(501.07952203335,-30.39015181436,
    27.948852278514));
#3660 = CARTESIAN_POINT('',(501.13153005542,-30.3928750672,
    27.951416749089));
#3661 = CARTESIAN_POINT('',(501.18375964238,-30.39423669509,27.9527));
#3662 = CARTESIAN_POINT('',(501.31453170133,-30.39423669509,27.9527));
#3663 = CARTESIAN_POINT('',(501.3929802772,-30.39115785672,
    27.949801277873));
#3664 = CARTESIAN_POINT('',(501.4706782616,-30.38501641047,
    27.944013254805));
#3665 = CARTESIAN_POINT('',(501.54697137208,-30.37585124426,27.93549106)
  );
#3666 = CARTESIAN_POINT('',(501.62124397696,-30.36375012289,
    27.924514908922));
#3667 = CARTESIAN_POINT('',(501.73694391101,-30.33974828626,
    27.903464103348));
#3668 = CARTESIAN_POINT('',(501.78000664117,-30.32957050026,
    27.89467310728));
#3669 = CARTESIAN_POINT('',(501.82206156803,-30.31836461126,
    27.885173222462));
#3670 = CARTESIAN_POINT('',(501.86304560209,-30.30615611799,
    27.875045149051));
#3671 = CARTESIAN_POINT('',(501.90290374945,-30.29297395606,
    27.864373558223));
#3672 = CARTESIAN_POINT('',(501.98734455549,-30.26214585705,
    27.840087169167));
#3673 = CARTESIAN_POINT('',(502.03146547941,-30.24412306556,
    27.826288045037));
#3674 = CARTESIAN_POINT('',(502.07391747489,-30.22482026325,
    27.811983000827));
#3675 = CARTESIAN_POINT('',(502.11467670787,-30.20427811214,
    27.797300985612));
#3676 = CARTESIAN_POINT('',(502.15372991894,-30.18253979652,
    27.782366616504));
#3677 = CARTESIAN_POINT('',(502.33166901995,-30.0734793645,
    27.710578050853));
#3678 = CARTESIAN_POINT('',(502.44845151293,-29.97075699584,
    27.651809039712));
#3679 = CARTESIAN_POINT('',(502.54133269767,-29.85353963236,
    27.597192375828));
#3680 = CARTESIAN_POINT('',(502.61176686339,-29.72443085463,
    27.551633541531));
#3681 = CARTESIAN_POINT('',(502.66098652068,-29.58673268702,
    27.518222727018));
#3682 = CARTESIAN_POINT('',(502.69619235126,-29.40828296215,
    27.493845297094));
#3683 = CARTESIAN_POINT('',(502.70189226641,-29.37250054361,
    27.489856983106));
#3684 = CARTESIAN_POINT('',(502.70629516621,-29.3364933193,
    27.486753923426));
#3685 = CARTESIAN_POINT('',(502.70940475982,-29.30032741047,
    27.484553473794));
#3686 = CARTESIAN_POINT('',(502.71122309669,-29.2640703858,
    27.483265351044));
#3687 = CARTESIAN_POINT('',(502.71180413688,-29.22410672206,
    27.482853677981));
#3688 = CARTESIAN_POINT('',(502.71184439243,-29.22042195167,
    27.482825154017));
#3689 = CARTESIAN_POINT('',(502.71187133366,-29.21673702291,
    27.482806063222));
#3690 = CARTESIAN_POINT('',(502.71188496081,-29.21305200746,
    27.482796406778));
#3691 = CARTESIAN_POINT('',(502.71188527394,-29.20936697597,
    27.482796185036));
#3692 = CARTESIAN_POINT('',(502.71173415179,-29.16653317203,
    27.482903269926));
#3693 = CARTESIAN_POINT('',(502.71009329727,-29.12739031312,
    27.484066033029));
#3694 = CARTESIAN_POINT('',(502.70694960297,-29.08834029844,
    27.486292891297));
#3695 = CARTESIAN_POINT('',(502.70230071548,-29.0494681213,
    27.489572680104));
#3696 = CARTESIAN_POINT('',(502.69614203443,-29.01085689134,
    27.493883865728));
#3697 = CARTESIAN_POINT('',(502.67064389894,-28.88372351521,
    27.511526438738));
#3698 = CARTESIAN_POINT('',(502.64465930275,-28.79678755969,
    27.529235839616));
#3699 = CARTESIAN_POINT('',(502.61043977447,-28.71267327063,
    27.551925238043));
#3700 = CARTESIAN_POINT('',(502.56778060922,-28.63223763376,
    27.578943818292));
#3701 = CARTESIAN_POINT('',(502.51644733227,-28.5562603834,
    27.609394647899));
#3702 = CARTESIAN_POINT('',(502.44024818075,-28.46652661264,
    27.650865756546));
#3703 = CARTESIAN_POINT('',(502.42358784886,-28.44800884284,
    27.659754849773));
#3704 = CARTESIAN_POINT('',(502.40629156125,-28.42986112045,
    27.668788588855));
#3705 = CARTESIAN_POINT('',(502.38835453269,-28.41209440558,
    27.677945352275));
#3706 = CARTESIAN_POINT('',(502.36977212041,-28.39471925664,
    27.687202454525));
#3707 = CARTESIAN_POINT('',(502.32693032432,-28.35690931134,
    27.707994153347));
#3708 = CARTESIAN_POINT('',(502.30234183399,-28.33667836252,
    27.719567504433));
#3709 = CARTESIAN_POINT('',(502.27676560361,-28.31707166764,
    27.73121230335));
#3710 = CARTESIAN_POINT('',(502.25019486727,-28.29810766404,
    27.742881986753));
#3711 = CARTESIAN_POINT('',(502.22262484266,-28.27980454258,
    27.754527323966));
#3712 = CARTESIAN_POINT('',(502.15690540828,-28.23926645735,
    27.781137686563));
#3713 = CARTESIAN_POINT('',(502.1180577654,-28.21749605851,
    27.796053393698));
#3714 = CARTESIAN_POINT('',(502.07751173081,-28.19691419623,
    27.810724579564));
#3715 = CARTESIAN_POINT('',(502.03527959135,-28.17756359369,
    27.825027876799));
#3716 = CARTESIAN_POINT('',(501.99138399237,-28.15948455212,
    27.838835509502));
#3717 = CARTESIAN_POINT('',(501.84394513706,-28.10517519371,
    27.881519028673));
#3718 = CARTESIAN_POINT('',(501.7331652199,-28.07394408743,
    27.908088180148));
#3719 = CARTESIAN_POINT('',(501.61486333897,-28.05005248671,
    27.929797831869));
#3720 = CARTESIAN_POINT('',(501.49100759421,-28.03393607724,
    27.945015520932));
#3721 = CARTESIAN_POINT('',(501.36391875793,-28.0257633049,27.9527));
#3722 = CARTESIAN_POINT('',(501.236,-28.0257633049,27.9527));
#3723 = PCURVE('',#561,#3724);
#3724 = DEFINITIONAL_REPRESENTATION('',(#3725),#3848);
#3725 = B_SPLINE_CURVE_WITH_KNOTS('',6,(#3726,#3727,#3728,#3729,#3730,
    #3731,#3732,#3733,#3734,#3735,#3736,#3737,#3738,#3739,#3740,#3741,
    #3742,#3743,#3744,#3745,#3746,#3747,#3748,#3749,#3750,#3751,#3752,
    #3753,#3754,#3755,#3756,#3757,#3758,#3759,#3760,#3761,#3762,#3763,
    #3764,#3765,#3766,#3767,#3768,#3769,#3770,#3771,#3772,#3773,#3774,
    #3775,#3776,#3777,#3778,#3779,#3780,#3781,#3782,#3783,#3784,#3785,
    #3786,#3787,#3788,#3789,#3790,#3791,#3792,#3793,#3794,#3795,#3796,
    #3797,#3798,#3799,#3800,#3801,#3802,#3803,#3804,#3805,#3806,#3807,
    #3808,#3809,#3810,#3811,#3812,#3813,#3814,#3815,#3816,#3817,#3818,
    #3819,#3820,#3821,#3822,#3823,#3824,#3825,#3826,#3827,#3828,#3829,
    #3830,#3831,#3832,#3833,#3834,#3835,#3836,#3837,#3838,#3839,#3840,
    #3841,#3842,#3843,#3844,#3845,#3846,#3847),.UNSPECIFIED.,.T.,.F.,(7,
    5,5,5,5,5,5,5,5,5,5,5,5,5,5,5,5,5,5,5,5,5,5,5,7),(0.,
    6.980839548718E-02,0.100992906215,0.124978681022,0.144517490833,
    0.217861112913,0.249446244792,0.252419271629,0.281692621333,
    0.374813567328,0.43079789575,0.47163782768,0.500293286327,
    0.543370363565,0.569804782623,0.601070318152,0.718778811643,
    0.748003170295,0.750971221559,0.782503493454,0.855724369693,
    0.87523047989,0.899176112764,0.930308433953,1.),.UNSPECIFIED.);
#3726 = CARTESIAN_POINT('',(1.570796326795,-9.058236695091));
#3727 = CARTESIAN_POINT('',(1.620907486749,-9.058236695091));
#3728 = CARTESIAN_POINT('',(1.670691283492,-9.050063922766));
#3729 = CARTESIAN_POINT('',(1.719442862505,-9.033947513279));
#3730 = CARTESIAN_POINT('',(1.766448053747,-9.010055912547));
#3731 = CARTESIAN_POINT('',(1.811029417595,-8.978824806306));
#3732 = CARTESIAN_POINT('',(1.871159081455,-8.924515447875));
#3733 = CARTESIAN_POINT('',(1.889180823595,-8.906436406305));
#3734 = CARTESIAN_POINT('',(1.90664198174,-8.887085803762));
#3735 = CARTESIAN_POINT('',(1.923528384562,-8.866503941485));
#3736 = CARTESIAN_POINT('',(1.939827224878,-8.844733542645));
#3737 = CARTESIAN_POINT('',(1.967602692484,-8.804195457419));
#3738 = CARTESIAN_POINT('',(1.979325700326,-8.785892335954));
#3739 = CARTESIAN_POINT('',(1.990692553635,-8.766928332352));
#3740 = CARTESIAN_POINT('',(2.001700049878,-8.747321637477));
#3741 = CARTESIAN_POINT('',(2.012345313538,-8.727090688657));
#3742 = CARTESIAN_POINT('',(2.031000276215,-8.68928074336));
#3743 = CARTESIAN_POINT('',(2.039132627027,-8.671905594414));
#3744 = CARTESIAN_POINT('',(2.047021400956,-8.654138879541));
#3745 = CARTESIAN_POINT('',(2.054665124972,-8.635991157151));
#3746 = CARTESIAN_POINT('',(2.062062300604,-8.617473387359));
#3747 = CARTESIAN_POINT('',(2.096047282836,-8.527739616626));
#3748 = CARTESIAN_POINT('',(2.119412841315,-8.451762366234));
#3749 = CARTESIAN_POINT('',(2.13918502647,-8.371326729336));
#3750 = CARTESIAN_POINT('',(2.155267986969,-8.287212440292));
#3751 = CARTESIAN_POINT('',(2.167585982461,-8.20027648482));
#3752 = CARTESIAN_POINT('',(2.179732610582,-8.073143108653));
#3753 = CARTESIAN_POINT('',(2.182677587269,-8.034531878691));
#3754 = CARTESIAN_POINT('',(2.184906326146,-7.995659701559));
#3755 = CARTESIAN_POINT('',(2.186415497409,-7.956609686877));
#3756 = CARTESIAN_POINT('',(2.18720333834,-7.917466827968));
#3757 = CARTESIAN_POINT('',(2.187275895358,-7.874633024023));
#3758 = CARTESIAN_POINT('',(2.187275745047,-7.870947992539));
#3759 = CARTESIAN_POINT('',(2.187269202296,-7.867262977085));
#3760 = CARTESIAN_POINT('',(2.187256267163,-7.86357804833));
#3761 = CARTESIAN_POINT('',(2.187236939838,-7.859893277931));
#3762 = CARTESIAN_POINT('',(2.186957981407,-7.819929614197));
#3763 = CARTESIAN_POINT('',(2.18608502392,-7.783672589526));
#3764 = CARTESIAN_POINT('',(2.184592730498,-7.747506680691));
#3765 = CARTESIAN_POINT('',(2.182482633845,-7.711499456389));
#3766 = CARTESIAN_POINT('',(2.179757417048,-7.675717037849));
#3767 = CARTESIAN_POINT('',(2.165807220151,-7.527318124926));
#3768 = CARTESIAN_POINT('',(2.149028828529,-7.417563056603));
#3769 = CARTESIAN_POINT('',(2.126223416258,-7.312716854095));
#3770 = CARTESIAN_POINT('',(2.097541172206,-7.214453196048));
#3771 = CARTESIAN_POINT('',(2.063173285853,-7.1242500702));
#3772 = CARTESIAN_POINT('',(1.999456968915,-6.994598160663));
#3773 = CARTESIAN_POINT('',(1.97353568014,-6.949179216265));
#3774 = CARTESIAN_POINT('',(1.945657538281,-6.907294027664));
#3775 = CARTESIAN_POINT('',(1.915874262263,-6.869181196461));
#3776 = CARTESIAN_POINT('',(1.884248129347,-6.83506075661));
#3777 = CARTESIAN_POINT('',(1.826489526742,-6.783329581354));
#3778 = CARTESIAN_POINT('',(1.801171109244,-6.763741945169));
#3779 = CARTESIAN_POINT('',(1.774985627396,-6.7465200048));
#3780 = CARTESIAN_POINT('',(1.748027651646,-6.731773929515));
#3781 = CARTESIAN_POINT('',(1.720397225553,-6.719590646481));
#3782 = CARTESIAN_POINT('',(1.67241510517,-6.70332827986));
#3783 = CARTESIAN_POINT('',(1.652363803444,-6.697922805584));
#3784 = CARTESIAN_POINT('',(1.632110772888,-6.693848185638));
#3785 = CARTESIAN_POINT('',(1.611721285499,-6.691124932795));
#3786 = CARTESIAN_POINT('',(1.591261072992,-6.689763304909));
#3787 = CARTESIAN_POINT('',(1.540032155003,-6.689763304909));
#3788 = CARTESIAN_POINT('',(1.509300641278,-6.692842143274));
#3789 = CARTESIAN_POINT('',(1.478810414791,-6.698983589526));
#3790 = CARTESIAN_POINT('',(1.44876668824,-6.708148755737));
#3791 = CARTESIAN_POINT('',(1.419371157504,-6.720249877106));
#3792 = CARTESIAN_POINT('',(1.373302537161,-6.744251713739));
#3793 = CARTESIAN_POINT('',(1.356089094616,-6.754429499738));
#3794 = CARTESIAN_POINT('',(1.339204626276,-6.765635388731));
#3795 = CARTESIAN_POINT('',(1.322671203313,-6.777843882007));
#3796 = CARTESIAN_POINT('',(1.306509915468,-6.791026043939));
#3797 = CARTESIAN_POINT('',(1.272089898705,-6.821854142944));
#3798 = CARTESIAN_POINT('',(1.253984995655,-6.839876934435));
#3799 = CARTESIAN_POINT('',(1.236442105831,-6.859179736742));
#3800 = CARTESIAN_POINT('',(1.219475777287,-6.879721887854));
#3801 = CARTESIAN_POINT('',(1.203099162194,-6.901460203472));
#3802 = CARTESIAN_POINT('',(1.127933746918,-7.010520635495));
#3803 = CARTESIAN_POINT('',(1.076895057863,-7.113243004159));
#3804 = CARTESIAN_POINT('',(1.03476565463,-7.23046036764));
#3805 = CARTESIAN_POINT('',(1.001912591031,-7.359569145362));
#3806 = CARTESIAN_POINT('',(0.978610351326,-7.497267312977));
#3807 = CARTESIAN_POINT('',(0.961835236542,-7.675717037849));
#3808 = CARTESIAN_POINT('',(0.959110019745,-7.711499456389));
#3809 = CARTESIAN_POINT('',(0.956999923092,-7.747506680691));
#3810 = CARTESIAN_POINT('',(0.95550762967,-7.783672589526));
#3811 = CARTESIAN_POINT('',(0.954634672182,-7.819929614197));
#3812 = CARTESIAN_POINT('',(0.954355713751,-7.859893277931));
#3813 = CARTESIAN_POINT('',(0.954336386426,-7.86357804833));
#3814 = CARTESIAN_POINT('',(0.954323451294,-7.867262977085));
#3815 = CARTESIAN_POINT('',(0.954316908543,-7.870947992539));
#3816 = CARTESIAN_POINT('',(0.954316758232,-7.874633024023));
#3817 = CARTESIAN_POINT('',(0.95438931525,-7.917466827968));
#3818 = CARTESIAN_POINT('',(0.955177156181,-7.956609686877));
#3819 = CARTESIAN_POINT('',(0.956686327444,-7.995659701559));
#3820 = CARTESIAN_POINT('',(0.958915066321,-8.034531878691));
#3821 = CARTESIAN_POINT('',(0.961860043008,-8.073143108653));
#3822 = CARTESIAN_POINT('',(0.974006671125,-8.200276484788));
#3823 = CARTESIAN_POINT('',(0.986324666619,-8.287212440305));
#3824 = CARTESIAN_POINT('',(1.002407627127,-8.371326729366));
#3825 = CARTESIAN_POINT('',(1.02217981228,-8.451762366237));
#3826 = CARTESIAN_POINT('',(1.045545370743,-8.527739616599));
#3827 = CARTESIAN_POINT('',(1.079530352986,-8.617473387359));
#3828 = CARTESIAN_POINT('',(1.086927528618,-8.635991157151));
#3829 = CARTESIAN_POINT('',(1.094571252633,-8.654138879541));
#3830 = CARTESIAN_POINT('',(1.102460026563,-8.671905594414));
#3831 = CARTESIAN_POINT('',(1.110592377375,-8.68928074336));
#3832 = CARTESIAN_POINT('',(1.129247340052,-8.727090688657));
#3833 = CARTESIAN_POINT('',(1.139892603712,-8.747321637477));
#3834 = CARTESIAN_POINT('',(1.150900099955,-8.766928332352));
#3835 = CARTESIAN_POINT('',(1.162266953263,-8.785892335954));
#3836 = CARTESIAN_POINT('',(1.173989961106,-8.804195457419));
#3837 = CARTESIAN_POINT('',(1.201765428712,-8.844733542645));
#3838 = CARTESIAN_POINT('',(1.218064269028,-8.866503941485));
#3839 = CARTESIAN_POINT('',(1.23495067185,-8.887085803762));
#3840 = CARTESIAN_POINT('',(1.252411829995,-8.906436406305));
#3841 = CARTESIAN_POINT('',(1.270433572135,-8.924515447875));
#3842 = CARTESIAN_POINT('',(1.330563235977,-8.97882480629));
#3843 = CARTESIAN_POINT('',(1.375144599879,-9.010055912564));
#3844 = CARTESIAN_POINT('',(1.422149791078,-9.033947513286));
#3845 = CARTESIAN_POINT('',(1.470901370058,-9.050063922752));
#3846 = CARTESIAN_POINT('',(1.520685166871,-9.058236695091));
#3847 = CARTESIAN_POINT('',(1.570796326795,-9.058236695091));
#3848 = ( GEOMETRIC_REPRESENTATION_CONTEXT(2) 
PARAMETRIC_REPRESENTATION_CONTEXT() REPRESENTATION_CONTEXT('2D SPACE',''
  ) );
#3849 = PCURVE('',#2883,#3850);
#3850 = DEFINITIONAL_REPRESENTATION('',(#3851),#3974);
#3851 = B_SPLINE_CURVE_WITH_KNOTS('',6,(#3852,#3853,#3854,#3855,#3856,
    #3857,#3858,#3859,#3860,#3861,#3862,#3863,#3864,#3865,#3866,#3867,
    #3868,#3869,#3870,#3871,#3872,#3873,#3874,#3875,#3876,#3877,#3878,
    #3879,#3880,#3881,#3882,#3883,#3884,#3885,#3886,#3887,#3888,#3889,
    #3890,#3891,#3892,#3893,#3894,#3895,#3896,#3897,#3898,#3899,#3900,
    #3901,#3902,#3903,#3904,#3905,#3906,#3907,#3908,#3909,#3910,#3911,
    #3912,#3913,#3914,#3915,#3916,#3917,#3918,#3919,#3920,#3921,#3922,
    #3923,#3924,#3925,#3926,#3927,#3928,#3929,#3930,#3931,#3932,#3933,
    #3934,#3935,#3936,#3937,#3938,#3939,#3940,#3941,#3942,#3943,#3944,
    #3945,#3946,#3947,#3948,#3949,#3950,#3951,#3952,#3953,#3954,#3955,
    #3956,#3957,#3958,#3959,#3960,#3961,#3962,#3963,#3964,#3965,#3966,
    #3967,#3968,#3969,#3970,#3971,#3972,#3973),.UNSPECIFIED.,.T.,.F.,(7,
    5,5,5,5,5,5,5,5,5,5,5,5,5,5,5,5,5,5,5,5,5,5,5,7),(0.,
    6.980839548718E-02,0.100992906215,0.124978681022,0.144517490833,
    0.217861112913,0.249446244792,0.252419271629,0.281692621333,
    0.374813567328,0.43079789575,0.47163782768,0.500293286327,
    0.543370363565,0.569804782623,0.601070318152,0.718778811643,
    0.748003170295,0.750971221559,0.782503493454,0.855724369693,
    0.87523047989,0.899176112764,0.930308433953,1.),.UNSPECIFIED.);
#3852 = CARTESIAN_POINT('',(-5.46787094099,-3.81));
#3853 = CARTESIAN_POINT('',(-5.46787094099,-3.682081241986));
#3854 = CARTESIAN_POINT('',(-5.461375952567,-3.554992405885));
#3855 = CARTESIAN_POINT('',(-5.448541820602,-3.431136661043));
#3856 = CARTESIAN_POINT('',(-5.429858765145,-3.312834780009));
#3857 = CARTESIAN_POINT('',(-5.406137184538,-3.202054862982));
#3858 = CARTESIAN_POINT('',(-5.366144570365,-3.054616007621));
#3859 = CARTESIAN_POINT('',(-5.352974977415,-3.010720408649));
#3860 = CARTESIAN_POINT('',(-5.339045891324,-2.96848826919));
#3861 = CARTESIAN_POINT('',(-5.324415619751,-2.927942234594));
#3862 = CARTESIAN_POINT('',(-5.309139566385,-2.889094591712));
#3863 = CARTESIAN_POINT('',(-5.28106422555,-2.823375157331));
#3864 = CARTESIAN_POINT('',(-5.268505449689,-2.795805132722));
#3865 = CARTESIAN_POINT('',(-5.255615771721,-2.769234396383));
#3866 = CARTESIAN_POINT('',(-5.24241543367,-2.743658166009));
#3867 = CARTESIAN_POINT('',(-5.228923051227,-2.719069675676));
#3868 = CARTESIAN_POINT('',(-5.203940660535,-2.676227879583));
#3869 = CARTESIAN_POINT('',(-5.192543277021,-2.657645467306));
#3870 = CARTESIAN_POINT('',(-5.180972681615,-2.639708438742));
#3871 = CARTESIAN_POINT('',(-5.169237620285,-2.622412151138));
#3872 = CARTESIAN_POINT('',(-5.157346366563,-2.605751819248));
#3873 = CARTESIAN_POINT('',(-5.100113018196,-2.529552667746));
#3874 = CARTESIAN_POINT('',(-5.052786102925,-2.47821939076));
#3875 = CARTESIAN_POINT('',(-5.00378424029,-2.435560225509));
#3876 = CARTESIAN_POINT('',(-4.953488325596,-2.401340697248));
#3877 = CARTESIAN_POINT('',(-4.902223452541,-2.375356101059));
#3878 = CARTESIAN_POINT('',(-4.827911451827,-2.349857965563));
#3879 = CARTESIAN_POINT('',(-4.805425923462,-2.343699284511));
#3880 = CARTESIAN_POINT('',(-4.782852312045,-2.339050397025));
#3881 = CARTESIAN_POINT('',(-4.760219156646,-2.335906702722));
#3882 = CARTESIAN_POINT('',(-4.73755511911,-2.3342658482));
#3883 = CARTESIAN_POINT('',(-4.712755479346,-2.334114726053));
#3884 = CARTESIAN_POINT('',(-4.710621957223,-2.33411503919));
#3885 = CARTESIAN_POINT('',(-4.708488440552,-2.33412866634));
#3886 = CARTESIAN_POINT('',(-4.706354952772,-2.334155607568));
#3887 = CARTESIAN_POINT('',(-4.704221517893,-2.33419586312));
#3888 = CARTESIAN_POINT('',(-4.681082458121,-2.334776903302));
#3889 = CARTESIAN_POINT('',(-4.660084222566,-2.336595240176));
#3890 = CARTESIAN_POINT('',(-4.639116359986,-2.339704833785));
#3891 = CARTESIAN_POINT('',(-4.618201680916,-2.344107733582));
#3892 = CARTESIAN_POINT('',(-4.597362900278,-2.349807648732));
#3893 = CARTESIAN_POINT('',(-4.510646146107,-2.379084841456));
#3894 = CARTESIAN_POINT('',(-4.445798395936,-2.414498103422));
#3895 = CARTESIAN_POINT('',(-4.382630860563,-2.463164067193));
#3896 = CARTESIAN_POINT('',(-4.321793061201,-2.525602182225));
#3897 = CARTESIAN_POINT('',(-4.264105845351,-2.602375212404));
#3898 = CARTESIAN_POINT('',(-4.178487783281,-2.748648405369));
#3899 = CARTESIAN_POINT('',(-4.147814785986,-2.808922372936));
#3900 = CARTESIAN_POINT('',(-4.118850213596,-2.874638958539));
#3901 = CARTESIAN_POINT('',(-4.091867185552,-2.945838938099));
#3902 = CARTESIAN_POINT('',(-4.06717741213,-3.022481397487));
#3903 = CARTESIAN_POINT('',(-4.029048748496,-3.164177521376));
#3904 = CARTESIAN_POINT('',(-4.014363868756,-3.226792695206));
#3905 = CARTESIAN_POINT('',(-4.001256788687,-3.292047349859));
#3906 = CARTESIAN_POINT('',(-3.989888051416,-3.359685512283));
#3907 = CARTESIAN_POINT('',(-3.980398521024,-3.42940429617));
#3908 = CARTESIAN_POINT('',(-3.967654606457,-3.550986728508));
#3909 = CARTESIAN_POINT('',(-3.963387944906,-3.601940943934));
#3910 = CARTESIAN_POINT('',(-3.960156052013,-3.65352203335));
#3911 = CARTESIAN_POINT('',(-3.957990348118,-3.705530055425));
#3912 = CARTESIAN_POINT('',(-3.95690701978,-3.757759642383));
#3913 = CARTESIAN_POINT('',(-3.95690701978,-3.888531701333));
#3914 = CARTESIAN_POINT('',(-3.959355253797,-3.966980277206));
#3915 = CARTESIAN_POINT('',(-3.964241454892,-4.044678261607));
#3916 = CARTESIAN_POINT('',(-3.971486905519,-4.120971372082));
#3917 = CARTESIAN_POINT('',(-3.980944569034,-4.195243976968));
#3918 = CARTESIAN_POINT('',(-3.999428413881,-4.310943911016));
#3919 = CARTESIAN_POINT('',(-4.007214685772,-4.354006641178));
#3920 = CARTESIAN_POINT('',(-4.015719616673,-4.396061568034));
#3921 = CARTESIAN_POINT('',(-4.024902722669,-4.437045602091));
#3922 = CARTESIAN_POINT('',(-4.034721456136,-4.476903749456));
#3923 = CARTESIAN_POINT('',(-4.057443426236,-4.561344555491));
#3924 = CARTESIAN_POINT('',(-4.070584170255,-4.605465479412));
#3925 = CARTESIAN_POINT('',(-4.084491626727,-4.64791747489));
#3926 = CARTESIAN_POINT('',(-4.099106835466,-4.68867670787));
#3927 = CARTESIAN_POINT('',(-4.114373687175,-4.727729918945));
#3928 = CARTESIAN_POINT('',(-4.189968367655,-4.905669019955));
#3929 = CARTESIAN_POINT('',(-4.258355108202,-5.022451512934));
#3930 = CARTESIAN_POINT('',(-4.332803033505,-5.11533269767));
#3931 = CARTESIAN_POINT('',(-4.411476193025,-5.185766863395));
#3932 = CARTESIAN_POINT('',(-4.493085984639,-5.234986520688));
#3933 = CARTESIAN_POINT('',(-4.597362900278,-5.270192351268));
#3934 = CARTESIAN_POINT('',(-4.618201680916,-5.275892266418));
#3935 = CARTESIAN_POINT('',(-4.639116359986,-5.280295166215));
#3936 = CARTESIAN_POINT('',(-4.660084222566,-5.283404759824));
#3937 = CARTESIAN_POINT('',(-4.681082458121,-5.285223096698));
#3938 = CARTESIAN_POINT('',(-4.704221517893,-5.28580413688));
#3939 = CARTESIAN_POINT('',(-4.706354952772,-5.285844392432));
#3940 = CARTESIAN_POINT('',(-4.708488440552,-5.28587133366));
#3941 = CARTESIAN_POINT('',(-4.710621957223,-5.28588496081));
#3942 = CARTESIAN_POINT('',(-4.712755479346,-5.285885273947));
#3943 = CARTESIAN_POINT('',(-4.73755511911,-5.285734151799));
#3944 = CARTESIAN_POINT('',(-4.760219156646,-5.284093297278));
#3945 = CARTESIAN_POINT('',(-4.782852312045,-5.280949602975));
#3946 = CARTESIAN_POINT('',(-4.805425923462,-5.276300715489));
#3947 = CARTESIAN_POINT('',(-4.827911451827,-5.270142034436));
#3948 = CARTESIAN_POINT('',(-4.902223452522,-5.244643898948));
#3949 = CARTESIAN_POINT('',(-4.953488325603,-5.218659302756));
#3950 = CARTESIAN_POINT('',(-5.003784240308,-5.184439774476));
#3951 = CARTESIAN_POINT('',(-5.052786102928,-5.141780609228));
#3952 = CARTESIAN_POINT('',(-5.100113018178,-5.090447332277));
#3953 = CARTESIAN_POINT('',(-5.157346366563,-5.014248180752));
#3954 = CARTESIAN_POINT('',(-5.169237620285,-4.997587848862));
#3955 = CARTESIAN_POINT('',(-5.180972681615,-4.980291561258));
#3956 = CARTESIAN_POINT('',(-5.192543277021,-4.962354532694));
#3957 = CARTESIAN_POINT('',(-5.203940660535,-4.943772120417));
#3958 = CARTESIAN_POINT('',(-5.228923051227,-4.900930324324));
#3959 = CARTESIAN_POINT('',(-5.24241543367,-4.87634183399));
#3960 = CARTESIAN_POINT('',(-5.255615771721,-4.850765603617));
#3961 = CARTESIAN_POINT('',(-5.268505449689,-4.824194867278));
#3962 = CARTESIAN_POINT('',(-5.28106422555,-4.796624842669));
#3963 = CARTESIAN_POINT('',(-5.309139566385,-4.730905408287));
#3964 = CARTESIAN_POINT('',(-5.324415619751,-4.692057765405));
#3965 = CARTESIAN_POINT('',(-5.339045891324,-4.65151173081));
#3966 = CARTESIAN_POINT('',(-5.352974977415,-4.609279591351));
#3967 = CARTESIAN_POINT('',(-5.366144570365,-4.565383992379));
#3968 = CARTESIAN_POINT('',(-5.406137184526,-4.417945137063));
#3969 = CARTESIAN_POINT('',(-5.429858765157,-4.307165219901));
#3970 = CARTESIAN_POINT('',(-5.448541820608,-4.188863338974));
#3971 = CARTESIAN_POINT('',(-5.461375952557,-4.065007594216));
#3972 = CARTESIAN_POINT('',(-5.46787094099,-3.937918757938));
#3973 = CARTESIAN_POINT('',(-5.46787094099,-3.81));
#3974 = ( GEOMETRIC_REPRESENTATION_CONTEXT(2) 
PARAMETRIC_REPRESENTATION_CONTEXT() REPRESENTATION_CONTEXT('2D SPACE',''
  ) );
#3975 = ADVANCED_FACE('',(#3976),#644,.F.);
#3976 = FACE_BOUND('',#3977,.T.);
#3977 = EDGE_LOOP('',(#3978,#4183,#4202,#4203));
#3978 = ORIENTED_EDGE('',*,*,#3979,.F.);
#3979 = EDGE_CURVE('',#3980,#3980,#3982,.T.);
#3980 = VERTEX_POINT('',#3981);
#3981 = CARTESIAN_POINT('',(458.47,0.,21.59));
#3982 = SURFACE_CURVE('',#3983,(#4046,#4112),.PCURVE_S1.);
#3983 = B_SPLINE_CURVE_WITH_KNOTS('',7,(#3984,#3985,#3986,#3987,#3988,
    #3989,#3990,#3991,#3992,#3993,#3994,#3995,#3996,#3997,#3998,#3999,
    #4000,#4001,#4002,#4003,#4004,#4005,#4006,#4007,#4008,#4009,#4010,
    #4011,#4012,#4013,#4014,#4015,#4016,#4017,#4018,#4019,#4020,#4021,
    #4022,#4023,#4024,#4025,#4026,#4027,#4028,#4029,#4030,#4031,#4032,
    #4033,#4034,#4035,#4036,#4037,#4038,#4039,#4040,#4041,#4042,#4043,
    #4044,#4045),.UNSPECIFIED.,.T.,.F.,(8,6,6,6,6,6,6,6,6,6,8),(0.,
    9.442289886417E-02,0.177984669011,0.249601236899,0.40516576967,
    0.499560749819,0.594175072877,0.677908360475,0.749670309915,
    0.905509413312,1.),.UNSPECIFIED.);
#3984 = CARTESIAN_POINT('',(458.47,0.,21.59));
#3985 = CARTESIAN_POINT('',(458.47,0.64361615401,21.59));
#3986 = CARTESIAN_POINT('',(458.40657710833,1.286967830069,
    21.567614520592));
#3987 = CARTESIAN_POINT('',(458.27982558579,1.922732698448,
    21.522881758194));
#3988 = CARTESIAN_POINT('',(458.09084091944,2.543613388561,
    21.457205203714));
#3989 = CARTESIAN_POINT('',(457.84172412283,3.142445345836,
    21.373383490237));
#3990 = CARTESIAN_POINT('',(457.53561298539,3.712355307279,
    21.275427987232));
#3991 = CARTESIAN_POINT('',(456.85914740296,4.72009062058,
    21.073246012213));
#3992 = CARTESIAN_POINT('',(456.49991858692,5.166031185451,
    20.970947653963));
#3993 = CARTESIAN_POINT('',(456.10186192264,5.580272683891,
    20.864575875149));
#3994 = CARTESIAN_POINT('',(455.66829648494,5.958802236622,
    20.757944186331));
#3995 = CARTESIAN_POINT('',(455.2029623793,6.298099053176,
    20.655049837244));
#3996 = CARTESIAN_POINT('',(454.7099307974,6.595119993505,
    20.559746854016));
#3997 = CARTESIAN_POINT('',(453.7509194105,7.063403116999,
    20.403146002235));
#3998 = CARTESIAN_POINT('',(453.2910510589,7.246620774733,
    20.338908088395));
#3999 = CARTESIAN_POINT('',(452.81715647683,7.395026638565,
    20.284953278355));
#4000 = CARTESIAN_POINT('',(452.3326386044,7.507246214839,
    20.243127020635));
#4001 = CARTESIAN_POINT('',(451.84097458368,7.582389749981,
    20.214765126083));
#4002 = CARTESIAN_POINT('',(451.34563447945,7.62,20.200586625145));
#4003 = CARTESIAN_POINT('',(449.77338953826,7.62,20.200586625145));
#4004 = CARTESIAN_POINT('',(448.69957104957,7.442538201589,
    20.267522917216));
#4005 = CARTESIAN_POINT('',(447.66480419059,7.089262483551,
    20.400812412599));
#4006 = CARTESIAN_POINT('',(446.70182473215,6.571648741118,
    20.584772256056));
#4007 = CARTESIAN_POINT('',(445.84025861158,5.906241319943,
    20.791603519792));
#4008 = CARTESIAN_POINT('',(445.10628804992,5.118104995929,
    20.993765967781));
#4009 = CARTESIAN_POINT('',(444.16013066992,3.704420274212,
    21.276790321938));
#4010 = CARTESIAN_POINT('',(443.85538918787,3.135497512729,
    21.374354915968));
#4011 = CARTESIAN_POINT('',(443.6074072833,2.537850903468,
    21.457814008467));
#4012 = CARTESIAN_POINT('',(443.41929344587,1.918307920097,
    21.523192655092));
#4013 = CARTESIAN_POINT('',(443.29312916712,1.283983600412,
    21.567718205386));
#4014 = CARTESIAN_POINT('',(443.23,0.642124068716,21.59));
#4015 = CARTESIAN_POINT('',(443.23,-0.643616154009,21.59));
#4016 = CARTESIAN_POINT('',(443.29342289166,-1.286967830069,
    21.567614520592));
#4017 = CARTESIAN_POINT('',(443.4201744142,-1.922732698449,
    21.522881758194));
#4018 = CARTESIAN_POINT('',(443.60915908055,-2.543613388561,
    21.457205203714));
#4019 = CARTESIAN_POINT('',(443.85827587716,-3.142445345835,
    21.373383490237));
#4020 = CARTESIAN_POINT('',(444.16438701461,-3.712355307279,
    21.275427987232));
#4021 = CARTESIAN_POINT('',(444.84086060823,-4.72010255492,
    21.073243617826));
#4022 = CARTESIAN_POINT('',(445.20009300713,-5.16604411696,
    20.970944206971));
#4023 = CARTESIAN_POINT('',(445.59814727498,-5.580279544569,
    20.864573611906));
#4024 = CARTESIAN_POINT('',(446.0317051192,-5.958801090627,
    20.757944329522));
#4025 = CARTESIAN_POINT('',(446.49703000393,-6.298092765267,
    20.655051833439));
#4026 = CARTESIAN_POINT('',(446.99005754875,-6.59511430296,
    20.559748757019));
#4027 = CARTESIAN_POINT('',(447.94908060214,-7.063403123174,
    20.403146000169));
#4028 = CARTESIAN_POINT('',(448.40894896233,-7.246620782661,
    20.33890808558));
#4029 = CARTESIAN_POINT('',(448.88284354777,-7.395026645237,
    20.284953275886));
#4030 = CARTESIAN_POINT('',(449.36736141867,-7.507246218852,
    20.243127019113));
#4031 = CARTESIAN_POINT('',(449.8590254341,-7.582389751418,
    20.214765125534));
#4032 = CARTESIAN_POINT('',(450.35436553048,-7.62,20.200586625145));
#4033 = CARTESIAN_POINT('',(451.92632571224,-7.62,20.200586625145));
#4034 = CARTESIAN_POINT('',(453.00013481728,-7.442628685302,
    20.267491638393));
#4035 = CARTESIAN_POINT('',(454.03540297599,-7.089395719235,
    20.400747219671));
#4036 = CARTESIAN_POINT('',(454.99882107217,-6.571301694189,
    20.584962523991));
#4037 = CARTESIAN_POINT('',(455.8597039674,-5.905831400539,
    20.791619881613));
#4038 = CARTESIAN_POINT('',(456.59326948916,-5.11876609126,
    20.99363361431));
#4039 = CARTESIAN_POINT('',(457.53986933007,-3.704420274212,
    21.276790321938));
#4040 = CARTESIAN_POINT('',(457.84461081212,-3.135497512731,
    21.374354915968));
#4041 = CARTESIAN_POINT('',(458.09259271669,-2.537850903467,
    21.457814008468));
#4042 = CARTESIAN_POINT('',(458.28070655412,-1.918307920095,
    21.523192655093));
#4043 = CARTESIAN_POINT('',(458.40687083287,-1.283983600412,
    21.567718205386));
#4044 = CARTESIAN_POINT('',(458.47,-0.642124068718,21.59));
#4045 = CARTESIAN_POINT('',(458.47,0.,21.59));
#4046 = PCURVE('',#644,#4047);
#4047 = DEFINITIONAL_REPRESENTATION('',(#4048),#4111);
#4048 = B_SPLINE_CURVE_WITH_KNOTS('',7,(#4049,#4050,#4051,#4052,#4053,
    #4054,#4055,#4056,#4057,#4058,#4059,#4060,#4061,#4062,#4063,#4064,
    #4065,#4066,#4067,#4068,#4069,#4070,#4071,#4072,#4073,#4074,#4075,
    #4076,#4077,#4078,#4079,#4080,#4081,#4082,#4083,#4084,#4085,#4086,
    #4087,#4088,#4089,#4090,#4091,#4092,#4093,#4094,#4095,#4096,#4097,
    #4098,#4099,#4100,#4101,#4102,#4103,#4104,#4105,#4106,#4107,#4108,
    #4109,#4110),.UNSPECIFIED.,.F.,.F.,(8,6,6,6,6,6,6,6,6,6,8),(0.,
    9.442289886417E-02,0.177984669011,0.249601236899,0.40516576967,
    0.499560749819,0.594175072877,0.677908360475,0.749670309915,
    0.905509413312,1.),.UNSPECIFIED.);
#4049 = CARTESIAN_POINT('',(0.,-21.59));
#4050 = CARTESIAN_POINT('',(-8.446406220599E-02,-21.59));
#4051 = CARTESIAN_POINT('',(-0.16889331683,-21.56761452059));
#4052 = CARTESIAN_POINT('',(-0.253311580378,-21.52288175819));
#4053 = CARTESIAN_POINT('',(-0.337740543449,-21.45720520371));
#4054 = CARTESIAN_POINT('',(-0.422196574993,-21.37338349023));
#4055 = CARTESIAN_POINT('',(-0.50668400405,-21.27542798723));
#4056 = CARTESIAN_POINT('',(-0.66596592019,-21.07324601221));
#4057 = CARTESIAN_POINT('',(-0.740830180766,-20.97094765396));
#4058 = CARTESIAN_POINT('',(-0.815765296134,-20.86457587514));
#4059 = CARTESIAN_POINT('',(-0.890777931615,-20.75794418633));
#4060 = CARTESIAN_POINT('',(-0.965890029578,-20.65504983724));
#4061 = CARTESIAN_POINT('',(-1.04113505657,-20.55974685401));
#4062 = CARTESIAN_POINT('',(-1.181192227953,-20.40314600223));
#4063 = CARTESIAN_POINT('',(-1.24597221354,-20.33890808839));
#4064 = CARTESIAN_POINT('',(-1.310844253586,-20.28495327835));
#4065 = CARTESIAN_POINT('',(-1.375775251365,-20.24312702063));
#4066 = CARTESIAN_POINT('',(-1.440746702742,-20.21476512608));
#4067 = CARTESIAN_POINT('',(-1.505752431853,-20.20058662514));
#4068 = CARTESIAN_POINT('',(-1.712083788965,-20.20058662514));
#4069 = CARTESIAN_POINT('',(-1.853003516047,-20.26752291721));
#4070 = CARTESIAN_POINT('',(-1.993413701076,-20.40081241259));
#4071 = CARTESIAN_POINT('',(-2.13347971768,-20.58477225605));
#4072 = CARTESIAN_POINT('',(-2.273313717195,-20.79160351979));
#4073 = CARTESIAN_POINT('',(-2.412844070427,-20.99376596778));
#4074 = CARTESIAN_POINT('',(-2.636084655764,-21.27679032193));
#4075 = CARTESIAN_POINT('',(-2.720375797649,-21.37435491596));
#4076 = CARTESIAN_POINT('',(-2.804635639569,-21.45781400846));
#4077 = CARTESIAN_POINT('',(-2.888868585814,-21.52319265509));
#4078 = CARTESIAN_POINT('',(-2.973090966058,-21.56771820538));
#4079 = CARTESIAN_POINT('',(-3.057324403102,-21.59));
#4080 = CARTESIAN_POINT('',(-3.226056715796,-21.59));
#4081 = CARTESIAN_POINT('',(-3.31048597042,-21.56761452059));
#4082 = CARTESIAN_POINT('',(-3.394904233968,-21.52288175819));
#4083 = CARTESIAN_POINT('',(-3.479333197039,-21.45720520371));
#4084 = CARTESIAN_POINT('',(-3.563789228583,-21.37338349023));
#4085 = CARTESIAN_POINT('',(-3.648276657639,-21.27542798723));
#4086 = CARTESIAN_POINT('',(-3.807560460113,-21.07324361782));
#4087 = CARTESIAN_POINT('',(-3.882425103108,-20.97094420697));
#4088 = CARTESIAN_POINT('',(-3.957359446183,-20.8645736119));
#4089 = CARTESIAN_POINT('',(-4.032370663045,-20.75794432952));
#4090 = CARTESIAN_POINT('',(-4.107481391453,-20.65505183343));
#4091 = CARTESIAN_POINT('',(-4.182726008194,-20.55974875701));
#4092 = CARTESIAN_POINT('',(-4.32278488339,-20.40314600016));
#4093 = CARTESIAN_POINT('',(-4.387564870093,-20.33890808558));
#4094 = CARTESIAN_POINT('',(-4.452436910501,-20.28495327588));
#4095 = CARTESIAN_POINT('',(-4.51736790801,-20.24312701911));
#4096 = CARTESIAN_POINT('',(-4.582339358664,-20.21476512553));
#4097 = CARTESIAN_POINT('',(-4.647345086747,-20.20058662514));
#4098 = CARTESIAN_POINT('',(-4.853639073855,-20.20058662514));
#4099 = CARTESIAN_POINT('',(-4.994557362195,-20.26749163839));
#4100 = CARTESIAN_POINT('',(-5.135030881384,-20.40074721967));
#4101 = CARTESIAN_POINT('',(-5.275150433318,-20.58496252399));
#4102 = CARTESIAN_POINT('',(-5.414947650559,-20.79161988161));
#4103 = CARTESIAN_POINT('',(-5.554332327819,-20.99363361431));
#4104 = CARTESIAN_POINT('',(-5.777677309354,-21.27679032193));
#4105 = CARTESIAN_POINT('',(-5.861968451238,-21.37435491596));
#4106 = CARTESIAN_POINT('',(-5.946228293159,-21.45781400846));
#4107 = CARTESIAN_POINT('',(-6.030461239404,-21.52319265509));
#4108 = CARTESIAN_POINT('',(-6.114683619648,-21.56771820538));
#4109 = CARTESIAN_POINT('',(-6.198917056692,-21.59));
#4110 = CARTESIAN_POINT('',(-6.28318530718,-21.59));
#4111 = ( GEOMETRIC_REPRESENTATION_CONTEXT(2) 
PARAMETRIC_REPRESENTATION_CONTEXT() REPRESENTATION_CONTEXT('2D SPACE',''
  ) );
#4112 = PCURVE('',#4113,#4118);
#4113 = CYLINDRICAL_SURFACE('',#4114,21.59);
#4114 = AXIS2_PLACEMENT_3D('',#4115,#4116,#4117);
#4115 = CARTESIAN_POINT('',(421.894,0.,0.));
#4116 = DIRECTION('',(-1.,-0.,-0.));
#4117 = DIRECTION('',(0.,1.,0.));
#4118 = DEFINITIONAL_REPRESENTATION('',(#4119),#4182);
#4119 = B_SPLINE_CURVE_WITH_KNOTS('',7,(#4120,#4121,#4122,#4123,#4124,
    #4125,#4126,#4127,#4128,#4129,#4130,#4131,#4132,#4133,#4134,#4135,
    #4136,#4137,#4138,#4139,#4140,#4141,#4142,#4143,#4144,#4145,#4146,
    #4147,#4148,#4149,#4150,#4151,#4152,#4153,#4154,#4155,#4156,#4157,
    #4158,#4159,#4160,#4161,#4162,#4163,#4164,#4165,#4166,#4167,#4168,
    #4169,#4170,#4171,#4172,#4173,#4174,#4175,#4176,#4177,#4178,#4179,
    #4180,#4181),.UNSPECIFIED.,.T.,.F.,(8,6,6,6,6,6,6,6,6,6,8),(0.,
    9.442289886417E-02,0.177984669011,0.249601236899,0.40516576967,
    0.499560749819,0.594175072877,0.677908360475,0.749670309915,
    0.905509413312,1.),.UNSPECIFIED.);
#4120 = CARTESIAN_POINT('',(-1.570796326795,-36.576));
#4121 = CARTESIAN_POINT('',(-1.54098548131,-36.576));
#4122 = CARTESIAN_POINT('',(-1.511186832691,-36.51257710833));
#4123 = CARTESIAN_POINT('',(-1.481696552628,-36.38582558579));
#4124 = CARTESIAN_POINT('',(-1.452808860721,-36.19684091944));
#4125 = CARTESIAN_POINT('',(-1.424824368103,-35.94772412283));
#4126 = CARTESIAN_POINT('',(-1.398050648088,-35.64161298539));
#4127 = CARTESIAN_POINT('',(-1.350444482709,-34.96514740296));
#4128 = CARTESIAN_POINT('',(-1.329261356992,-34.60591858692));
#4129 = CARTESIAN_POINT('',(-1.309461501169,-34.20786192264));
#4130 = CARTESIAN_POINT('',(-1.291253768258,-33.77429648494));
#4131 = CARTESIAN_POINT('',(-1.27483553017,-33.3089623793));
#4132 = CARTESIAN_POINT('',(-1.260388188036,-32.8159307974));
#4133 = CARTESIAN_POINT('',(-1.23751768552,-31.8569194105));
#4134 = CARTESIAN_POINT('',(-1.228525874006,-31.3970510589));
#4135 = CARTESIAN_POINT('',(-1.22121247211,-30.92315647683));
#4136 = CARTESIAN_POINT('',(-1.215665508551,-30.4386386044));
#4137 = CARTESIAN_POINT('',(-1.211945245337,-29.94697458368));
#4138 = CARTESIAN_POINT('',(-1.210083606431,-29.45163447945));
#4139 = CARTESIAN_POINT('',(-1.210083606431,-27.87938953826));
#4140 = CARTESIAN_POINT('',(-1.218868360677,-26.80557104957));
#4141 = CARTESIAN_POINT('',(-1.236357854499,-25.77080419059));
#4142 = CARTESIAN_POINT('',(-1.261795853264,-24.80782473215));
#4143 = CARTESIAN_POINT('',(-1.294012526967,-23.94625861158));
#4144 = CARTESIAN_POINT('',(-1.331645388124,-23.21228804992));
#4145 = CARTESIAN_POINT('',(-1.39842341451,-22.26613066992));
#4146 = CARTESIAN_POINT('',(-1.425149046945,-21.96138918787));
#4147 = CARTESIAN_POINT('',(-1.453076967977,-21.7134072833));
#4148 = CARTESIAN_POINT('',(-1.481901796559,-21.52529344587));
#4149 = CARTESIAN_POINT('',(-1.511325056463,-21.39912916712));
#4150 = CARTESIAN_POINT('',(-1.541054591329,-21.336));
#4151 = CARTESIAN_POINT('',(-1.600607172279,-21.336));
#4152 = CARTESIAN_POINT('',(-1.630405820898,-21.39942289166));
#4153 = CARTESIAN_POINT('',(-1.659896100962,-21.5261744142));
#4154 = CARTESIAN_POINT('',(-1.688783792868,-21.71515908055));
#4155 = CARTESIAN_POINT('',(-1.716768285487,-21.96427587716));
#4156 = CARTESIAN_POINT('',(-1.743542005501,-22.27038701461));
#4157 = CARTESIAN_POINT('',(-1.791148734667,-22.94686060823));
#4158 = CARTESIAN_POINT('',(-1.812331927607,-23.30609300713));
#4159 = CARTESIAN_POINT('',(-1.832131494502,-23.70414727498));
#4160 = CARTESIAN_POINT('',(-1.850338829123,-24.1377051192));
#4161 = CARTESIAN_POINT('',(-1.866756810043,-24.60303000393));
#4162 = CARTESIAN_POINT('',(-1.881204187633,-25.09605754875));
#4163 = CARTESIAN_POINT('',(-1.904074968371,-26.05508060214));
#4164 = CARTESIAN_POINT('',(-1.913066779973,-26.51494896233));
#4165 = CARTESIAN_POINT('',(-1.92038018181,-26.98884354777));
#4166 = CARTESIAN_POINT('',(-1.925927145237,-27.47336141867));
#4167 = CARTESIAN_POINT('',(-1.929647408324,-27.9650254341));
#4168 = CARTESIAN_POINT('',(-1.931509047158,-28.46036553048));
#4169 = CARTESIAN_POINT('',(-1.931509047158,-30.03232571224));
#4170 = CARTESIAN_POINT('',(-1.922728782551,-31.10613481728));
#4171 = CARTESIAN_POINT('',(-1.905241399937,-32.141402976));
#4172 = CARTESIAN_POINT('',(-1.879779147848,-33.10482107216));
#4173 = CARTESIAN_POINT('',(-1.847561459738,-33.9657039674));
#4174 = CARTESIAN_POINT('',(-1.809978493533,-34.69926948916));
#4175 = CARTESIAN_POINT('',(-1.74316923908,-35.64586933007));
#4176 = CARTESIAN_POINT('',(-1.716443606645,-35.95061081212));
#4177 = CARTESIAN_POINT('',(-1.688515685613,-36.19859271669));
#4178 = CARTESIAN_POINT('',(-1.659690857031,-36.38670655412));
#4179 = CARTESIAN_POINT('',(-1.630267597127,-36.51287083287));
#4180 = CARTESIAN_POINT('',(-1.600538062261,-36.576));
#4181 = CARTESIAN_POINT('',(-1.570796326795,-36.576));
#4182 = ( GEOMETRIC_REPRESENTATION_CONTEXT(2) 
PARAMETRIC_REPRESENTATION_CONTEXT() REPRESENTATION_CONTEXT('2D SPACE',''
  ) );
#4183 = ORIENTED_EDGE('',*,*,#4184,.T.);
#4184 = EDGE_CURVE('',#3980,#624,#4185,.T.);
#4185 = SEAM_CURVE('',#4186,(#4190,#4196),.PCURVE_S1.);
#4186 = LINE('',#4187,#4188);
#4187 = CARTESIAN_POINT('',(458.47,0.,0.));
#4188 = VECTOR('',#4189,1.);
#4189 = DIRECTION('',(0.,0.,1.));
#4190 = PCURVE('',#644,#4191);
#4191 = DEFINITIONAL_REPRESENTATION('',(#4192),#4195);
#4192 = B_SPLINE_CURVE_WITH_KNOTS('',1,(#4193,#4194),.UNSPECIFIED.,.F.,
  .F.,(2,2),(21.59,36.83),.PIECEWISE_BEZIER_KNOTS.);
#4193 = CARTESIAN_POINT('',(-6.28318530718,-21.59));
#4194 = CARTESIAN_POINT('',(-6.28318530718,-36.83));
#4195 = ( GEOMETRIC_REPRESENTATION_CONTEXT(2) 
PARAMETRIC_REPRESENTATION_CONTEXT() REPRESENTATION_CONTEXT('2D SPACE',''
  ) );
#4196 = PCURVE('',#644,#4197);
#4197 = DEFINITIONAL_REPRESENTATION('',(#4198),#4201);
#4198 = B_SPLINE_CURVE_WITH_KNOTS('',1,(#4199,#4200),.UNSPECIFIED.,.F.,
  .F.,(2,2),(21.59,36.83),.PIECEWISE_BEZIER_KNOTS.);
#4199 = CARTESIAN_POINT('',(0.,-21.59));
#4200 = CARTESIAN_POINT('',(0.,-36.83));
#4201 = ( GEOMETRIC_REPRESENTATION_CONTEXT(2) 
PARAMETRIC_REPRESENTATION_CONTEXT() REPRESENTATION_CONTEXT('2D SPACE',''
  ) );
#4202 = ORIENTED_EDGE('',*,*,#623,.F.);
#4203 = ORIENTED_EDGE('',*,*,#4184,.F.);
#4204 = ADVANCED_FACE('',(#4205),#678,.F.);
#4205 = FACE_BOUND('',#4206,.T.);
#4206 = EDGE_LOOP('',(#4207,#4407,#4426,#4427));
#4207 = ORIENTED_EDGE('',*,*,#4208,.F.);
#4208 = EDGE_CURVE('',#4209,#4209,#4211,.T.);
#4209 = VERTEX_POINT('',#4210);
#4210 = CARTESIAN_POINT('',(496.57,0.,21.59));
#4211 = SURFACE_CURVE('',#4212,(#4275,#4341),.PCURVE_S1.);
#4212 = B_SPLINE_CURVE_WITH_KNOTS('',7,(#4213,#4214,#4215,#4216,#4217,
    #4218,#4219,#4220,#4221,#4222,#4223,#4224,#4225,#4226,#4227,#4228,
    #4229,#4230,#4231,#4232,#4233,#4234,#4235,#4236,#4237,#4238,#4239,
    #4240,#4241,#4242,#4243,#4244,#4245,#4246,#4247,#4248,#4249,#4250,
    #4251,#4252,#4253,#4254,#4255,#4256,#4257,#4258,#4259,#4260,#4261,
    #4262,#4263,#4264,#4265,#4266,#4267,#4268,#4269,#4270,#4271,#4272,
    #4273,#4274),.UNSPECIFIED.,.T.,.F.,(8,6,6,6,6,6,6,6,6,6,8),(0.,
    9.442289881631E-02,0.177984668921,0.249601236773,0.405165769524,
    0.499560749719,0.594175072823,0.677908360462,0.749670309937,
    0.905509413318,1.),.UNSPECIFIED.);
#4213 = CARTESIAN_POINT('',(496.57,0.,21.59));
#4214 = CARTESIAN_POINT('',(496.57,0.64361615401,21.59));
#4215 = CARTESIAN_POINT('',(496.50657710833,1.286967830069,
    21.567614520592));
#4216 = CARTESIAN_POINT('',(496.37982558579,1.922732698448,
    21.522881758194));
#4217 = CARTESIAN_POINT('',(496.19084091944,2.543613388561,
    21.457205203714));
#4218 = CARTESIAN_POINT('',(495.94172412283,3.142445345835,
    21.373383490237));
#4219 = CARTESIAN_POINT('',(495.63561298539,3.712355307279,
    21.275427987232));
#4220 = CARTESIAN_POINT('',(494.95914740296,4.72009062058,
    21.073246012213));
#4221 = CARTESIAN_POINT('',(494.59991858692,5.166031185451,
    20.970947653963));
#4222 = CARTESIAN_POINT('',(494.20186192264,5.580272683891,
    20.864575875149));
#4223 = CARTESIAN_POINT('',(493.76829648494,5.958802236622,
    20.757944186331));
#4224 = CARTESIAN_POINT('',(493.3029623793,6.298099053176,
    20.655049837244));
#4225 = CARTESIAN_POINT('',(492.8099307974,6.595119993505,
    20.559746854016));
#4226 = CARTESIAN_POINT('',(491.8509194105,7.063403116999,
    20.403146002235));
#4227 = CARTESIAN_POINT('',(491.3910510589,7.246620774733,
    20.338908088395));
#4228 = CARTESIAN_POINT('',(490.91715647683,7.395026638565,
    20.284953278354));
#4229 = CARTESIAN_POINT('',(490.4326386044,7.507246214839,
    20.243127020635));
#4230 = CARTESIAN_POINT('',(489.94097458368,7.582389749981,
    20.214765126083));
#4231 = CARTESIAN_POINT('',(489.44563447945,7.62,20.200586625145));
#4232 = CARTESIAN_POINT('',(487.87338953785,7.62,20.200586625145));
#4233 = CARTESIAN_POINT('',(486.79957104948,7.442538201454,
    20.267522917267));
#4234 = CARTESIAN_POINT('',(485.76480419095,7.089262483575,
    20.40081241259));
#4235 = CARTESIAN_POINT('',(484.80182473256,6.571648741438,
    20.584772255915));
#4236 = CARTESIAN_POINT('',(483.94025861144,5.906241320116,
    20.791603519813));
#4237 = CARTESIAN_POINT('',(483.20628804956,5.118104995384,
    20.99376596789));
#4238 = CARTESIAN_POINT('',(482.26013066992,3.704420274212,
    21.276790321938));
#4239 = CARTESIAN_POINT('',(481.95538918787,3.135497512731,
    21.374354915968));
#4240 = CARTESIAN_POINT('',(481.7074072833,2.537850903467,
    21.457814008468));
#4241 = CARTESIAN_POINT('',(481.51929344587,1.918307920095,
    21.523192655093));
#4242 = CARTESIAN_POINT('',(481.39312916712,1.283983600413,
    21.567718205386));
#4243 = CARTESIAN_POINT('',(481.33,0.642124068717,21.59));
#4244 = CARTESIAN_POINT('',(481.33,-0.64361615401,21.59));
#4245 = CARTESIAN_POINT('',(481.39342289166,-1.286967830068,
    21.567614520592));
#4246 = CARTESIAN_POINT('',(481.5201744142,-1.922732698448,
    21.522881758194));
#4247 = CARTESIAN_POINT('',(481.70915908055,-2.543613388561,
    21.457205203714));
#4248 = CARTESIAN_POINT('',(481.95827587716,-3.142445345835,
    21.373383490237));
#4249 = CARTESIAN_POINT('',(482.26438701461,-3.71235530728,
    21.275427987232));
#4250 = CARTESIAN_POINT('',(482.94086060823,-4.72010255492,
    21.073243617826));
#4251 = CARTESIAN_POINT('',(483.30009300713,-5.16604411696,
    20.970944206971));
#4252 = CARTESIAN_POINT('',(483.69814727498,-5.58027954457,
    20.864573611906));
#4253 = CARTESIAN_POINT('',(484.1317051192,-5.958801090628,
    20.757944329522));
#4254 = CARTESIAN_POINT('',(484.59703000393,-6.298092765267,
    20.655051833438));
#4255 = CARTESIAN_POINT('',(485.09005754875,-6.59511430296,
    20.559748757019));
#4256 = CARTESIAN_POINT('',(486.04908060214,-7.063403123175,
    20.403146000169));
#4257 = CARTESIAN_POINT('',(486.50894896233,-7.246620782661,
    20.33890808558));
#4258 = CARTESIAN_POINT('',(486.98284354777,-7.395026645236,
    20.284953275886));
#4259 = CARTESIAN_POINT('',(487.46736141867,-7.507246218852,
    20.243127019113));
#4260 = CARTESIAN_POINT('',(487.9590254341,-7.582389751418,
    20.214765125534));
#4261 = CARTESIAN_POINT('',(488.45436553048,-7.62,20.200586625145));
#4262 = CARTESIAN_POINT('',(490.0263257116,-7.62,20.200586625145));
#4263 = CARTESIAN_POINT('',(491.1001348176,-7.442628685536,
    20.267491638298));
#4264 = CARTESIAN_POINT('',(492.13540297671,-7.08939571882,
    20.400747219861));
#4265 = CARTESIAN_POINT('',(493.09882107181,-6.571301694085,
    20.584962523954));
#4266 = CARTESIAN_POINT('',(493.95970396719,-5.905831400919,
    20.791619881537));
#4267 = CARTESIAN_POINT('',(494.69326948918,-5.118766091221,
    20.993633614318));
#4268 = CARTESIAN_POINT('',(495.63986933007,-3.704420274211,
    21.276790321938));
#4269 = CARTESIAN_POINT('',(495.94461081212,-3.13549751273,
    21.374354915968));
#4270 = CARTESIAN_POINT('',(496.19259271669,-2.537850903466,
    21.457814008468));
#4271 = CARTESIAN_POINT('',(496.38070655412,-1.918307920095,
    21.523192655093));
#4272 = CARTESIAN_POINT('',(496.50687083287,-1.283983600414,
    21.567718205386));
#4273 = CARTESIAN_POINT('',(496.57,-0.642124068717,21.59));
#4274 = CARTESIAN_POINT('',(496.57,0.,21.59));
#4275 = PCURVE('',#678,#4276);
#4276 = DEFINITIONAL_REPRESENTATION('',(#4277),#4340);
#4277 = B_SPLINE_CURVE_WITH_KNOTS('',7,(#4278,#4279,#4280,#4281,#4282,
    #4283,#4284,#4285,#4286,#4287,#4288,#4289,#4290,#4291,#4292,#4293,
    #4294,#4295,#4296,#4297,#4298,#4299,#4300,#4301,#4302,#4303,#4304,
    #4305,#4306,#4307,#4308,#4309,#4310,#4311,#4312,#4313,#4314,#4315,
    #4316,#4317,#4318,#4319,#4320,#4321,#4322,#4323,#4324,#4325,#4326,
    #4327,#4328,#4329,#4330,#4331,#4332,#4333,#4334,#4335,#4336,#4337,
    #4338,#4339),.UNSPECIFIED.,.F.,.F.,(8,6,6,6,6,6,6,6,6,6,8),(0.,
    9.442289881631E-02,0.177984668921,0.249601236773,0.405165769524,
    0.499560749719,0.594175072823,0.677908360462,0.749670309937,
    0.905509413318,1.),.UNSPECIFIED.);
#4278 = CARTESIAN_POINT('',(0.,-21.59));
#4279 = CARTESIAN_POINT('',(-8.446406220601E-02,-21.59));
#4280 = CARTESIAN_POINT('',(-0.16889331683,-21.56761452059));
#4281 = CARTESIAN_POINT('',(-0.253311580378,-21.52288175819));
#4282 = CARTESIAN_POINT('',(-0.337740543449,-21.45720520371));
#4283 = CARTESIAN_POINT('',(-0.422196574993,-21.37338349023));
#4284 = CARTESIAN_POINT('',(-0.50668400405,-21.27542798723));
#4285 = CARTESIAN_POINT('',(-0.66596592019,-21.07324601221));
#4286 = CARTESIAN_POINT('',(-0.740830180766,-20.97094765396));
#4287 = CARTESIAN_POINT('',(-0.815765296134,-20.86457587514));
#4288 = CARTESIAN_POINT('',(-0.890777931615,-20.75794418633));
#4289 = CARTESIAN_POINT('',(-0.965890029578,-20.65504983724));
#4290 = CARTESIAN_POINT('',(-1.04113505657,-20.55974685401));
#4291 = CARTESIAN_POINT('',(-1.181192227953,-20.40314600223));
#4292 = CARTESIAN_POINT('',(-1.24597221354,-20.33890808839));
#4293 = CARTESIAN_POINT('',(-1.310844253586,-20.28495327835));
#4294 = CARTESIAN_POINT('',(-1.375775251365,-20.24312702063));
#4295 = CARTESIAN_POINT('',(-1.440746702742,-20.21476512608));
#4296 = CARTESIAN_POINT('',(-1.505752431853,-20.20058662514));
#4297 = CARTESIAN_POINT('',(-1.712083789018,-20.20058662514));
#4298 = CARTESIAN_POINT('',(-1.85300351606,-20.26752291726));
#4299 = CARTESIAN_POINT('',(-1.993413701032,-20.40081241259));
#4300 = CARTESIAN_POINT('',(-2.133479717621,-20.58477225591));
#4301 = CARTESIAN_POINT('',(-2.273313717186,-20.79160351981));
#4302 = CARTESIAN_POINT('',(-2.412844070513,-20.99376596789));
#4303 = CARTESIAN_POINT('',(-2.636084655764,-21.27679032193));
#4304 = CARTESIAN_POINT('',(-2.720375797649,-21.37435491596));
#4305 = CARTESIAN_POINT('',(-2.80463563957,-21.45781400846));
#4306 = CARTESIAN_POINT('',(-2.888868585814,-21.52319265509));
#4307 = CARTESIAN_POINT('',(-2.973090966058,-21.56771820538));
#4308 = CARTESIAN_POINT('',(-3.057324403102,-21.59));
#4309 = CARTESIAN_POINT('',(-3.226056715796,-21.59));
#4310 = CARTESIAN_POINT('',(-3.310485970419,-21.56761452059));
#4311 = CARTESIAN_POINT('',(-3.394904233967,-21.52288175819));
#4312 = CARTESIAN_POINT('',(-3.479333197039,-21.45720520371));
#4313 = CARTESIAN_POINT('',(-3.563789228583,-21.37338349023));
#4314 = CARTESIAN_POINT('',(-3.64827665764,-21.27542798723));
#4315 = CARTESIAN_POINT('',(-3.807560460113,-21.07324361782));
#4316 = CARTESIAN_POINT('',(-3.882425103108,-20.97094420697));
#4317 = CARTESIAN_POINT('',(-3.957359446183,-20.8645736119));
#4318 = CARTESIAN_POINT('',(-4.032370663045,-20.75794432952));
#4319 = CARTESIAN_POINT('',(-4.107481391453,-20.65505183343));
#4320 = CARTESIAN_POINT('',(-4.182726008195,-20.55974875701));
#4321 = CARTESIAN_POINT('',(-4.32278488339,-20.40314600016));
#4322 = CARTESIAN_POINT('',(-4.387564870093,-20.33890808558));
#4323 = CARTESIAN_POINT('',(-4.452436910501,-20.28495327588));
#4324 = CARTESIAN_POINT('',(-4.51736790801,-20.24312701911));
#4325 = CARTESIAN_POINT('',(-4.582339358664,-20.21476512553));
#4326 = CARTESIAN_POINT('',(-4.647345086747,-20.20058662514));
#4327 = CARTESIAN_POINT('',(-4.853639073771,-20.20058662514));
#4328 = CARTESIAN_POINT('',(-4.994557362235,-20.26749163829));
#4329 = CARTESIAN_POINT('',(-5.135030881474,-20.40074721986));
#4330 = CARTESIAN_POINT('',(-5.275150433295,-20.58496252395));
#4331 = CARTESIAN_POINT('',(-5.414947650505,-20.79161988153));
#4332 = CARTESIAN_POINT('',(-5.554332327826,-20.99363361431));
#4333 = CARTESIAN_POINT('',(-5.777677309354,-21.27679032193));
#4334 = CARTESIAN_POINT('',(-5.861968451239,-21.37435491596));
#4335 = CARTESIAN_POINT('',(-5.946228293159,-21.45781400846));
#4336 = CARTESIAN_POINT('',(-6.030461239404,-21.52319265509));
#4337 = CARTESIAN_POINT('',(-6.114683619648,-21.56771820538));
#4338 = CARTESIAN_POINT('',(-6.198917056692,-21.59));
#4339 = CARTESIAN_POINT('',(-6.28318530718,-21.59));
#4340 = ( GEOMETRIC_REPRESENTATION_CONTEXT(2) 
PARAMETRIC_REPRESENTATION_CONTEXT() REPRESENTATION_CONTEXT('2D SPACE',''
  ) );
#4341 = PCURVE('',#4113,#4342);
#4342 = DEFINITIONAL_REPRESENTATION('',(#4343),#4406);
#4343 = B_SPLINE_CURVE_WITH_KNOTS('',7,(#4344,#4345,#4346,#4347,#4348,
    #4349,#4350,#4351,#4352,#4353,#4354,#4355,#4356,#4357,#4358,#4359,
    #4360,#4361,#4362,#4363,#4364,#4365,#4366,#4367,#4368,#4369,#4370,
    #4371,#4372,#4373,#4374,#4375,#4376,#4377,#4378,#4379,#4380,#4381,
    #4382,#4383,#4384,#4385,#4386,#4387,#4388,#4389,#4390,#4391,#4392,
    #4393,#4394,#4395,#4396,#4397,#4398,#4399,#4400,#4401,#4402,#4403,
    #4404,#4405),.UNSPECIFIED.,.T.,.F.,(8,6,6,6,6,6,6,6,6,6,8),(0.,
    9.442289881631E-02,0.177984668921,0.249601236773,0.405165769524,
    0.499560749719,0.594175072823,0.677908360462,0.749670309937,
    0.905509413318,1.),.UNSPECIFIED.);
#4344 = CARTESIAN_POINT('',(-1.570796326795,-74.676));
#4345 = CARTESIAN_POINT('',(-1.54098548131,-74.676));
#4346 = CARTESIAN_POINT('',(-1.511186832691,-74.61257710833));
#4347 = CARTESIAN_POINT('',(-1.481696552628,-74.48582558579));
#4348 = CARTESIAN_POINT('',(-1.452808860721,-74.29684091944));
#4349 = CARTESIAN_POINT('',(-1.424824368103,-74.04772412283));
#4350 = CARTESIAN_POINT('',(-1.398050648088,-73.74161298539));
#4351 = CARTESIAN_POINT('',(-1.350444482709,-73.06514740296));
#4352 = CARTESIAN_POINT('',(-1.329261356992,-72.70591858692));
#4353 = CARTESIAN_POINT('',(-1.309461501169,-72.30786192264));
#4354 = CARTESIAN_POINT('',(-1.291253768258,-71.87429648494));
#4355 = CARTESIAN_POINT('',(-1.27483553017,-71.4089623793));
#4356 = CARTESIAN_POINT('',(-1.260388188036,-70.9159307974));
#4357 = CARTESIAN_POINT('',(-1.23751768552,-69.9569194105));
#4358 = CARTESIAN_POINT('',(-1.228525874006,-69.4970510589));
#4359 = CARTESIAN_POINT('',(-1.22121247211,-69.02315647683));
#4360 = CARTESIAN_POINT('',(-1.215665508551,-68.5386386044));
#4361 = CARTESIAN_POINT('',(-1.211945245337,-68.04697458368));
#4362 = CARTESIAN_POINT('',(-1.210083606431,-67.55163447945));
#4363 = CARTESIAN_POINT('',(-1.210083606431,-65.97938953785));
#4364 = CARTESIAN_POINT('',(-1.218868360683,-64.90557104948));
#4365 = CARTESIAN_POINT('',(-1.236357854498,-63.87080419095));
#4366 = CARTESIAN_POINT('',(-1.261795853248,-62.90782473256));
#4367 = CARTESIAN_POINT('',(-1.294012526959,-62.04625861144));
#4368 = CARTESIAN_POINT('',(-1.33164538815,-61.31228804956));
#4369 = CARTESIAN_POINT('',(-1.39842341451,-60.36613066992));
#4370 = CARTESIAN_POINT('',(-1.425149046945,-60.06138918787));
#4371 = CARTESIAN_POINT('',(-1.453076967977,-59.8134072833));
#4372 = CARTESIAN_POINT('',(-1.481901796559,-59.62529344587));
#4373 = CARTESIAN_POINT('',(-1.511325056463,-59.49912916712));
#4374 = CARTESIAN_POINT('',(-1.541054591329,-59.436));
#4375 = CARTESIAN_POINT('',(-1.600607172279,-59.436));
#4376 = CARTESIAN_POINT('',(-1.630405820898,-59.49942289166));
#4377 = CARTESIAN_POINT('',(-1.659896100962,-59.6261744142));
#4378 = CARTESIAN_POINT('',(-1.688783792868,-59.81515908055));
#4379 = CARTESIAN_POINT('',(-1.716768285487,-60.06427587716));
#4380 = CARTESIAN_POINT('',(-1.743542005502,-60.37038701461));
#4381 = CARTESIAN_POINT('',(-1.791148734667,-61.04686060823));
#4382 = CARTESIAN_POINT('',(-1.812331927607,-61.40609300713));
#4383 = CARTESIAN_POINT('',(-1.832131494502,-61.80414727498));
#4384 = CARTESIAN_POINT('',(-1.850338829123,-62.2377051192));
#4385 = CARTESIAN_POINT('',(-1.866756810043,-62.70303000393));
#4386 = CARTESIAN_POINT('',(-1.881204187633,-63.19605754875));
#4387 = CARTESIAN_POINT('',(-1.904074968371,-64.15508060214));
#4388 = CARTESIAN_POINT('',(-1.913066779973,-64.61494896233));
#4389 = CARTESIAN_POINT('',(-1.92038018181,-65.08884354777));
#4390 = CARTESIAN_POINT('',(-1.925927145237,-65.57336141867));
#4391 = CARTESIAN_POINT('',(-1.929647408324,-66.0650254341));
#4392 = CARTESIAN_POINT('',(-1.931509047158,-66.56036553048));
#4393 = CARTESIAN_POINT('',(-1.931509047158,-68.1323257116));
#4394 = CARTESIAN_POINT('',(-1.922728782562,-69.2061348176));
#4395 = CARTESIAN_POINT('',(-1.905241399917,-70.24140297671));
#4396 = CARTESIAN_POINT('',(-1.879779147843,-71.20482107181));
#4397 = CARTESIAN_POINT('',(-1.847561459756,-72.06570396719));
#4398 = CARTESIAN_POINT('',(-1.809978493531,-72.79926948919));
#4399 = CARTESIAN_POINT('',(-1.74316923908,-73.74586933007));
#4400 = CARTESIAN_POINT('',(-1.716443606645,-74.05061081212));
#4401 = CARTESIAN_POINT('',(-1.688515685613,-74.29859271669));
#4402 = CARTESIAN_POINT('',(-1.659690857031,-74.48670655412));
#4403 = CARTESIAN_POINT('',(-1.630267597127,-74.61287083287));
#4404 = CARTESIAN_POINT('',(-1.600538062261,-74.676));
#4405 = CARTESIAN_POINT('',(-1.570796326795,-74.676));
#4406 = ( GEOMETRIC_REPRESENTATION_CONTEXT(2) 
PARAMETRIC_REPRESENTATION_CONTEXT() REPRESENTATION_CONTEXT('2D SPACE',''
  ) );
#4407 = ORIENTED_EDGE('',*,*,#4408,.T.);
#4408 = EDGE_CURVE('',#4209,#658,#4409,.T.);
#4409 = SEAM_CURVE('',#4410,(#4414,#4420),.PCURVE_S1.);
#4410 = LINE('',#4411,#4412);
#4411 = CARTESIAN_POINT('',(496.57,0.,0.));
#4412 = VECTOR('',#4413,1.);
#4413 = DIRECTION('',(0.,0.,1.));
#4414 = PCURVE('',#678,#4415);
#4415 = DEFINITIONAL_REPRESENTATION('',(#4416),#4419);
#4416 = B_SPLINE_CURVE_WITH_KNOTS('',1,(#4417,#4418),.UNSPECIFIED.,.F.,
  .F.,(2,2),(21.59,36.83),.PIECEWISE_BEZIER_KNOTS.);
#4417 = CARTESIAN_POINT('',(-6.28318530718,-21.59));
#4418 = CARTESIAN_POINT('',(-6.28318530718,-36.83));
#4419 = ( GEOMETRIC_REPRESENTATION_CONTEXT(2) 
PARAMETRIC_REPRESENTATION_CONTEXT() REPRESENTATION_CONTEXT('2D SPACE',''
  ) );
#4420 = PCURVE('',#678,#4421);
#4421 = DEFINITIONAL_REPRESENTATION('',(#4422),#4425);
#4422 = B_SPLINE_CURVE_WITH_KNOTS('',1,(#4423,#4424),.UNSPECIFIED.,.F.,
  .F.,(2,2),(21.59,36.83),.PIECEWISE_BEZIER_KNOTS.);
#4423 = CARTESIAN_POINT('',(0.,-21.59));
#4424 = CARTESIAN_POINT('',(0.,-36.83));
#4425 = ( GEOMETRIC_REPRESENTATION_CONTEXT(2) 
PARAMETRIC_REPRESENTATION_CONTEXT() REPRESENTATION_CONTEXT('2D SPACE',''
  ) );
#4426 = ORIENTED_EDGE('',*,*,#657,.F.);
#4427 = ORIENTED_EDGE('',*,*,#4408,.F.);
#4428 = ADVANCED_FACE('',(#4429,#4480),#784,.F.);
#4429 = FACE_BOUND('',#4430,.T.);
#4430 = EDGE_LOOP('',(#4431,#4452,#4453,#4454));
#4431 = ORIENTED_EDGE('',*,*,#4432,.F.);
#4432 = EDGE_CURVE('',#768,#4433,#4435,.T.);
#4433 = VERTEX_POINT('',#4434);
#4434 = CARTESIAN_POINT('',(433.3367,21.844,-25.4));
#4435 = SEAM_CURVE('',#4436,(#4440,#4446),.PCURVE_S1.);
#4436 = LINE('',#4437,#4438);
#4437 = CARTESIAN_POINT('',(433.3367,37.084,-25.4));
#4438 = VECTOR('',#4439,1.);
#4439 = DIRECTION('',(0.,-1.,0.));
#4440 = PCURVE('',#784,#4441);
#4441 = DEFINITIONAL_REPRESENTATION('',(#4442),#4445);
#4442 = B_SPLINE_CURVE_WITH_KNOTS('',1,(#4443,#4444),.UNSPECIFIED.,.F.,
  .F.,(2,2),(0.254,15.24),.PIECEWISE_BEZIER_KNOTS.);
#4443 = CARTESIAN_POINT('',(-6.28318530718,-0.254));
#4444 = CARTESIAN_POINT('',(-6.28318530718,-15.24));
#4445 = ( GEOMETRIC_REPRESENTATION_CONTEXT(2) 
PARAMETRIC_REPRESENTATION_CONTEXT() REPRESENTATION_CONTEXT('2D SPACE',''
  ) );
#4446 = PCURVE('',#784,#4447);
#4447 = DEFINITIONAL_REPRESENTATION('',(#4448),#4451);
#4448 = B_SPLINE_CURVE_WITH_KNOTS('',1,(#4449,#4450),.UNSPECIFIED.,.F.,
  .F.,(2,2),(0.254,15.24),.PIECEWISE_BEZIER_KNOTS.);
#4449 = CARTESIAN_POINT('',(0.,-0.254));
#4450 = CARTESIAN_POINT('',(0.,-15.24));
#4451 = ( GEOMETRIC_REPRESENTATION_CONTEXT(2) 
PARAMETRIC_REPRESENTATION_CONTEXT() REPRESENTATION_CONTEXT('2D SPACE',''
  ) );
#4452 = ORIENTED_EDGE('',*,*,#767,.T.);
#4453 = ORIENTED_EDGE('',*,*,#4432,.T.);
#4454 = ORIENTED_EDGE('',*,*,#4455,.T.);
#4455 = EDGE_CURVE('',#4433,#4433,#4456,.T.);
#4456 = SURFACE_CURVE('',#4457,(#4462,#4468),.PCURVE_S1.);
#4457 = CIRCLE('',#4458,2.5527);
#4458 = AXIS2_PLACEMENT_3D('',#4459,#4460,#4461);
#4459 = CARTESIAN_POINT('',(430.784,21.844,-25.4));
#4460 = DIRECTION('',(0.,-1.,0.));
#4461 = DIRECTION('',(1.,0.,0.));
#4462 = PCURVE('',#784,#4463);
#4463 = DEFINITIONAL_REPRESENTATION('',(#4464),#4467);
#4464 = B_SPLINE_CURVE_WITH_KNOTS('',1,(#4465,#4466),.UNSPECIFIED.,.F.,
  .F.,(2,2),(0.,6.28318530718),.PIECEWISE_BEZIER_KNOTS.);
#4465 = CARTESIAN_POINT('',(0.,-15.24));
#4466 = CARTESIAN_POINT('',(-6.28318530718,-15.24));
#4467 = ( GEOMETRIC_REPRESENTATION_CONTEXT(2) 
PARAMETRIC_REPRESENTATION_CONTEXT() REPRESENTATION_CONTEXT('2D SPACE',''
  ) );
#4468 = PCURVE('',#4469,#4474);
#4469 = PLANE('',#4470);
#4470 = AXIS2_PLACEMENT_3D('',#4471,#4472,#4473);
#4471 = CARTESIAN_POINT('',(430.784,21.844,-25.4));
#4472 = DIRECTION('',(-0.,-1.,-0.));
#4473 = DIRECTION('',(0.,0.,-1.));
#4474 = DEFINITIONAL_REPRESENTATION('',(#4475),#4479);
#4475 = CIRCLE('',#4476,2.5527);
#4476 = AXIS2_PLACEMENT_2D('',#4477,#4478);
#4477 = CARTESIAN_POINT('',(-7.105427357601E-15,-1.705302565824E-13));
#4478 = DIRECTION('',(0.,1.));
#4479 = ( GEOMETRIC_REPRESENTATION_CONTEXT(2) 
PARAMETRIC_REPRESENTATION_CONTEXT() REPRESENTATION_CONTEXT('2D SPACE',''
  ) );
#4480 = FACE_BOUND('',#4481,.T.);
#4481 = EDGE_LOOP('',(#4482));
#4482 = ORIENTED_EDGE('',*,*,#999,.T.);
#4483 = ADVANCED_FACE('',(#4484),#814,.F.);
#4484 = FACE_BOUND('',#4485,.T.);
#4485 = EDGE_LOOP('',(#4486,#4487,#4508,#4534));
#4486 = ORIENTED_EDGE('',*,*,#797,.T.);
#4487 = ORIENTED_EDGE('',*,*,#4488,.T.);
#4488 = EDGE_CURVE('',#798,#4489,#4491,.T.);
#4489 = VERTEX_POINT('',#4490);
#4490 = CARTESIAN_POINT('',(443.6364,25.654,0.));
#4491 = SEAM_CURVE('',#4492,(#4496,#4502),.PCURVE_S1.);
#4492 = LINE('',#4493,#4494);
#4493 = CARTESIAN_POINT('',(443.6364,37.084,0.));
#4494 = VECTOR('',#4495,1.);
#4495 = DIRECTION('',(0.,-1.,0.));
#4496 = PCURVE('',#814,#4497);
#4497 = DEFINITIONAL_REPRESENTATION('',(#4498),#4501);
#4498 = B_SPLINE_CURVE_WITH_KNOTS('',1,(#4499,#4500),.UNSPECIFIED.,.F.,
  .F.,(2,2),(0.254,11.43),.PIECEWISE_BEZIER_KNOTS.);
#4499 = CARTESIAN_POINT('',(-6.28318530718,-0.254));
#4500 = CARTESIAN_POINT('',(-6.28318530718,-11.43));
#4501 = ( GEOMETRIC_REPRESENTATION_CONTEXT(2) 
PARAMETRIC_REPRESENTATION_CONTEXT() REPRESENTATION_CONTEXT('2D SPACE',''
  ) );
#4502 = PCURVE('',#814,#4503);
#4503 = DEFINITIONAL_REPRESENTATION('',(#4504),#4507);
#4504 = B_SPLINE_CURVE_WITH_KNOTS('',1,(#4505,#4506),.UNSPECIFIED.,.F.,
  .F.,(2,2),(0.254,11.43),.PIECEWISE_BEZIER_KNOTS.);
#4505 = CARTESIAN_POINT('',(0.,-0.254));
#4506 = CARTESIAN_POINT('',(0.,-11.43));
#4507 = ( GEOMETRIC_REPRESENTATION_CONTEXT(2) 
PARAMETRIC_REPRESENTATION_CONTEXT() REPRESENTATION_CONTEXT('2D SPACE',''
  ) );
#4508 = ORIENTED_EDGE('',*,*,#4509,.T.);
#4509 = EDGE_CURVE('',#4489,#4489,#4510,.T.);
#4510 = SURFACE_CURVE('',#4511,(#4516,#4522),.PCURVE_S1.);
#4511 = CIRCLE('',#4512,4.2164);
#4512 = AXIS2_PLACEMENT_3D('',#4513,#4514,#4515);
#4513 = CARTESIAN_POINT('',(439.42,25.654,0.));
#4514 = DIRECTION('',(0.,-1.,0.));
#4515 = DIRECTION('',(1.,0.,0.));
#4516 = PCURVE('',#814,#4517);
#4517 = DEFINITIONAL_REPRESENTATION('',(#4518),#4521);
#4518 = B_SPLINE_CURVE_WITH_KNOTS('',1,(#4519,#4520),.UNSPECIFIED.,.F.,
  .F.,(2,2),(0.,6.28318530718),.PIECEWISE_BEZIER_KNOTS.);
#4519 = CARTESIAN_POINT('',(0.,-11.43));
#4520 = CARTESIAN_POINT('',(-6.28318530718,-11.43));
#4521 = ( GEOMETRIC_REPRESENTATION_CONTEXT(2) 
PARAMETRIC_REPRESENTATION_CONTEXT() REPRESENTATION_CONTEXT('2D SPACE',''
  ) );
#4522 = PCURVE('',#4523,#4528);
#4523 = PLANE('',#4524);
#4524 = AXIS2_PLACEMENT_3D('',#4525,#4526,#4527);
#4525 = CARTESIAN_POINT('',(439.42,25.654,2.365417234828E-16));
#4526 = DIRECTION('',(-0.,-1.,-0.));
#4527 = DIRECTION('',(0.,0.,-1.));
#4528 = DEFINITIONAL_REPRESENTATION('',(#4529),#4533);
#4529 = CIRCLE('',#4530,4.2164);
#4530 = AXIS2_PLACEMENT_2D('',#4531,#4532);
#4531 = CARTESIAN_POINT('',(2.365417234828E-16,0.));
#4532 = DIRECTION('',(0.,1.));
#4533 = ( GEOMETRIC_REPRESENTATION_CONTEXT(2) 
PARAMETRIC_REPRESENTATION_CONTEXT() REPRESENTATION_CONTEXT('2D SPACE',''
  ) );
#4534 = ORIENTED_EDGE('',*,*,#4488,.F.);
#4535 = ADVANCED_FACE('',(#4536,#4587),#844,.F.);
#4536 = FACE_BOUND('',#4537,.T.);
#4537 = EDGE_LOOP('',(#4538,#4559,#4560,#4561));
#4538 = ORIENTED_EDGE('',*,*,#4539,.F.);
#4539 = EDGE_CURVE('',#828,#4540,#4542,.T.);
#4540 = VERTEX_POINT('',#4541);
#4541 = CARTESIAN_POINT('',(433.3367,21.844,25.4));
#4542 = SEAM_CURVE('',#4543,(#4547,#4553),.PCURVE_S1.);
#4543 = LINE('',#4544,#4545);
#4544 = CARTESIAN_POINT('',(433.3367,37.084,25.4));
#4545 = VECTOR('',#4546,1.);
#4546 = DIRECTION('',(0.,-1.,0.));
#4547 = PCURVE('',#844,#4548);
#4548 = DEFINITIONAL_REPRESENTATION('',(#4549),#4552);
#4549 = B_SPLINE_CURVE_WITH_KNOTS('',1,(#4550,#4551),.UNSPECIFIED.,.F.,
  .F.,(2,2),(0.254,15.24),.PIECEWISE_BEZIER_KNOTS.);
#4550 = CARTESIAN_POINT('',(-6.28318530718,-0.254));
#4551 = CARTESIAN_POINT('',(-6.28318530718,-15.24));
#4552 = ( GEOMETRIC_REPRESENTATION_CONTEXT(2) 
PARAMETRIC_REPRESENTATION_CONTEXT() REPRESENTATION_CONTEXT('2D SPACE',''
  ) );
#4553 = PCURVE('',#844,#4554);
#4554 = DEFINITIONAL_REPRESENTATION('',(#4555),#4558);
#4555 = B_SPLINE_CURVE_WITH_KNOTS('',1,(#4556,#4557),.UNSPECIFIED.,.F.,
  .F.,(2,2),(0.254,15.24),.PIECEWISE_BEZIER_KNOTS.);
#4556 = CARTESIAN_POINT('',(0.,-0.254));
#4557 = CARTESIAN_POINT('',(0.,-15.24));
#4558 = ( GEOMETRIC_REPRESENTATION_CONTEXT(2) 
PARAMETRIC_REPRESENTATION_CONTEXT() REPRESENTATION_CONTEXT('2D SPACE',''
  ) );
#4559 = ORIENTED_EDGE('',*,*,#827,.T.);
#4560 = ORIENTED_EDGE('',*,*,#4539,.T.);
#4561 = ORIENTED_EDGE('',*,*,#4562,.T.);
#4562 = EDGE_CURVE('',#4540,#4540,#4563,.T.);
#4563 = SURFACE_CURVE('',#4564,(#4569,#4575),.PCURVE_S1.);
#4564 = CIRCLE('',#4565,2.5527);
#4565 = AXIS2_PLACEMENT_3D('',#4566,#4567,#4568);
#4566 = CARTESIAN_POINT('',(430.784,21.844,25.4));
#4567 = DIRECTION('',(0.,-1.,0.));
#4568 = DIRECTION('',(1.,0.,0.));
#4569 = PCURVE('',#844,#4570);
#4570 = DEFINITIONAL_REPRESENTATION('',(#4571),#4574);
#4571 = B_SPLINE_CURVE_WITH_KNOTS('',1,(#4572,#4573),.UNSPECIFIED.,.F.,
  .F.,(2,2),(0.,6.28318530718),.PIECEWISE_BEZIER_KNOTS.);
#4572 = CARTESIAN_POINT('',(0.,-15.24));
#4573 = CARTESIAN_POINT('',(-6.28318530718,-15.24));
#4574 = ( GEOMETRIC_REPRESENTATION_CONTEXT(2) 
PARAMETRIC_REPRESENTATION_CONTEXT() REPRESENTATION_CONTEXT('2D SPACE',''
  ) );
#4575 = PCURVE('',#4576,#4581);
#4576 = PLANE('',#4577);
#4577 = AXIS2_PLACEMENT_3D('',#4578,#4579,#4580);
#4578 = CARTESIAN_POINT('',(430.784,21.844,25.4));
#4579 = DIRECTION('',(-0.,-1.,-0.));
#4580 = DIRECTION('',(0.,0.,-1.));
#4581 = DEFINITIONAL_REPRESENTATION('',(#4582),#4586);
#4582 = CIRCLE('',#4583,2.5527);
#4583 = AXIS2_PLACEMENT_2D('',#4584,#4585);
#4584 = CARTESIAN_POINT('',(0.,0.));
#4585 = DIRECTION('',(0.,1.));
#4586 = ( GEOMETRIC_REPRESENTATION_CONTEXT(2) 
PARAMETRIC_REPRESENTATION_CONTEXT() REPRESENTATION_CONTEXT('2D SPACE',''
  ) );
#4587 = FACE_BOUND('',#4588,.T.);
#4588 = EDGE_LOOP('',(#4589));
#4589 = ORIENTED_EDGE('',*,*,#1433,.T.);
#4590 = ADVANCED_FACE('',(#4591,#4642),#874,.F.);
#4591 = FACE_BOUND('',#4592,.T.);
#4592 = EDGE_LOOP('',(#4593,#4614,#4615,#4616));
#4593 = ORIENTED_EDGE('',*,*,#4594,.F.);
#4594 = EDGE_CURVE('',#858,#4595,#4597,.T.);
#4595 = VERTEX_POINT('',#4596);
#4596 = CARTESIAN_POINT('',(503.7887,21.844,-25.4));
#4597 = SEAM_CURVE('',#4598,(#4602,#4608),.PCURVE_S1.);
#4598 = LINE('',#4599,#4600);
#4599 = CARTESIAN_POINT('',(503.7887,37.084,-25.4));
#4600 = VECTOR('',#4601,1.);
#4601 = DIRECTION('',(0.,-1.,0.));
#4602 = PCURVE('',#874,#4603);
#4603 = DEFINITIONAL_REPRESENTATION('',(#4604),#4607);
#4604 = B_SPLINE_CURVE_WITH_KNOTS('',1,(#4605,#4606),.UNSPECIFIED.,.F.,
  .F.,(2,2),(0.254,15.24),.PIECEWISE_BEZIER_KNOTS.);
#4605 = CARTESIAN_POINT('',(-6.28318530718,-0.254));
#4606 = CARTESIAN_POINT('',(-6.28318530718,-15.24));
#4607 = ( GEOMETRIC_REPRESENTATION_CONTEXT(2) 
PARAMETRIC_REPRESENTATION_CONTEXT() REPRESENTATION_CONTEXT('2D SPACE',''
  ) );
#4608 = PCURVE('',#874,#4609);
#4609 = DEFINITIONAL_REPRESENTATION('',(#4610),#4613);
#4610 = B_SPLINE_CURVE_WITH_KNOTS('',1,(#4611,#4612),.UNSPECIFIED.,.F.,
  .F.,(2,2),(0.254,15.24),.PIECEWISE_BEZIER_KNOTS.);
#4611 = CARTESIAN_POINT('',(0.,-0.254));
#4612 = CARTESIAN_POINT('',(0.,-15.24));
#4613 = ( GEOMETRIC_REPRESENTATION_CONTEXT(2) 
PARAMETRIC_REPRESENTATION_CONTEXT() REPRESENTATION_CONTEXT('2D SPACE',''
  ) );
#4614 = ORIENTED_EDGE('',*,*,#857,.T.);
#4615 = ORIENTED_EDGE('',*,*,#4594,.T.);
#4616 = ORIENTED_EDGE('',*,*,#4617,.T.);
#4617 = EDGE_CURVE('',#4595,#4595,#4618,.T.);
#4618 = SURFACE_CURVE('',#4619,(#4624,#4630),.PCURVE_S1.);
#4619 = CIRCLE('',#4620,2.5527);
#4620 = AXIS2_PLACEMENT_3D('',#4621,#4622,#4623);
#4621 = CARTESIAN_POINT('',(501.236,21.844,-25.4));
#4622 = DIRECTION('',(0.,-1.,0.));
#4623 = DIRECTION('',(1.,0.,0.));
#4624 = PCURVE('',#874,#4625);
#4625 = DEFINITIONAL_REPRESENTATION('',(#4626),#4629);
#4626 = B_SPLINE_CURVE_WITH_KNOTS('',1,(#4627,#4628),.UNSPECIFIED.,.F.,
  .F.,(2,2),(0.,6.28318530718),.PIECEWISE_BEZIER_KNOTS.);
#4627 = CARTESIAN_POINT('',(0.,-15.24));
#4628 = CARTESIAN_POINT('',(-6.28318530718,-15.24));
#4629 = ( GEOMETRIC_REPRESENTATION_CONTEXT(2) 
PARAMETRIC_REPRESENTATION_CONTEXT() REPRESENTATION_CONTEXT('2D SPACE',''
  ) );
#4630 = PCURVE('',#4631,#4636);
#4631 = PLANE('',#4632);
#4632 = AXIS2_PLACEMENT_3D('',#4633,#4634,#4635);
#4633 = CARTESIAN_POINT('',(501.236,21.844,-25.4));
#4634 = DIRECTION('',(-0.,-1.,-0.));
#4635 = DIRECTION('',(0.,0.,-1.));
#4636 = DEFINITIONAL_REPRESENTATION('',(#4637),#4641);
#4637 = CIRCLE('',#4638,2.5527);
#4638 = AXIS2_PLACEMENT_2D('',#4639,#4640);
#4639 = CARTESIAN_POINT('',(-7.105427357601E-15,-5.684341886081E-14));
#4640 = DIRECTION('',(0.,1.));
#4641 = ( GEOMETRIC_REPRESENTATION_CONTEXT(2) 
PARAMETRIC_REPRESENTATION_CONTEXT() REPRESENTATION_CONTEXT('2D SPACE',''
  ) );
#4642 = FACE_BOUND('',#4643,.T.);
#4643 = EDGE_LOOP('',(#4644));
#4644 = ORIENTED_EDGE('',*,*,#4645,.T.);
#4645 = EDGE_CURVE('',#4646,#4646,#4648,.T.);
#4646 = VERTEX_POINT('',#4647);
#4647 = CARTESIAN_POINT('',(501.236,28.025763304909,-27.9527));
#4648 = SURFACE_CURVE('',#4649,(#4772,#4898),.PCURVE_S1.);
#4649 = B_SPLINE_CURVE_WITH_KNOTS('',6,(#4650,#4651,#4652,#4653,#4654,
    #4655,#4656,#4657,#4658,#4659,#4660,#4661,#4662,#4663,#4664,#4665,
    #4666,#4667,#4668,#4669,#4670,#4671,#4672,#4673,#4674,#4675,#4676,
    #4677,#4678,#4679,#4680,#4681,#4682,#4683,#4684,#4685,#4686,#4687,
    #4688,#4689,#4690,#4691,#4692,#4693,#4694,#4695,#4696,#4697,#4698,
    #4699,#4700,#4701,#4702,#4703,#4704,#4705,#4706,#4707,#4708,#4709,
    #4710,#4711,#4712,#4713,#4714,#4715,#4716,#4717,#4718,#4719,#4720,
    #4721,#4722,#4723,#4724,#4725,#4726,#4727,#4728,#4729,#4730,#4731,
    #4732,#4733,#4734,#4735,#4736,#4737,#4738,#4739,#4740,#4741,#4742,
    #4743,#4744,#4745,#4746,#4747,#4748,#4749,#4750,#4751,#4752,#4753,
    #4754,#4755,#4756,#4757,#4758,#4759,#4760,#4761,#4762,#4763,#4764,
    #4765,#4766,#4767,#4768,#4769,#4770,#4771),.UNSPECIFIED.,.T.,.F.,(7,
    5,5,5,5,5,5,5,5,5,5,5,5,5,5,5,5,5,5,5,5,5,5,5,7),(0.,
    6.980840095321E-02,0.100992919226,0.124978703531,0.144517521081,
    0.217861167286,0.249446311534,0.252419339536,0.281692700702,
    0.374813683163,0.430798033511,0.471637981435,0.500293443612,
    0.543370515514,0.569804923706,0.601070443412,0.718778901117,
    0.748003250884,0.750971301246,0.782503563554,0.855724412944,
    0.875230517297,0.899176142997,0.930308454859,1.),.UNSPECIFIED.);
#4650 = CARTESIAN_POINT('',(501.236,28.025763304909,-27.9527));
#4651 = CARTESIAN_POINT('',(501.10808124212,28.025763304909,-27.9527));
#4652 = CARTESIAN_POINT('',(500.9809924057,28.033936077259,
    -27.94501552092));
#4653 = CARTESIAN_POINT('',(500.85713666101,28.050052486708,
    -27.92979783187));
#4654 = CARTESIAN_POINT('',(500.73883478017,28.073944087422,
    -27.90808818015));
#4655 = CARTESIAN_POINT('',(500.6280548629,28.105175193724,
    -27.88151902866));
#4656 = CARTESIAN_POINT('',(500.4806160002,28.159484554855,
    -27.83883550735));
#4657 = CARTESIAN_POINT('',(500.43672040965,28.177563592579,
    -27.82502787744));
#4658 = CARTESIAN_POINT('',(500.39448827565,28.196914193165,
    -27.81072458176));
#4659 = CARTESIAN_POINT('',(500.35394223694,28.217496058039,
    -27.7960533942));
#4660 = CARTESIAN_POINT('',(500.31509458598,28.239266460886,
    -27.78113768424));
#4661 = CARTESIAN_POINT('',(500.24937515733,28.279804542581,
    -27.75452732396));
#4662 = CARTESIAN_POINT('',(500.22180513272,28.298107664046,
    -27.74288198675));
#4663 = CARTESIAN_POINT('',(500.19523439638,28.317071667648,
    -27.73121230335));
#4664 = CARTESIAN_POINT('',(500.169658166,28.336678362523,
    -27.71956750443));
#4665 = CARTESIAN_POINT('',(500.14506967567,28.356909311343,
    -27.70799415334));
#4666 = CARTESIAN_POINT('',(500.10222787958,28.39471925664,
    -27.68720245452));
#4667 = CARTESIAN_POINT('',(500.0836454673,28.412094405586,
    -27.67794535227));
#4668 = CARTESIAN_POINT('',(500.06570843874,28.429861120459,
    -27.66878858885));
#4669 = CARTESIAN_POINT('',(500.04841215113,28.448008842849,
    -27.65975484977));
#4670 = CARTESIAN_POINT('',(500.03175181924,28.466526612641,
    -27.65086575654));
#4671 = CARTESIAN_POINT('',(499.95555267178,28.556260378621,
    -27.6093946501));
#4672 = CARTESIAN_POINT('',(499.90421938638,28.63223764205,
    -27.57894381574));
#4673 = CARTESIAN_POINT('',(499.86156022415,28.7126732703,
    -27.55192523736));
#4674 = CARTESIAN_POINT('',(499.82734070098,28.796787551264,
    -27.52923584184));
#4675 = CARTESIAN_POINT('',(499.80135609994,28.883723520748,
    -27.51152643796));
#4676 = CARTESIAN_POINT('',(499.77585796556,29.010856891347,
    -27.49388386572));
#4677 = CARTESIAN_POINT('',(499.76969928451,29.049468121309,
    -27.4895726801));
#4678 = CARTESIAN_POINT('',(499.76505039702,29.088340298441,
    -27.48629289129));
#4679 = CARTESIAN_POINT('',(499.76190670272,29.127390313123,
    -27.48406603302));
#4680 = CARTESIAN_POINT('',(499.7602658482,29.166533172032,
    -27.48290326992));
#4681 = CARTESIAN_POINT('',(499.76011472605,29.209366975977,
    -27.48279618503));
#4682 = CARTESIAN_POINT('',(499.76011503919,29.213052007461,
    -27.48279640677));
#4683 = CARTESIAN_POINT('',(499.76012866633,29.216737022916,
    -27.48280606322));
#4684 = CARTESIAN_POINT('',(499.76015560756,29.220421951671,
    -27.48282515401));
#4685 = CARTESIAN_POINT('',(499.76019586312,29.22410672207,
    -27.48285367798));
#4686 = CARTESIAN_POINT('',(499.7607769033,29.264070385804,
    -27.48326535104));
#4687 = CARTESIAN_POINT('',(499.76259524017,29.300327410474,
    -27.48455347379));
#4688 = CARTESIAN_POINT('',(499.76570483378,29.33649331931,
    -27.48675392342));
#4689 = CARTESIAN_POINT('',(499.77010773358,29.372500543612,
    -27.4898569831));
#4690 = CARTESIAN_POINT('',(499.77580764873,29.408282962151,
    -27.49384529709));
#4691 = CARTESIAN_POINT('',(499.80508484145,29.556681875074,
    -27.51411758444));
#4692 = CARTESIAN_POINT('',(499.84049810342,29.666436943398,
    -27.53821392275));
#4693 = CARTESIAN_POINT('',(499.88916406719,29.771283145906,
    -27.57017104341));
#4694 = CARTESIAN_POINT('',(499.95160218222,29.869546803953,
    -27.60854518294));
#4695 = CARTESIAN_POINT('',(500.0283752124,29.959749929801,
    -27.65127474945));
#4696 = CARTESIAN_POINT('',(500.17464840537,30.089401839339,
    -27.72239952604));
#4697 = CARTESIAN_POINT('',(500.23492237293,30.134820783735,
    -27.74975768477));
#4698 = CARTESIAN_POINT('',(500.30063895853,30.176705972335,
    -27.77720371981));
#4699 = CARTESIAN_POINT('',(500.37183893809,30.21481880354,
    -27.80408418229));
#4700 = CARTESIAN_POINT('',(500.44848139749,30.248939243392,
    -27.82968299349));
#4701 = CARTESIAN_POINT('',(500.59017752137,30.300670418647,
    -27.87043683461));
#4702 = CARTESIAN_POINT('',(500.6527926952,30.320258054831,
    -27.88655776111));
#4703 = CARTESIAN_POINT('',(500.71804734986,30.3374799952,
    -27.90126001825));
#4704 = CARTESIAN_POINT('',(500.78568551228,30.352226070486,
    -27.91423075012));
#4705 = CARTESIAN_POINT('',(500.85540429617,30.364409353519,
    -27.92519409834));
#4706 = CARTESIAN_POINT('',(500.97698671504,30.38067171834,
    -27.94002758199));
#4707 = CARTESIAN_POINT('',(501.02794094741,30.38607719392,
    -27.94503657512));
#4708 = CARTESIAN_POINT('',(501.07952204681,30.390151815239,
    -27.94885227931));
#4709 = CARTESIAN_POINT('',(501.13153005935,30.39287506815,
    -27.95141674995));
#4710 = CARTESIAN_POINT('',(501.18375962947,30.394236695091,-27.9527));
#4711 = CARTESIAN_POINT('',(501.31453170133,30.394236695091,-27.9527));
#4712 = CARTESIAN_POINT('',(501.3929802772,30.391157856726,
    -27.94980127787));
#4713 = CARTESIAN_POINT('',(501.4706782616,30.385016410474,
    -27.9440132548));
#4714 = CARTESIAN_POINT('',(501.54697137208,30.375851244263,-27.93549106
    ));
#4715 = CARTESIAN_POINT('',(501.62124397696,30.363750122894,
    -27.92451490892));
#4716 = CARTESIAN_POINT('',(501.73694389837,30.339748288882,
    -27.90346410564));
#4717 = CARTESIAN_POINT('',(501.78000664385,30.329570498768,
    -27.89467310615));
#4718 = CARTESIAN_POINT('',(501.82206158004,30.318364607903,
    -27.88517321968));
#4719 = CARTESIAN_POINT('',(501.86304560585,30.306156117695,
    -27.87504514868));
#4720 = CARTESIAN_POINT('',(501.90290373817,30.292973960178,
    -27.86437356146));
#4721 = CARTESIAN_POINT('',(501.98734456448,30.262145853775,
    -27.84008716658));
#4722 = CARTESIAN_POINT('',(502.03146547775,30.244123067151,
    -27.82628804597));
#4723 = CARTESIAN_POINT('',(502.07391746657,30.224820267204,
    -27.81198300365));
#4724 = CARTESIAN_POINT('',(502.11467670505,30.204278112659,
    -27.79730098618));
#4725 = CARTESIAN_POINT('',(502.15372992648,30.182539791904,
    -27.78236661346));
#4726 = CARTESIAN_POINT('',(502.33166901995,30.073479364505,
    -27.71057805085));
#4727 = CARTESIAN_POINT('',(502.44845151293,29.970756995842,
    -27.65180903971));
#4728 = CARTESIAN_POINT('',(502.54133269767,29.853539632361,
    -27.59719237582));
#4729 = CARTESIAN_POINT('',(502.61176686339,29.724430854639,
    -27.55163354153));
#4730 = CARTESIAN_POINT('',(502.66098652068,29.586732687024,
    -27.51822272701));
#4731 = CARTESIAN_POINT('',(502.69619235126,29.408282962151,
    -27.49384529709));
#4732 = CARTESIAN_POINT('',(502.70189226641,29.372500543612,
    -27.4898569831));
#4733 = CARTESIAN_POINT('',(502.70629516621,29.33649331931,
    -27.48675392342));
#4734 = CARTESIAN_POINT('',(502.70940475982,29.300327410474,
    -27.48455347379));
#4735 = CARTESIAN_POINT('',(502.71122309669,29.264070385804,
    -27.48326535104));
#4736 = CARTESIAN_POINT('',(502.71180413688,29.22410672207,
    -27.48285367798));
#4737 = CARTESIAN_POINT('',(502.71184439243,29.220421951671,
    -27.48282515401));
#4738 = CARTESIAN_POINT('',(502.71187133366,29.216737022916,
    -27.48280606322));
#4739 = CARTESIAN_POINT('',(502.71188496081,29.213052007461,
    -27.48279640677));
#4740 = CARTESIAN_POINT('',(502.71188527394,29.209366975977,
    -27.48279618503));
#4741 = CARTESIAN_POINT('',(502.71173415179,29.166533172032,
    -27.48290326992));
#4742 = CARTESIAN_POINT('',(502.71009329727,29.127390313123,
    -27.48406603302));
#4743 = CARTESIAN_POINT('',(502.70694960297,29.088340298441,
    -27.48629289129));
#4744 = CARTESIAN_POINT('',(502.70230071548,29.049468121309,
    -27.4895726801));
#4745 = CARTESIAN_POINT('',(502.69614203443,29.010856891347,
    -27.49388386572));
#4746 = CARTESIAN_POINT('',(502.67064390006,28.883723520781,
    -27.51152643796));
#4747 = CARTESIAN_POINT('',(502.64465929901,28.796787551252,
    -27.52923584184));
#4748 = CARTESIAN_POINT('',(502.61043977583,28.71267327027,
    -27.55192523737));
#4749 = CARTESIAN_POINT('',(502.5677806136,28.632237642047,
    -27.57894381575));
#4750 = CARTESIAN_POINT('',(502.51644732824,28.556260378648,
    -27.60939465009));
#4751 = CARTESIAN_POINT('',(502.44024818075,28.466526612641,
    -27.65086575654));
#4752 = CARTESIAN_POINT('',(502.42358784886,28.448008842849,
    -27.65975484977));
#4753 = CARTESIAN_POINT('',(502.40629156125,28.429861120459,
    -27.66878858885));
#4754 = CARTESIAN_POINT('',(502.38835453269,28.412094405586,
    -27.67794535227));
#4755 = CARTESIAN_POINT('',(502.36977212041,28.39471925664,
    -27.68720245452));
#4756 = CARTESIAN_POINT('',(502.32693032432,28.356909311343,
    -27.70799415334));
#4757 = CARTESIAN_POINT('',(502.30234183399,28.336678362523,
    -27.71956750443));
#4758 = CARTESIAN_POINT('',(502.27676560361,28.317071667648,
    -27.73121230335));
#4759 = CARTESIAN_POINT('',(502.25019486727,28.298107664046,
    -27.74288198675));
#4760 = CARTESIAN_POINT('',(502.22262484266,28.279804542581,
    -27.75452732396));
#4761 = CARTESIAN_POINT('',(502.15690540828,28.239266457355,
    -27.78113768656));
#4762 = CARTESIAN_POINT('',(502.1180577654,28.217496058515,
    -27.79605339369));
#4763 = CARTESIAN_POINT('',(502.07751173081,28.196914196238,
    -27.81072457956));
#4764 = CARTESIAN_POINT('',(502.03527959135,28.177563593695,
    -27.82502787679));
#4765 = CARTESIAN_POINT('',(501.99138399237,28.159484552125,
    -27.8388355095));
#4766 = CARTESIAN_POINT('',(501.8439451371,28.105175193724,
    -27.88151902866));
#4767 = CARTESIAN_POINT('',(501.73316521982,28.073944087422,
    -27.90808818015));
#4768 = CARTESIAN_POINT('',(501.61486333898,28.050052486708,
    -27.92979783187));
#4769 = CARTESIAN_POINT('',(501.4910075943,28.033936077259,
    -27.94501552092));
#4770 = CARTESIAN_POINT('',(501.36391875787,28.025763304909,-27.9527));
#4771 = CARTESIAN_POINT('',(501.236,28.025763304909,-27.9527));
#4772 = PCURVE('',#874,#4773);
#4773 = DEFINITIONAL_REPRESENTATION('',(#4774),#4897);
#4774 = B_SPLINE_CURVE_WITH_KNOTS('',6,(#4775,#4776,#4777,#4778,#4779,
    #4780,#4781,#4782,#4783,#4784,#4785,#4786,#4787,#4788,#4789,#4790,
    #4791,#4792,#4793,#4794,#4795,#4796,#4797,#4798,#4799,#4800,#4801,
    #4802,#4803,#4804,#4805,#4806,#4807,#4808,#4809,#4810,#4811,#4812,
    #4813,#4814,#4815,#4816,#4817,#4818,#4819,#4820,#4821,#4822,#4823,
    #4824,#4825,#4826,#4827,#4828,#4829,#4830,#4831,#4832,#4833,#4834,
    #4835,#4836,#4837,#4838,#4839,#4840,#4841,#4842,#4843,#4844,#4845,
    #4846,#4847,#4848,#4849,#4850,#4851,#4852,#4853,#4854,#4855,#4856,
    #4857,#4858,#4859,#4860,#4861,#4862,#4863,#4864,#4865,#4866,#4867,
    #4868,#4869,#4870,#4871,#4872,#4873,#4874,#4875,#4876,#4877,#4878,
    #4879,#4880,#4881,#4882,#4883,#4884,#4885,#4886,#4887,#4888,#4889,
    #4890,#4891,#4892,#4893,#4894,#4895,#4896),.UNSPECIFIED.,.T.,.F.,(7,
    5,5,5,5,5,5,5,5,5,5,5,5,5,5,5,5,5,5,5,5,5,5,5,7),(0.,
    6.980840095321E-02,0.100992919226,0.124978703531,0.144517521081,
    0.217861167286,0.249446311534,0.252419339536,0.281692700702,
    0.374813683163,0.430798033511,0.471637981435,0.500293443612,
    0.543370515514,0.569804923706,0.601070443412,0.718778901117,
    0.748003250884,0.750971301246,0.782503563554,0.855724412944,
    0.875230517297,0.899176142997,0.930308454859,1.),.UNSPECIFIED.);
#4775 = CARTESIAN_POINT('',(-4.712388980385,-9.058236695091));
#4776 = CARTESIAN_POINT('',(-4.662277820485,-9.058236695091));
#4777 = CARTESIAN_POINT('',(-4.612494023614,-9.050063922741));
#4778 = CARTESIAN_POINT('',(-4.563742444662,-9.033947513292));
#4779 = CARTESIAN_POINT('',(-4.516737253499,-9.010055912578));
#4780 = CARTESIAN_POINT('',(-4.472155889551,-8.978824806276));
#4781 = CARTESIAN_POINT('',(-4.412026222702,-8.924515445145));
#4782 = CARTESIAN_POINT('',(-4.394004484039,-8.906436407421));
#4783 = CARTESIAN_POINT('',(-4.376543328116,-8.887085806835));
#4784 = CARTESIAN_POINT('',(-4.359656923555,-8.866503941961));
#4785 = CARTESIAN_POINT('',(-4.343358079882,-8.844733539114));
#4786 = CARTESIAN_POINT('',(-4.315582614696,-8.804195457419));
#4787 = CARTESIAN_POINT('',(-4.303859606853,-8.785892335954));
#4788 = CARTESIAN_POINT('',(-4.292492753545,-8.766928332352));
#4789 = CARTESIAN_POINT('',(-4.281485257302,-8.747321637477));
#4790 = CARTESIAN_POINT('',(-4.270839993642,-8.727090688657));
#4791 = CARTESIAN_POINT('',(-4.252185030965,-8.68928074336));
#4792 = CARTESIAN_POINT('',(-4.244052680153,-8.671905594414));
#4793 = CARTESIAN_POINT('',(-4.236163906223,-8.654138879541));
#4794 = CARTESIAN_POINT('',(-4.228520182208,-8.635991157151));
#4795 = CARTESIAN_POINT('',(-4.221123006575,-8.617473387359));
#4796 = CARTESIAN_POINT('',(-4.187138026144,-8.527739621379));
#4797 = CARTESIAN_POINT('',(-4.163772463879,-8.45176235795));
#4798 = CARTESIAN_POINT('',(-4.144000280119,-8.3713267297));
#4799 = CARTESIAN_POINT('',(-4.127917321916,-8.287212448736));
#4800 = CARTESIAN_POINT('',(-4.115599324186,-8.200276479252));
#4801 = CARTESIAN_POINT('',(-4.103452696597,-8.073143108653));
#4802 = CARTESIAN_POINT('',(-4.10050771991,-8.034531878691));
#4803 = CARTESIAN_POINT('',(-4.098278981034,-7.995659701559));
#4804 = CARTESIAN_POINT('',(-4.09676980977,-7.956609686877));
#4805 = CARTESIAN_POINT('',(-4.09598196884,-7.917466827968));
#4806 = CARTESIAN_POINT('',(-4.095909411822,-7.874633024023));
#4807 = CARTESIAN_POINT('',(-4.095909562133,-7.870947992539));
#4808 = CARTESIAN_POINT('',(-4.095916104884,-7.867262977084));
#4809 = CARTESIAN_POINT('',(-4.095929040016,-7.863578048329));
#4810 = CARTESIAN_POINT('',(-4.095948367341,-7.85989327793));
#4811 = CARTESIAN_POINT('',(-4.096227325772,-7.819929614196));
#4812 = CARTESIAN_POINT('',(-4.09710028326,-7.783672589526));
#4813 = CARTESIAN_POINT('',(-4.098592576682,-7.74750668069));
#4814 = CARTESIAN_POINT('',(-4.100702673335,-7.711499456388));
#4815 = CARTESIAN_POINT('',(-4.103427890131,-7.675717037849));
#4816 = CARTESIAN_POINT('',(-4.117378087029,-7.527318124926));
#4817 = CARTESIAN_POINT('',(-4.134156478651,-7.417563056602));
#4818 = CARTESIAN_POINT('',(-4.156961890921,-7.312716854094));
#4819 = CARTESIAN_POINT('',(-4.185644134974,-7.214453196047));
#4820 = CARTESIAN_POINT('',(-4.220012021327,-7.124250070199));
#4821 = CARTESIAN_POINT('',(-4.283728338266,-6.994598160661));
#4822 = CARTESIAN_POINT('',(-4.30964962704,-6.949179216265));
#4823 = CARTESIAN_POINT('',(-4.337527768898,-6.907294027665));
#4824 = CARTESIAN_POINT('',(-4.367311044917,-6.86918119646));
#4825 = CARTESIAN_POINT('',(-4.398937177834,-6.835060756608));
#4826 = CARTESIAN_POINT('',(-4.456695780439,-6.783329581353));
#4827 = CARTESIAN_POINT('',(-4.482014197936,-6.763741945169));
#4828 = CARTESIAN_POINT('',(-4.508199679784,-6.7465200048));
#4829 = CARTESIAN_POINT('',(-4.535157655534,-6.731773929514));
#4830 = CARTESIAN_POINT('',(-4.562788081627,-6.719590646481));
#4831 = CARTESIAN_POINT('',(-4.610770196698,-6.70332828166));
#4832 = CARTESIAN_POINT('',(-4.630821505088,-6.69792280608));
#4833 = CARTESIAN_POINT('',(-4.651074539584,-6.693848184761));
#4834 = CARTESIAN_POINT('',(-4.671464023237,-6.69112493185));
#4835 = CARTESIAN_POINT('',(-4.691924229132,-6.689763304909));
#4836 = CARTESIAN_POINT('',(-4.743153152176,-6.689763304909));
#4837 = CARTESIAN_POINT('',(-4.773884665902,-6.692842143274));
#4838 = CARTESIAN_POINT('',(-4.804374892389,-6.698983589526));
#4839 = CARTESIAN_POINT('',(-4.83441861894,-6.708148755737));
#4840 = CARTESIAN_POINT('',(-4.863814149675,-6.720249877106));
#4841 = CARTESIAN_POINT('',(-4.909882764987,-6.744251711118));
#4842 = CARTESIAN_POINT('',(-4.927096213685,-6.754429501232));
#4843 = CARTESIAN_POINT('',(-4.943980685736,-6.765635392097));
#4844 = CARTESIAN_POINT('',(-4.960514105337,-6.777843882305));
#4845 = CARTESIAN_POINT('',(-4.976675387116,-6.791026039822));
#4846 = CARTESIAN_POINT('',(-5.011095412139,-6.821854146225));
#4847 = CARTESIAN_POINT('',(-5.02920031079,-6.839876932849));
#4848 = CARTESIAN_POINT('',(-5.046743197904,-6.859179732796));
#4849 = CARTESIAN_POINT('',(-5.063709528776,-6.879721887341));
#4850 = CARTESIAN_POINT('',(-5.080086148173,-6.901460208096));
#4851 = CARTESIAN_POINT('',(-5.155251560261,-7.010520635495));
#4852 = CARTESIAN_POINT('',(-5.206290249316,-7.113243004158));
#4853 = CARTESIAN_POINT('',(-5.24841965255,-7.230460367639));
#4854 = CARTESIAN_POINT('',(-5.281272716148,-7.359569145361));
#4855 = CARTESIAN_POINT('',(-5.304574955853,-7.497267312976));
#4856 = CARTESIAN_POINT('',(-5.321350070638,-7.675717037849));
#4857 = CARTESIAN_POINT('',(-5.324075287435,-7.711499456388));
#4858 = CARTESIAN_POINT('',(-5.326185384088,-7.74750668069));
#4859 = CARTESIAN_POINT('',(-5.327677677509,-7.783672589526));
#4860 = CARTESIAN_POINT('',(-5.328550634997,-7.819929614196));
#4861 = CARTESIAN_POINT('',(-5.328829593428,-7.85989327793));
#4862 = CARTESIAN_POINT('',(-5.328848920753,-7.863578048329));
#4863 = CARTESIAN_POINT('',(-5.328861855886,-7.867262977084));
#4864 = CARTESIAN_POINT('',(-5.328868398637,-7.870947992539));
#4865 = CARTESIAN_POINT('',(-5.328868548947,-7.874633024023));
#4866 = CARTESIAN_POINT('',(-5.32879599193,-7.917466827968));
#4867 = CARTESIAN_POINT('',(-5.328008150999,-7.956609686877));
#4868 = CARTESIAN_POINT('',(-5.326498979735,-7.995659701559));
#4869 = CARTESIAN_POINT('',(-5.324270240859,-8.034531878691));
#4870 = CARTESIAN_POINT('',(-5.321325264172,-8.073143108653));
#4871 = CARTESIAN_POINT('',(-5.309178636586,-8.200276479219));
#4872 = CARTESIAN_POINT('',(-5.296860638855,-8.287212448748));
#4873 = CARTESIAN_POINT('',(-5.280777680643,-8.37132672973));
#4874 = CARTESIAN_POINT('',(-5.261005496886,-8.451762357953));
#4875 = CARTESIAN_POINT('',(-5.237639934636,-8.527739621352));
#4876 = CARTESIAN_POINT('',(-5.203654954194,-8.617473387359));
#4877 = CARTESIAN_POINT('',(-5.196257778562,-8.635991157151));
#4878 = CARTESIAN_POINT('',(-5.188614054546,-8.654138879541));
#4879 = CARTESIAN_POINT('',(-5.180725280617,-8.671905594414));
#4880 = CARTESIAN_POINT('',(-5.172592929805,-8.68928074336));
#4881 = CARTESIAN_POINT('',(-5.153937967127,-8.727090688657));
#4882 = CARTESIAN_POINT('',(-5.143292703467,-8.747321637477));
#4883 = CARTESIAN_POINT('',(-5.132285207225,-8.766928332352));
#4884 = CARTESIAN_POINT('',(-5.120918353916,-8.785892335954));
#4885 = CARTESIAN_POINT('',(-5.109195346074,-8.804195457419));
#4886 = CARTESIAN_POINT('',(-5.081419878468,-8.844733542645));
#4887 = CARTESIAN_POINT('',(-5.065121038151,-8.866503941485));
#4888 = CARTESIAN_POINT('',(-5.04823463533,-8.887085803762));
#4889 = CARTESIAN_POINT('',(-5.030773477184,-8.906436406305));
#4890 = CARTESIAN_POINT('',(-5.012751735044,-8.924515447875));
#4891 = CARTESIAN_POINT('',(-4.952622071218,-8.978824806276));
#4892 = CARTESIAN_POINT('',(-4.90804070727,-9.010055912578));
#4893 = CARTESIAN_POINT('',(-4.861035516107,-9.033947513292));
#4894 = CARTESIAN_POINT('',(-4.812283937156,-9.050063922741));
#4895 = CARTESIAN_POINT('',(-4.762500140283,-9.058236695091));
#4896 = CARTESIAN_POINT('',(-4.712388980385,-9.058236695091));
#4897 = ( GEOMETRIC_REPRESENTATION_CONTEXT(2) 
PARAMETRIC_REPRESENTATION_CONTEXT() REPRESENTATION_CONTEXT('2D SPACE',''
  ) );
#4898 = PCURVE('',#2759,#4899);
#4899 = DEFINITIONAL_REPRESENTATION('',(#4900),#5023);
#4900 = B_SPLINE_CURVE_WITH_KNOTS('',6,(#4901,#4902,#4903,#4904,#4905,
    #4906,#4907,#4908,#4909,#4910,#4911,#4912,#4913,#4914,#4915,#4916,
    #4917,#4918,#4919,#4920,#4921,#4922,#4923,#4924,#4925,#4926,#4927,
    #4928,#4929,#4930,#4931,#4932,#4933,#4934,#4935,#4936,#4937,#4938,
    #4939,#4940,#4941,#4942,#4943,#4944,#4945,#4946,#4947,#4948,#4949,
    #4950,#4951,#4952,#4953,#4954,#4955,#4956,#4957,#4958,#4959,#4960,
    #4961,#4962,#4963,#4964,#4965,#4966,#4967,#4968,#4969,#4970,#4971,
    #4972,#4973,#4974,#4975,#4976,#4977,#4978,#4979,#4980,#4981,#4982,
    #4983,#4984,#4985,#4986,#4987,#4988,#4989,#4990,#4991,#4992,#4993,
    #4994,#4995,#4996,#4997,#4998,#4999,#5000,#5001,#5002,#5003,#5004,
    #5005,#5006,#5007,#5008,#5009,#5010,#5011,#5012,#5013,#5014,#5015,
    #5016,#5017,#5018,#5019,#5020,#5021,#5022),.UNSPECIFIED.,.T.,.F.,(7,
    5,5,5,5,5,5,5,5,5,5,5,5,5,5,5,5,5,5,5,5,5,5,5,7),(0.,
    6.980840095321E-02,0.100992919226,0.124978703531,0.144517521081,
    0.217861167286,0.249446311534,0.252419339536,0.281692700702,
    0.374813683163,0.430798033511,0.471637981435,0.500293443612,
    0.543370515514,0.569804923706,0.601070443412,0.718778901117,
    0.748003250884,0.750971301246,0.782503563554,0.855724412944,
    0.875230517297,0.899176142997,0.930308454859,1.),.UNSPECIFIED.);
#4901 = CARTESIAN_POINT('',(-2.3262782874,-3.81));
#4902 = CARTESIAN_POINT('',(-2.3262782874,-3.682081242125));
#4903 = CARTESIAN_POINT('',(-2.319783298958,-3.554992405701));
#4904 = CARTESIAN_POINT('',(-2.306949167022,-3.431136661012));
#4905 = CARTESIAN_POINT('',(-2.288266111578,-3.312834780174));
#4906 = CARTESIAN_POINT('',(-2.264544530926,-3.2020548629));
#4907 = CARTESIAN_POINT('',(-2.224551914765,-3.054616000209));
#4908 = CARTESIAN_POINT('',(-2.211382324567,-3.010720409653));
#4909 = CARTESIAN_POINT('',(-2.197453239923,-2.96848827565));
#4910 = CARTESIAN_POINT('',(-2.182822966555,-2.927942236949));
#4911 = CARTESIAN_POINT('',(-2.167546910349,-2.889094585988));
#4912 = CARTESIAN_POINT('',(-2.13947157196,-2.823375157331));
#4913 = CARTESIAN_POINT('',(-2.1269127961,-2.795805132722));
#4914 = CARTESIAN_POINT('',(-2.114023118131,-2.769234396383));
#4915 = CARTESIAN_POINT('',(-2.10082278008,-2.743658166009));
#4916 = CARTESIAN_POINT('',(-2.087330397638,-2.719069675676));
#4917 = CARTESIAN_POINT('',(-2.062348006945,-2.676227879583));
#4918 = CARTESIAN_POINT('',(-2.050950623431,-2.657645467306));
#4919 = CARTESIAN_POINT('',(-2.039380028025,-2.639708438742));
#4920 = CARTESIAN_POINT('',(-2.027644966696,-2.622412151138));
#4921 = CARTESIAN_POINT('',(-2.015753712973,-2.605751819248));
#4922 = CARTESIAN_POINT('',(-1.958520367638,-2.529552671783));
#4923 = CARTESIAN_POINT('',(-1.911193444273,-2.47821938638));
#4924 = CARTESIAN_POINT('',(-1.862191586795,-2.435560224151));
#4925 = CARTESIAN_POINT('',(-1.811895677106,-2.401340700985));
#4926 = CARTESIAN_POINT('',(-1.760630795696,-2.375356099942));
#4927 = CARTESIAN_POINT('',(-1.686318798237,-2.349857965563));
#4928 = CARTESIAN_POINT('',(-1.663833269872,-2.343699284511));
#4929 = CARTESIAN_POINT('',(-1.641259658456,-2.339050397025));
#4930 = CARTESIAN_POINT('',(-1.618626503056,-2.335906702722));
#4931 = CARTESIAN_POINT('',(-1.59596246552,-2.3342658482));
#4932 = CARTESIAN_POINT('',(-1.571162825756,-2.334114726053));
#4933 = CARTESIAN_POINT('',(-1.569029303633,-2.33411503919));
#4934 = CARTESIAN_POINT('',(-1.566895786962,-2.33412866634));
#4935 = CARTESIAN_POINT('',(-1.564762299182,-2.334155607568));
#4936 = CARTESIAN_POINT('',(-1.562628864303,-2.33419586312));
#4937 = CARTESIAN_POINT('',(-1.539489804531,-2.334776903302));
#4938 = CARTESIAN_POINT('',(-1.518491568976,-2.336595240176));
#4939 = CARTESIAN_POINT('',(-1.497523706396,-2.339704833785));
#4940 = CARTESIAN_POINT('',(-1.476609027326,-2.344107733582));
#4941 = CARTESIAN_POINT('',(-1.455770246688,-2.349807648732));
#4942 = CARTESIAN_POINT('',(-1.369053492516,-2.379084841456));
#4943 = CARTESIAN_POINT('',(-1.304205742346,-2.414498103422));
#4944 = CARTESIAN_POINT('',(-1.241038206973,-2.463164067194));
#4945 = CARTESIAN_POINT('',(-1.180200407611,-2.525602182225));
#4946 = CARTESIAN_POINT('',(-1.122513191761,-2.602375212405));
#4947 = CARTESIAN_POINT('',(-1.036895129689,-2.748648405371));
#4948 = CARTESIAN_POINT('',(-1.006222132396,-2.808922372937));
#4949 = CARTESIAN_POINT('',(-0.977257560007,-2.874638958538));
#4950 = CARTESIAN_POINT('',(-0.950274531962,-2.945838938099));
#4951 = CARTESIAN_POINT('',(-0.925584758539,-3.022481397491));
#4952 = CARTESIAN_POINT('',(-0.887456094906,-3.164177521378));
#4953 = CARTESIAN_POINT('',(-0.872771215166,-3.226792695207));
#4954 = CARTESIAN_POINT('',(-0.859664135097,-3.29204734986));
#4955 = CARTESIAN_POINT('',(-0.848295397826,-3.359685512284));
#4956 = CARTESIAN_POINT('',(-0.838805867434,-3.429404296171));
#4957 = CARTESIAN_POINT('',(-0.826061954278,-3.550986715049));
#4958 = CARTESIAN_POINT('',(-0.821795291704,-3.601940947417));
#4959 = CARTESIAN_POINT('',(-0.818563397735,-3.653522046815));
#4960 = CARTESIAN_POINT('',(-0.816397693787,-3.70553005935));
#4961 = CARTESIAN_POINT('',(-0.81531436619,-3.757759629477));
#4962 = CARTESIAN_POINT('',(-0.81531436619,-3.888531701331));
#4963 = CARTESIAN_POINT('',(-0.817762600207,-3.966980277206));
#4964 = CARTESIAN_POINT('',(-0.822648801302,-4.044678261608));
#4965 = CARTESIAN_POINT('',(-0.829894251929,-4.120971372081));
#4966 = CARTESIAN_POINT('',(-0.839351915444,-4.195243976965));
#4967 = CARTESIAN_POINT('',(-0.857835758273,-4.310943898379));
#4968 = CARTESIAN_POINT('',(-0.865622033262,-4.354006643856));
#4969 = CARTESIAN_POINT('',(-0.87412696561,-4.39606158004));
#4970 = CARTESIAN_POINT('',(-0.883310069347,-4.437045605857));
#4971 = CARTESIAN_POINT('',(-0.893128799512,-4.476903738179));
#4972 = CARTESIAN_POINT('',(-0.915850775065,-4.56134456448));
#4973 = CARTESIAN_POINT('',(-0.928991515601,-4.605465477753));
#4974 = CARTESIAN_POINT('',(-0.942898970325,-4.647917466575));
#4975 = CARTESIAN_POINT('',(-0.957514181441,-4.688676705055));
#4976 = CARTESIAN_POINT('',(-0.972781036791,-4.727729926489));
#4977 = CARTESIAN_POINT('',(-1.048375714065,-4.905669019954));
#4978 = CARTESIAN_POINT('',(-1.116762454611,-5.022451512934));
#4979 = CARTESIAN_POINT('',(-1.191210379915,-5.11533269767));
#4980 = CARTESIAN_POINT('',(-1.269883539434,-5.185766863394));
#4981 = CARTESIAN_POINT('',(-1.351493331049,-5.234986520688));
#4982 = CARTESIAN_POINT('',(-1.455770246688,-5.270192351268));
#4983 = CARTESIAN_POINT('',(-1.476609027326,-5.275892266418));
#4984 = CARTESIAN_POINT('',(-1.497523706396,-5.280295166215));
#4985 = CARTESIAN_POINT('',(-1.518491568976,-5.283404759824));
#4986 = CARTESIAN_POINT('',(-1.539489804531,-5.285223096698));
#4987 = CARTESIAN_POINT('',(-1.562628864303,-5.28580413688));
#4988 = CARTESIAN_POINT('',(-1.564762299182,-5.285844392432));
#4989 = CARTESIAN_POINT('',(-1.566895786962,-5.28587133366));
#4990 = CARTESIAN_POINT('',(-1.569029303633,-5.28588496081));
#4991 = CARTESIAN_POINT('',(-1.571162825756,-5.285885273947));
#4992 = CARTESIAN_POINT('',(-1.59596246552,-5.285734151799));
#4993 = CARTESIAN_POINT('',(-1.618626503056,-5.284093297278));
#4994 = CARTESIAN_POINT('',(-1.641259658456,-5.280949602975));
#4995 = CARTESIAN_POINT('',(-1.663833269872,-5.276300715489));
#4996 = CARTESIAN_POINT('',(-1.686318798237,-5.270142034436));
#4997 = CARTESIAN_POINT('',(-1.760630795677,-5.244643900065));
#4998 = CARTESIAN_POINT('',(-1.811895677113,-5.218659299019));
#4999 = CARTESIAN_POINT('',(-1.862191586813,-5.184439775835));
#5000 = CARTESIAN_POINT('',(-1.911193444276,-5.141780613608));
#5001 = CARTESIAN_POINT('',(-1.95852036762,-5.09044732824));
#5002 = CARTESIAN_POINT('',(-2.015753712973,-5.014248180752));
#5003 = CARTESIAN_POINT('',(-2.027644966696,-4.997587848862));
#5004 = CARTESIAN_POINT('',(-2.039380028025,-4.980291561258));
#5005 = CARTESIAN_POINT('',(-2.050950623431,-4.962354532694));
#5006 = CARTESIAN_POINT('',(-2.062348006945,-4.943772120417));
#5007 = CARTESIAN_POINT('',(-2.087330397638,-4.900930324324));
#5008 = CARTESIAN_POINT('',(-2.10082278008,-4.87634183399));
#5009 = CARTESIAN_POINT('',(-2.114023118131,-4.850765603617));
#5010 = CARTESIAN_POINT('',(-2.1269127961,-4.824194867278));
#5011 = CARTESIAN_POINT('',(-2.13947157196,-4.796624842669));
#5012 = CARTESIAN_POINT('',(-2.167546912795,-4.730905408287));
#5013 = CARTESIAN_POINT('',(-2.182822966161,-4.692057765405));
#5014 = CARTESIAN_POINT('',(-2.197453237734,-4.65151173081));
#5015 = CARTESIAN_POINT('',(-2.211382323825,-4.609279591351));
#5016 = CARTESIAN_POINT('',(-2.224551916775,-4.565383992379));
#5017 = CARTESIAN_POINT('',(-2.264544530926,-4.4179451371));
#5018 = CARTESIAN_POINT('',(-2.288266111578,-4.307165219825));
#5019 = CARTESIAN_POINT('',(-2.306949167022,-4.188863338989));
#5020 = CARTESIAN_POINT('',(-2.319783298958,-4.065007594301));
#5021 = CARTESIAN_POINT('',(-2.3262782874,-3.937918757873));
#5022 = CARTESIAN_POINT('',(-2.3262782874,-3.81));
#5023 = ( GEOMETRIC_REPRESENTATION_CONTEXT(2) 
PARAMETRIC_REPRESENTATION_CONTEXT() REPRESENTATION_CONTEXT('2D SPACE',''
  ) );
#5024 = ADVANCED_FACE('',(#5025),#904,.F.);
#5025 = FACE_BOUND('',#5026,.T.);
#5026 = EDGE_LOOP('',(#5027,#5028,#5049,#5075));
#5027 = ORIENTED_EDGE('',*,*,#887,.T.);
#5028 = ORIENTED_EDGE('',*,*,#5029,.T.);
#5029 = EDGE_CURVE('',#888,#5030,#5032,.T.);
#5030 = VERTEX_POINT('',#5031);
#5031 = CARTESIAN_POINT('',(496.9764,25.654,0.));
#5032 = SEAM_CURVE('',#5033,(#5037,#5043),.PCURVE_S1.);
#5033 = LINE('',#5034,#5035);
#5034 = CARTESIAN_POINT('',(496.9764,37.084,0.));
#5035 = VECTOR('',#5036,1.);
#5036 = DIRECTION('',(0.,-1.,0.));
#5037 = PCURVE('',#904,#5038);
#5038 = DEFINITIONAL_REPRESENTATION('',(#5039),#5042);
#5039 = B_SPLINE_CURVE_WITH_KNOTS('',1,(#5040,#5041),.UNSPECIFIED.,.F.,
  .F.,(2,2),(0.254,11.43),.PIECEWISE_BEZIER_KNOTS.);
#5040 = CARTESIAN_POINT('',(-6.28318530718,-0.254));
#5041 = CARTESIAN_POINT('',(-6.28318530718,-11.43));
#5042 = ( GEOMETRIC_REPRESENTATION_CONTEXT(2) 
PARAMETRIC_REPRESENTATION_CONTEXT() REPRESENTATION_CONTEXT('2D SPACE',''
  ) );
#5043 = PCURVE('',#904,#5044);
#5044 = DEFINITIONAL_REPRESENTATION('',(#5045),#5048);
#5045 = B_SPLINE_CURVE_WITH_KNOTS('',1,(#5046,#5047),.UNSPECIFIED.,.F.,
  .F.,(2,2),(0.254,11.43),.PIECEWISE_BEZIER_KNOTS.);
#5046 = CARTESIAN_POINT('',(0.,-0.254));
#5047 = CARTESIAN_POINT('',(0.,-11.43));
#5048 = ( GEOMETRIC_REPRESENTATION_CONTEXT(2) 
PARAMETRIC_REPRESENTATION_CONTEXT() REPRESENTATION_CONTEXT('2D SPACE',''
  ) );
#5049 = ORIENTED_EDGE('',*,*,#5050,.T.);
#5050 = EDGE_CURVE('',#5030,#5030,#5051,.T.);
#5051 = SURFACE_CURVE('',#5052,(#5057,#5063),.PCURVE_S1.);
#5052 = CIRCLE('',#5053,4.2164);
#5053 = AXIS2_PLACEMENT_3D('',#5054,#5055,#5056);
#5054 = CARTESIAN_POINT('',(492.76,25.654,0.));
#5055 = DIRECTION('',(0.,-1.,0.));
#5056 = DIRECTION('',(1.,0.,0.));
#5057 = PCURVE('',#904,#5058);
#5058 = DEFINITIONAL_REPRESENTATION('',(#5059),#5062);
#5059 = B_SPLINE_CURVE_WITH_KNOTS('',1,(#5060,#5061),.UNSPECIFIED.,.F.,
  .F.,(2,2),(0.,6.28318530718),.PIECEWISE_BEZIER_KNOTS.);
#5060 = CARTESIAN_POINT('',(0.,-11.43));
#5061 = CARTESIAN_POINT('',(-6.28318530718,-11.43));
#5062 = ( GEOMETRIC_REPRESENTATION_CONTEXT(2) 
PARAMETRIC_REPRESENTATION_CONTEXT() REPRESENTATION_CONTEXT('2D SPACE',''
  ) );
#5063 = PCURVE('',#5064,#5069);
#5064 = PLANE('',#5065);
#5065 = AXIS2_PLACEMENT_3D('',#5066,#5067,#5068);
#5066 = CARTESIAN_POINT('',(492.76,25.654,2.365417234828E-16));
#5067 = DIRECTION('',(-0.,-1.,-0.));
#5068 = DIRECTION('',(0.,0.,-1.));
#5069 = DEFINITIONAL_REPRESENTATION('',(#5070),#5074);
#5070 = CIRCLE('',#5071,4.2164);
#5071 = AXIS2_PLACEMENT_2D('',#5072,#5073);
#5072 = CARTESIAN_POINT('',(2.365417234828E-16,0.));
#5073 = DIRECTION('',(0.,1.));
#5074 = ( GEOMETRIC_REPRESENTATION_CONTEXT(2) 
PARAMETRIC_REPRESENTATION_CONTEXT() REPRESENTATION_CONTEXT('2D SPACE',''
  ) );
#5075 = ORIENTED_EDGE('',*,*,#5029,.F.);
#5076 = ADVANCED_FACE('',(#5077,#5128),#934,.F.);
#5077 = FACE_BOUND('',#5078,.T.);
#5078 = EDGE_LOOP('',(#5079,#5100,#5101,#5102));
#5079 = ORIENTED_EDGE('',*,*,#5080,.F.);
#5080 = EDGE_CURVE('',#918,#5081,#5083,.T.);
#5081 = VERTEX_POINT('',#5082);
#5082 = CARTESIAN_POINT('',(503.7887,21.844,25.4));
#5083 = SEAM_CURVE('',#5084,(#5088,#5094),.PCURVE_S1.);
#5084 = LINE('',#5085,#5086);
#5085 = CARTESIAN_POINT('',(503.7887,37.084,25.4));
#5086 = VECTOR('',#5087,1.);
#5087 = DIRECTION('',(0.,-1.,0.));
#5088 = PCURVE('',#934,#5089);
#5089 = DEFINITIONAL_REPRESENTATION('',(#5090),#5093);
#5090 = B_SPLINE_CURVE_WITH_KNOTS('',1,(#5091,#5092),.UNSPECIFIED.,.F.,
  .F.,(2,2),(0.254,15.24),.PIECEWISE_BEZIER_KNOTS.);
#5091 = CARTESIAN_POINT('',(-6.28318530718,-0.254));
#5092 = CARTESIAN_POINT('',(-6.28318530718,-15.24));
#5093 = ( GEOMETRIC_REPRESENTATION_CONTEXT(2) 
PARAMETRIC_REPRESENTATION_CONTEXT() REPRESENTATION_CONTEXT('2D SPACE',''
  ) );
#5094 = PCURVE('',#934,#5095);
#5095 = DEFINITIONAL_REPRESENTATION('',(#5096),#5099);
#5096 = B_SPLINE_CURVE_WITH_KNOTS('',1,(#5097,#5098),.UNSPECIFIED.,.F.,
  .F.,(2,2),(0.254,15.24),.PIECEWISE_BEZIER_KNOTS.);
#5097 = CARTESIAN_POINT('',(0.,-0.254));
#5098 = CARTESIAN_POINT('',(0.,-15.24));
#5099 = ( GEOMETRIC_REPRESENTATION_CONTEXT(2) 
PARAMETRIC_REPRESENTATION_CONTEXT() REPRESENTATION_CONTEXT('2D SPACE',''
  ) );
#5100 = ORIENTED_EDGE('',*,*,#917,.T.);
#5101 = ORIENTED_EDGE('',*,*,#5080,.T.);
#5102 = ORIENTED_EDGE('',*,*,#5103,.T.);
#5103 = EDGE_CURVE('',#5081,#5081,#5104,.T.);
#5104 = SURFACE_CURVE('',#5105,(#5110,#5116),.PCURVE_S1.);
#5105 = CIRCLE('',#5106,2.5527);
#5106 = AXIS2_PLACEMENT_3D('',#5107,#5108,#5109);
#5107 = CARTESIAN_POINT('',(501.236,21.844,25.4));
#5108 = DIRECTION('',(0.,-1.,0.));
#5109 = DIRECTION('',(1.,0.,0.));
#5110 = PCURVE('',#934,#5111);
#5111 = DEFINITIONAL_REPRESENTATION('',(#5112),#5115);
#5112 = B_SPLINE_CURVE_WITH_KNOTS('',1,(#5113,#5114),.UNSPECIFIED.,.F.,
  .F.,(2,2),(0.,6.28318530718),.PIECEWISE_BEZIER_KNOTS.);
#5113 = CARTESIAN_POINT('',(0.,-15.24));
#5114 = CARTESIAN_POINT('',(-6.28318530718,-15.24));
#5115 = ( GEOMETRIC_REPRESENTATION_CONTEXT(2) 
PARAMETRIC_REPRESENTATION_CONTEXT() REPRESENTATION_CONTEXT('2D SPACE',''
  ) );
#5116 = PCURVE('',#5117,#5122);
#5117 = PLANE('',#5118);
#5118 = AXIS2_PLACEMENT_3D('',#5119,#5120,#5121);
#5119 = CARTESIAN_POINT('',(501.236,21.844,25.4));
#5120 = DIRECTION('',(-0.,-1.,-0.));
#5121 = DIRECTION('',(0.,0.,-1.));
#5122 = DEFINITIONAL_REPRESENTATION('',(#5123),#5127);
#5123 = CIRCLE('',#5124,2.5527);
#5124 = AXIS2_PLACEMENT_2D('',#5125,#5126);
#5125 = CARTESIAN_POINT('',(0.,0.));
#5126 = DIRECTION('',(0.,1.));
#5127 = ( GEOMETRIC_REPRESENTATION_CONTEXT(2) 
PARAMETRIC_REPRESENTATION_CONTEXT() REPRESENTATION_CONTEXT('2D SPACE',''
  ) );
#5128 = FACE_BOUND('',#5129,.T.);
#5129 = EDGE_LOOP('',(#5130));
#5130 = ORIENTED_EDGE('',*,*,#5131,.T.);
#5131 = EDGE_CURVE('',#5132,#5132,#5134,.T.);
#5132 = VERTEX_POINT('',#5133);
#5133 = CARTESIAN_POINT('',(501.236,30.394236695091,27.9527));
#5134 = SURFACE_CURVE('',#5135,(#5258,#5384),.PCURVE_S1.);
#5135 = B_SPLINE_CURVE_WITH_KNOTS('',6,(#5136,#5137,#5138,#5139,#5140,
    #5141,#5142,#5143,#5144,#5145,#5146,#5147,#5148,#5149,#5150,#5151,
    #5152,#5153,#5154,#5155,#5156,#5157,#5158,#5159,#5160,#5161,#5162,
    #5163,#5164,#5165,#5166,#5167,#5168,#5169,#5170,#5171,#5172,#5173,
    #5174,#5175,#5176,#5177,#5178,#5179,#5180,#5181,#5182,#5183,#5184,
    #5185,#5186,#5187,#5188,#5189,#5190,#5191,#5192,#5193,#5194,#5195,
    #5196,#5197,#5198,#5199,#5200,#5201,#5202,#5203,#5204,#5205,#5206,
    #5207,#5208,#5209,#5210,#5211,#5212,#5213,#5214,#5215,#5216,#5217,
    #5218,#5219,#5220,#5221,#5222,#5223,#5224,#5225,#5226,#5227,#5228,
    #5229,#5230,#5231,#5232,#5233,#5234,#5235,#5236,#5237,#5238,#5239,
    #5240,#5241,#5242,#5243,#5244,#5245,#5246,#5247,#5248,#5249,#5250,
    #5251,#5252,#5253,#5254,#5255,#5256,#5257),.UNSPECIFIED.,.T.,.F.,(7,
    5,5,5,5,5,5,5,5,5,5,5,5,5,5,5,5,5,5,5,5,5,5,5,7),(0.,
    6.980838620539E-02,0.100992892807,0.124978664439,0.144517471665,
    0.217861084039,0.249446211738,0.252419238182,0.281692584011,
    0.374813517683,0.430797838699,0.471637765227,0.500293220084,
    0.543370291625,0.569804707188,0.601070244725,0.718778769558,
    0.748003135992,0.750971188046,0.782503468337,0.855724364073,
    0.875230479464,0.899176118714,0.930308443394,1.),.UNSPECIFIED.);
#5136 = CARTESIAN_POINT('',(501.236,30.394236695091,27.9527));
#5137 = CARTESIAN_POINT('',(501.10808124209,30.394236695091,27.9527));
#5138 = CARTESIAN_POINT('',(500.98099240573,30.386063922746,
    27.945015520927));
#5139 = CARTESIAN_POINT('',(500.85713666101,30.369947513289,
    27.929797831871));
#5140 = CARTESIAN_POINT('',(500.73883478013,30.346055912571,
    27.908088180154));
#5141 = CARTESIAN_POINT('',(500.62805486291,30.314824806283,
    27.881519028668));
#5142 = CARTESIAN_POINT('',(500.48061600762,30.260515447875,
    27.838835509502));
#5143 = CARTESIAN_POINT('',(500.43672040864,30.242436406305,
    27.825027876799));
#5144 = CARTESIAN_POINT('',(500.39448826919,30.223085803762,
    27.810724579564));
#5145 = CARTESIAN_POINT('',(500.35394223459,30.202503941485,
    27.796053393698));
#5146 = CARTESIAN_POINT('',(500.31509459171,30.180733542645,
    27.781137686563));
#5147 = CARTESIAN_POINT('',(500.24937515733,30.140195457419,
    27.754527323966));
#5148 = CARTESIAN_POINT('',(500.22180513272,30.121892335954,
    27.742881986753));
#5149 = CARTESIAN_POINT('',(500.19523439638,30.102928332352,
    27.73121230335));
#5150 = CARTESIAN_POINT('',(500.169658166,30.083321637477,
    27.719567504433));
#5151 = CARTESIAN_POINT('',(500.14506967567,30.063090688657,
    27.707994153347));
#5152 = CARTESIAN_POINT('',(500.10222787958,30.02528074336,
    27.687202454525));
#5153 = CARTESIAN_POINT('',(500.0836454673,30.007905594414,
    27.677945352275));
#5154 = CARTESIAN_POINT('',(500.06570843874,29.990138879541,
    27.668788588855));
#5155 = CARTESIAN_POINT('',(500.04841215113,29.971991157151,
    27.659754849773));
#5156 = CARTESIAN_POINT('',(500.03175181924,29.953473387359,
    27.650865756546));
#5157 = CARTESIAN_POINT('',(499.95555266774,29.863739616626,
    27.609394647912));
#5158 = CARTESIAN_POINT('',(499.90421939076,29.787762366234,
    27.578943818286));
#5159 = CARTESIAN_POINT('',(499.8615602255,29.707326729336,
    27.551925238034));
#5160 = CARTESIAN_POINT('',(499.82734069724,29.623212440292,
    27.529235839618));
#5161 = CARTESIAN_POINT('',(499.80135610105,29.53627648482,
    27.511526438742));
#5162 = CARTESIAN_POINT('',(499.77585796556,29.409143108653,
    27.493883865728));
#5163 = CARTESIAN_POINT('',(499.76969928451,29.370531878691,
    27.489572680104));
#5164 = CARTESIAN_POINT('',(499.76505039702,29.331659701559,
    27.486292891297));
#5165 = CARTESIAN_POINT('',(499.76190670272,29.292609686877,
    27.484066033029));
#5166 = CARTESIAN_POINT('',(499.7602658482,29.253466827968,
    27.482903269926));
#5167 = CARTESIAN_POINT('',(499.76011472605,29.210633024023,
    27.482796185036));
#5168 = CARTESIAN_POINT('',(499.76011503919,29.206947992539,
    27.482796406778));
#5169 = CARTESIAN_POINT('',(499.76012866633,29.203262977085,
    27.482806063222));
#5170 = CARTESIAN_POINT('',(499.76015560756,29.19957804833,
    27.482825154017));
#5171 = CARTESIAN_POINT('',(499.76019586312,29.195893277931,
    27.482853677981));
#5172 = CARTESIAN_POINT('',(499.7607769033,29.155929614197,
    27.483265351044));
#5173 = CARTESIAN_POINT('',(499.76259524017,29.119672589526,
    27.484553473794));
#5174 = CARTESIAN_POINT('',(499.76570483378,29.083506680691,
    27.486753923426));
#5175 = CARTESIAN_POINT('',(499.77010773358,29.047499456389,
    27.489856983106));
#5176 = CARTESIAN_POINT('',(499.77580764873,29.011717037849,
    27.493845297094));
#5177 = CARTESIAN_POINT('',(499.80508484145,28.863318124926,
    27.514117584447));
#5178 = CARTESIAN_POINT('',(499.84049810342,28.753563056603,
    27.538213922758));
#5179 = CARTESIAN_POINT('',(499.88916406719,28.648716854095,
    27.570171043413));
#5180 = CARTESIAN_POINT('',(499.95160218222,28.550453196048,
    27.608545182945));
#5181 = CARTESIAN_POINT('',(500.0283752124,28.4602500702,27.651274749456
    ));
#5182 = CARTESIAN_POINT('',(500.17464840537,28.330598160661,
    27.722399526047));
#5183 = CARTESIAN_POINT('',(500.23492237293,28.285179216266,
    27.749757684775));
#5184 = CARTESIAN_POINT('',(500.30063895853,28.243294027665,
    27.777203719814));
#5185 = CARTESIAN_POINT('',(500.37183893809,28.205181196461,
    27.80408418229));
#5186 = CARTESIAN_POINT('',(500.44848139749,28.171060756609,
    27.829682993497));
#5187 = CARTESIAN_POINT('',(500.59017752137,28.119329581354,
    27.870436834609));
#5188 = CARTESIAN_POINT('',(500.6527926952,28.099741945169,
    27.886557761119));
#5189 = CARTESIAN_POINT('',(500.71804734985,28.0825200048,
    27.901260018258));
#5190 = CARTESIAN_POINT('',(500.78568551228,28.067773929515,
    27.91423075012));
#5191 = CARTESIAN_POINT('',(500.85540429617,28.055590646481,
    27.92519409834));
#5192 = CARTESIAN_POINT('',(500.9769867285,28.03932827986,
    27.940027583632));
#5193 = CARTESIAN_POINT('',(501.02794094393,28.033922805584,
    27.945036575577));
#5194 = CARTESIAN_POINT('',(501.07952203335,28.029848185638,
    27.948852278514));
#5195 = CARTESIAN_POINT('',(501.13153005542,28.027124932795,
    27.951416749089));
#5196 = CARTESIAN_POINT('',(501.18375964238,28.025763304909,27.9527));
#5197 = CARTESIAN_POINT('',(501.31453170133,28.025763304909,27.9527));
#5198 = CARTESIAN_POINT('',(501.3929802772,28.028842143274,
    27.949801277873));
#5199 = CARTESIAN_POINT('',(501.4706782616,28.034983589526,
    27.944013254805));
#5200 = CARTESIAN_POINT('',(501.54697137208,28.044148755737,27.93549106)
  );
#5201 = CARTESIAN_POINT('',(501.62124397696,28.056249877106,
    27.924514908922));
#5202 = CARTESIAN_POINT('',(501.73694391101,28.080251713739,
    27.903464103348));
#5203 = CARTESIAN_POINT('',(501.78000664117,28.090429499738,
    27.89467310728));
#5204 = CARTESIAN_POINT('',(501.82206156803,28.101635388731,
    27.885173222462));
#5205 = CARTESIAN_POINT('',(501.86304560209,28.113843882007,
    27.875045149051));
#5206 = CARTESIAN_POINT('',(501.90290374945,28.127026043939,
    27.864373558223));
#5207 = CARTESIAN_POINT('',(501.98734456448,28.157854146226,
    27.840087166581));
#5208 = CARTESIAN_POINT('',(502.03146547775,28.175876932849,
    27.826288045978));
#5209 = CARTESIAN_POINT('',(502.07391746657,28.195179732796,
    27.811983003651));
#5210 = CARTESIAN_POINT('',(502.11467670505,28.215721887342,
    27.797300986185));
#5211 = CARTESIAN_POINT('',(502.15372992649,28.237460208096,
    27.78236661346));
#5212 = CARTESIAN_POINT('',(502.33166901995,28.346520635495,
    27.710578050853));
#5213 = CARTESIAN_POINT('',(502.44845151293,28.449243004159,
    27.651809039712));
#5214 = CARTESIAN_POINT('',(502.54133269767,28.56646036764,
    27.597192375828));
#5215 = CARTESIAN_POINT('',(502.61176686339,28.695569145362,
    27.551633541531));
#5216 = CARTESIAN_POINT('',(502.66098652068,28.833267312977,
    27.518222727018));
#5217 = CARTESIAN_POINT('',(502.69619235126,29.011717037849,
    27.493845297094));
#5218 = CARTESIAN_POINT('',(502.70189226641,29.047499456389,
    27.489856983106));
#5219 = CARTESIAN_POINT('',(502.70629516621,29.083506680691,
    27.486753923426));
#5220 = CARTESIAN_POINT('',(502.70940475982,29.119672589526,
    27.484553473794));
#5221 = CARTESIAN_POINT('',(502.71122309669,29.155929614197,
    27.483265351044));
#5222 = CARTESIAN_POINT('',(502.71180413688,29.195893277931,
    27.482853677981));
#5223 = CARTESIAN_POINT('',(502.71184439243,29.19957804833,
    27.482825154017));
#5224 = CARTESIAN_POINT('',(502.71187133366,29.203262977085,
    27.482806063222));
#5225 = CARTESIAN_POINT('',(502.71188496081,29.206947992539,
    27.482796406778));
#5226 = CARTESIAN_POINT('',(502.71188527394,29.210633024023,
    27.482796185036));
#5227 = CARTESIAN_POINT('',(502.71173415179,29.253466827968,
    27.482903269926));
#5228 = CARTESIAN_POINT('',(502.71009329727,29.292609686877,
    27.484066033029));
#5229 = CARTESIAN_POINT('',(502.70694960297,29.331659701559,
    27.486292891297));
#5230 = CARTESIAN_POINT('',(502.70230071548,29.370531878691,
    27.489572680104));
#5231 = CARTESIAN_POINT('',(502.69614203443,29.409143108653,
    27.493883865728));
#5232 = CARTESIAN_POINT('',(502.67064389894,29.536276484788,
    27.511526438738));
#5233 = CARTESIAN_POINT('',(502.64465930275,29.623212440305,
    27.529235839616));
#5234 = CARTESIAN_POINT('',(502.61043977447,29.707326729366,
    27.551925238043));
#5235 = CARTESIAN_POINT('',(502.56778060922,29.787762366237,
    27.578943818292));
#5236 = CARTESIAN_POINT('',(502.51644733227,29.863739616599,
    27.609394647899));
#5237 = CARTESIAN_POINT('',(502.44024818075,29.953473387359,
    27.650865756546));
#5238 = CARTESIAN_POINT('',(502.42358784886,29.971991157151,
    27.659754849773));
#5239 = CARTESIAN_POINT('',(502.40629156125,29.990138879541,
    27.668788588855));
#5240 = CARTESIAN_POINT('',(502.38835453269,30.007905594414,
    27.677945352275));
#5241 = CARTESIAN_POINT('',(502.36977212041,30.02528074336,
    27.687202454525));
#5242 = CARTESIAN_POINT('',(502.32693032432,30.063090688657,
    27.707994153347));
#5243 = CARTESIAN_POINT('',(502.30234183399,30.083321637477,
    27.719567504433));
#5244 = CARTESIAN_POINT('',(502.27676560361,30.102928332352,
    27.73121230335));
#5245 = CARTESIAN_POINT('',(502.25019486727,30.121892335954,
    27.742881986753));
#5246 = CARTESIAN_POINT('',(502.22262484266,30.140195457419,
    27.754527323966));
#5247 = CARTESIAN_POINT('',(502.15690541401,30.180733539113,
    27.781137684244));
#5248 = CARTESIAN_POINT('',(502.11805776305,30.202503941962,
    27.796053394202));
#5249 = CARTESIAN_POINT('',(502.07751172434,30.223085806836,
    27.810724581762));
#5250 = CARTESIAN_POINT('',(502.03527959034,30.242436407422,
    27.82502787744));
#5251 = CARTESIAN_POINT('',(501.99138399979,30.260515445144,
    27.838835507355));
#5252 = CARTESIAN_POINT('',(501.84394514569,30.314824803111,
    27.881519026175));
#5253 = CARTESIAN_POINT('',(501.73316520237,30.34605591581,
    27.908088182755));
#5254 = CARTESIAN_POINT('',(501.61486334242,30.369947514672,
    27.929797832951));
#5255 = CARTESIAN_POINT('',(501.49100761383,30.386063920082,
    27.945015518767));
#5256 = CARTESIAN_POINT('',(501.36391874306,30.394236695091,27.9527));
#5257 = CARTESIAN_POINT('',(501.236,30.394236695091,27.9527));
#5258 = PCURVE('',#934,#5259);
#5259 = DEFINITIONAL_REPRESENTATION('',(#5260),#5383);
#5260 = B_SPLINE_CURVE_WITH_KNOTS('',6,(#5261,#5262,#5263,#5264,#5265,
    #5266,#5267,#5268,#5269,#5270,#5271,#5272,#5273,#5274,#5275,#5276,
    #5277,#5278,#5279,#5280,#5281,#5282,#5283,#5284,#5285,#5286,#5287,
    #5288,#5289,#5290,#5291,#5292,#5293,#5294,#5295,#5296,#5297,#5298,
    #5299,#5300,#5301,#5302,#5303,#5304,#5305,#5306,#5307,#5308,#5309,
    #5310,#5311,#5312,#5313,#5314,#5315,#5316,#5317,#5318,#5319,#5320,
    #5321,#5322,#5323,#5324,#5325,#5326,#5327,#5328,#5329,#5330,#5331,
    #5332,#5333,#5334,#5335,#5336,#5337,#5338,#5339,#5340,#5341,#5342,
    #5343,#5344,#5345,#5346,#5347,#5348,#5349,#5350,#5351,#5352,#5353,
    #5354,#5355,#5356,#5357,#5358,#5359,#5360,#5361,#5362,#5363,#5364,
    #5365,#5366,#5367,#5368,#5369,#5370,#5371,#5372,#5373,#5374,#5375,
    #5376,#5377,#5378,#5379,#5380,#5381,#5382),.UNSPECIFIED.,.T.,.F.,(7,
    5,5,5,5,5,5,5,5,5,5,5,5,5,5,5,5,5,5,5,5,5,5,5,7),(0.,
    6.980838620539E-02,0.100992892807,0.124978664439,0.144517471665,
    0.217861084039,0.249446211738,0.252419238182,0.281692584011,
    0.374813517683,0.430797838699,0.471637765227,0.500293220084,
    0.543370291625,0.569804707188,0.601070244725,0.718778769558,
    0.748003135992,0.750971188046,0.782503468337,0.855724364073,
    0.875230479464,0.899176118714,0.930308443394,1.),.UNSPECIFIED.);
#5261 = CARTESIAN_POINT('',(-1.570796326795,-6.689763304909));
#5262 = CARTESIAN_POINT('',(-1.620907486705,-6.689763304909));
#5263 = CARTESIAN_POINT('',(-1.67069128355,-6.697936077254));
#5264 = CARTESIAN_POINT('',(-1.719442862515,-6.714052486711));
#5265 = CARTESIAN_POINT('',(-1.766448053695,-6.737944087429));
#5266 = CARTESIAN_POINT('',(-1.811029417621,-6.769175193717));
#5267 = CARTESIAN_POINT('',(-1.871159081455,-6.823484552125));
#5268 = CARTESIAN_POINT('',(-1.889180823595,-6.841563593695));
#5269 = CARTESIAN_POINT('',(-1.90664198174,-6.860914196238));
#5270 = CARTESIAN_POINT('',(-1.923528384562,-6.881496058515));
#5271 = CARTESIAN_POINT('',(-1.939827224878,-6.903266457355));
#5272 = CARTESIAN_POINT('',(-1.967602692484,-6.943804542581));
#5273 = CARTESIAN_POINT('',(-1.979325700326,-6.962107664046));
#5274 = CARTESIAN_POINT('',(-1.990692553635,-6.981071667648));
#5275 = CARTESIAN_POINT('',(-2.001700049878,-7.000678362523));
#5276 = CARTESIAN_POINT('',(-2.012345313538,-7.020909311343));
#5277 = CARTESIAN_POINT('',(-2.031000276215,-7.05871925664));
#5278 = CARTESIAN_POINT('',(-2.039132627027,-7.076094405586));
#5279 = CARTESIAN_POINT('',(-2.047021400956,-7.093861120459));
#5280 = CARTESIAN_POINT('',(-2.054665124972,-7.112008842849));
#5281 = CARTESIAN_POINT('',(-2.062062300604,-7.130526612641));
#5282 = CARTESIAN_POINT('',(-2.096047282836,-7.220260383374));
#5283 = CARTESIAN_POINT('',(-2.119412841315,-7.296237633766));
#5284 = CARTESIAN_POINT('',(-2.13918502647,-7.376673270664));
#5285 = CARTESIAN_POINT('',(-2.155267986969,-7.460787559708));
#5286 = CARTESIAN_POINT('',(-2.167585982461,-7.54772351518));
#5287 = CARTESIAN_POINT('',(-2.179732610582,-7.674856891347));
#5288 = CARTESIAN_POINT('',(-2.182677587269,-7.713468121309));
#5289 = CARTESIAN_POINT('',(-2.184906326146,-7.752340298441));
#5290 = CARTESIAN_POINT('',(-2.186415497409,-7.791390313123));
#5291 = CARTESIAN_POINT('',(-2.18720333834,-7.830533172032));
#5292 = CARTESIAN_POINT('',(-2.187275895358,-7.873366975977));
#5293 = CARTESIAN_POINT('',(-2.187275745047,-7.877052007461));
#5294 = CARTESIAN_POINT('',(-2.187269202296,-7.880737022915));
#5295 = CARTESIAN_POINT('',(-2.187256267163,-7.88442195167));
#5296 = CARTESIAN_POINT('',(-2.187236939838,-7.888106722069));
#5297 = CARTESIAN_POINT('',(-2.186957981407,-7.928070385803));
#5298 = CARTESIAN_POINT('',(-2.18608502392,-7.964327410474));
#5299 = CARTESIAN_POINT('',(-2.184592730498,-8.000493319309));
#5300 = CARTESIAN_POINT('',(-2.182482633845,-8.036500543611));
#5301 = CARTESIAN_POINT('',(-2.179757417048,-8.072282962151));
#5302 = CARTESIAN_POINT('',(-2.165807220151,-8.220681875074));
#5303 = CARTESIAN_POINT('',(-2.149028828529,-8.330436943397));
#5304 = CARTESIAN_POINT('',(-2.126223416258,-8.435283145905));
#5305 = CARTESIAN_POINT('',(-2.097541172206,-8.533546803952));
#5306 = CARTESIAN_POINT('',(-2.063173285853,-8.6237499298));
#5307 = CARTESIAN_POINT('',(-1.999456968914,-8.753401839338));
#5308 = CARTESIAN_POINT('',(-1.97353568014,-8.798820783734));
#5309 = CARTESIAN_POINT('',(-1.945657538282,-8.840705972335));
#5310 = CARTESIAN_POINT('',(-1.915874262264,-8.878818803539));
#5311 = CARTESIAN_POINT('',(-1.884248129346,-8.912939243391));
#5312 = CARTESIAN_POINT('',(-1.826489526742,-8.964670418646));
#5313 = CARTESIAN_POINT('',(-1.801171109244,-8.984258054831));
#5314 = CARTESIAN_POINT('',(-1.774985627396,-9.0014799952));
#5315 = CARTESIAN_POINT('',(-1.748027651646,-9.016226070485));
#5316 = CARTESIAN_POINT('',(-1.720397225553,-9.028409353519));
#5317 = CARTESIAN_POINT('',(-1.67241510517,-9.04467172014));
#5318 = CARTESIAN_POINT('',(-1.652363803444,-9.050077194416));
#5319 = CARTESIAN_POINT('',(-1.632110772888,-9.054151814362));
#5320 = CARTESIAN_POINT('',(-1.611721285499,-9.056875067205));
#5321 = CARTESIAN_POINT('',(-1.591261072992,-9.058236695091));
#5322 = CARTESIAN_POINT('',(-1.540032155003,-9.058236695091));
#5323 = CARTESIAN_POINT('',(-1.509300641278,-9.055157856726));
#5324 = CARTESIAN_POINT('',(-1.478810414791,-9.049016410474));
#5325 = CARTESIAN_POINT('',(-1.44876668824,-9.039851244263));
#5326 = CARTESIAN_POINT('',(-1.419371157504,-9.027750122894));
#5327 = CARTESIAN_POINT('',(-1.373302537161,-9.003748286261));
#5328 = CARTESIAN_POINT('',(-1.356089094616,-8.993570500262));
#5329 = CARTESIAN_POINT('',(-1.339204626276,-8.982364611269));
#5330 = CARTESIAN_POINT('',(-1.322671203313,-8.970156117993));
#5331 = CARTESIAN_POINT('',(-1.306509915468,-8.956973956061));
#5332 = CARTESIAN_POINT('',(-1.27208989504,-8.926145853774));
#5333 = CARTESIAN_POINT('',(-1.25398499639,-8.908123067151));
#5334 = CARTESIAN_POINT('',(-1.236442109275,-8.888820267204));
#5335 = CARTESIAN_POINT('',(-1.219475778403,-8.868278112658));
#5336 = CARTESIAN_POINT('',(-1.203099159006,-8.846539791904));
#5337 = CARTESIAN_POINT('',(-1.127933746918,-8.737479364505));
#5338 = CARTESIAN_POINT('',(-1.076895057863,-8.634756995841));
#5339 = CARTESIAN_POINT('',(-1.03476565463,-8.51753963236));
#5340 = CARTESIAN_POINT('',(-1.001912591031,-8.388430854638));
#5341 = CARTESIAN_POINT('',(-0.978610351326,-8.250732687023));
#5342 = CARTESIAN_POINT('',(-0.961835236542,-8.072282962151));
#5343 = CARTESIAN_POINT('',(-0.959110019745,-8.036500543611));
#5344 = CARTESIAN_POINT('',(-0.956999923092,-8.000493319309));
#5345 = CARTESIAN_POINT('',(-0.95550762967,-7.964327410474));
#5346 = CARTESIAN_POINT('',(-0.954634672182,-7.928070385803));
#5347 = CARTESIAN_POINT('',(-0.954355713751,-7.888106722069));
#5348 = CARTESIAN_POINT('',(-0.954336386426,-7.88442195167));
#5349 = CARTESIAN_POINT('',(-0.954323451294,-7.880737022915));
#5350 = CARTESIAN_POINT('',(-0.954316908543,-7.877052007461));
#5351 = CARTESIAN_POINT('',(-0.954316758232,-7.873366975977));
#5352 = CARTESIAN_POINT('',(-0.95438931525,-7.830533172032));
#5353 = CARTESIAN_POINT('',(-0.955177156181,-7.791390313123));
#5354 = CARTESIAN_POINT('',(-0.956686327444,-7.752340298441));
#5355 = CARTESIAN_POINT('',(-0.958915066321,-7.713468121309));
#5356 = CARTESIAN_POINT('',(-0.961860043008,-7.674856891347));
#5357 = CARTESIAN_POINT('',(-0.974006671125,-7.547723515212));
#5358 = CARTESIAN_POINT('',(-0.986324666619,-7.460787559695));
#5359 = CARTESIAN_POINT('',(-1.002407627127,-7.376673270634));
#5360 = CARTESIAN_POINT('',(-1.02217981228,-7.296237633763));
#5361 = CARTESIAN_POINT('',(-1.045545370743,-7.220260383401));
#5362 = CARTESIAN_POINT('',(-1.079530352986,-7.130526612641));
#5363 = CARTESIAN_POINT('',(-1.086927528618,-7.112008842849));
#5364 = CARTESIAN_POINT('',(-1.094571252633,-7.093861120459));
#5365 = CARTESIAN_POINT('',(-1.102460026563,-7.076094405586));
#5366 = CARTESIAN_POINT('',(-1.110592377375,-7.05871925664));
#5367 = CARTESIAN_POINT('',(-1.129247340052,-7.020909311343));
#5368 = CARTESIAN_POINT('',(-1.139892603712,-7.000678362523));
#5369 = CARTESIAN_POINT('',(-1.150900099955,-6.981071667648));
#5370 = CARTESIAN_POINT('',(-1.162266953263,-6.962107664046));
#5371 = CARTESIAN_POINT('',(-1.173989961106,-6.943804542581));
#5372 = CARTESIAN_POINT('',(-1.201765426291,-6.903266460887));
#5373 = CARTESIAN_POINT('',(-1.218064269966,-6.881496058038));
#5374 = CARTESIAN_POINT('',(-1.234950674527,-6.860914193164));
#5375 = CARTESIAN_POINT('',(-1.25241183045,-6.841563592578));
#5376 = CARTESIAN_POINT('',(-1.270433569111,-6.823484554856));
#5377 = CARTESIAN_POINT('',(-1.330563232457,-6.769175196889));
#5378 = CARTESIAN_POINT('',(-1.375144606878,-6.73794408419));
#5379 = CARTESIAN_POINT('',(-1.42214978979,-6.714052485328));
#5380 = CARTESIAN_POINT('',(-1.470901362264,-6.697936079918));
#5381 = CARTESIAN_POINT('',(-1.520685172697,-6.689763304909));
#5382 = CARTESIAN_POINT('',(-1.570796326795,-6.689763304909));
#5383 = ( GEOMETRIC_REPRESENTATION_CONTEXT(2) 
PARAMETRIC_REPRESENTATION_CONTEXT() REPRESENTATION_CONTEXT('2D SPACE',''
  ) );
#5384 = PCURVE('',#2789,#5385);
#5385 = DEFINITIONAL_REPRESENTATION('',(#5386),#5509);
#5386 = B_SPLINE_CURVE_WITH_KNOTS('',6,(#5387,#5388,#5389,#5390,#5391,
    #5392,#5393,#5394,#5395,#5396,#5397,#5398,#5399,#5400,#5401,#5402,
    #5403,#5404,#5405,#5406,#5407,#5408,#5409,#5410,#5411,#5412,#5413,
    #5414,#5415,#5416,#5417,#5418,#5419,#5420,#5421,#5422,#5423,#5424,
    #5425,#5426,#5427,#5428,#5429,#5430,#5431,#5432,#5433,#5434,#5435,
    #5436,#5437,#5438,#5439,#5440,#5441,#5442,#5443,#5444,#5445,#5446,
    #5447,#5448,#5449,#5450,#5451,#5452,#5453,#5454,#5455,#5456,#5457,
    #5458,#5459,#5460,#5461,#5462,#5463,#5464,#5465,#5466,#5467,#5468,
    #5469,#5470,#5471,#5472,#5473,#5474,#5475,#5476,#5477,#5478,#5479,
    #5480,#5481,#5482,#5483,#5484,#5485,#5486,#5487,#5488,#5489,#5490,
    #5491,#5492,#5493,#5494,#5495,#5496,#5497,#5498,#5499,#5500,#5501,
    #5502,#5503,#5504,#5505,#5506,#5507,#5508),.UNSPECIFIED.,.T.,.F.,(7,
    5,5,5,5,5,5,5,5,5,5,5,5,5,5,5,5,5,5,5,5,5,5,5,7),(0.,
    6.980838620539E-02,0.100992892807,0.124978664439,0.144517471665,
    0.217861084039,0.249446211738,0.252419238182,0.281692584011,
    0.374813517683,0.430797838699,0.471637765227,0.500293220084,
    0.543370291625,0.569804707188,0.601070244725,0.718778769558,
    0.748003135992,0.750971188046,0.782503468337,0.855724364073,
    0.875230479464,0.899176118714,0.930308443394,1.),.UNSPECIFIED.);
#5387 = CARTESIAN_POINT('',(-5.46787094099,-3.81));
#5388 = CARTESIAN_POINT('',(-5.46787094099,-3.682081242096));
#5389 = CARTESIAN_POINT('',(-5.461375952552,-3.554992405739));
#5390 = CARTESIAN_POINT('',(-5.44854182061,-3.431136661017));
#5391 = CARTESIAN_POINT('',(-5.429858765163,-3.312834780139));
#5392 = CARTESIAN_POINT('',(-5.406137184521,-3.202054862918));
#5393 = CARTESIAN_POINT('',(-5.366144570365,-3.054616007621));
#5394 = CARTESIAN_POINT('',(-5.352974977415,-3.010720408649));
#5395 = CARTESIAN_POINT('',(-5.339045891324,-2.96848826919));
#5396 = CARTESIAN_POINT('',(-5.324415619751,-2.927942234594));
#5397 = CARTESIAN_POINT('',(-5.309139566385,-2.889094591712));
#5398 = CARTESIAN_POINT('',(-5.28106422555,-2.823375157331));
#5399 = CARTESIAN_POINT('',(-5.268505449689,-2.795805132722));
#5400 = CARTESIAN_POINT('',(-5.255615771721,-2.769234396383));
#5401 = CARTESIAN_POINT('',(-5.24241543367,-2.743658166009));
#5402 = CARTESIAN_POINT('',(-5.228923051227,-2.719069675676));
#5403 = CARTESIAN_POINT('',(-5.203940660535,-2.676227879583));
#5404 = CARTESIAN_POINT('',(-5.192543277021,-2.657645467306));
#5405 = CARTESIAN_POINT('',(-5.180972681615,-2.639708438742));
#5406 = CARTESIAN_POINT('',(-5.169237620285,-2.622412151138));
#5407 = CARTESIAN_POINT('',(-5.157346366563,-2.605751819248));
#5408 = CARTESIAN_POINT('',(-5.100113018196,-2.529552667746));
#5409 = CARTESIAN_POINT('',(-5.052786102925,-2.47821939076));
#5410 = CARTESIAN_POINT('',(-5.00378424029,-2.435560225509));
#5411 = CARTESIAN_POINT('',(-4.953488325596,-2.401340697248));
#5412 = CARTESIAN_POINT('',(-4.902223452541,-2.375356101059));
#5413 = CARTESIAN_POINT('',(-4.827911451827,-2.349857965563));
#5414 = CARTESIAN_POINT('',(-4.805425923462,-2.343699284511));
#5415 = CARTESIAN_POINT('',(-4.782852312045,-2.339050397025));
#5416 = CARTESIAN_POINT('',(-4.760219156646,-2.335906702722));
#5417 = CARTESIAN_POINT('',(-4.73755511911,-2.3342658482));
#5418 = CARTESIAN_POINT('',(-4.712755479346,-2.334114726053));
#5419 = CARTESIAN_POINT('',(-4.710621957223,-2.33411503919));
#5420 = CARTESIAN_POINT('',(-4.708488440552,-2.33412866634));
#5421 = CARTESIAN_POINT('',(-4.706354952772,-2.334155607568));
#5422 = CARTESIAN_POINT('',(-4.704221517893,-2.33419586312));
#5423 = CARTESIAN_POINT('',(-4.681082458121,-2.334776903302));
#5424 = CARTESIAN_POINT('',(-4.660084222566,-2.336595240176));
#5425 = CARTESIAN_POINT('',(-4.639116359986,-2.339704833785));
#5426 = CARTESIAN_POINT('',(-4.618201680916,-2.344107733582));
#5427 = CARTESIAN_POINT('',(-4.597362900278,-2.349807648732));
#5428 = CARTESIAN_POINT('',(-4.510646146107,-2.379084841456));
#5429 = CARTESIAN_POINT('',(-4.445798395936,-2.414498103422));
#5430 = CARTESIAN_POINT('',(-4.382630860563,-2.463164067193));
#5431 = CARTESIAN_POINT('',(-4.321793061201,-2.525602182225));
#5432 = CARTESIAN_POINT('',(-4.264105845351,-2.602375212404));
#5433 = CARTESIAN_POINT('',(-4.178487783279,-2.748648405371));
#5434 = CARTESIAN_POINT('',(-4.147814785986,-2.808922372936));
#5435 = CARTESIAN_POINT('',(-4.118850213597,-2.874638958537));
#5436 = CARTESIAN_POINT('',(-4.091867185552,-2.945838938098));
#5437 = CARTESIAN_POINT('',(-4.067177412129,-3.02248139749));
#5438 = CARTESIAN_POINT('',(-4.029048748496,-3.164177521376));
#5439 = CARTESIAN_POINT('',(-4.014363868756,-3.226792695206));
#5440 = CARTESIAN_POINT('',(-4.001256788687,-3.292047349859));
#5441 = CARTESIAN_POINT('',(-3.989888051416,-3.359685512283));
#5442 = CARTESIAN_POINT('',(-3.980398521024,-3.42940429617));
#5443 = CARTESIAN_POINT('',(-3.967654606457,-3.550986728508));
#5444 = CARTESIAN_POINT('',(-3.963387944906,-3.601940943934));
#5445 = CARTESIAN_POINT('',(-3.960156052013,-3.65352203335));
#5446 = CARTESIAN_POINT('',(-3.957990348118,-3.705530055425));
#5447 = CARTESIAN_POINT('',(-3.95690701978,-3.757759642383));
#5448 = CARTESIAN_POINT('',(-3.95690701978,-3.888531701334));
#5449 = CARTESIAN_POINT('',(-3.959355253797,-3.966980277206));
#5450 = CARTESIAN_POINT('',(-3.964241454892,-4.044678261607));
#5451 = CARTESIAN_POINT('',(-3.971486905519,-4.120971372082));
#5452 = CARTESIAN_POINT('',(-3.980944569034,-4.195243976968));
#5453 = CARTESIAN_POINT('',(-3.999428413881,-4.310943911016));
#5454 = CARTESIAN_POINT('',(-4.007214685772,-4.354006641178));
#5455 = CARTESIAN_POINT('',(-4.015719616673,-4.396061568034));
#5456 = CARTESIAN_POINT('',(-4.024902722669,-4.437045602091));
#5457 = CARTESIAN_POINT('',(-4.034721456136,-4.476903749456));
#5458 = CARTESIAN_POINT('',(-4.057443428655,-4.561344564481));
#5459 = CARTESIAN_POINT('',(-4.070584169191,-4.605465477755));
#5460 = CARTESIAN_POINT('',(-4.084491623916,-4.647917466576));
#5461 = CARTESIAN_POINT('',(-4.099106835031,-4.688676705056));
#5462 = CARTESIAN_POINT('',(-4.114373690381,-4.727729926491));
#5463 = CARTESIAN_POINT('',(-4.189968367655,-4.905669019955));
#5464 = CARTESIAN_POINT('',(-4.258355108202,-5.022451512934));
#5465 = CARTESIAN_POINT('',(-4.332803033505,-5.11533269767));
#5466 = CARTESIAN_POINT('',(-4.411476193025,-5.185766863395));
#5467 = CARTESIAN_POINT('',(-4.493085984639,-5.234986520688));
#5468 = CARTESIAN_POINT('',(-4.597362900278,-5.270192351268));
#5469 = CARTESIAN_POINT('',(-4.618201680916,-5.275892266418));
#5470 = CARTESIAN_POINT('',(-4.639116359986,-5.280295166215));
#5471 = CARTESIAN_POINT('',(-4.660084222566,-5.283404759824));
#5472 = CARTESIAN_POINT('',(-4.681082458121,-5.285223096698));
#5473 = CARTESIAN_POINT('',(-4.704221517893,-5.28580413688));
#5474 = CARTESIAN_POINT('',(-4.706354952772,-5.285844392432));
#5475 = CARTESIAN_POINT('',(-4.708488440552,-5.28587133366));
#5476 = CARTESIAN_POINT('',(-4.710621957223,-5.28588496081));
#5477 = CARTESIAN_POINT('',(-4.712755479346,-5.285885273947));
#5478 = CARTESIAN_POINT('',(-4.73755511911,-5.285734151799));
#5479 = CARTESIAN_POINT('',(-4.760219156646,-5.284093297278));
#5480 = CARTESIAN_POINT('',(-4.782852312045,-5.280949602975));
#5481 = CARTESIAN_POINT('',(-4.805425923462,-5.276300715489));
#5482 = CARTESIAN_POINT('',(-4.827911451827,-5.270142034436));
#5483 = CARTESIAN_POINT('',(-4.902223452522,-5.244643898948));
#5484 = CARTESIAN_POINT('',(-4.953488325603,-5.218659302756));
#5485 = CARTESIAN_POINT('',(-5.003784240308,-5.184439774476));
#5486 = CARTESIAN_POINT('',(-5.052786102928,-5.141780609228));
#5487 = CARTESIAN_POINT('',(-5.100113018178,-5.090447332277));
#5488 = CARTESIAN_POINT('',(-5.157346366563,-5.014248180752));
#5489 = CARTESIAN_POINT('',(-5.169237620285,-4.997587848862));
#5490 = CARTESIAN_POINT('',(-5.180972681615,-4.980291561258));
#5491 = CARTESIAN_POINT('',(-5.192543277021,-4.962354532694));
#5492 = CARTESIAN_POINT('',(-5.203940660535,-4.943772120417));
#5493 = CARTESIAN_POINT('',(-5.228923051227,-4.900930324324));
#5494 = CARTESIAN_POINT('',(-5.24241543367,-4.87634183399));
#5495 = CARTESIAN_POINT('',(-5.255615771721,-4.850765603617));
#5496 = CARTESIAN_POINT('',(-5.268505449689,-4.824194867278));
#5497 = CARTESIAN_POINT('',(-5.28106422555,-4.796624842669));
#5498 = CARTESIAN_POINT('',(-5.309139563938,-4.730905414014));
#5499 = CARTESIAN_POINT('',(-5.324415620145,-4.69205776305));
#5500 = CARTESIAN_POINT('',(-5.339045893514,-4.651511724347));
#5501 = CARTESIAN_POINT('',(-5.352974978157,-4.609279590347));
#5502 = CARTESIAN_POINT('',(-5.366144568354,-4.565383999794));
#5503 = CARTESIAN_POINT('',(-5.406137182185,-4.417945145693));
#5504 = CARTESIAN_POINT('',(-5.429858767569,-4.307165202376));
#5505 = CARTESIAN_POINT('',(-5.448541821625,-4.188863342421));
#5506 = CARTESIAN_POINT('',(-5.461375950566,-4.06500761384));
#5507 = CARTESIAN_POINT('',(-5.46787094099,-3.937918743066));
#5508 = CARTESIAN_POINT('',(-5.46787094099,-3.81));
#5509 = ( GEOMETRIC_REPRESENTATION_CONTEXT(2) 
PARAMETRIC_REPRESENTATION_CONTEXT() REPRESENTATION_CONTEXT('2D SPACE',''
  ) );
#5510 = ADVANCED_FACE('',(#5511),#984,.F.);
#5511 = FACE_BOUND('',#5512,.F.);
#5512 = EDGE_LOOP('',(#5513));
#5513 = ORIENTED_EDGE('',*,*,#970,.T.);
#5514 = ADVANCED_FACE('',(#5515),#1418,.F.);
#5515 = FACE_BOUND('',#5516,.F.);
#5516 = EDGE_LOOP('',(#5517));
#5517 = ORIENTED_EDGE('',*,*,#1404,.T.);
#5518 = ADVANCED_FACE('',(#5519,#5522),#1852,.F.);
#5519 = FACE_BOUND('',#5520,.F.);
#5520 = EDGE_LOOP('',(#5521));
#5521 = ORIENTED_EDGE('',*,*,#1838,.T.);
#5522 = FACE_BOUND('',#5523,.F.);
#5523 = EDGE_LOOP('',(#5524));
#5524 = ORIENTED_EDGE('',*,*,#5525,.T.);
#5525 = EDGE_CURVE('',#5526,#5526,#5528,.T.);
#5526 = VERTEX_POINT('',#5527);
#5527 = CARTESIAN_POINT('',(432.91,21.59,0.));
#5528 = SURFACE_CURVE('',#5529,(#5534,#5545),.PCURVE_S1.);
#5529 = CIRCLE('',#5530,21.59);
#5530 = AXIS2_PLACEMENT_3D('',#5531,#5532,#5533);
#5531 = CARTESIAN_POINT('',(432.91,0.,0.));
#5532 = DIRECTION('',(-1.,0.,0.));
#5533 = DIRECTION('',(0.,1.,0.));
#5534 = PCURVE('',#1852,#5535);
#5535 = DEFINITIONAL_REPRESENTATION('',(#5536),#5544);
#5536 = ( BOUNDED_CURVE() B_SPLINE_CURVE(2,(#5537,#5538,#5539,#5540,
#5541,#5542,#5543),.UNSPECIFIED.,.T.,.F.) B_SPLINE_CURVE_WITH_KNOTS((1,2
    ,2,2,2,1),(-2.094395102393,0.,2.094395102393,4.188790204786,
6.28318530718,8.377580409573),.UNSPECIFIED.) CURVE() 
GEOMETRIC_REPRESENTATION_ITEM() RATIONAL_B_SPLINE_CURVE((1.,0.5,1.,0.5,
1.,0.5,1.)) REPRESENTATION_ITEM('') );
#5537 = CARTESIAN_POINT('',(1.122852116124E-15,-21.59));
#5538 = CARTESIAN_POINT('',(-37.39497693541,-21.59));
#5539 = CARTESIAN_POINT('',(-18.6974884677,10.795));
#5540 = CARTESIAN_POINT('',(-4.165172762594E-15,43.18));
#5541 = CARTESIAN_POINT('',(18.697488467706,10.795));
#5542 = CARTESIAN_POINT('',(37.394976935412,-21.59));
#5543 = CARTESIAN_POINT('',(1.122852116124E-15,-21.59));
#5544 = ( GEOMETRIC_REPRESENTATION_CONTEXT(2) 
PARAMETRIC_REPRESENTATION_CONTEXT() REPRESENTATION_CONTEXT('2D SPACE',''
  ) );
#5545 = PCURVE('',#4113,#5546);
#5546 = DEFINITIONAL_REPRESENTATION('',(#5547),#5550);
#5547 = B_SPLINE_CURVE_WITH_KNOTS('',1,(#5548,#5549),.UNSPECIFIED.,.F.,
  .F.,(2,2),(0.,6.28318530718),.PIECEWISE_BEZIER_KNOTS.);
#5548 = CARTESIAN_POINT('',(-6.28318530718,-11.016));
#5549 = CARTESIAN_POINT('',(0.,-11.016));
#5550 = ( GEOMETRIC_REPRESENTATION_CONTEXT(2) 
PARAMETRIC_REPRESENTATION_CONTEXT() REPRESENTATION_CONTEXT('2D SPACE',''
  ) );
#5551 = ADVANCED_FACE('',(#5552),#1904,.F.);
#5552 = FACE_BOUND('',#5553,.F.);
#5553 = EDGE_LOOP('',(#5554));
#5554 = ORIENTED_EDGE('',*,*,#1890,.T.);
#5555 = ADVANCED_FACE('',(#5556),#2338,.F.);
#5556 = FACE_BOUND('',#5557,.F.);
#5557 = EDGE_LOOP('',(#5558));
#5558 = ORIENTED_EDGE('',*,*,#2324,.T.);
#5559 = ADVANCED_FACE('',(#5560,#5611),#2759,.F.);
#5560 = FACE_BOUND('',#5561,.T.);
#5561 = EDGE_LOOP('',(#5562,#5590,#5609,#5610));
#5562 = ORIENTED_EDGE('',*,*,#5563,.F.);
#5563 = EDGE_CURVE('',#5564,#5564,#5566,.T.);
#5564 = VERTEX_POINT('',#5565);
#5565 = CARTESIAN_POINT('',(497.426,30.9372,-29.21));
#5566 = SURFACE_CURVE('',#5567,(#5572,#5578),.PCURVE_S1.);
#5567 = CIRCLE('',#5568,1.7272);
#5568 = AXIS2_PLACEMENT_3D('',#5569,#5570,#5571);
#5569 = CARTESIAN_POINT('',(497.426,29.21,-29.21));
#5570 = DIRECTION('',(1.,0.,0.));
#5571 = DIRECTION('',(0.,1.,0.));
#5572 = PCURVE('',#2759,#5573);
#5573 = DEFINITIONAL_REPRESENTATION('',(#5574),#5577);
#5574 = B_SPLINE_CURVE_WITH_KNOTS('',1,(#5575,#5576),.UNSPECIFIED.,.F.,
  .F.,(2,2),(0.,6.28318530718),.PIECEWISE_BEZIER_KNOTS.);
#5575 = CARTESIAN_POINT('',(0.,0.));
#5576 = CARTESIAN_POINT('',(-6.28318530718,0.));
#5577 = ( GEOMETRIC_REPRESENTATION_CONTEXT(2) 
PARAMETRIC_REPRESENTATION_CONTEXT() REPRESENTATION_CONTEXT('2D SPACE',''
  ) );
#5578 = PCURVE('',#5579,#5584);
#5579 = PLANE('',#5580);
#5580 = AXIS2_PLACEMENT_3D('',#5581,#5582,#5583);
#5581 = CARTESIAN_POINT('',(497.426,29.21,-29.21));
#5582 = DIRECTION('',(1.,0.,0.));
#5583 = DIRECTION('',(-0.,0.,1.));
#5584 = DEFINITIONAL_REPRESENTATION('',(#5585),#5589);
#5585 = CIRCLE('',#5586,1.7272);
#5586 = AXIS2_PLACEMENT_2D('',#5587,#5588);
#5587 = CARTESIAN_POINT('',(0.,0.));
#5588 = DIRECTION('',(0.,-1.));
#5589 = ( GEOMETRIC_REPRESENTATION_CONTEXT(2) 
PARAMETRIC_REPRESENTATION_CONTEXT() REPRESENTATION_CONTEXT('2D SPACE',''
  ) );
#5590 = ORIENTED_EDGE('',*,*,#5591,.T.);
#5591 = EDGE_CURVE('',#5564,#2743,#5592,.T.);
#5592 = SEAM_CURVE('',#5593,(#5597,#5603),.PCURVE_S1.);
#5593 = LINE('',#5594,#5595);
#5594 = CARTESIAN_POINT('',(497.426,30.9372,-29.21));
#5595 = VECTOR('',#5596,1.);
#5596 = DIRECTION('',(1.,0.,0.));
#5597 = PCURVE('',#2759,#5598);
#5598 = DEFINITIONAL_REPRESENTATION('',(#5599),#5602);
#5599 = B_SPLINE_CURVE_WITH_KNOTS('',1,(#5600,#5601),.UNSPECIFIED.,.F.,
  .F.,(2,2),(0.,12.7),.PIECEWISE_BEZIER_KNOTS.);
#5600 = CARTESIAN_POINT('',(-6.28318530718,0.));
#5601 = CARTESIAN_POINT('',(-6.28318530718,-12.7));
#5602 = ( GEOMETRIC_REPRESENTATION_CONTEXT(2) 
PARAMETRIC_REPRESENTATION_CONTEXT() REPRESENTATION_CONTEXT('2D SPACE',''
  ) );
#5603 = PCURVE('',#2759,#5604);
#5604 = DEFINITIONAL_REPRESENTATION('',(#5605),#5608);
#5605 = B_SPLINE_CURVE_WITH_KNOTS('',1,(#5606,#5607),.UNSPECIFIED.,.F.,
  .F.,(2,2),(0.,12.7),.PIECEWISE_BEZIER_KNOTS.);
#5606 = CARTESIAN_POINT('',(0.,0.));
#5607 = CARTESIAN_POINT('',(0.,-12.7));
#5608 = ( GEOMETRIC_REPRESENTATION_CONTEXT(2) 
PARAMETRIC_REPRESENTATION_CONTEXT() REPRESENTATION_CONTEXT('2D SPACE',''
  ) );
#5609 = ORIENTED_EDGE('',*,*,#2742,.T.);
#5610 = ORIENTED_EDGE('',*,*,#5591,.F.);
#5611 = FACE_BOUND('',#5612,.T.);
#5612 = EDGE_LOOP('',(#5613));
#5613 = ORIENTED_EDGE('',*,*,#4645,.F.);
#5614 = ADVANCED_FACE('',(#5615,#5666),#2789,.F.);
#5615 = FACE_BOUND('',#5616,.T.);
#5616 = EDGE_LOOP('',(#5617,#5645,#5664,#5665));
#5617 = ORIENTED_EDGE('',*,*,#5618,.F.);
#5618 = EDGE_CURVE('',#5619,#5619,#5621,.T.);
#5619 = VERTEX_POINT('',#5620);
#5620 = CARTESIAN_POINT('',(497.426,30.9372,29.21));
#5621 = SURFACE_CURVE('',#5622,(#5627,#5633),.PCURVE_S1.);
#5622 = CIRCLE('',#5623,1.7272);
#5623 = AXIS2_PLACEMENT_3D('',#5624,#5625,#5626);
#5624 = CARTESIAN_POINT('',(497.426,29.21,29.21));
#5625 = DIRECTION('',(1.,0.,0.));
#5626 = DIRECTION('',(0.,1.,0.));
#5627 = PCURVE('',#2789,#5628);
#5628 = DEFINITIONAL_REPRESENTATION('',(#5629),#5632);
#5629 = B_SPLINE_CURVE_WITH_KNOTS('',1,(#5630,#5631),.UNSPECIFIED.,.F.,
  .F.,(2,2),(0.,6.28318530718),.PIECEWISE_BEZIER_KNOTS.);
#5630 = CARTESIAN_POINT('',(0.,0.));
#5631 = CARTESIAN_POINT('',(-6.28318530718,0.));
#5632 = ( GEOMETRIC_REPRESENTATION_CONTEXT(2) 
PARAMETRIC_REPRESENTATION_CONTEXT() REPRESENTATION_CONTEXT('2D SPACE',''
  ) );
#5633 = PCURVE('',#5634,#5639);
#5634 = PLANE('',#5635);
#5635 = AXIS2_PLACEMENT_3D('',#5636,#5637,#5638);
#5636 = CARTESIAN_POINT('',(497.426,29.21,29.21));
#5637 = DIRECTION('',(1.,0.,0.));
#5638 = DIRECTION('',(-0.,0.,1.));
#5639 = DEFINITIONAL_REPRESENTATION('',(#5640),#5644);
#5640 = CIRCLE('',#5641,1.7272);
#5641 = AXIS2_PLACEMENT_2D('',#5642,#5643);
#5642 = CARTESIAN_POINT('',(0.,0.));
#5643 = DIRECTION('',(0.,-1.));
#5644 = ( GEOMETRIC_REPRESENTATION_CONTEXT(2) 
PARAMETRIC_REPRESENTATION_CONTEXT() REPRESENTATION_CONTEXT('2D SPACE',''
  ) );
#5645 = ORIENTED_EDGE('',*,*,#5646,.T.);
#5646 = EDGE_CURVE('',#5619,#2773,#5647,.T.);
#5647 = SEAM_CURVE('',#5648,(#5652,#5658),.PCURVE_S1.);
#5648 = LINE('',#5649,#5650);
#5649 = CARTESIAN_POINT('',(497.426,30.9372,29.21));
#5650 = VECTOR('',#5651,1.);
#5651 = DIRECTION('',(1.,0.,0.));
#5652 = PCURVE('',#2789,#5653);
#5653 = DEFINITIONAL_REPRESENTATION('',(#5654),#5657);
#5654 = B_SPLINE_CURVE_WITH_KNOTS('',1,(#5655,#5656),.UNSPECIFIED.,.F.,
  .F.,(2,2),(0.,12.7),.PIECEWISE_BEZIER_KNOTS.);
#5655 = CARTESIAN_POINT('',(-6.28318530718,0.));
#5656 = CARTESIAN_POINT('',(-6.28318530718,-12.7));
#5657 = ( GEOMETRIC_REPRESENTATION_CONTEXT(2) 
PARAMETRIC_REPRESENTATION_CONTEXT() REPRESENTATION_CONTEXT('2D SPACE',''
  ) );
#5658 = PCURVE('',#2789,#5659);
#5659 = DEFINITIONAL_REPRESENTATION('',(#5660),#5663);
#5660 = B_SPLINE_CURVE_WITH_KNOTS('',1,(#5661,#5662),.UNSPECIFIED.,.F.,
  .F.,(2,2),(0.,12.7),.PIECEWISE_BEZIER_KNOTS.);
#5661 = CARTESIAN_POINT('',(0.,0.));
#5662 = CARTESIAN_POINT('',(0.,-12.7));
#5663 = ( GEOMETRIC_REPRESENTATION_CONTEXT(2) 
PARAMETRIC_REPRESENTATION_CONTEXT() REPRESENTATION_CONTEXT('2D SPACE',''
  ) );
#5664 = ORIENTED_EDGE('',*,*,#2772,.T.);
#5665 = ORIENTED_EDGE('',*,*,#5646,.F.);
#5666 = FACE_BOUND('',#5667,.T.);
#5667 = EDGE_LOOP('',(#5668));
#5668 = ORIENTED_EDGE('',*,*,#5131,.F.);
#5669 = ADVANCED_FACE('',(#5670),#2823,.F.);
#5670 = FACE_BOUND('',#5671,.T.);
#5671 = EDGE_LOOP('',(#5672,#5700,#5719,#5720));
#5672 = ORIENTED_EDGE('',*,*,#5673,.F.);
#5673 = EDGE_CURVE('',#5674,#5674,#5676,.T.);
#5674 = VERTEX_POINT('',#5675);
#5675 = CARTESIAN_POINT('',(499.11,27.50635,0.));
#5676 = SURFACE_CURVE('',#5677,(#5682,#5688),.PCURVE_S1.);
#5677 = CIRCLE('',#5678,27.50635);
#5678 = AXIS2_PLACEMENT_3D('',#5679,#5680,#5681);
#5679 = CARTESIAN_POINT('',(499.11,0.,0.));
#5680 = DIRECTION('',(1.,0.,0.));
#5681 = DIRECTION('',(0.,1.,0.));
#5682 = PCURVE('',#2823,#5683);
#5683 = DEFINITIONAL_REPRESENTATION('',(#5684),#5687);
#5684 = B_SPLINE_CURVE_WITH_KNOTS('',1,(#5685,#5686),.UNSPECIFIED.,.F.,
  .F.,(2,2),(0.,6.28318530718),.PIECEWISE_BEZIER_KNOTS.);
#5685 = CARTESIAN_POINT('',(0.,0.));
#5686 = CARTESIAN_POINT('',(-6.28318530718,0.));
#5687 = ( GEOMETRIC_REPRESENTATION_CONTEXT(2) 
PARAMETRIC_REPRESENTATION_CONTEXT() REPRESENTATION_CONTEXT('2D SPACE',''
  ) );
#5688 = PCURVE('',#5689,#5694);
#5689 = PLANE('',#5690);
#5690 = AXIS2_PLACEMENT_3D('',#5691,#5692,#5693);
#5691 = CARTESIAN_POINT('',(499.11,-2.004577297399E-15,
    -1.122852116124E-15));
#5692 = DIRECTION('',(1.,0.,0.));
#5693 = DIRECTION('',(-0.,0.,1.));
#5694 = DEFINITIONAL_REPRESENTATION('',(#5695),#5699);
#5695 = CIRCLE('',#5696,27.50635);
#5696 = AXIS2_PLACEMENT_2D('',#5697,#5698);
#5697 = CARTESIAN_POINT('',(1.122852116124E-15,-2.004577297399E-15));
#5698 = DIRECTION('',(0.,-1.));
#5699 = ( GEOMETRIC_REPRESENTATION_CONTEXT(2) 
PARAMETRIC_REPRESENTATION_CONTEXT() REPRESENTATION_CONTEXT('2D SPACE',''
  ) );
#5700 = ORIENTED_EDGE('',*,*,#5701,.T.);
#5701 = EDGE_CURVE('',#5674,#2803,#5702,.T.);
#5702 = SEAM_CURVE('',#5703,(#5707,#5713),.PCURVE_S1.);
#5703 = LINE('',#5704,#5705);
#5704 = CARTESIAN_POINT('',(499.11,27.50635,0.));
#5705 = VECTOR('',#5706,1.);
#5706 = DIRECTION('',(1.,0.,0.));
#5707 = PCURVE('',#2823,#5708);
#5708 = DEFINITIONAL_REPRESENTATION('',(#5709),#5712);
#5709 = B_SPLINE_CURVE_WITH_KNOTS('',1,(#5710,#5711),.UNSPECIFIED.,.F.,
  .F.,(2,2),(0.,11.016),.PIECEWISE_BEZIER_KNOTS.);
#5710 = CARTESIAN_POINT('',(-6.28318530718,0.));
#5711 = CARTESIAN_POINT('',(-6.28318530718,-11.016));
#5712 = ( GEOMETRIC_REPRESENTATION_CONTEXT(2) 
PARAMETRIC_REPRESENTATION_CONTEXT() REPRESENTATION_CONTEXT('2D SPACE',''
  ) );
#5713 = PCURVE('',#2823,#5714);
#5714 = DEFINITIONAL_REPRESENTATION('',(#5715),#5718);
#5715 = B_SPLINE_CURVE_WITH_KNOTS('',1,(#5716,#5717),.UNSPECIFIED.,.F.,
  .F.,(2,2),(0.,11.016),.PIECEWISE_BEZIER_KNOTS.);
#5716 = CARTESIAN_POINT('',(0.,0.));
#5717 = CARTESIAN_POINT('',(0.,-11.016));
#5718 = ( GEOMETRIC_REPRESENTATION_CONTEXT(2) 
PARAMETRIC_REPRESENTATION_CONTEXT() REPRESENTATION_CONTEXT('2D SPACE',''
  ) );
#5719 = ORIENTED_EDGE('',*,*,#2802,.F.);
#5720 = ORIENTED_EDGE('',*,*,#5701,.F.);
#5721 = ADVANCED_FACE('',(#5722,#5773),#2853,.F.);
#5722 = FACE_BOUND('',#5723,.T.);
#5723 = EDGE_LOOP('',(#5724,#5752,#5771,#5772));
#5724 = ORIENTED_EDGE('',*,*,#5725,.F.);
#5725 = EDGE_CURVE('',#5726,#5726,#5728,.T.);
#5726 = VERTEX_POINT('',#5727);
#5727 = CARTESIAN_POINT('',(497.426,-27.4828,-29.21));
#5728 = SURFACE_CURVE('',#5729,(#5734,#5740),.PCURVE_S1.);
#5729 = CIRCLE('',#5730,1.7272);
#5730 = AXIS2_PLACEMENT_3D('',#5731,#5732,#5733);
#5731 = CARTESIAN_POINT('',(497.426,-29.21,-29.21));
#5732 = DIRECTION('',(1.,0.,0.));
#5733 = DIRECTION('',(0.,1.,0.));
#5734 = PCURVE('',#2853,#5735);
#5735 = DEFINITIONAL_REPRESENTATION('',(#5736),#5739);
#5736 = B_SPLINE_CURVE_WITH_KNOTS('',1,(#5737,#5738),.UNSPECIFIED.,.F.,
  .F.,(2,2),(0.,6.28318530718),.PIECEWISE_BEZIER_KNOTS.);
#5737 = CARTESIAN_POINT('',(0.,0.));
#5738 = CARTESIAN_POINT('',(-6.28318530718,0.));
#5739 = ( GEOMETRIC_REPRESENTATION_CONTEXT(2) 
PARAMETRIC_REPRESENTATION_CONTEXT() REPRESENTATION_CONTEXT('2D SPACE',''
  ) );
#5740 = PCURVE('',#5741,#5746);
#5741 = PLANE('',#5742);
#5742 = AXIS2_PLACEMENT_3D('',#5743,#5744,#5745);
#5743 = CARTESIAN_POINT('',(497.426,-29.21,-29.21));
#5744 = DIRECTION('',(1.,0.,0.));
#5745 = DIRECTION('',(-0.,0.,1.));
#5746 = DEFINITIONAL_REPRESENTATION('',(#5747),#5751);
#5747 = CIRCLE('',#5748,1.7272);
#5748 = AXIS2_PLACEMENT_2D('',#5749,#5750);
#5749 = CARTESIAN_POINT('',(0.,0.));
#5750 = DIRECTION('',(0.,-1.));
#5751 = ( GEOMETRIC_REPRESENTATION_CONTEXT(2) 
PARAMETRIC_REPRESENTATION_CONTEXT() REPRESENTATION_CONTEXT('2D SPACE',''
  ) );
#5752 = ORIENTED_EDGE('',*,*,#5753,.T.);
#5753 = EDGE_CURVE('',#5726,#2837,#5754,.T.);
#5754 = SEAM_CURVE('',#5755,(#5759,#5765),.PCURVE_S1.);
#5755 = LINE('',#5756,#5757);
#5756 = CARTESIAN_POINT('',(497.426,-27.4828,-29.21));
#5757 = VECTOR('',#5758,1.);
#5758 = DIRECTION('',(1.,0.,0.));
#5759 = PCURVE('',#2853,#5760);
#5760 = DEFINITIONAL_REPRESENTATION('',(#5761),#5764);
#5761 = B_SPLINE_CURVE_WITH_KNOTS('',1,(#5762,#5763),.UNSPECIFIED.,.F.,
  .F.,(2,2),(0.,12.7),.PIECEWISE_BEZIER_KNOTS.);
#5762 = CARTESIAN_POINT('',(-6.28318530718,0.));
#5763 = CARTESIAN_POINT('',(-6.28318530718,-12.7));
#5764 = ( GEOMETRIC_REPRESENTATION_CONTEXT(2) 
PARAMETRIC_REPRESENTATION_CONTEXT() REPRESENTATION_CONTEXT('2D SPACE',''
  ) );
#5765 = PCURVE('',#2853,#5766);
#5766 = DEFINITIONAL_REPRESENTATION('',(#5767),#5770);
#5767 = B_SPLINE_CURVE_WITH_KNOTS('',1,(#5768,#5769),.UNSPECIFIED.,.F.,
  .F.,(2,2),(0.,12.7),.PIECEWISE_BEZIER_KNOTS.);
#5768 = CARTESIAN_POINT('',(0.,0.));
#5769 = CARTESIAN_POINT('',(0.,-12.7));
#5770 = ( GEOMETRIC_REPRESENTATION_CONTEXT(2) 
PARAMETRIC_REPRESENTATION_CONTEXT() REPRESENTATION_CONTEXT('2D SPACE',''
  ) );
#5771 = ORIENTED_EDGE('',*,*,#2836,.T.);
#5772 = ORIENTED_EDGE('',*,*,#5753,.F.);
#5773 = FACE_BOUND('',#5774,.T.);
#5774 = EDGE_LOOP('',(#5775));
#5775 = ORIENTED_EDGE('',*,*,#3110,.F.);
#5776 = ADVANCED_FACE('',(#5777,#5828),#2883,.F.);
#5777 = FACE_BOUND('',#5778,.T.);
#5778 = EDGE_LOOP('',(#5779,#5807,#5826,#5827));
#5779 = ORIENTED_EDGE('',*,*,#5780,.F.);
#5780 = EDGE_CURVE('',#5781,#5781,#5783,.T.);
#5781 = VERTEX_POINT('',#5782);
#5782 = CARTESIAN_POINT('',(497.426,-27.4828,29.21));
#5783 = SURFACE_CURVE('',#5784,(#5789,#5795),.PCURVE_S1.);
#5784 = CIRCLE('',#5785,1.7272);
#5785 = AXIS2_PLACEMENT_3D('',#5786,#5787,#5788);
#5786 = CARTESIAN_POINT('',(497.426,-29.21,29.21));
#5787 = DIRECTION('',(1.,0.,0.));
#5788 = DIRECTION('',(0.,1.,0.));
#5789 = PCURVE('',#2883,#5790);
#5790 = DEFINITIONAL_REPRESENTATION('',(#5791),#5794);
#5791 = B_SPLINE_CURVE_WITH_KNOTS('',1,(#5792,#5793),.UNSPECIFIED.,.F.,
  .F.,(2,2),(0.,6.28318530718),.PIECEWISE_BEZIER_KNOTS.);
#5792 = CARTESIAN_POINT('',(0.,0.));
#5793 = CARTESIAN_POINT('',(-6.28318530718,0.));
#5794 = ( GEOMETRIC_REPRESENTATION_CONTEXT(2) 
PARAMETRIC_REPRESENTATION_CONTEXT() REPRESENTATION_CONTEXT('2D SPACE',''
  ) );
#5795 = PCURVE('',#5796,#5801);
#5796 = PLANE('',#5797);
#5797 = AXIS2_PLACEMENT_3D('',#5798,#5799,#5800);
#5798 = CARTESIAN_POINT('',(497.426,-29.21,29.21));
#5799 = DIRECTION('',(1.,0.,0.));
#5800 = DIRECTION('',(-0.,0.,1.));
#5801 = DEFINITIONAL_REPRESENTATION('',(#5802),#5806);
#5802 = CIRCLE('',#5803,1.7272);
#5803 = AXIS2_PLACEMENT_2D('',#5804,#5805);
#5804 = CARTESIAN_POINT('',(0.,0.));
#5805 = DIRECTION('',(0.,-1.));
#5806 = ( GEOMETRIC_REPRESENTATION_CONTEXT(2) 
PARAMETRIC_REPRESENTATION_CONTEXT() REPRESENTATION_CONTEXT('2D SPACE',''
  ) );
#5807 = ORIENTED_EDGE('',*,*,#5808,.T.);
#5808 = EDGE_CURVE('',#5781,#2867,#5809,.T.);
#5809 = SEAM_CURVE('',#5810,(#5814,#5820),.PCURVE_S1.);
#5810 = LINE('',#5811,#5812);
#5811 = CARTESIAN_POINT('',(497.426,-27.4828,29.21));
#5812 = VECTOR('',#5813,1.);
#5813 = DIRECTION('',(1.,0.,0.));
#5814 = PCURVE('',#2883,#5815);
#5815 = DEFINITIONAL_REPRESENTATION('',(#5816),#5819);
#5816 = B_SPLINE_CURVE_WITH_KNOTS('',1,(#5817,#5818),.UNSPECIFIED.,.F.,
  .F.,(2,2),(0.,12.7),.PIECEWISE_BEZIER_KNOTS.);
#5817 = CARTESIAN_POINT('',(-6.28318530718,0.));
#5818 = CARTESIAN_POINT('',(-6.28318530718,-12.7));
#5819 = ( GEOMETRIC_REPRESENTATION_CONTEXT(2) 
PARAMETRIC_REPRESENTATION_CONTEXT() REPRESENTATION_CONTEXT('2D SPACE',''
  ) );
#5820 = PCURVE('',#2883,#5821);
#5821 = DEFINITIONAL_REPRESENTATION('',(#5822),#5825);
#5822 = B_SPLINE_CURVE_WITH_KNOTS('',1,(#5823,#5824),.UNSPECIFIED.,.F.,
  .F.,(2,2),(0.,12.7),.PIECEWISE_BEZIER_KNOTS.);
#5823 = CARTESIAN_POINT('',(0.,0.));
#5824 = CARTESIAN_POINT('',(0.,-12.7));
#5825 = ( GEOMETRIC_REPRESENTATION_CONTEXT(2) 
PARAMETRIC_REPRESENTATION_CONTEXT() REPRESENTATION_CONTEXT('2D SPACE',''
  ) );
#5826 = ORIENTED_EDGE('',*,*,#2866,.T.);
#5827 = ORIENTED_EDGE('',*,*,#5808,.F.);
#5828 = FACE_BOUND('',#5829,.T.);
#5829 = EDGE_LOOP('',(#5830));
#5830 = ORIENTED_EDGE('',*,*,#3596,.F.);
#5831 = ADVANCED_FACE('',(#5832),#2934,.T.);
#5832 = FACE_BOUND('',#5833,.T.);
#5833 = EDGE_LOOP('',(#5834));
#5834 = ORIENTED_EDGE('',*,*,#2920,.T.);
#5835 = ADVANCED_FACE('',(#5836),#2988,.T.);
#5836 = FACE_BOUND('',#5837,.T.);
#5837 = EDGE_LOOP('',(#5838));
#5838 = ORIENTED_EDGE('',*,*,#2974,.T.);
#5839 = ADVANCED_FACE('',(#5840),#3041,.T.);
#5840 = FACE_BOUND('',#5841,.T.);
#5841 = EDGE_LOOP('',(#5842));
#5842 = ORIENTED_EDGE('',*,*,#3027,.T.);
#5843 = ADVANCED_FACE('',(#5844),#3096,.T.);
#5844 = FACE_BOUND('',#5845,.T.);
#5845 = EDGE_LOOP('',(#5846));
#5846 = ORIENTED_EDGE('',*,*,#3082,.T.);
#5847 = ADVANCED_FACE('',(#5848),#3529,.T.);
#5848 = FACE_BOUND('',#5849,.T.);
#5849 = EDGE_LOOP('',(#5850));
#5850 = ORIENTED_EDGE('',*,*,#3515,.T.);
#5851 = ADVANCED_FACE('',(#5852),#3582,.T.);
#5852 = FACE_BOUND('',#5853,.T.);
#5853 = EDGE_LOOP('',(#5854));
#5854 = ORIENTED_EDGE('',*,*,#3568,.T.);
#5855 = ADVANCED_FACE('',(#5856,#5906,#5909),#4113,.F.);
#5856 = FACE_BOUND('',#5857,.T.);
#5857 = EDGE_LOOP('',(#5858,#5859,#5880,#5905));
#5858 = ORIENTED_EDGE('',*,*,#5525,.T.);
#5859 = ORIENTED_EDGE('',*,*,#5860,.T.);
#5860 = EDGE_CURVE('',#5526,#5861,#5863,.T.);
#5861 = VERTEX_POINT('',#5862);
#5862 = CARTESIAN_POINT('',(499.11,21.59,0.));
#5863 = SEAM_CURVE('',#5864,(#5868,#5874),.PCURVE_S1.);
#5864 = LINE('',#5865,#5866);
#5865 = CARTESIAN_POINT('',(421.894,21.59,0.));
#5866 = VECTOR('',#5867,1.);
#5867 = DIRECTION('',(1.,0.,0.));
#5868 = PCURVE('',#4113,#5869);
#5869 = DEFINITIONAL_REPRESENTATION('',(#5870),#5873);
#5870 = B_SPLINE_CURVE_WITH_KNOTS('',1,(#5871,#5872),.UNSPECIFIED.,.F.,
  .F.,(2,2),(11.016,77.216),.PIECEWISE_BEZIER_KNOTS.);
#5871 = CARTESIAN_POINT('',(-6.28318530718,-11.016));
#5872 = CARTESIAN_POINT('',(-6.28318530718,-77.216));
#5873 = ( GEOMETRIC_REPRESENTATION_CONTEXT(2) 
PARAMETRIC_REPRESENTATION_CONTEXT() REPRESENTATION_CONTEXT('2D SPACE',''
  ) );
#5874 = PCURVE('',#4113,#5875);
#5875 = DEFINITIONAL_REPRESENTATION('',(#5876),#5879);
#5876 = B_SPLINE_CURVE_WITH_KNOTS('',1,(#5877,#5878),.UNSPECIFIED.,.F.,
  .F.,(2,2),(11.016,77.216),.PIECEWISE_BEZIER_KNOTS.);
#5877 = CARTESIAN_POINT('',(0.,-11.016));
#5878 = CARTESIAN_POINT('',(0.,-77.216));
#5879 = ( GEOMETRIC_REPRESENTATION_CONTEXT(2) 
PARAMETRIC_REPRESENTATION_CONTEXT() REPRESENTATION_CONTEXT('2D SPACE',''
  ) );
#5880 = ORIENTED_EDGE('',*,*,#5881,.F.);
#5881 = EDGE_CURVE('',#5861,#5861,#5882,.T.);
#5882 = SURFACE_CURVE('',#5883,(#5888,#5894),.PCURVE_S1.);
#5883 = CIRCLE('',#5884,21.59);
#5884 = AXIS2_PLACEMENT_3D('',#5885,#5886,#5887);
#5885 = CARTESIAN_POINT('',(499.11,0.,0.));
#5886 = DIRECTION('',(-1.,0.,0.));
#5887 = DIRECTION('',(0.,1.,0.));
#5888 = PCURVE('',#4113,#5889);
#5889 = DEFINITIONAL_REPRESENTATION('',(#5890),#5893);
#5890 = B_SPLINE_CURVE_WITH_KNOTS('',1,(#5891,#5892),.UNSPECIFIED.,.F.,
  .F.,(2,2),(0.,6.28318530718),.PIECEWISE_BEZIER_KNOTS.);
#5891 = CARTESIAN_POINT('',(-6.28318530718,-77.216));
#5892 = CARTESIAN_POINT('',(0.,-77.216));
#5893 = ( GEOMETRIC_REPRESENTATION_CONTEXT(2) 
PARAMETRIC_REPRESENTATION_CONTEXT() REPRESENTATION_CONTEXT('2D SPACE',''
  ) );
#5894 = PCURVE('',#5689,#5895);
#5895 = DEFINITIONAL_REPRESENTATION('',(#5896),#5904);
#5896 = ( BOUNDED_CURVE() B_SPLINE_CURVE(2,(#5897,#5898,#5899,#5900,
#5901,#5902,#5903),.UNSPECIFIED.,.T.,.F.) B_SPLINE_CURVE_WITH_KNOTS((1,2
    ,2,2,2,1),(-2.094395102393,0.,2.094395102393,4.188790204786,
6.28318530718,8.377580409573),.UNSPECIFIED.) CURVE() 
GEOMETRIC_REPRESENTATION_ITEM() RATIONAL_B_SPLINE_CURVE((1.,0.5,1.,0.5,
1.,0.5,1.)) REPRESENTATION_ITEM('') );
#5897 = CARTESIAN_POINT('',(1.122852116124E-15,-21.59));
#5898 = CARTESIAN_POINT('',(-37.39497693541,-21.59));
#5899 = CARTESIAN_POINT('',(-18.6974884677,10.795));
#5900 = CARTESIAN_POINT('',(-4.165172762594E-15,43.18));
#5901 = CARTESIAN_POINT('',(18.697488467706,10.795));
#5902 = CARTESIAN_POINT('',(37.394976935412,-21.59));
#5903 = CARTESIAN_POINT('',(1.122852116124E-15,-21.59));
#5904 = ( GEOMETRIC_REPRESENTATION_CONTEXT(2) 
PARAMETRIC_REPRESENTATION_CONTEXT() REPRESENTATION_CONTEXT('2D SPACE',''
  ) );
#5905 = ORIENTED_EDGE('',*,*,#5860,.F.);
#5906 = FACE_BOUND('',#5907,.T.);
#5907 = EDGE_LOOP('',(#5908));
#5908 = ORIENTED_EDGE('',*,*,#4208,.T.);
#5909 = FACE_BOUND('',#5910,.T.);
#5910 = EDGE_LOOP('',(#5911));
#5911 = ORIENTED_EDGE('',*,*,#3979,.T.);
#5912 = ADVANCED_FACE('',(#5913),#4469,.F.);
#5913 = FACE_BOUND('',#5914,.F.);
#5914 = EDGE_LOOP('',(#5915));
#5915 = ORIENTED_EDGE('',*,*,#4455,.T.);
#5916 = ADVANCED_FACE('',(#5917),#4523,.F.);
#5917 = FACE_BOUND('',#5918,.F.);
#5918 = EDGE_LOOP('',(#5919));
#5919 = ORIENTED_EDGE('',*,*,#4509,.T.);
#5920 = ADVANCED_FACE('',(#5921),#4576,.F.);
#5921 = FACE_BOUND('',#5922,.F.);
#5922 = EDGE_LOOP('',(#5923));
#5923 = ORIENTED_EDGE('',*,*,#4562,.T.);
#5924 = ADVANCED_FACE('',(#5925),#4631,.F.);
#5925 = FACE_BOUND('',#5926,.F.);
#5926 = EDGE_LOOP('',(#5927));
#5927 = ORIENTED_EDGE('',*,*,#4617,.T.);
#5928 = ADVANCED_FACE('',(#5929),#5064,.F.);
#5929 = FACE_BOUND('',#5930,.F.);
#5930 = EDGE_LOOP('',(#5931));
#5931 = ORIENTED_EDGE('',*,*,#5050,.T.);
#5932 = ADVANCED_FACE('',(#5933),#5117,.F.);
#5933 = FACE_BOUND('',#5934,.F.);
#5934 = EDGE_LOOP('',(#5935));
#5935 = ORIENTED_EDGE('',*,*,#5103,.T.);
#5936 = ADVANCED_FACE('',(#5937),#5579,.T.);
#5937 = FACE_BOUND('',#5938,.T.);
#5938 = EDGE_LOOP('',(#5939));
#5939 = ORIENTED_EDGE('',*,*,#5563,.T.);
#5940 = ADVANCED_FACE('',(#5941),#5634,.T.);
#5941 = FACE_BOUND('',#5942,.T.);
#5942 = EDGE_LOOP('',(#5943));
#5943 = ORIENTED_EDGE('',*,*,#5618,.T.);
#5944 = ADVANCED_FACE('',(#5945,#5948),#5689,.T.);
#5945 = FACE_BOUND('',#5946,.T.);
#5946 = EDGE_LOOP('',(#5947));
#5947 = ORIENTED_EDGE('',*,*,#5673,.T.);
#5948 = FACE_BOUND('',#5949,.T.);
#5949 = EDGE_LOOP('',(#5950));
#5950 = ORIENTED_EDGE('',*,*,#5881,.T.);
#5951 = ADVANCED_FACE('',(#5952),#5741,.T.);
#5952 = FACE_BOUND('',#5953,.T.);
#5953 = EDGE_LOOP('',(#5954));
#5954 = ORIENTED_EDGE('',*,*,#5725,.T.);
#5955 = ADVANCED_FACE('',(#5956),#5796,.T.);
#5956 = FACE_BOUND('',#5957,.T.);
#5957 = EDGE_LOOP('',(#5958));
#5958 = ORIENTED_EDGE('',*,*,#5780,.T.);
#5959 = ( GEOMETRIC_REPRESENTATION_CONTEXT(3) 
GLOBAL_UNCERTAINTY_ASSIGNED_CONTEXT((#5963)) 
GLOBAL_UNIT_ASSIGNED_CONTEXT((#5960,#5961,#5962)) REPRESENTATION_CONTEXT
('Context #1','3D Context with UNIT and UNCERTAINTY') );
#5960 = ( LENGTH_UNIT() NAMED_UNIT(*) SI_UNIT(.MILLI.,.METRE.) );
#5961 = ( NAMED_UNIT(*) PLANE_ANGLE_UNIT() SI_UNIT($,.RADIAN.) );
#5962 = ( NAMED_UNIT(*) SI_UNIT($,.STERADIAN.) SOLID_ANGLE_UNIT() );
#5963 = UNCERTAINTY_MEASURE_WITH_UNIT(LENGTH_MEASURE(2.E-06),#5960,
  'distance_accuracy_value','confusion accuracy');
#5964 = PRODUCT_RELATED_PRODUCT_CATEGORY('part',$,(#7));
ENDSEC;
END-ISO-10303-21;
