ISO-10303-21;
HEADER;
FILE_DESCRIPTION(('Open CASCADE Model'),'2;1');
FILE_NAME('Open CASCADE Shape Model','2026-10-02T23:00:07',('Author'),(
    'Open CASCADE'),'Open CASCADE STEP processor 7.9','Open CASCADE 7.9'
  ,'Unknown');
FILE_SCHEMA(('AUTOMOTIVE_DESIGN { 1 0 10303 214 1 1 1 1 }'));
ENDSEC;
DATA;
#1 = APPLICATION_PROTOCOL_DEFINITION('international standard',
  'automotive_design',2000,#2);
#2 = APPLICATION_CONTEXT(
  'core data for automotive mechanical design processes');
#3 = SHAPE_DEFINITION_REPRESENTATION(#4,#10);
#4 = PRODUCT_DEFINITION_SHAPE('','',#5);
#5 = PRODUCT_DEFINITION('design','',#6,#9);
#6 = PRODUCT_DEFINITION_FORMATION('','',#7);
#7 = PRODUCT('Open CASCADE STEP translator 7.9 9',
  'Open CASCADE STEP translator 7.9 9','',(#8));
#8 = PRODUCT_CONTEXT('',#2,'mechanical');
#9 = PRODUCT_DEFINITION_CONTEXT('part definition',#2,'design');
#10 = ADVANCED_BREP_SHAPE_REPRESENTATION('',(#11,#15),#3778);
#11 = AXIS2_PLACEMENT_3D('',#12,#13,#14);
#12 = CARTESIAN_POINT('',(0.,0.,0.));
#13 = DIRECTION('',(0.,0.,1.));
#14 = DIRECTION('',(1.,0.,-0.));
#15 = MANIFOLD_SOLID_BREP('',#16);
#16 = CLOSED_SHELL('',(#17,#629,#663,#697,#749,#801,#853,#900,#952,#1004
    ,#1042,#1156,#1194,#1228,#1262,#1318,#1539,#1600,#1605,#1656,#1857,
    #1904,#1937,#1944,#1949,#2633,#2731,#2913,#2961,#3122,#3126,#3184,
    #3218,#3390,#3424,#3500,#3549,#3598,#3625,#3677,#3684,#3722,#3774));
#17 = ADVANCED_FACE('',(#18,#101,#254,#365,#518),#32,.T.);
#18 = FACE_BOUND('',#19,.F.);
#19 = EDGE_LOOP('',(#20,#48,#74,#75));
#20 = ORIENTED_EDGE('',*,*,#21,.F.);
#21 = EDGE_CURVE('',#22,#24,#26,.T.);
#22 = VERTEX_POINT('',#23);
#23 = CARTESIAN_POINT('',(432.91,19.05,0.));
#24 = VERTEX_POINT('',#25);
#25 = CARTESIAN_POINT('',(499.11,19.05,0.));
#26 = SEAM_CURVE('',#27,(#31,#42),.PCURVE_S1.);
#27 = LINE('',#28,#29);
#28 = CARTESIAN_POINT('',(432.91,19.05,0.));
#29 = VECTOR('',#30,1.);
#30 = DIRECTION('',(1.,0.,0.));
#31 = PCURVE('',#32,#37);
#32 = CYLINDRICAL_SURFACE('',#33,19.05);
#33 = AXIS2_PLACEMENT_3D('',#34,#35,#36);
#34 = CARTESIAN_POINT('',(432.91,0.,0.));
#35 = DIRECTION('',(-1.,-0.,-0.));
#36 = DIRECTION('',(0.,1.,0.));
#37 = DEFINITIONAL_REPRESENTATION('',(#38),#41);
#38 = B_SPLINE_CURVE_WITH_KNOTS('',1,(#39,#40),.UNSPECIFIED.,.F.,.F.,(2,
    2),(0.,66.2),.PIECEWISE_BEZIER_KNOTS.);
#39 = CARTESIAN_POINT('',(-6.28318530718,0.));
#40 = CARTESIAN_POINT('',(-6.28318530718,-66.2));
#41 = ( GEOMETRIC_REPRESENTATION_CONTEXT(2) 
PARAMETRIC_REPRESENTATION_CONTEXT() REPRESENTATION_CONTEXT('2D SPACE',''
  ) );
#42 = PCURVE('',#32,#43);
#43 = DEFINITIONAL_REPRESENTATION('',(#44),#47);
#44 = B_SPLINE_CURVE_WITH_KNOTS('',1,(#45,#46),.UNSPECIFIED.,.F.,.F.,(2,
    2),(0.,66.2),.PIECEWISE_BEZIER_KNOTS.);
#45 = CARTESIAN_POINT('',(0.,0.));
#46 = CARTESIAN_POINT('',(0.,-66.2));
#47 = ( GEOMETRIC_REPRESENTATION_CONTEXT(2) 
PARAMETRIC_REPRESENTATION_CONTEXT() REPRESENTATION_CONTEXT('2D SPACE',''
  ) );
#48 = ORIENTED_EDGE('',*,*,#49,.F.);
#49 = EDGE_CURVE('',#22,#22,#50,.T.);
#50 = SURFACE_CURVE('',#51,(#56,#62),.PCURVE_S1.);
#51 = CIRCLE('',#52,19.05);
#52 = AXIS2_PLACEMENT_3D('',#53,#54,#55);
#53 = CARTESIAN_POINT('',(432.91,0.,0.));
#54 = DIRECTION('',(1.,0.,0.));
#55 = DIRECTION('',(0.,1.,0.));
#56 = PCURVE('',#32,#57);
#57 = DEFINITIONAL_REPRESENTATION('',(#58),#61);
#58 = B_SPLINE_CURVE_WITH_KNOTS('',1,(#59,#60),.UNSPECIFIED.,.F.,.F.,(2,
    2),(0.,6.28318530718),.PIECEWISE_BEZIER_KNOTS.);
#59 = CARTESIAN_POINT('',(0.,0.));
#60 = CARTESIAN_POINT('',(-6.28318530718,0.));
#61 = ( GEOMETRIC_REPRESENTATION_CONTEXT(2) 
PARAMETRIC_REPRESENTATION_CONTEXT() REPRESENTATION_CONTEXT('2D SPACE',''
  ) );
#62 = PCURVE('',#63,#68);
#63 = PLANE('',#64);
#64 = AXIS2_PLACEMENT_3D('',#65,#66,#67);
#65 = CARTESIAN_POINT('',(432.91,-1.447207473604E-15,-5.404698065646E-17
    ));
#66 = DIRECTION('',(1.,0.,0.));
#67 = DIRECTION('',(-0.,0.,1.));
#68 = DEFINITIONAL_REPRESENTATION('',(#69),#73);
#69 = CIRCLE('',#70,19.05);
#70 = AXIS2_PLACEMENT_2D('',#71,#72);
#71 = CARTESIAN_POINT('',(5.404698065646E-17,-1.447207473604E-15));
#72 = DIRECTION('',(0.,-1.));
#73 = ( GEOMETRIC_REPRESENTATION_CONTEXT(2) 
PARAMETRIC_REPRESENTATION_CONTEXT() REPRESENTATION_CONTEXT('2D SPACE',''
  ) );
#74 = ORIENTED_EDGE('',*,*,#21,.T.);
#75 = ORIENTED_EDGE('',*,*,#76,.T.);
#76 = EDGE_CURVE('',#24,#24,#77,.T.);
#77 = SURFACE_CURVE('',#78,(#83,#89),.PCURVE_S1.);
#78 = CIRCLE('',#79,19.05);
#79 = AXIS2_PLACEMENT_3D('',#80,#81,#82);
#80 = CARTESIAN_POINT('',(499.11,0.,0.));
#81 = DIRECTION('',(1.,0.,0.));
#82 = DIRECTION('',(0.,1.,0.));
#83 = PCURVE('',#32,#84);
#84 = DEFINITIONAL_REPRESENTATION('',(#85),#88);
#85 = B_SPLINE_CURVE_WITH_KNOTS('',1,(#86,#87),.UNSPECIFIED.,.F.,.F.,(2,
    2),(0.,6.28318530718),.PIECEWISE_BEZIER_KNOTS.);
#86 = CARTESIAN_POINT('',(0.,-66.2));
#87 = CARTESIAN_POINT('',(-6.28318530718,-66.2));
#88 = ( GEOMETRIC_REPRESENTATION_CONTEXT(2) 
PARAMETRIC_REPRESENTATION_CONTEXT() REPRESENTATION_CONTEXT('2D SPACE',''
  ) );
#89 = PCURVE('',#90,#95);
#90 = PLANE('',#91);
#91 = AXIS2_PLACEMENT_3D('',#92,#93,#94);
#92 = CARTESIAN_POINT('',(499.11,-1.447207473604E-15,-5.404698065646E-17
    ));
#93 = DIRECTION('',(1.,0.,0.));
#94 = DIRECTION('',(-0.,0.,1.));
#95 = DEFINITIONAL_REPRESENTATION('',(#96),#100);
#96 = CIRCLE('',#97,19.05);
#97 = AXIS2_PLACEMENT_2D('',#98,#99);
#98 = CARTESIAN_POINT('',(5.404698065646E-17,-1.447207473604E-15));
#99 = DIRECTION('',(0.,-1.));
#100 = ( GEOMETRIC_REPRESENTATION_CONTEXT(2) 
PARAMETRIC_REPRESENTATION_CONTEXT() REPRESENTATION_CONTEXT('2D SPACE',''
  ) );
#101 = FACE_BOUND('',#102,.F.);
#102 = EDGE_LOOP('',(#103));
#103 = ORIENTED_EDGE('',*,*,#104,.T.);
#104 = EDGE_CURVE('',#105,#105,#107,.T.);
#105 = VERTEX_POINT('',#106);
#106 = CARTESIAN_POINT('',(494.284,0.,19.05));
#107 = SURFACE_CURVE('',#108,(#153,#201),.PCURVE_S1.);
#108 = B_SPLINE_CURVE_WITH_KNOTS('',8,(#109,#110,#111,#112,#113,#114,
    #115,#116,#117,#118,#119,#120,#121,#122,#123,#124,#125,#126,#127,
    #128,#129,#130,#131,#132,#133,#134,#135,#136,#137,#138,#139,#140,
    #141,#142,#143,#144,#145,#146,#147,#148,#149,#150,#151,#152),
  .UNSPECIFIED.,.T.,.F.,(9,7,7,7,7,7,9),(0.,0.160029918694,
    0.248855786886,0.509794450317,0.750561746258,0.839601483834,1.),
  .UNSPECIFIED.);
#109 = CARTESIAN_POINT('',(494.284,0.,19.05));
#110 = CARTESIAN_POINT('',(494.284,0.668584061421,19.05));
#111 = CARTESIAN_POINT('',(494.18822255239,1.337164071267,
    19.023189142565));
#112 = CARTESIAN_POINT('',(493.9966826405,1.989524599893,18.969540570816
    ));
#113 = CARTESIAN_POINT('',(493.71273507859,2.609941642328,
    18.892531248641));
#114 = CARTESIAN_POINT('',(493.34255045781,3.183802867346,
    18.798824615895));
#115 = CARTESIAN_POINT('',(492.89461210835,3.698014169836,
    18.697406833307));
#116 = CARTESIAN_POINT('',(492.37923407758,4.141192526464,18.59817661712
    ));
#117 = CARTESIAN_POINT('',(491.49108772037,4.704827343794,
    18.461039244418));
#118 = CARTESIAN_POINT('',(491.1572003898,4.88094567167,18.415541584168)
  );
#119 = CARTESIAN_POINT('',(490.80896686404,5.030121785644,
    18.375076891176));
#120 = CARTESIAN_POINT('',(490.44909448535,5.150906254756,
    18.341091213182));
#121 = CARTESIAN_POINT('',(490.08039267372,5.242234072869,18.31476556712
    ));
#122 = CARTESIAN_POINT('',(489.70572036474,5.303392322599,
    18.296926917036));
#123 = CARTESIAN_POINT('',(489.3279574186,5.334,18.288));
#124 = CARTESIAN_POINT('',(487.83969614761,5.334,18.288));
#125 = CARTESIAN_POINT('',(486.74626705848,5.069864664716,
    18.365054677474));
#126 = CARTESIAN_POINT('',(485.73294564931,4.555669903131,18.51492629292
    ));
#127 = CARTESIAN_POINT('',(484.85799792101,3.815997574711,
    18.707852458286));
#128 = CARTESIAN_POINT('',(484.17894465953,2.89062538555,18.890169164579
    ));
#129 = CARTESIAN_POINT('',(483.73876567936,1.840870588726,
    19.015938002324));
#130 = CARTESIAN_POINT('',(483.55888752643,0.74014906913,19.065959723653
    ));
#131 = CARTESIAN_POINT('',(483.68893471505,-1.326891802132,
    19.029612746071));
#132 = CARTESIAN_POINT('',(483.96313768594,-2.314209605943,
    18.953186050809));
#133 = CARTESIAN_POINT('',(484.45177863079,-3.236527615997,
    18.819629693454));
#134 = CARTESIAN_POINT('',(485.13335280973,-4.037565527218,
    18.649652929669));
#135 = CARTESIAN_POINT('',(485.97097448368,-4.671999126823,
    18.481028335989));
#136 = CARTESIAN_POINT('',(486.91814803107,-5.11017358269,
    18.353292715996));
#137 = CARTESIAN_POINT('',(487.92793581283,-5.334,18.288));
#138 = CARTESIAN_POINT('',(489.3279762806,-5.334,18.288));
#139 = CARTESIAN_POINT('',(489.70574367573,-5.303389228544,
    18.296927791411));
#140 = CARTESIAN_POINT('',(490.08041071083,-5.242229009474,
    18.314767039856));
#141 = CARTESIAN_POINT('',(490.44910248907,-5.15090204259,
    18.341092409731));
#142 = CARTESIAN_POINT('',(490.8089646816,-5.030121037562,
    18.375077023246));
#143 = CARTESIAN_POINT('',(491.15719170903,-4.8809492337,18.415540548346
    ));
#144 = CARTESIAN_POINT('',(491.49107911395,-4.704832805597,
    18.461037915513));
#145 = CARTESIAN_POINT('',(492.37919007881,-4.141220448932,
    18.598169823335));
#146 = CARTESIAN_POINT('',(492.89458574291,-3.698048803261,
    18.697399627124));
#147 = CARTESIAN_POINT('',(493.34255589663,-3.183814972275,
    18.798824453443));
#148 = CARTESIAN_POINT('',(493.71276048307,-2.609916869904,
    18.892537831509));
#149 = CARTESIAN_POINT('',(493.99670853206,-1.98946922882,
    18.969547955679));
#150 = CARTESIAN_POINT('',(494.18823549631,-1.337099919552,
    19.023192395321));
#151 = CARTESIAN_POINT('',(494.284,-0.668538929236,19.05));
#152 = CARTESIAN_POINT('',(494.284,0.,19.05));
#153 = PCURVE('',#32,#154);
#154 = DEFINITIONAL_REPRESENTATION('',(#155),#200);
#155 = B_SPLINE_CURVE_WITH_KNOTS('',8,(#156,#157,#158,#159,#160,#161,
    #162,#163,#164,#165,#166,#167,#168,#169,#170,#171,#172,#173,#174,
    #175,#176,#177,#178,#179,#180,#181,#182,#183,#184,#185,#186,#187,
    #188,#189,#190,#191,#192,#193,#194,#195,#196,#197,#198,#199),
  .UNSPECIFIED.,.T.,.F.,(9,7,7,7,7,7,9),(0.,0.160029918694,
    0.248855786886,0.509794450317,0.750561746258,0.839601483834,1.),
  .UNSPECIFIED.);
#156 = CARTESIAN_POINT('',(-1.570796326795,-61.374));
#157 = CARTESIAN_POINT('',(-1.535700050605,-61.374));
#158 = CARTESIAN_POINT('',(-1.500603603874,-61.27822255239));
#159 = CARTESIAN_POINT('',(-1.466294217567,-61.0866826405));
#160 = CARTESIAN_POINT('',(-1.433527662272,-60.80273507859));
#161 = CARTESIAN_POINT('',(-1.403039740574,-60.43255045781));
#162 = CARTESIAN_POINT('',(-1.375542686026,-59.98461210835));
#163 = CARTESIAN_POINT('',(-1.351706468697,-59.46923407758));
#164 = CARTESIAN_POINT('',(-1.32125616278,-58.58108772037));
#165 = CARTESIAN_POINT('',(-1.311708570751,-58.2472003898));
#166 = CARTESIAN_POINT('',(-1.303595595187,-57.89896686404));
#167 = CARTESIAN_POINT('',(-1.297009338451,-57.53909448535));
#168 = CARTESIAN_POINT('',(-1.292020074182,-57.17039267372));
#169 = CARTESIAN_POINT('',(-1.288675843931,-56.79572036474));
#170 = CARTESIAN_POINT('',(-1.287002217587,-56.4179574186));
#171 = CARTESIAN_POINT('',(-1.287002217587,-54.92969614761));
#172 = CARTESIAN_POINT('',(-1.30144603704,-53.83626705848));
#173 = CARTESIAN_POINT('',(-1.329557642471,-52.82294564931));
#174 = CARTESIAN_POINT('',(-1.369680867353,-51.94799792101));
#175 = CARTESIAN_POINT('',(-1.418955985387,-51.26894465952));
#176 = CARTESIAN_POINT('',(-1.474209760145,-50.82876567936));
#177 = CARTESIAN_POINT('',(-1.531935539105,-50.64888752643));
#178 = CARTESIAN_POINT('',(-1.640458395291,-50.77893471505));
#179 = CARTESIAN_POINT('',(-1.69234889466,-51.05313768594));
#180 = CARTESIAN_POINT('',(-1.741094188056,-51.54177863079));
#181 = CARTESIAN_POINT('',(-1.783935988957,-52.22335280974));
#182 = CARTESIAN_POINT('',(-1.818394737556,-53.06097448367));
#183 = CARTESIAN_POINT('',(-1.842350922337,-54.00814803107));
#184 = CARTESIAN_POINT('',(-1.854590436003,-55.01793581283));
#185 = CARTESIAN_POINT('',(-1.854590436003,-56.4179762806));
#186 = CARTESIAN_POINT('',(-1.852916642469,-56.79574367573));
#187 = CARTESIAN_POINT('',(-1.849572302576,-57.17041071083));
#188 = CARTESIAN_POINT('',(-1.844583083734,-57.53910248907));
#189 = CARTESIAN_POINT('',(-1.83799701816,-57.8989646816));
#190 = CARTESIAN_POINT('',(-1.829884278697,-58.24719170903));
#191 = CARTESIAN_POINT('',(-1.820336785884,-58.58107911395));
#192 = CARTESIAN_POINT('',(-1.789887693401,-59.46919007881));
#193 = CARTESIAN_POINT('',(-1.766051811939,-59.98458574291));
#194 = CARTESIAN_POINT('',(-1.738553543941,-60.43255589663));
#195 = CARTESIAN_POINT('',(-1.708063668116,-60.80276048307));
#196 = CARTESIAN_POINT('',(-1.675295508037,-61.08670853206));
#197 = CARTESIAN_POINT('',(-1.640985673329,-61.27823549631));
#198 = CARTESIAN_POINT('',(-1.605890233841,-61.374));
#199 = CARTESIAN_POINT('',(-1.570796326795,-61.374));
#200 = ( GEOMETRIC_REPRESENTATION_CONTEXT(2) 
PARAMETRIC_REPRESENTATION_CONTEXT() REPRESENTATION_CONTEXT('2D SPACE',''
  ) );
#201 = PCURVE('',#202,#207);
#202 = CYLINDRICAL_SURFACE('',#203,5.334);
#203 = AXIS2_PLACEMENT_3D('',#204,#205,#206);
#204 = CARTESIAN_POINT('',(488.95,0.,11.938));
#205 = DIRECTION('',(-0.,-0.,-1.));
#206 = DIRECTION('',(1.,0.,0.));
#207 = DEFINITIONAL_REPRESENTATION('',(#208),#253);
#208 = B_SPLINE_CURVE_WITH_KNOTS('',8,(#209,#210,#211,#212,#213,#214,
    #215,#216,#217,#218,#219,#220,#221,#222,#223,#224,#225,#226,#227,
    #228,#229,#230,#231,#232,#233,#234,#235,#236,#237,#238,#239,#240,
    #241,#242,#243,#244,#245,#246,#247,#248,#249,#250,#251,#252),
  .UNSPECIFIED.,.F.,.F.,(9,7,7,7,7,7,9),(0.,0.160029918694,
    0.248855786886,0.509794450317,0.750561746258,0.839601483834,1.),
  .UNSPECIFIED.);
#209 = CARTESIAN_POINT('',(0.,-7.112));
#210 = CARTESIAN_POINT('',(-0.125343843536,-7.112));
#211 = CARTESIAN_POINT('',(-0.250686895974,-7.085189142565));
#212 = CARTESIAN_POINT('',(-0.37599062578,-7.031540570816));
#213 = CARTESIAN_POINT('',(-0.501304532199,-6.954531248641));
#214 = CARTESIAN_POINT('',(-0.626727114845,-6.860824615895));
#215 = CARTESIAN_POINT('',(-0.752394070648,-6.759406833307));
#216 = CARTESIAN_POINT('',(-0.878493718151,-6.66017661712));
#217 = CARTESIAN_POINT('',(-1.075699831581,-6.523039244418));
#218 = CARTESIAN_POINT('',(-1.146243228315,-6.477541584168));
#219 = CARTESIAN_POINT('',(-1.216883037844,-6.437076891176));
#220 = CARTESIAN_POINT('',(-1.28758511361,-6.403091213182));
#221 = CARTESIAN_POINT('',(-1.358331865029,-6.37676556712));
#222 = CARTESIAN_POINT('',(-1.42911657988,-6.358926917036));
#223 = CARTESIAN_POINT('',(-1.499938168076,-6.35));
#224 = CARTESIAN_POINT('',(-1.778952279623,-6.35));
#225 = CARTESIAN_POINT('',(-1.983940773417,-6.427054677474));
#226 = CARTESIAN_POINT('',(-2.187680204811,-6.57692629292));
#227 = CARTESIAN_POINT('',(-2.391125460965,-6.769852458286));
#228 = CARTESIAN_POINT('',(-2.594839364791,-6.952169164579));
#229 = CARTESIAN_POINT('',(-2.798642776115,-7.077938002324));
#230 = CARTESIAN_POINT('',(-3.002474880289,-7.127959723653));
#231 = CARTESIAN_POINT('',(-3.390762800951,-7.091612746072));
#232 = CARTESIAN_POINT('',(-3.57872227122,-7.015186050809));
#233 = CARTESIAN_POINT('',(-3.766917923299,-6.881629693454));
#234 = CARTESIAN_POINT('',(-3.955079255155,-6.711652929669));
#235 = CARTESIAN_POINT('',(-4.143164150149,-6.543028335989));
#236 = CARTESIAN_POINT('',(-4.331465685275,-6.415292715996));
#237 = CARTESIAN_POINT('',(-4.520775896926,-6.35));
#238 = CARTESIAN_POINT('',(-4.783250675287,-6.35));
#239 = CARTESIAN_POINT('',(-4.854073089429,-6.358927791411));
#240 = CARTESIAN_POINT('',(-4.924856903537,-6.376767039856));
#241 = CARTESIAN_POINT('',(-4.995601853752,-6.403092409731));
#242 = CARTESIAN_POINT('',(-5.066301961047,-6.437077023246));
#243 = CARTESIAN_POINT('',(-5.136940336816,-6.477540548346));
#244 = CARTESIAN_POINT('',(-5.207483564608,-6.523037915513));
#245 = CARTESIAN_POINT('',(-5.404681819438,-6.660169823335));
#246 = CARTESIAN_POINT('',(-5.530783536003,-6.759399627124));
#247 = CARTESIAN_POINT('',(-5.656457199443,-6.860824453443));
#248 = CARTESIAN_POINT('',(-5.781886850637,-6.954537831509));
#249 = CARTESIAN_POINT('',(-5.907205635186,-7.031547955679));
#250 = CARTESIAN_POINT('',(-6.032510470564,-7.085192395321));
#251 = CARTESIAN_POINT('',(-6.157849924871,-7.112));
#252 = CARTESIAN_POINT('',(-6.28318530718,-7.112));
#253 = ( GEOMETRIC_REPRESENTATION_CONTEXT(2) 
PARAMETRIC_REPRESENTATION_CONTEXT() REPRESENTATION_CONTEXT('2D SPACE',''
  ) );
#254 = FACE_BOUND('',#255,.F.);
#255 = EDGE_LOOP('',(#256));
#256 = ORIENTED_EDGE('',*,*,#257,.F.);
#257 = EDGE_CURVE('',#258,#258,#260,.T.);
#258 = VERTEX_POINT('',#259);
#259 = CARTESIAN_POINT('',(491.5027,0.,-19.05));
#260 = SURFACE_CURVE('',#261,(#292,#326),.PCURVE_S1.);
#261 = B_SPLINE_CURVE_WITH_KNOTS('',8,(#262,#263,#264,#265,#266,#267,
    #268,#269,#270,#271,#272,#273,#274,#275,#276,#277,#278,#279,#280,
    #281,#282,#283,#284,#285,#286,#287,#288,#289,#290,#291),
  .UNSPECIFIED.,.T.,.F.,(9,7,7,7,9),(0.,0.250006332284,0.499997857479,
    0.749989382675,1.),.UNSPECIFIED.);
#262 = CARTESIAN_POINT('',(491.5027,-2.114974861911E-15,-19.05));
#263 = CARTESIAN_POINT('',(491.5027,0.498921201023,-19.05));
#264 = CARTESIAN_POINT('',(491.3912572379,1.001153241799,-19.03506594935
    ));
#265 = CARTESIAN_POINT('',(491.16577700093,1.47362904398,-19.00485511016
    ));
#266 = CARTESIAN_POINT('',(490.83776702322,1.885722138795,
    -18.96448025351));
#267 = CARTESIAN_POINT('',(490.42620393265,2.213251283535,
    -18.92409115617));
#268 = CARTESIAN_POINT('',(489.95592284999,2.438866395605,
    -18.89358740603));
#269 = CARTESIAN_POINT('',(489.4542293386,2.5527,-18.87819437102));
#270 = CARTESIAN_POINT('',(488.4458005253,2.5527,-18.87819437102));
#271 = CARTESIAN_POINT('',(487.94407063183,2.438878999314,
    -18.89358578172));
#272 = CARTESIAN_POINT('',(487.47374575491,2.213241593952,
    -18.92409220128));
#273 = CARTESIAN_POINT('',(487.06216972405,1.885669311321,
    -18.96448881356));
#274 = CARTESIAN_POINT('',(486.73418692651,1.473557215411,
    -19.00485975953));
#275 = CARTESIAN_POINT('',(486.50873930696,1.001105049033,-19.0350664638
    ));
#276 = CARTESIAN_POINT('',(486.3973,0.498913333664,-19.05));
#277 = CARTESIAN_POINT('',(486.3973,-0.498913333664,-19.05));
#278 = CARTESIAN_POINT('',(486.50873930696,-1.001105049029,
    -19.0350664638));
#279 = CARTESIAN_POINT('',(486.73418692651,-1.473557215418,
    -19.00485975953));
#280 = CARTESIAN_POINT('',(487.06216972405,-1.885669311321,
    -18.96448881356));
#281 = CARTESIAN_POINT('',(487.47374575492,-2.213241593949,
    -18.92409220128));
#282 = CARTESIAN_POINT('',(487.94407063182,-2.438878999315,
    -18.89358578172));
#283 = CARTESIAN_POINT('',(488.44580052531,-2.5527,-18.87819437102));
#284 = CARTESIAN_POINT('',(489.45423798096,-2.5527,-18.87819437102));
#285 = CARTESIAN_POINT('',(489.95596506414,-2.438861419428,
    -18.89358814783));
#286 = CARTESIAN_POINT('',(490.42626327166,-2.213223052948,
    -18.9240947536));
#287 = CARTESIAN_POINT('',(490.83781420706,-1.885666043077,
    -18.9644879761));
#288 = CARTESIAN_POINT('',(491.16578498938,-1.473584651419,
    -19.00485584761));
#289 = CARTESIAN_POINT('',(491.39124502593,-1.001150252056,
    -19.03506441322));
#290 = CARTESIAN_POINT('',(491.5027,-0.498948493557,-19.05));
#291 = CARTESIAN_POINT('',(491.5027,-2.114974861911E-15,-19.05));
#292 = PCURVE('',#32,#293);
#293 = DEFINITIONAL_REPRESENTATION('',(#294),#325);
#294 = B_SPLINE_CURVE_WITH_KNOTS('',8,(#295,#296,#297,#298,#299,#300,
    #301,#302,#303,#304,#305,#306,#307,#308,#309,#310,#311,#312,#313,
    #314,#315,#316,#317,#318,#319,#320,#321,#322,#323,#324),
  .UNSPECIFIED.,.T.,.F.,(9,7,7,7,9),(0.,0.250006332284,0.499997857479,
    0.749989382675,1.),.UNSPECIFIED.);
#295 = CARTESIAN_POINT('',(-4.712388980385,-58.5927));
#296 = CARTESIAN_POINT('',(-4.738579069677,-58.5927));
#297 = CARTESIAN_POINT('',(-4.764943034864,-58.4812572379));
#298 = CARTESIAN_POINT('',(-4.789771847434,-58.25577700093));
#299 = CARTESIAN_POINT('',(-4.811488889545,-57.92776702322));
#300 = CARTESIAN_POINT('',(-4.828812724032,-57.51620393265));
#301 = CARTESIAN_POINT('',(-4.840763293812,-57.04592284999));
#302 = CARTESIAN_POINT('',(-4.84679327308,-56.5442293386));
#303 = CARTESIAN_POINT('',(-4.84679327308,-55.5358005253));
#304 = CARTESIAN_POINT('',(-4.840763950502,-55.03407063183));
#305 = CARTESIAN_POINT('',(-4.828812237316,-54.56374575491));
#306 = CARTESIAN_POINT('',(-4.811486054164,-54.15216972405));
#307 = CARTESIAN_POINT('',(-4.789768097847,-53.82418692651));
#308 = CARTESIAN_POINT('',(-4.764940499404,-53.59873930696));
#309 = CARTESIAN_POINT('',(-4.738578656693,-53.4873));
#310 = CARTESIAN_POINT('',(-4.686199304077,-53.4873));
#311 = CARTESIAN_POINT('',(-4.659837461366,-53.59873930696));
#312 = CARTESIAN_POINT('',(-4.635009862922,-53.82418692651));
#313 = CARTESIAN_POINT('',(-4.613291906605,-54.15216972405));
#314 = CARTESIAN_POINT('',(-4.595965723454,-54.56374575491));
#315 = CARTESIAN_POINT('',(-4.584014010267,-55.03407063182));
#316 = CARTESIAN_POINT('',(-4.57798468769,-55.53580052531));
#317 = CARTESIAN_POINT('',(-4.57798468769,-56.54423798096));
#318 = CARTESIAN_POINT('',(-4.584014942534,-57.04596506414));
#319 = CARTESIAN_POINT('',(-4.595966701963,-57.51626327166));
#320 = CARTESIAN_POINT('',(-4.613292076147,-57.92781420706));
#321 = CARTESIAN_POINT('',(-4.635008408047,-58.25578498938));
#322 = CARTESIAN_POINT('',(-4.659835092195,-58.48124502593));
#323 = CARTESIAN_POINT('',(-4.686197458413,-58.5927));
#324 = CARTESIAN_POINT('',(-4.712388980385,-58.5927));
#325 = ( GEOMETRIC_REPRESENTATION_CONTEXT(2) 
PARAMETRIC_REPRESENTATION_CONTEXT() REPRESENTATION_CONTEXT('2D SPACE',''
  ) );
#326 = PCURVE('',#327,#332);
#327 = CYLINDRICAL_SURFACE('',#328,2.5527);
#328 = AXIS2_PLACEMENT_3D('',#329,#330,#331);
#329 = CARTESIAN_POINT('',(488.95,0.,0.));
#330 = DIRECTION('',(0.,0.,1.));
#331 = DIRECTION('',(1.,0.,0.));
#332 = DEFINITIONAL_REPRESENTATION('',(#333),#364);
#333 = B_SPLINE_CURVE_WITH_KNOTS('',8,(#334,#335,#336,#337,#338,#339,
    #340,#341,#342,#343,#344,#345,#346,#347,#348,#349,#350,#351,#352,
    #353,#354,#355,#356,#357,#358,#359,#360,#361,#362,#363),
  .UNSPECIFIED.,.F.,.F.,(9,7,7,7,9),(0.,0.250006332284,0.499997857479,
    0.749989382675,1.),.UNSPECIFIED.);
#334 = CARTESIAN_POINT('',(0.,-19.05));
#335 = CARTESIAN_POINT('',(0.195448427556,-19.05));
#336 = CARTESIAN_POINT('',(0.392190748087,-19.03506594935));
#337 = CARTESIAN_POINT('',(0.588674613492,-19.00485511016));
#338 = CARTESIAN_POINT('',(0.784818570826,-18.96448025351));
#339 = CARTESIAN_POINT('',(0.980755871261,-18.92409115617));
#340 = CARTESIAN_POINT('',(1.176734819768,-18.89358740603));
#341 = CARTESIAN_POINT('',(1.373268478396,-18.87819437102));
#342 = CARTESIAN_POINT('',(1.768312476241,-18.87819437102));
#343 = CARTESIAN_POINT('',(1.964860249538,-18.89358578172));
#344 = CARTESIAN_POINT('',(2.160854887222,-18.92409220128));
#345 = CARTESIAN_POINT('',(2.356802488676,-18.96448881356));
#346 = CARTESIAN_POINT('',(2.552947200967,-19.00485975953));
#347 = CARTESIAN_POINT('',(2.749420644463,-19.0350664638));
#348 = CARTESIAN_POINT('',(2.946147308009,-19.05));
#349 = CARTESIAN_POINT('',(3.337037999171,-19.05));
#350 = CARTESIAN_POINT('',(3.533764662714,-19.0350664638));
#351 = CARTESIAN_POINT('',(3.73023810622,-19.00485975953));
#352 = CARTESIAN_POINT('',(3.926382818496,-18.96448881356));
#353 = CARTESIAN_POINT('',(4.122330419964,-18.92409220128));
#354 = CARTESIAN_POINT('',(4.318325057637,-18.89358578172));
#355 = CARTESIAN_POINT('',(4.51487283094,-18.87819437102));
#356 = CARTESIAN_POINT('',(4.909920214357,-18.87819437102));
#357 = CARTESIAN_POINT('',(5.106466889707,-18.89358814783));
#358 = CARTESIAN_POINT('',(5.302453758411,-18.9240947536));
#359 = CARTESIAN_POINT('',(5.498391443539,-18.9644879761));
#360 = CARTESIAN_POINT('',(5.694526887068,-19.00485584761));
#361 = CARTESIAN_POINT('',(5.890995483615,-19.03506441322));
#362 = CARTESIAN_POINT('',(6.08772618799,-19.05));
#363 = CARTESIAN_POINT('',(6.28318530718,-19.05));
#364 = ( GEOMETRIC_REPRESENTATION_CONTEXT(2) 
PARAMETRIC_REPRESENTATION_CONTEXT() REPRESENTATION_CONTEXT('2D SPACE',''
  ) );
#365 = FACE_BOUND('',#366,.F.);
#366 = EDGE_LOOP('',(#367));
#367 = ORIENTED_EDGE('',*,*,#368,.T.);
#368 = EDGE_CURVE('',#369,#369,#371,.T.);
#369 = VERTEX_POINT('',#370);
#370 = CARTESIAN_POINT('',(456.184,0.,19.05));
#371 = SURFACE_CURVE('',#372,(#417,#465),.PCURVE_S1.);
#372 = B_SPLINE_CURVE_WITH_KNOTS('',8,(#373,#374,#375,#376,#377,#378,
    #379,#380,#381,#382,#383,#384,#385,#386,#387,#388,#389,#390,#391,
    #392,#393,#394,#395,#396,#397,#398,#399,#400,#401,#402,#403,#404,
    #405,#406,#407,#408,#409,#410,#411,#412,#413,#414,#415,#416),
  .UNSPECIFIED.,.T.,.F.,(9,7,7,7,7,7,9),(0.,0.160029918696,
    0.248855786889,0.509794450317,0.750561746256,0.839601483831,1.),
  .UNSPECIFIED.);
#373 = CARTESIAN_POINT('',(456.184,0.,19.05));
#374 = CARTESIAN_POINT('',(456.184,0.668584061421,19.05));
#375 = CARTESIAN_POINT('',(456.08822255239,1.337164071267,
    19.023189142565));
#376 = CARTESIAN_POINT('',(455.8966826405,1.989524599893,18.969540570816
    ));
#377 = CARTESIAN_POINT('',(455.61273507859,2.609941642327,
    18.892531248641));
#378 = CARTESIAN_POINT('',(455.24255045781,3.183802867346,
    18.798824615895));
#379 = CARTESIAN_POINT('',(454.79461210835,3.698014169836,
    18.697406833306));
#380 = CARTESIAN_POINT('',(454.27923407758,4.141192526464,18.59817661712
    ));
#381 = CARTESIAN_POINT('',(453.39108772037,4.704827343794,
    18.461039244418));
#382 = CARTESIAN_POINT('',(453.0572003898,4.88094567167,18.415541584168)
  );
#383 = CARTESIAN_POINT('',(452.70896686404,5.030121785644,
    18.375076891176));
#384 = CARTESIAN_POINT('',(452.34909448535,5.150906254756,
    18.341091213182));
#385 = CARTESIAN_POINT('',(451.98039267372,5.242234072869,18.31476556712
    ));
#386 = CARTESIAN_POINT('',(451.60572036474,5.303392322599,
    18.296926917036));
#387 = CARTESIAN_POINT('',(451.2279574186,5.334,18.288));
#388 = CARTESIAN_POINT('',(449.73969614763,5.334,18.288));
#389 = CARTESIAN_POINT('',(448.6462670584,5.069864664712,18.365054677476
    ));
#390 = CARTESIAN_POINT('',(447.63294564945,4.555669903135,
    18.514926292915));
#391 = CARTESIAN_POINT('',(446.75799792089,3.81599757473,18.707852458291
    ));
#392 = CARTESIAN_POINT('',(446.07894465958,2.890625385507,
    18.890169164577));
#393 = CARTESIAN_POINT('',(445.63876567935,1.840870588763,
    19.015938002325));
#394 = CARTESIAN_POINT('',(445.45888752643,0.740149069117,
    19.065959723653));
#395 = CARTESIAN_POINT('',(445.58893471505,-1.326891802126,
    19.029612746072));
#396 = CARTESIAN_POINT('',(445.86313768593,-2.314209605949,
    18.953186050811));
#397 = CARTESIAN_POINT('',(446.35177863082,-3.236527616014,
    18.819629693448));
#398 = CARTESIAN_POINT('',(447.0333528097,-4.037565527182,
    18.649652929678));
#399 = CARTESIAN_POINT('',(447.87097448369,-4.671999126847,
    18.481028335984));
#400 = CARTESIAN_POINT('',(448.81814803108,-5.110173582684,
    18.353292715997));
#401 = CARTESIAN_POINT('',(449.82793581282,-5.334,18.288));
#402 = CARTESIAN_POINT('',(451.2279762806,-5.334,18.288));
#403 = CARTESIAN_POINT('',(451.60574367573,-5.303389228544,
    18.296927791411));
#404 = CARTESIAN_POINT('',(451.98041071083,-5.242229009474,
    18.314767039855));
#405 = CARTESIAN_POINT('',(452.34910248907,-5.15090204259,
    18.341092409731));
#406 = CARTESIAN_POINT('',(452.7089646816,-5.030121037562,
    18.375077023246));
#407 = CARTESIAN_POINT('',(453.05719170903,-4.8809492337,18.415540548346
    ));
#408 = CARTESIAN_POINT('',(453.39107911395,-4.704832805598,
    18.461037915513));
#409 = CARTESIAN_POINT('',(454.27919007884,-4.141220448917,
    18.598169823339));
#410 = CARTESIAN_POINT('',(454.79458574292,-3.698048803244,
    18.697399627127));
#411 = CARTESIAN_POINT('',(455.24255589663,-3.183814972267,
    18.798824453444));
#412 = CARTESIAN_POINT('',(455.61276048306,-2.609916869907,
    18.892537831508));
#413 = CARTESIAN_POINT('',(455.89670853205,-1.98946922883,
    18.969547955677));
#414 = CARTESIAN_POINT('',(456.0882354963,-1.337099919567,
    19.023192395319));
#415 = CARTESIAN_POINT('',(456.184,-0.668538929253,19.05));
#416 = CARTESIAN_POINT('',(456.184,0.,19.05));
#417 = PCURVE('',#32,#418);
#418 = DEFINITIONAL_REPRESENTATION('',(#419),#464);
#419 = B_SPLINE_CURVE_WITH_KNOTS('',8,(#420,#421,#422,#423,#424,#425,
    #426,#427,#428,#429,#430,#431,#432,#433,#434,#435,#436,#437,#438,
    #439,#440,#441,#442,#443,#444,#445,#446,#447,#448,#449,#450,#451,
    #452,#453,#454,#455,#456,#457,#458,#459,#460,#461,#462,#463),
  .UNSPECIFIED.,.T.,.F.,(9,7,7,7,7,7,9),(0.,0.160029918696,
    0.248855786889,0.509794450317,0.750561746256,0.839601483831,1.),
  .UNSPECIFIED.);
#420 = CARTESIAN_POINT('',(-1.570796326795,-23.274));
#421 = CARTESIAN_POINT('',(-1.535700050605,-23.274));
#422 = CARTESIAN_POINT('',(-1.500603603874,-23.17822255239));
#423 = CARTESIAN_POINT('',(-1.466294217567,-22.9866826405));
#424 = CARTESIAN_POINT('',(-1.433527662272,-22.70273507859));
#425 = CARTESIAN_POINT('',(-1.403039740574,-22.33255045781));
#426 = CARTESIAN_POINT('',(-1.375542686026,-21.88461210835));
#427 = CARTESIAN_POINT('',(-1.351706468697,-21.36923407758));
#428 = CARTESIAN_POINT('',(-1.32125616278,-20.48108772037));
#429 = CARTESIAN_POINT('',(-1.311708570751,-20.1472003898));
#430 = CARTESIAN_POINT('',(-1.303595595187,-19.79896686404));
#431 = CARTESIAN_POINT('',(-1.297009338451,-19.43909448535));
#432 = CARTESIAN_POINT('',(-1.292020074182,-19.07039267372));
#433 = CARTESIAN_POINT('',(-1.288675843931,-18.69572036474));
#434 = CARTESIAN_POINT('',(-1.287002217587,-18.3179574186));
#435 = CARTESIAN_POINT('',(-1.287002217587,-16.82969614763));
#436 = CARTESIAN_POINT('',(-1.30144603704,-15.7362670584));
#437 = CARTESIAN_POINT('',(-1.329557642471,-14.72294564945));
#438 = CARTESIAN_POINT('',(-1.369680867353,-13.84799792089));
#439 = CARTESIAN_POINT('',(-1.418955985389,-13.16894465958));
#440 = CARTESIAN_POINT('',(-1.474209760143,-12.72876567935));
#441 = CARTESIAN_POINT('',(-1.531935539106,-12.54888752643));
#442 = CARTESIAN_POINT('',(-1.640458395291,-12.67893471505));
#443 = CARTESIAN_POINT('',(-1.69234889466,-12.95313768593));
#444 = CARTESIAN_POINT('',(-1.741094188057,-13.44177863082));
#445 = CARTESIAN_POINT('',(-1.783935988955,-14.12335280971));
#446 = CARTESIAN_POINT('',(-1.818394737557,-14.96097448368));
#447 = CARTESIAN_POINT('',(-1.842350922336,-15.90814803108));
#448 = CARTESIAN_POINT('',(-1.854590436003,-16.91793581282));
#449 = CARTESIAN_POINT('',(-1.854590436003,-18.3179762806));
#450 = CARTESIAN_POINT('',(-1.852916642469,-18.69574367573));
#451 = CARTESIAN_POINT('',(-1.849572302576,-19.07041071083));
#452 = CARTESIAN_POINT('',(-1.844583083734,-19.43910248907));
#453 = CARTESIAN_POINT('',(-1.83799701816,-19.7989646816));
#454 = CARTESIAN_POINT('',(-1.829884278697,-20.14719170903));
#455 = CARTESIAN_POINT('',(-1.820336785884,-20.48107911395));
#456 = CARTESIAN_POINT('',(-1.7898876934,-21.36919007884));
#457 = CARTESIAN_POINT('',(-1.766051811938,-21.88458574292));
#458 = CARTESIAN_POINT('',(-1.738553543941,-22.33255589663));
#459 = CARTESIAN_POINT('',(-1.708063668116,-22.70276048306));
#460 = CARTESIAN_POINT('',(-1.675295508037,-22.98670853206));
#461 = CARTESIAN_POINT('',(-1.64098567333,-23.1782354963));
#462 = CARTESIAN_POINT('',(-1.605890233842,-23.274));
#463 = CARTESIAN_POINT('',(-1.570796326795,-23.274));
#464 = ( GEOMETRIC_REPRESENTATION_CONTEXT(2) 
PARAMETRIC_REPRESENTATION_CONTEXT() REPRESENTATION_CONTEXT('2D SPACE',''
  ) );
#465 = PCURVE('',#466,#471);
#466 = CYLINDRICAL_SURFACE('',#467,5.334);
#467 = AXIS2_PLACEMENT_3D('',#468,#469,#470);
#468 = CARTESIAN_POINT('',(450.85,0.,11.938));
#469 = DIRECTION('',(-0.,-0.,-1.));
#470 = DIRECTION('',(1.,0.,0.));
#471 = DEFINITIONAL_REPRESENTATION('',(#472),#517);
#472 = B_SPLINE_CURVE_WITH_KNOTS('',8,(#473,#474,#475,#476,#477,#478,
    #479,#480,#481,#482,#483,#484,#485,#486,#487,#488,#489,#490,#491,
    #492,#493,#494,#495,#496,#497,#498,#499,#500,#501,#502,#503,#504,
    #505,#506,#507,#508,#509,#510,#511,#512,#513,#514,#515,#516),
  .UNSPECIFIED.,.F.,.F.,(9,7,7,7,7,7,9),(0.,0.160029918696,
    0.248855786889,0.509794450317,0.750561746256,0.839601483831,1.),
  .UNSPECIFIED.);
#473 = CARTESIAN_POINT('',(0.,-7.112));
#474 = CARTESIAN_POINT('',(-0.125343843536,-7.112));
#475 = CARTESIAN_POINT('',(-0.250686895974,-7.085189142565));
#476 = CARTESIAN_POINT('',(-0.37599062578,-7.031540570816));
#477 = CARTESIAN_POINT('',(-0.501304532199,-6.954531248641));
#478 = CARTESIAN_POINT('',(-0.626727114845,-6.860824615895));
#479 = CARTESIAN_POINT('',(-0.752394070648,-6.759406833306));
#480 = CARTESIAN_POINT('',(-0.878493718151,-6.66017661712));
#481 = CARTESIAN_POINT('',(-1.075699831581,-6.523039244418));
#482 = CARTESIAN_POINT('',(-1.146243228315,-6.477541584168));
#483 = CARTESIAN_POINT('',(-1.216883037844,-6.437076891176));
#484 = CARTESIAN_POINT('',(-1.28758511361,-6.403091213182));
#485 = CARTESIAN_POINT('',(-1.358331865029,-6.37676556712));
#486 = CARTESIAN_POINT('',(-1.42911657988,-6.358926917036));
#487 = CARTESIAN_POINT('',(-1.499938168076,-6.35));
#488 = CARTESIAN_POINT('',(-1.778952279619,-6.35));
#489 = CARTESIAN_POINT('',(-1.983940773432,-6.427054677476));
#490 = CARTESIAN_POINT('',(-2.187680204786,-6.576926292915));
#491 = CARTESIAN_POINT('',(-2.391125460984,-6.769852458291));
#492 = CARTESIAN_POINT('',(-2.594839364788,-6.952169164577));
#493 = CARTESIAN_POINT('',(-2.798642776111,-7.077938002325));
#494 = CARTESIAN_POINT('',(-3.002474880292,-7.127959723653));
#495 = CARTESIAN_POINT('',(-3.39076280095,-7.091612746072));
#496 = CARTESIAN_POINT('',(-3.578722271221,-7.015186050811));
#497 = CARTESIAN_POINT('',(-3.766917923302,-6.881629693448));
#498 = CARTESIAN_POINT('',(-3.955079255149,-6.711652929678));
#499 = CARTESIAN_POINT('',(-4.143164150151,-6.543028335983));
#500 = CARTESIAN_POINT('',(-4.331465685277,-6.415292715997));
#501 = CARTESIAN_POINT('',(-4.520775896925,-6.35));
#502 = CARTESIAN_POINT('',(-4.783250675286,-6.35));
#503 = CARTESIAN_POINT('',(-4.854073089429,-6.358927791411));
#504 = CARTESIAN_POINT('',(-4.924856903537,-6.376767039856));
#505 = CARTESIAN_POINT('',(-4.995601853752,-6.403092409731));
#506 = CARTESIAN_POINT('',(-5.066301961047,-6.437077023246));
#507 = CARTESIAN_POINT('',(-5.136940336816,-6.477540548346));
#508 = CARTESIAN_POINT('',(-5.207483564608,-6.523037915513));
#509 = CARTESIAN_POINT('',(-5.404681819444,-6.660169823339));
#510 = CARTESIAN_POINT('',(-5.530783536007,-6.759399627127));
#511 = CARTESIAN_POINT('',(-5.656457199444,-6.860824453444));
#512 = CARTESIAN_POINT('',(-5.781886850637,-6.954537831508));
#513 = CARTESIAN_POINT('',(-5.907205635184,-7.031547955677));
#514 = CARTESIAN_POINT('',(-6.032510470561,-7.085192395319));
#515 = CARTESIAN_POINT('',(-6.157849924867,-7.112));
#516 = CARTESIAN_POINT('',(-6.28318530718,-7.112));
#517 = ( GEOMETRIC_REPRESENTATION_CONTEXT(2) 
PARAMETRIC_REPRESENTATION_CONTEXT() REPRESENTATION_CONTEXT('2D SPACE',''
  ) );
#518 = FACE_BOUND('',#519,.F.);
#519 = EDGE_LOOP('',(#520));
#520 = ORIENTED_EDGE('',*,*,#521,.F.);
#521 = EDGE_CURVE('',#522,#522,#524,.T.);
#522 = VERTEX_POINT('',#523);
#523 = CARTESIAN_POINT('',(453.4027,0.,-19.05));
#524 = SURFACE_CURVE('',#525,(#556,#590),.PCURVE_S1.);
#525 = B_SPLINE_CURVE_WITH_KNOTS('',8,(#526,#527,#528,#529,#530,#531,
    #532,#533,#534,#535,#536,#537,#538,#539,#540,#541,#542,#543,#544,
    #545,#546,#547,#548,#549,#550,#551,#552,#553,#554,#555),
  .UNSPECIFIED.,.T.,.F.,(9,7,7,7,9),(0.,0.250006332289,0.499997857485,
    0.749989382677,1.),.UNSPECIFIED.);
#526 = CARTESIAN_POINT('',(453.4027,-2.114974861911E-15,-19.05));
#527 = CARTESIAN_POINT('',(453.4027,0.498921201024,-19.05));
#528 = CARTESIAN_POINT('',(453.2912572379,1.001153241797,-19.03506594935
    ));
#529 = CARTESIAN_POINT('',(453.06577700093,1.473629043982,
    -19.00485511016));
#530 = CARTESIAN_POINT('',(452.73776702322,1.885722138794,
    -18.96448025351));
#531 = CARTESIAN_POINT('',(452.32620393265,2.213251283535,
    -18.92409115617));
#532 = CARTESIAN_POINT('',(451.85592284999,2.438866395605,
    -18.89358740603));
#533 = CARTESIAN_POINT('',(451.3542293386,2.5527,-18.87819437102));
#534 = CARTESIAN_POINT('',(450.34580052531,2.5527,-18.87819437102));
#535 = CARTESIAN_POINT('',(449.84407063181,2.43887899932,-18.89358578172
    ));
#536 = CARTESIAN_POINT('',(449.37374575491,2.213241593933,
    -18.92409220128));
#537 = CARTESIAN_POINT('',(448.96216972406,1.885669311341,
    -18.96448881356));
#538 = CARTESIAN_POINT('',(448.6341869265,1.473557215408,-19.00485975953
    ));
#539 = CARTESIAN_POINT('',(448.40873930696,1.001105049026,-19.0350664638
    ));
#540 = CARTESIAN_POINT('',(448.2973,0.498913333668,-19.05));
#541 = CARTESIAN_POINT('',(448.2973,-0.498913333661,-19.05));
#542 = CARTESIAN_POINT('',(448.40873930696,-1.001105049037,
    -19.0350664638));
#543 = CARTESIAN_POINT('',(448.63418692651,-1.473557215414,
    -19.00485975953));
#544 = CARTESIAN_POINT('',(448.96216972405,-1.885669311315,
    -18.96448881356));
#545 = CARTESIAN_POINT('',(449.37374575491,-2.213241593953,
    -18.92409220128));
#546 = CARTESIAN_POINT('',(449.84407063183,-2.438878999315,
    -18.89358578172));
#547 = CARTESIAN_POINT('',(450.3458005253,-2.5527,-18.87819437102));
#548 = CARTESIAN_POINT('',(451.35423798096,-2.5527,-18.87819437102));
#549 = CARTESIAN_POINT('',(451.85596506413,-2.438861419425,
    -18.89358814783));
#550 = CARTESIAN_POINT('',(452.32626327165,-2.213223052967,
    -18.92409475359));
#551 = CARTESIAN_POINT('',(452.73781420708,-1.885666043051,
    -18.96448797611));
#552 = CARTESIAN_POINT('',(453.06578498936,-1.473584651424,
    -19.00485584761));
#553 = CARTESIAN_POINT('',(453.29124502593,-1.001150252069,
    -19.03506441322));
#554 = CARTESIAN_POINT('',(453.4027,-0.49894849355,-19.05));
#555 = CARTESIAN_POINT('',(453.4027,-2.114974861911E-15,-19.05));
#556 = PCURVE('',#32,#557);
#557 = DEFINITIONAL_REPRESENTATION('',(#558),#589);
#558 = B_SPLINE_CURVE_WITH_KNOTS('',8,(#559,#560,#561,#562,#563,#564,
    #565,#566,#567,#568,#569,#570,#571,#572,#573,#574,#575,#576,#577,
    #578,#579,#580,#581,#582,#583,#584,#585,#586,#587,#588),
  .UNSPECIFIED.,.T.,.F.,(9,7,7,7,9),(0.,0.250006332289,0.499997857485,
    0.749989382677,1.),.UNSPECIFIED.);
#559 = CARTESIAN_POINT('',(-4.712388980385,-20.4927));
#560 = CARTESIAN_POINT('',(-4.738579069677,-20.4927));
#561 = CARTESIAN_POINT('',(-4.764943034864,-20.3812572379));
#562 = CARTESIAN_POINT('',(-4.789771847434,-20.15577700093));
#563 = CARTESIAN_POINT('',(-4.811488889545,-19.82776702322));
#564 = CARTESIAN_POINT('',(-4.828812724032,-19.41620393265));
#565 = CARTESIAN_POINT('',(-4.840763293812,-18.94592284999));
#566 = CARTESIAN_POINT('',(-4.84679327308,-18.4442293386));
#567 = CARTESIAN_POINT('',(-4.84679327308,-17.43580052531));
#568 = CARTESIAN_POINT('',(-4.840763950503,-16.93407063181));
#569 = CARTESIAN_POINT('',(-4.828812237315,-16.46374575491));
#570 = CARTESIAN_POINT('',(-4.811486054165,-16.05216972407));
#571 = CARTESIAN_POINT('',(-4.789768097847,-15.7241869265));
#572 = CARTESIAN_POINT('',(-4.764940499403,-15.49873930696));
#573 = CARTESIAN_POINT('',(-4.738578656693,-15.3873));
#574 = CARTESIAN_POINT('',(-4.686199304077,-15.3873));
#575 = CARTESIAN_POINT('',(-4.659837461365,-15.49873930696));
#576 = CARTESIAN_POINT('',(-4.635009862922,-15.72418692651));
#577 = CARTESIAN_POINT('',(-4.613291906605,-16.05216972405));
#578 = CARTESIAN_POINT('',(-4.595965723454,-16.46374575491));
#579 = CARTESIAN_POINT('',(-4.584014010267,-16.93407063183));
#580 = CARTESIAN_POINT('',(-4.57798468769,-17.4358005253));
#581 = CARTESIAN_POINT('',(-4.57798468769,-18.44423798096));
#582 = CARTESIAN_POINT('',(-4.584014942534,-18.94596506413));
#583 = CARTESIAN_POINT('',(-4.595966701963,-19.41626327165));
#584 = CARTESIAN_POINT('',(-4.613292076148,-19.82781420708));
#585 = CARTESIAN_POINT('',(-4.635008408047,-20.15578498936));
#586 = CARTESIAN_POINT('',(-4.659835092194,-20.38124502593));
#587 = CARTESIAN_POINT('',(-4.686197458414,-20.4927));
#588 = CARTESIAN_POINT('',(-4.712388980385,-20.4927));
#589 = ( GEOMETRIC_REPRESENTATION_CONTEXT(2) 
PARAMETRIC_REPRESENTATION_CONTEXT() REPRESENTATION_CONTEXT('2D SPACE',''
  ) );
#590 = PCURVE('',#591,#596);
#591 = CYLINDRICAL_SURFACE('',#592,2.5527);
#592 = AXIS2_PLACEMENT_3D('',#593,#594,#595);
#593 = CARTESIAN_POINT('',(450.85,0.,0.));
#594 = DIRECTION('',(0.,0.,1.));
#595 = DIRECTION('',(1.,0.,0.));
#596 = DEFINITIONAL_REPRESENTATION('',(#597),#628);
#597 = B_SPLINE_CURVE_WITH_KNOTS('',8,(#598,#599,#600,#601,#602,#603,
    #604,#605,#606,#607,#608,#609,#610,#611,#612,#613,#614,#615,#616,
    #617,#618,#619,#620,#621,#622,#623,#624,#625,#626,#627),
  .UNSPECIFIED.,.F.,.F.,(9,7,7,7,9),(0.,0.250006332289,0.499997857485,
    0.749989382677,1.),.UNSPECIFIED.);
#598 = CARTESIAN_POINT('',(0.,-19.05));
#599 = CARTESIAN_POINT('',(0.195448427557,-19.05));
#600 = CARTESIAN_POINT('',(0.392190748086,-19.03506594935));
#601 = CARTESIAN_POINT('',(0.588674613493,-19.00485511016));
#602 = CARTESIAN_POINT('',(0.784818570826,-18.96448025351));
#603 = CARTESIAN_POINT('',(0.980755871262,-18.92409115617));
#604 = CARTESIAN_POINT('',(1.176734819767,-18.89358740603));
#605 = CARTESIAN_POINT('',(1.373268478396,-18.87819437102));
#606 = CARTESIAN_POINT('',(1.768312476237,-18.87819437102));
#607 = CARTESIAN_POINT('',(1.964860249545,-18.89358578172));
#608 = CARTESIAN_POINT('',(2.160854887221,-18.92409220128));
#609 = CARTESIAN_POINT('',(2.356802488673,-18.96448881356));
#610 = CARTESIAN_POINT('',(2.552947200966,-19.00485975953));
#611 = CARTESIAN_POINT('',(2.749420644466,-19.0350664638));
#612 = CARTESIAN_POINT('',(2.946147308008,-19.05));
#613 = CARTESIAN_POINT('',(3.33703799917,-19.05));
#614 = CARTESIAN_POINT('',(3.533764662718,-19.0350664638));
#615 = CARTESIAN_POINT('',(3.730238106215,-19.00485975953));
#616 = CARTESIAN_POINT('',(3.926382818501,-18.96448881356));
#617 = CARTESIAN_POINT('',(4.122330419957,-18.92409220128));
#618 = CARTESIAN_POINT('',(4.318325057643,-18.89358578172));
#619 = CARTESIAN_POINT('',(4.514872830939,-18.87819437102));
#620 = CARTESIAN_POINT('',(4.909920214359,-18.87819437102));
#621 = CARTESIAN_POINT('',(5.106466889703,-18.89358814783));
#622 = CARTESIAN_POINT('',(5.302453758408,-18.92409475359));
#623 = CARTESIAN_POINT('',(5.498391443552,-18.96448797611));
#624 = CARTESIAN_POINT('',(5.694526887063,-19.00485584761));
#625 = CARTESIAN_POINT('',(5.890995483611,-19.03506441322));
#626 = CARTESIAN_POINT('',(6.087726187992,-19.05));
#627 = CARTESIAN_POINT('',(6.28318530718,-19.05));
#628 = ( GEOMETRIC_REPRESENTATION_CONTEXT(2) 
PARAMETRIC_REPRESENTATION_CONTEXT() REPRESENTATION_CONTEXT('2D SPACE',''
  ) );
#629 = ADVANCED_FACE('',(#630,#633),#90,.T.);
#630 = FACE_BOUND('',#631,.T.);
#631 = EDGE_LOOP('',(#632));
#632 = ORIENTED_EDGE('',*,*,#76,.T.);
#633 = FACE_BOUND('',#634,.T.);
#634 = EDGE_LOOP('',(#635));
#635 = ORIENTED_EDGE('',*,*,#636,.F.);
#636 = EDGE_CURVE('',#637,#637,#639,.T.);
#637 = VERTEX_POINT('',#638);
#638 = CARTESIAN_POINT('',(499.11,17.5,0.));
#639 = SURFACE_CURVE('',#640,(#645,#652),.PCURVE_S1.);
#640 = CIRCLE('',#641,17.5);
#641 = AXIS2_PLACEMENT_3D('',#642,#643,#644);
#642 = CARTESIAN_POINT('',(499.11,0.,0.));
#643 = DIRECTION('',(1.,0.,0.));
#644 = DIRECTION('',(0.,1.,0.));
#645 = PCURVE('',#90,#646);
#646 = DEFINITIONAL_REPRESENTATION('',(#647),#651);
#647 = CIRCLE('',#648,17.5);
#648 = AXIS2_PLACEMENT_2D('',#649,#650);
#649 = CARTESIAN_POINT('',(5.404698065646E-17,-1.447207473604E-15));
#650 = DIRECTION('',(0.,-1.));
#651 = ( GEOMETRIC_REPRESENTATION_CONTEXT(2) 
PARAMETRIC_REPRESENTATION_CONTEXT() REPRESENTATION_CONTEXT('2D SPACE',''
  ) );
#652 = PCURVE('',#653,#658);
#653 = CYLINDRICAL_SURFACE('',#654,17.5);
#654 = AXIS2_PLACEMENT_3D('',#655,#656,#657);
#655 = CARTESIAN_POINT('',(499.11,0.,0.));
#656 = DIRECTION('',(-1.,-0.,-0.));
#657 = DIRECTION('',(0.,1.,0.));
#658 = DEFINITIONAL_REPRESENTATION('',(#659),#662);
#659 = B_SPLINE_CURVE_WITH_KNOTS('',1,(#660,#661),.UNSPECIFIED.,.F.,.F.,
  (2,2),(0.,6.28318530718),.PIECEWISE_BEZIER_KNOTS.);
#660 = CARTESIAN_POINT('',(0.,0.));
#661 = CARTESIAN_POINT('',(-6.28318530718,0.));
#662 = ( GEOMETRIC_REPRESENTATION_CONTEXT(2) 
PARAMETRIC_REPRESENTATION_CONTEXT() REPRESENTATION_CONTEXT('2D SPACE',''
  ) );
#663 = ADVANCED_FACE('',(#664,#667),#63,.F.);
#664 = FACE_BOUND('',#665,.F.);
#665 = EDGE_LOOP('',(#666));
#666 = ORIENTED_EDGE('',*,*,#49,.T.);
#667 = FACE_BOUND('',#668,.F.);
#668 = EDGE_LOOP('',(#669));
#669 = ORIENTED_EDGE('',*,*,#670,.F.);
#670 = EDGE_CURVE('',#671,#671,#673,.T.);
#671 = VERTEX_POINT('',#672);
#672 = CARTESIAN_POINT('',(432.91,17.5,0.));
#673 = SURFACE_CURVE('',#674,(#679,#686),.PCURVE_S1.);
#674 = CIRCLE('',#675,17.5);
#675 = AXIS2_PLACEMENT_3D('',#676,#677,#678);
#676 = CARTESIAN_POINT('',(432.91,0.,0.));
#677 = DIRECTION('',(1.,0.,0.));
#678 = DIRECTION('',(0.,1.,0.));
#679 = PCURVE('',#63,#680);
#680 = DEFINITIONAL_REPRESENTATION('',(#681),#685);
#681 = CIRCLE('',#682,17.5);
#682 = AXIS2_PLACEMENT_2D('',#683,#684);
#683 = CARTESIAN_POINT('',(5.404698065646E-17,-1.447207473604E-15));
#684 = DIRECTION('',(0.,-1.));
#685 = ( GEOMETRIC_REPRESENTATION_CONTEXT(2) 
PARAMETRIC_REPRESENTATION_CONTEXT() REPRESENTATION_CONTEXT('2D SPACE',''
  ) );
#686 = PCURVE('',#687,#692);
#687 = CYLINDRICAL_SURFACE('',#688,17.5);
#688 = AXIS2_PLACEMENT_3D('',#689,#690,#691);
#689 = CARTESIAN_POINT('',(422.91,0.,0.));
#690 = DIRECTION('',(-1.,-0.,-0.));
#691 = DIRECTION('',(0.,1.,0.));
#692 = DEFINITIONAL_REPRESENTATION('',(#693),#696);
#693 = B_SPLINE_CURVE_WITH_KNOTS('',1,(#694,#695),.UNSPECIFIED.,.F.,.F.,
  (2,2),(0.,6.28318530718),.PIECEWISE_BEZIER_KNOTS.);
#694 = CARTESIAN_POINT('',(0.,-10.));
#695 = CARTESIAN_POINT('',(-6.28318530718,-10.));
#696 = ( GEOMETRIC_REPRESENTATION_CONTEXT(2) 
PARAMETRIC_REPRESENTATION_CONTEXT() REPRESENTATION_CONTEXT('2D SPACE',''
  ) );
#697 = ADVANCED_FACE('',(#698),#202,.F.);
#698 = FACE_BOUND('',#699,.T.);
#699 = EDGE_LOOP('',(#700,#728,#747,#748));
#700 = ORIENTED_EDGE('',*,*,#701,.F.);
#701 = EDGE_CURVE('',#702,#702,#704,.T.);
#702 = VERTEX_POINT('',#703);
#703 = CARTESIAN_POINT('',(494.284,0.,11.938));
#704 = SURFACE_CURVE('',#705,(#710,#716),.PCURVE_S1.);
#705 = CIRCLE('',#706,5.334);
#706 = AXIS2_PLACEMENT_3D('',#707,#708,#709);
#707 = CARTESIAN_POINT('',(488.95,0.,11.938));
#708 = DIRECTION('',(0.,0.,1.));
#709 = DIRECTION('',(1.,0.,0.));
#710 = PCURVE('',#202,#711);
#711 = DEFINITIONAL_REPRESENTATION('',(#712),#715);
#712 = B_SPLINE_CURVE_WITH_KNOTS('',1,(#713,#714),.UNSPECIFIED.,.F.,.F.,
  (2,2),(0.,6.28318530718),.PIECEWISE_BEZIER_KNOTS.);
#713 = CARTESIAN_POINT('',(0.,0.));
#714 = CARTESIAN_POINT('',(-6.28318530718,0.));
#715 = ( GEOMETRIC_REPRESENTATION_CONTEXT(2) 
PARAMETRIC_REPRESENTATION_CONTEXT() REPRESENTATION_CONTEXT('2D SPACE',''
  ) );
#716 = PCURVE('',#717,#722);
#717 = PLANE('',#718);
#718 = AXIS2_PLACEMENT_3D('',#719,#720,#721);
#719 = CARTESIAN_POINT('',(488.95,1.052951816125E-16,11.938));
#720 = DIRECTION('',(0.,0.,1.));
#721 = DIRECTION('',(1.,0.,-0.));
#722 = DEFINITIONAL_REPRESENTATION('',(#723),#727);
#723 = CIRCLE('',#724,5.334);
#724 = AXIS2_PLACEMENT_2D('',#725,#726);
#725 = CARTESIAN_POINT('',(0.,-1.052951816125E-16));
#726 = DIRECTION('',(1.,0.));
#727 = ( GEOMETRIC_REPRESENTATION_CONTEXT(2) 
PARAMETRIC_REPRESENTATION_CONTEXT() REPRESENTATION_CONTEXT('2D SPACE',''
  ) );
#728 = ORIENTED_EDGE('',*,*,#729,.T.);
#729 = EDGE_CURVE('',#702,#105,#730,.T.);
#730 = SEAM_CURVE('',#731,(#735,#741),.PCURVE_S1.);
#731 = LINE('',#732,#733);
#732 = CARTESIAN_POINT('',(494.284,0.,11.938));
#733 = VECTOR('',#734,1.);
#734 = DIRECTION('',(0.,0.,1.));
#735 = PCURVE('',#202,#736);
#736 = DEFINITIONAL_REPRESENTATION('',(#737),#740);
#737 = B_SPLINE_CURVE_WITH_KNOTS('',1,(#738,#739),.UNSPECIFIED.,.F.,.F.,
  (2,2),(0.,7.112),.PIECEWISE_BEZIER_KNOTS.);
#738 = CARTESIAN_POINT('',(-6.28318530718,0.));
#739 = CARTESIAN_POINT('',(-6.28318530718,-7.112));
#740 = ( GEOMETRIC_REPRESENTATION_CONTEXT(2) 
PARAMETRIC_REPRESENTATION_CONTEXT() REPRESENTATION_CONTEXT('2D SPACE',''
  ) );
#741 = PCURVE('',#202,#742);
#742 = DEFINITIONAL_REPRESENTATION('',(#743),#746);
#743 = B_SPLINE_CURVE_WITH_KNOTS('',1,(#744,#745),.UNSPECIFIED.,.F.,.F.,
  (2,2),(0.,7.112),.PIECEWISE_BEZIER_KNOTS.);
#744 = CARTESIAN_POINT('',(0.,0.));
#745 = CARTESIAN_POINT('',(0.,-7.112));
#746 = ( GEOMETRIC_REPRESENTATION_CONTEXT(2) 
PARAMETRIC_REPRESENTATION_CONTEXT() REPRESENTATION_CONTEXT('2D SPACE',''
  ) );
#747 = ORIENTED_EDGE('',*,*,#104,.T.);
#748 = ORIENTED_EDGE('',*,*,#729,.F.);
#749 = ADVANCED_FACE('',(#750),#327,.F.);
#750 = FACE_BOUND('',#751,.F.);
#751 = EDGE_LOOP('',(#752,#780,#799,#800));
#752 = ORIENTED_EDGE('',*,*,#753,.F.);
#753 = EDGE_CURVE('',#754,#754,#756,.T.);
#754 = VERTEX_POINT('',#755);
#755 = CARTESIAN_POINT('',(491.5027,0.,-8.9535));
#756 = SURFACE_CURVE('',#757,(#762,#768),.PCURVE_S1.);
#757 = CIRCLE('',#758,2.5527);
#758 = AXIS2_PLACEMENT_3D('',#759,#760,#761);
#759 = CARTESIAN_POINT('',(488.95,0.,-8.9535));
#760 = DIRECTION('',(0.,0.,1.));
#761 = DIRECTION('',(1.,0.,-0.));
#762 = PCURVE('',#327,#763);
#763 = DEFINITIONAL_REPRESENTATION('',(#764),#767);
#764 = B_SPLINE_CURVE_WITH_KNOTS('',1,(#765,#766),.UNSPECIFIED.,.F.,.F.,
  (2,2),(0.,6.28318530718),.PIECEWISE_BEZIER_KNOTS.);
#765 = CARTESIAN_POINT('',(0.,-8.9535));
#766 = CARTESIAN_POINT('',(6.28318530718,-8.9535));
#767 = ( GEOMETRIC_REPRESENTATION_CONTEXT(2) 
PARAMETRIC_REPRESENTATION_CONTEXT() REPRESENTATION_CONTEXT('2D SPACE',''
  ) );
#768 = PCURVE('',#769,#774);
#769 = PLANE('',#770);
#770 = AXIS2_PLACEMENT_3D('',#771,#772,#773);
#771 = CARTESIAN_POINT('',(429.26,-25.4,-8.9535));
#772 = DIRECTION('',(0.,0.,1.));
#773 = DIRECTION('',(1.,0.,0.));
#774 = DEFINITIONAL_REPRESENTATION('',(#775),#779);
#775 = CIRCLE('',#776,2.5527);
#776 = AXIS2_PLACEMENT_2D('',#777,#778);
#777 = CARTESIAN_POINT('',(59.69,25.4));
#778 = DIRECTION('',(1.,0.));
#779 = ( GEOMETRIC_REPRESENTATION_CONTEXT(2) 
PARAMETRIC_REPRESENTATION_CONTEXT() REPRESENTATION_CONTEXT('2D SPACE',''
  ) );
#780 = ORIENTED_EDGE('',*,*,#781,.T.);
#781 = EDGE_CURVE('',#754,#258,#782,.T.);
#782 = SEAM_CURVE('',#783,(#787,#793),.PCURVE_S1.);
#783 = LINE('',#784,#785);
#784 = CARTESIAN_POINT('',(491.5027,0.,0.));
#785 = VECTOR('',#786,1.);
#786 = DIRECTION('',(-0.,-0.,-1.));
#787 = PCURVE('',#327,#788);
#788 = DEFINITIONAL_REPRESENTATION('',(#789),#792);
#789 = B_SPLINE_CURVE_WITH_KNOTS('',1,(#790,#791),.UNSPECIFIED.,.F.,.F.,
  (2,2),(8.9535,19.05),.PIECEWISE_BEZIER_KNOTS.);
#790 = CARTESIAN_POINT('',(6.28318530718,-8.9535));
#791 = CARTESIAN_POINT('',(6.28318530718,-19.05));
#792 = ( GEOMETRIC_REPRESENTATION_CONTEXT(2) 
PARAMETRIC_REPRESENTATION_CONTEXT() REPRESENTATION_CONTEXT('2D SPACE',''
  ) );
#793 = PCURVE('',#327,#794);
#794 = DEFINITIONAL_REPRESENTATION('',(#795),#798);
#795 = B_SPLINE_CURVE_WITH_KNOTS('',1,(#796,#797),.UNSPECIFIED.,.F.,.F.,
  (2,2),(8.9535,19.05),.PIECEWISE_BEZIER_KNOTS.);
#796 = CARTESIAN_POINT('',(0.,-8.9535));
#797 = CARTESIAN_POINT('',(0.,-19.05));
#798 = ( GEOMETRIC_REPRESENTATION_CONTEXT(2) 
PARAMETRIC_REPRESENTATION_CONTEXT() REPRESENTATION_CONTEXT('2D SPACE',''
  ) );
#799 = ORIENTED_EDGE('',*,*,#257,.T.);
#800 = ORIENTED_EDGE('',*,*,#781,.F.);
#801 = ADVANCED_FACE('',(#802),#466,.F.);
#802 = FACE_BOUND('',#803,.T.);
#803 = EDGE_LOOP('',(#804,#832,#851,#852));
#804 = ORIENTED_EDGE('',*,*,#805,.F.);
#805 = EDGE_CURVE('',#806,#806,#808,.T.);
#806 = VERTEX_POINT('',#807);
#807 = CARTESIAN_POINT('',(456.184,0.,11.938));
#808 = SURFACE_CURVE('',#809,(#814,#820),.PCURVE_S1.);
#809 = CIRCLE('',#810,5.334);
#810 = AXIS2_PLACEMENT_3D('',#811,#812,#813);
#811 = CARTESIAN_POINT('',(450.85,0.,11.938));
#812 = DIRECTION('',(0.,0.,1.));
#813 = DIRECTION('',(1.,0.,0.));
#814 = PCURVE('',#466,#815);
#815 = DEFINITIONAL_REPRESENTATION('',(#816),#819);
#816 = B_SPLINE_CURVE_WITH_KNOTS('',1,(#817,#818),.UNSPECIFIED.,.F.,.F.,
  (2,2),(0.,6.28318530718),.PIECEWISE_BEZIER_KNOTS.);
#817 = CARTESIAN_POINT('',(0.,0.));
#818 = CARTESIAN_POINT('',(-6.28318530718,0.));
#819 = ( GEOMETRIC_REPRESENTATION_CONTEXT(2) 
PARAMETRIC_REPRESENTATION_CONTEXT() REPRESENTATION_CONTEXT('2D SPACE',''
  ) );
#820 = PCURVE('',#821,#826);
#821 = PLANE('',#822);
#822 = AXIS2_PLACEMENT_3D('',#823,#824,#825);
#823 = CARTESIAN_POINT('',(450.85,1.052951816125E-16,11.938));
#824 = DIRECTION('',(0.,0.,1.));
#825 = DIRECTION('',(1.,0.,-0.));
#826 = DEFINITIONAL_REPRESENTATION('',(#827),#831);
#827 = CIRCLE('',#828,5.334);
#828 = AXIS2_PLACEMENT_2D('',#829,#830);
#829 = CARTESIAN_POINT('',(-1.136868377216E-13,-1.052951816125E-16));
#830 = DIRECTION('',(1.,0.));
#831 = ( GEOMETRIC_REPRESENTATION_CONTEXT(2) 
PARAMETRIC_REPRESENTATION_CONTEXT() REPRESENTATION_CONTEXT('2D SPACE',''
  ) );
#832 = ORIENTED_EDGE('',*,*,#833,.T.);
#833 = EDGE_CURVE('',#806,#369,#834,.T.);
#834 = SEAM_CURVE('',#835,(#839,#845),.PCURVE_S1.);
#835 = LINE('',#836,#837);
#836 = CARTESIAN_POINT('',(456.184,0.,11.938));
#837 = VECTOR('',#838,1.);
#838 = DIRECTION('',(0.,0.,1.));
#839 = PCURVE('',#466,#840);
#840 = DEFINITIONAL_REPRESENTATION('',(#841),#844);
#841 = B_SPLINE_CURVE_WITH_KNOTS('',1,(#842,#843),.UNSPECIFIED.,.F.,.F.,
  (2,2),(0.,7.112),.PIECEWISE_BEZIER_KNOTS.);
#842 = CARTESIAN_POINT('',(-6.28318530718,0.));
#843 = CARTESIAN_POINT('',(-6.28318530718,-7.112));
#844 = ( GEOMETRIC_REPRESENTATION_CONTEXT(2) 
PARAMETRIC_REPRESENTATION_CONTEXT() REPRESENTATION_CONTEXT('2D SPACE',''
  ) );
#845 = PCURVE('',#466,#846);
#846 = DEFINITIONAL_REPRESENTATION('',(#847),#850);
#847 = B_SPLINE_CURVE_WITH_KNOTS('',1,(#848,#849),.UNSPECIFIED.,.F.,.F.,
  (2,2),(0.,7.112),.PIECEWISE_BEZIER_KNOTS.);
#848 = CARTESIAN_POINT('',(0.,0.));
#849 = CARTESIAN_POINT('',(0.,-7.112));
#850 = ( GEOMETRIC_REPRESENTATION_CONTEXT(2) 
PARAMETRIC_REPRESENTATION_CONTEXT() REPRESENTATION_CONTEXT('2D SPACE',''
  ) );
#851 = ORIENTED_EDGE('',*,*,#368,.T.);
#852 = ORIENTED_EDGE('',*,*,#833,.F.);
#853 = ADVANCED_FACE('',(#854),#591,.F.);
#854 = FACE_BOUND('',#855,.F.);
#855 = EDGE_LOOP('',(#856,#879,#898,#899));
#856 = ORIENTED_EDGE('',*,*,#857,.F.);
#857 = EDGE_CURVE('',#858,#858,#860,.T.);
#858 = VERTEX_POINT('',#859);
#859 = CARTESIAN_POINT('',(453.4027,0.,-8.9535));
#860 = SURFACE_CURVE('',#861,(#866,#872),.PCURVE_S1.);
#861 = CIRCLE('',#862,2.5527);
#862 = AXIS2_PLACEMENT_3D('',#863,#864,#865);
#863 = CARTESIAN_POINT('',(450.85,0.,-8.9535));
#864 = DIRECTION('',(0.,0.,1.));
#865 = DIRECTION('',(1.,0.,-0.));
#866 = PCURVE('',#591,#867);
#867 = DEFINITIONAL_REPRESENTATION('',(#868),#871);
#868 = B_SPLINE_CURVE_WITH_KNOTS('',1,(#869,#870),.UNSPECIFIED.,.F.,.F.,
  (2,2),(0.,6.28318530718),.PIECEWISE_BEZIER_KNOTS.);
#869 = CARTESIAN_POINT('',(0.,-8.9535));
#870 = CARTESIAN_POINT('',(6.28318530718,-8.9535));
#871 = ( GEOMETRIC_REPRESENTATION_CONTEXT(2) 
PARAMETRIC_REPRESENTATION_CONTEXT() REPRESENTATION_CONTEXT('2D SPACE',''
  ) );
#872 = PCURVE('',#769,#873);
#873 = DEFINITIONAL_REPRESENTATION('',(#874),#878);
#874 = CIRCLE('',#875,2.5527);
#875 = AXIS2_PLACEMENT_2D('',#876,#877);
#876 = CARTESIAN_POINT('',(21.59,25.4));
#877 = DIRECTION('',(1.,0.));
#878 = ( GEOMETRIC_REPRESENTATION_CONTEXT(2) 
PARAMETRIC_REPRESENTATION_CONTEXT() REPRESENTATION_CONTEXT('2D SPACE',''
  ) );
#879 = ORIENTED_EDGE('',*,*,#880,.T.);
#880 = EDGE_CURVE('',#858,#522,#881,.T.);
#881 = SEAM_CURVE('',#882,(#886,#892),.PCURVE_S1.);
#882 = LINE('',#883,#884);
#883 = CARTESIAN_POINT('',(453.4027,0.,0.));
#884 = VECTOR('',#885,1.);
#885 = DIRECTION('',(-0.,-0.,-1.));
#886 = PCURVE('',#591,#887);
#887 = DEFINITIONAL_REPRESENTATION('',(#888),#891);
#888 = B_SPLINE_CURVE_WITH_KNOTS('',1,(#889,#890),.UNSPECIFIED.,.F.,.F.,
  (2,2),(8.9535,19.05),.PIECEWISE_BEZIER_KNOTS.);
#889 = CARTESIAN_POINT('',(6.28318530718,-8.9535));
#890 = CARTESIAN_POINT('',(6.28318530718,-19.05));
#891 = ( GEOMETRIC_REPRESENTATION_CONTEXT(2) 
PARAMETRIC_REPRESENTATION_CONTEXT() REPRESENTATION_CONTEXT('2D SPACE',''
  ) );
#892 = PCURVE('',#591,#893);
#893 = DEFINITIONAL_REPRESENTATION('',(#894),#897);
#894 = B_SPLINE_CURVE_WITH_KNOTS('',1,(#895,#896),.UNSPECIFIED.,.F.,.F.,
  (2,2),(8.9535,19.05),.PIECEWISE_BEZIER_KNOTS.);
#895 = CARTESIAN_POINT('',(0.,-8.9535));
#896 = CARTESIAN_POINT('',(0.,-19.05));
#897 = ( GEOMETRIC_REPRESENTATION_CONTEXT(2) 
PARAMETRIC_REPRESENTATION_CONTEXT() REPRESENTATION_CONTEXT('2D SPACE',''
  ) );
#898 = ORIENTED_EDGE('',*,*,#521,.T.);
#899 = ORIENTED_EDGE('',*,*,#880,.F.);
#900 = ADVANCED_FACE('',(#901),#653,.T.);
#901 = FACE_BOUND('',#902,.F.);
#902 = EDGE_LOOP('',(#903,#924,#950,#951));
#903 = ORIENTED_EDGE('',*,*,#904,.T.);
#904 = EDGE_CURVE('',#637,#905,#907,.T.);
#905 = VERTEX_POINT('',#906);
#906 = CARTESIAN_POINT('',(509.11,17.5,0.));
#907 = SEAM_CURVE('',#908,(#912,#918),.PCURVE_S1.);
#908 = LINE('',#909,#910);
#909 = CARTESIAN_POINT('',(499.11,17.5,0.));
#910 = VECTOR('',#911,1.);
#911 = DIRECTION('',(1.,0.,0.));
#912 = PCURVE('',#653,#913);
#913 = DEFINITIONAL_REPRESENTATION('',(#914),#917);
#914 = B_SPLINE_CURVE_WITH_KNOTS('',1,(#915,#916),.UNSPECIFIED.,.F.,.F.,
  (2,2),(0.,10.),.PIECEWISE_BEZIER_KNOTS.);
#915 = CARTESIAN_POINT('',(0.,0.));
#916 = CARTESIAN_POINT('',(0.,-10.));
#917 = ( GEOMETRIC_REPRESENTATION_CONTEXT(2) 
PARAMETRIC_REPRESENTATION_CONTEXT() REPRESENTATION_CONTEXT('2D SPACE',''
  ) );
#918 = PCURVE('',#653,#919);
#919 = DEFINITIONAL_REPRESENTATION('',(#920),#923);
#920 = B_SPLINE_CURVE_WITH_KNOTS('',1,(#921,#922),.UNSPECIFIED.,.F.,.F.,
  (2,2),(0.,10.),.PIECEWISE_BEZIER_KNOTS.);
#921 = CARTESIAN_POINT('',(-6.28318530718,0.));
#922 = CARTESIAN_POINT('',(-6.28318530718,-10.));
#923 = ( GEOMETRIC_REPRESENTATION_CONTEXT(2) 
PARAMETRIC_REPRESENTATION_CONTEXT() REPRESENTATION_CONTEXT('2D SPACE',''
  ) );
#924 = ORIENTED_EDGE('',*,*,#925,.T.);
#925 = EDGE_CURVE('',#905,#905,#926,.T.);
#926 = SURFACE_CURVE('',#927,(#932,#938),.PCURVE_S1.);
#927 = CIRCLE('',#928,17.5);
#928 = AXIS2_PLACEMENT_3D('',#929,#930,#931);
#929 = CARTESIAN_POINT('',(509.11,0.,0.));
#930 = DIRECTION('',(1.,0.,0.));
#931 = DIRECTION('',(0.,1.,0.));
#932 = PCURVE('',#653,#933);
#933 = DEFINITIONAL_REPRESENTATION('',(#934),#937);
#934 = B_SPLINE_CURVE_WITH_KNOTS('',1,(#935,#936),.UNSPECIFIED.,.F.,.F.,
  (2,2),(0.,6.28318530718),.PIECEWISE_BEZIER_KNOTS.);
#935 = CARTESIAN_POINT('',(0.,-10.));
#936 = CARTESIAN_POINT('',(-6.28318530718,-10.));
#937 = ( GEOMETRIC_REPRESENTATION_CONTEXT(2) 
PARAMETRIC_REPRESENTATION_CONTEXT() REPRESENTATION_CONTEXT('2D SPACE',''
  ) );
#938 = PCURVE('',#939,#944);
#939 = PLANE('',#940);
#940 = AXIS2_PLACEMENT_3D('',#941,#942,#943);
#941 = CARTESIAN_POINT('',(509.11,-1.181541530235E-15,7.331705398768E-17
    ));
#942 = DIRECTION('',(1.,0.,0.));
#943 = DIRECTION('',(-0.,0.,1.));
#944 = DEFINITIONAL_REPRESENTATION('',(#945),#949);
#945 = CIRCLE('',#946,17.5);
#946 = AXIS2_PLACEMENT_2D('',#947,#948);
#947 = CARTESIAN_POINT('',(-7.331705398768E-17,-1.181541530235E-15));
#948 = DIRECTION('',(0.,-1.));
#949 = ( GEOMETRIC_REPRESENTATION_CONTEXT(2) 
PARAMETRIC_REPRESENTATION_CONTEXT() REPRESENTATION_CONTEXT('2D SPACE',''
  ) );
#950 = ORIENTED_EDGE('',*,*,#904,.F.);
#951 = ORIENTED_EDGE('',*,*,#636,.F.);
#952 = ADVANCED_FACE('',(#953),#687,.T.);
#953 = FACE_BOUND('',#954,.F.);
#954 = EDGE_LOOP('',(#955,#976,#977,#978));
#955 = ORIENTED_EDGE('',*,*,#956,.T.);
#956 = EDGE_CURVE('',#957,#671,#959,.T.);
#957 = VERTEX_POINT('',#958);
#958 = CARTESIAN_POINT('',(422.91,17.5,0.));
#959 = SEAM_CURVE('',#960,(#964,#970),.PCURVE_S1.);
#960 = LINE('',#961,#962);
#961 = CARTESIAN_POINT('',(422.91,17.5,0.));
#962 = VECTOR('',#963,1.);
#963 = DIRECTION('',(1.,0.,0.));
#964 = PCURVE('',#687,#965);
#965 = DEFINITIONAL_REPRESENTATION('',(#966),#969);
#966 = B_SPLINE_CURVE_WITH_KNOTS('',1,(#967,#968),.UNSPECIFIED.,.F.,.F.,
  (2,2),(0.,10.),.PIECEWISE_BEZIER_KNOTS.);
#967 = CARTESIAN_POINT('',(0.,0.));
#968 = CARTESIAN_POINT('',(0.,-10.));
#969 = ( GEOMETRIC_REPRESENTATION_CONTEXT(2) 
PARAMETRIC_REPRESENTATION_CONTEXT() REPRESENTATION_CONTEXT('2D SPACE',''
  ) );
#970 = PCURVE('',#687,#971);
#971 = DEFINITIONAL_REPRESENTATION('',(#972),#975);
#972 = B_SPLINE_CURVE_WITH_KNOTS('',1,(#973,#974),.UNSPECIFIED.,.F.,.F.,
  (2,2),(0.,10.),.PIECEWISE_BEZIER_KNOTS.);
#973 = CARTESIAN_POINT('',(-6.28318530718,0.));
#974 = CARTESIAN_POINT('',(-6.28318530718,-10.));
#975 = ( GEOMETRIC_REPRESENTATION_CONTEXT(2) 
PARAMETRIC_REPRESENTATION_CONTEXT() REPRESENTATION_CONTEXT('2D SPACE',''
  ) );
#976 = ORIENTED_EDGE('',*,*,#670,.T.);
#977 = ORIENTED_EDGE('',*,*,#956,.F.);
#978 = ORIENTED_EDGE('',*,*,#979,.F.);
#979 = EDGE_CURVE('',#957,#957,#980,.T.);
#980 = SURFACE_CURVE('',#981,(#986,#992),.PCURVE_S1.);
#981 = CIRCLE('',#982,17.5);
#982 = AXIS2_PLACEMENT_3D('',#983,#984,#985);
#983 = CARTESIAN_POINT('',(422.91,0.,0.));
#984 = DIRECTION('',(1.,0.,0.));
#985 = DIRECTION('',(0.,1.,0.));
#986 = PCURVE('',#687,#987);
#987 = DEFINITIONAL_REPRESENTATION('',(#988),#991);
#988 = B_SPLINE_CURVE_WITH_KNOTS('',1,(#989,#990),.UNSPECIFIED.,.F.,.F.,
  (2,2),(0.,6.28318530718),.PIECEWISE_BEZIER_KNOTS.);
#989 = CARTESIAN_POINT('',(0.,0.));
#990 = CARTESIAN_POINT('',(-6.28318530718,0.));
#991 = ( GEOMETRIC_REPRESENTATION_CONTEXT(2) 
PARAMETRIC_REPRESENTATION_CONTEXT() REPRESENTATION_CONTEXT('2D SPACE',''
  ) );
#992 = PCURVE('',#993,#998);
#993 = PLANE('',#994);
#994 = AXIS2_PLACEMENT_3D('',#995,#996,#997);
#995 = CARTESIAN_POINT('',(422.91,-1.181541530235E-15,7.331705398768E-17
    ));
#996 = DIRECTION('',(1.,0.,0.));
#997 = DIRECTION('',(-0.,0.,1.));
#998 = DEFINITIONAL_REPRESENTATION('',(#999),#1003);
#999 = CIRCLE('',#1000,17.5);
#1000 = AXIS2_PLACEMENT_2D('',#1001,#1002);
#1001 = CARTESIAN_POINT('',(-7.331705398768E-17,-1.181541530235E-15));
#1002 = DIRECTION('',(0.,-1.));
#1003 = ( GEOMETRIC_REPRESENTATION_CONTEXT(2) 
PARAMETRIC_REPRESENTATION_CONTEXT() REPRESENTATION_CONTEXT('2D SPACE',''
  ) );
#1004 = ADVANCED_FACE('',(#1005,#1008),#717,.T.);
#1005 = FACE_BOUND('',#1006,.T.);
#1006 = EDGE_LOOP('',(#1007));
#1007 = ORIENTED_EDGE('',*,*,#701,.T.);
#1008 = FACE_BOUND('',#1009,.T.);
#1009 = EDGE_LOOP('',(#1010));
#1010 = ORIENTED_EDGE('',*,*,#1011,.T.);
#1011 = EDGE_CURVE('',#1012,#1012,#1014,.T.);
#1012 = VERTEX_POINT('',#1013);
#1013 = CARTESIAN_POINT('',(492.5187,0.,11.938));
#1014 = SURFACE_CURVE('',#1015,(#1020,#1031),.PCURVE_S1.);
#1015 = CIRCLE('',#1016,3.5687);
#1016 = AXIS2_PLACEMENT_3D('',#1017,#1018,#1019);
#1017 = CARTESIAN_POINT('',(488.95,0.,11.938));
#1018 = DIRECTION('',(0.,0.,-1.));
#1019 = DIRECTION('',(1.,0.,0.));
#1020 = PCURVE('',#717,#1021);
#1021 = DEFINITIONAL_REPRESENTATION('',(#1022),#1030);
#1022 = ( BOUNDED_CURVE() B_SPLINE_CURVE(2,(#1023,#1024,#1025,#1026,
#1027,#1028,#1029),.UNSPECIFIED.,.T.,.F.) B_SPLINE_CURVE_WITH_KNOTS((1,2
    ,2,2,2,1),(-2.094395102393,0.,2.094395102393,4.188790204786,
6.28318530718,8.377580409573),.UNSPECIFIED.) CURVE() 
GEOMETRIC_REPRESENTATION_ITEM() RATIONAL_B_SPLINE_CURVE((1.,0.5,1.,0.5,
1.,0.5,1.)) REPRESENTATION_ITEM('') );
#1023 = CARTESIAN_POINT('',(3.5687,-1.052951816125E-16));
#1024 = CARTESIAN_POINT('',(3.5687,-6.181169716971));
#1025 = CARTESIAN_POINT('',(-1.78435,-3.090584858486));
#1026 = CARTESIAN_POINT('',(-7.1374,-9.79374588036E-16));
#1027 = CARTESIAN_POINT('',(-1.78435,3.090584858486));
#1028 = CARTESIAN_POINT('',(3.5687,6.181169716971));
#1029 = CARTESIAN_POINT('',(3.5687,-1.052951816125E-16));
#1030 = ( GEOMETRIC_REPRESENTATION_CONTEXT(2) 
PARAMETRIC_REPRESENTATION_CONTEXT() REPRESENTATION_CONTEXT('2D SPACE',''
  ) );
#1031 = PCURVE('',#1032,#1037);
#1032 = CYLINDRICAL_SURFACE('',#1033,3.5687);
#1033 = AXIS2_PLACEMENT_3D('',#1034,#1035,#1036);
#1034 = CARTESIAN_POINT('',(488.95,0.,0.));
#1035 = DIRECTION('',(-0.,-0.,-1.));
#1036 = DIRECTION('',(1.,0.,0.));
#1037 = DEFINITIONAL_REPRESENTATION('',(#1038),#1041);
#1038 = B_SPLINE_CURVE_WITH_KNOTS('',1,(#1039,#1040),.UNSPECIFIED.,.F.,
  .F.,(2,2),(0.,6.28318530718),.PIECEWISE_BEZIER_KNOTS.);
#1039 = CARTESIAN_POINT('',(-6.28318530718,-11.938));
#1040 = CARTESIAN_POINT('',(0.,-11.938));
#1041 = ( GEOMETRIC_REPRESENTATION_CONTEXT(2) 
PARAMETRIC_REPRESENTATION_CONTEXT() REPRESENTATION_CONTEXT('2D SPACE',''
  ) );
#1042 = ADVANCED_FACE('',(#1043,#1150,#1153),#769,.T.);
#1043 = FACE_BOUND('',#1044,.T.);
#1044 = EDGE_LOOP('',(#1045,#1074,#1102,#1124));
#1045 = ORIENTED_EDGE('',*,*,#1046,.F.);
#1046 = EDGE_CURVE('',#1047,#1049,#1051,.T.);
#1047 = VERTEX_POINT('',#1048);
#1048 = CARTESIAN_POINT('',(508.254,-6.688633175022,-8.9535));
#1049 = VERTEX_POINT('',#1050);
#1050 = CARTESIAN_POINT('',(431.8,-6.688633175022,-8.9535));
#1051 = SURFACE_CURVE('',#1052,(#1056,#1063),.PCURVE_S1.);
#1052 = LINE('',#1053,#1054);
#1053 = CARTESIAN_POINT('',(431.8,-6.688633175022,-8.9535));
#1054 = VECTOR('',#1055,1.);
#1055 = DIRECTION('',(-1.,-0.,-0.));
#1056 = PCURVE('',#769,#1057);
#1057 = DEFINITIONAL_REPRESENTATION('',(#1058),#1062);
#1058 = LINE('',#1059,#1060);
#1059 = CARTESIAN_POINT('',(2.54,18.711366824978));
#1060 = VECTOR('',#1061,1.);
#1061 = DIRECTION('',(-1.,0.));
#1062 = ( GEOMETRIC_REPRESENTATION_CONTEXT(2) 
PARAMETRIC_REPRESENTATION_CONTEXT() REPRESENTATION_CONTEXT('2D SPACE',''
  ) );
#1063 = PCURVE('',#1064,#1069);
#1064 = CYLINDRICAL_SURFACE('',#1065,11.176);
#1065 = AXIS2_PLACEMENT_3D('',#1066,#1067,#1068);
#1066 = CARTESIAN_POINT('',(416.56,0.,0.));
#1067 = DIRECTION('',(-1.,-0.,-0.));
#1068 = DIRECTION('',(0.,1.,0.));
#1069 = DEFINITIONAL_REPRESENTATION('',(#1070),#1073);
#1070 = B_SPLINE_CURVE_WITH_KNOTS('',1,(#1071,#1072),.UNSPECIFIED.,.F.,
  .F.,(2,2),(-76.454,0.),.PIECEWISE_BEZIER_KNOTS.);
#1071 = CARTESIAN_POINT('',(-4.07078420952,-91.694));
#1072 = CARTESIAN_POINT('',(-4.07078420952,-15.24));
#1073 = ( GEOMETRIC_REPRESENTATION_CONTEXT(2) 
PARAMETRIC_REPRESENTATION_CONTEXT() REPRESENTATION_CONTEXT('2D SPACE',''
  ) );
#1074 = ORIENTED_EDGE('',*,*,#1075,.F.);
#1075 = EDGE_CURVE('',#1076,#1047,#1078,.T.);
#1076 = VERTEX_POINT('',#1077);
#1077 = CARTESIAN_POINT('',(508.254,6.688633175022,-8.9535));
#1078 = SURFACE_CURVE('',#1079,(#1083,#1090),.PCURVE_S1.);
#1079 = LINE('',#1080,#1081);
#1080 = CARTESIAN_POINT('',(508.254,-12.7,-8.9535));
#1081 = VECTOR('',#1082,1.);
#1082 = DIRECTION('',(0.,-1.,0.));
#1083 = PCURVE('',#769,#1084);
#1084 = DEFINITIONAL_REPRESENTATION('',(#1085),#1089);
#1085 = LINE('',#1086,#1087);
#1086 = CARTESIAN_POINT('',(78.994,12.7));
#1087 = VECTOR('',#1088,1.);
#1088 = DIRECTION('',(0.,-1.));
#1089 = ( GEOMETRIC_REPRESENTATION_CONTEXT(2) 
PARAMETRIC_REPRESENTATION_CONTEXT() REPRESENTATION_CONTEXT('2D SPACE',''
  ) );
#1090 = PCURVE('',#1091,#1096);
#1091 = PLANE('',#1092);
#1092 = AXIS2_PLACEMENT_3D('',#1093,#1094,#1095);
#1093 = CARTESIAN_POINT('',(508.254,-6.167077302291E-16,
    -4.562217542424E-16));
#1094 = DIRECTION('',(1.,0.,0.));
#1095 = DIRECTION('',(-0.,0.,1.));
#1096 = DEFINITIONAL_REPRESENTATION('',(#1097),#1101);
#1097 = LINE('',#1098,#1099);
#1098 = CARTESIAN_POINT('',(-8.9535,12.7));
#1099 = VECTOR('',#1100,1.);
#1100 = DIRECTION('',(0.,1.));
#1101 = ( GEOMETRIC_REPRESENTATION_CONTEXT(2) 
PARAMETRIC_REPRESENTATION_CONTEXT() REPRESENTATION_CONTEXT('2D SPACE',''
  ) );
#1102 = ORIENTED_EDGE('',*,*,#1103,.T.);
#1103 = EDGE_CURVE('',#1076,#1104,#1106,.T.);
#1104 = VERTEX_POINT('',#1105);
#1105 = CARTESIAN_POINT('',(431.8,6.688633175022,-8.9535));
#1106 = SURFACE_CURVE('',#1107,(#1111,#1118),.PCURVE_S1.);
#1107 = LINE('',#1108,#1109);
#1108 = CARTESIAN_POINT('',(431.8,6.688633175022,-8.9535));
#1109 = VECTOR('',#1110,1.);
#1110 = DIRECTION('',(-1.,-0.,-0.));
#1111 = PCURVE('',#769,#1112);
#1112 = DEFINITIONAL_REPRESENTATION('',(#1113),#1117);
#1113 = LINE('',#1114,#1115);
#1114 = CARTESIAN_POINT('',(2.54,32.088633175022));
#1115 = VECTOR('',#1116,1.);
#1116 = DIRECTION('',(-1.,0.));
#1117 = ( GEOMETRIC_REPRESENTATION_CONTEXT(2) 
PARAMETRIC_REPRESENTATION_CONTEXT() REPRESENTATION_CONTEXT('2D SPACE',''
  ) );
#1118 = PCURVE('',#1064,#1119);
#1119 = DEFINITIONAL_REPRESENTATION('',(#1120),#1123);
#1120 = B_SPLINE_CURVE_WITH_KNOTS('',1,(#1121,#1122),.UNSPECIFIED.,.F.,
  .F.,(2,2),(-76.454,0.),.PIECEWISE_BEZIER_KNOTS.);
#1121 = CARTESIAN_POINT('',(-5.35399375125,-91.694));
#1122 = CARTESIAN_POINT('',(-5.35399375125,-15.24));
#1123 = ( GEOMETRIC_REPRESENTATION_CONTEXT(2) 
PARAMETRIC_REPRESENTATION_CONTEXT() REPRESENTATION_CONTEXT('2D SPACE',''
  ) );
#1124 = ORIENTED_EDGE('',*,*,#1125,.T.);
#1125 = EDGE_CURVE('',#1104,#1049,#1126,.T.);
#1126 = SURFACE_CURVE('',#1127,(#1131,#1138),.PCURVE_S1.);
#1127 = LINE('',#1128,#1129);
#1128 = CARTESIAN_POINT('',(431.8,-12.7,-8.9535));
#1129 = VECTOR('',#1130,1.);
#1130 = DIRECTION('',(0.,-1.,0.));
#1131 = PCURVE('',#769,#1132);
#1132 = DEFINITIONAL_REPRESENTATION('',(#1133),#1137);
#1133 = LINE('',#1134,#1135);
#1134 = CARTESIAN_POINT('',(2.54,12.7));
#1135 = VECTOR('',#1136,1.);
#1136 = DIRECTION('',(0.,-1.));
#1137 = ( GEOMETRIC_REPRESENTATION_CONTEXT(2) 
PARAMETRIC_REPRESENTATION_CONTEXT() REPRESENTATION_CONTEXT('2D SPACE',''
  ) );
#1138 = PCURVE('',#1139,#1144);
#1139 = PLANE('',#1140);
#1140 = AXIS2_PLACEMENT_3D('',#1141,#1142,#1143);
#1141 = CARTESIAN_POINT('',(431.8,-6.167077302291E-16,
    -4.562217542424E-16));
#1142 = DIRECTION('',(1.,0.,0.));
#1143 = DIRECTION('',(-0.,0.,1.));
#1144 = DEFINITIONAL_REPRESENTATION('',(#1145),#1149);
#1145 = LINE('',#1146,#1147);
#1146 = CARTESIAN_POINT('',(-8.9535,12.7));
#1147 = VECTOR('',#1148,1.);
#1148 = DIRECTION('',(0.,1.));
#1149 = ( GEOMETRIC_REPRESENTATION_CONTEXT(2) 
PARAMETRIC_REPRESENTATION_CONTEXT() REPRESENTATION_CONTEXT('2D SPACE',''
  ) );
#1150 = FACE_BOUND('',#1151,.T.);
#1151 = EDGE_LOOP('',(#1152));
#1152 = ORIENTED_EDGE('',*,*,#857,.F.);
#1153 = FACE_BOUND('',#1154,.T.);
#1154 = EDGE_LOOP('',(#1155));
#1155 = ORIENTED_EDGE('',*,*,#753,.F.);
#1156 = ADVANCED_FACE('',(#1157,#1160),#821,.T.);
#1157 = FACE_BOUND('',#1158,.T.);
#1158 = EDGE_LOOP('',(#1159));
#1159 = ORIENTED_EDGE('',*,*,#805,.T.);
#1160 = FACE_BOUND('',#1161,.T.);
#1161 = EDGE_LOOP('',(#1162));
#1162 = ORIENTED_EDGE('',*,*,#1163,.T.);
#1163 = EDGE_CURVE('',#1164,#1164,#1166,.T.);
#1164 = VERTEX_POINT('',#1165);
#1165 = CARTESIAN_POINT('',(454.4187,0.,11.938));
#1166 = SURFACE_CURVE('',#1167,(#1172,#1183),.PCURVE_S1.);
#1167 = CIRCLE('',#1168,3.5687);
#1168 = AXIS2_PLACEMENT_3D('',#1169,#1170,#1171);
#1169 = CARTESIAN_POINT('',(450.85,0.,11.938));
#1170 = DIRECTION('',(0.,0.,-1.));
#1171 = DIRECTION('',(1.,0.,0.));
#1172 = PCURVE('',#821,#1173);
#1173 = DEFINITIONAL_REPRESENTATION('',(#1174),#1182);
#1174 = ( BOUNDED_CURVE() B_SPLINE_CURVE(2,(#1175,#1176,#1177,#1178,
#1179,#1180,#1181),.UNSPECIFIED.,.T.,.F.) B_SPLINE_CURVE_WITH_KNOTS((1,2
    ,2,2,2,1),(-2.094395102393,0.,2.094395102393,4.188790204786,
6.28318530718,8.377580409573),.UNSPECIFIED.) CURVE() 
GEOMETRIC_REPRESENTATION_ITEM() RATIONAL_B_SPLINE_CURVE((1.,0.5,1.,0.5,
1.,0.5,1.)) REPRESENTATION_ITEM('') );
#1175 = CARTESIAN_POINT('',(3.5687,-1.052951816125E-16));
#1176 = CARTESIAN_POINT('',(3.5687,-6.181169716971));
#1177 = CARTESIAN_POINT('',(-1.78435,-3.090584858486));
#1178 = CARTESIAN_POINT('',(-7.1374,-9.79374588036E-16));
#1179 = CARTESIAN_POINT('',(-1.78435,3.090584858486));
#1180 = CARTESIAN_POINT('',(3.5687,6.181169716971));
#1181 = CARTESIAN_POINT('',(3.5687,-1.052951816125E-16));
#1182 = ( GEOMETRIC_REPRESENTATION_CONTEXT(2) 
PARAMETRIC_REPRESENTATION_CONTEXT() REPRESENTATION_CONTEXT('2D SPACE',''
  ) );
#1183 = PCURVE('',#1184,#1189);
#1184 = CYLINDRICAL_SURFACE('',#1185,3.5687);
#1185 = AXIS2_PLACEMENT_3D('',#1186,#1187,#1188);
#1186 = CARTESIAN_POINT('',(450.85,0.,0.));
#1187 = DIRECTION('',(-0.,-0.,-1.));
#1188 = DIRECTION('',(1.,0.,0.));
#1189 = DEFINITIONAL_REPRESENTATION('',(#1190),#1193);
#1190 = B_SPLINE_CURVE_WITH_KNOTS('',1,(#1191,#1192),.UNSPECIFIED.,.F.,
  .F.,(2,2),(0.,6.28318530718),.PIECEWISE_BEZIER_KNOTS.);
#1191 = CARTESIAN_POINT('',(-6.28318530718,-11.938));
#1192 = CARTESIAN_POINT('',(0.,-11.938));
#1193 = ( GEOMETRIC_REPRESENTATION_CONTEXT(2) 
PARAMETRIC_REPRESENTATION_CONTEXT() REPRESENTATION_CONTEXT('2D SPACE',''
  ) );
#1194 = ADVANCED_FACE('',(#1195,#1198),#939,.T.);
#1195 = FACE_BOUND('',#1196,.T.);
#1196 = EDGE_LOOP('',(#1197));
#1197 = ORIENTED_EDGE('',*,*,#925,.T.);
#1198 = FACE_BOUND('',#1199,.T.);
#1199 = EDGE_LOOP('',(#1200));
#1200 = ORIENTED_EDGE('',*,*,#1201,.F.);
#1201 = EDGE_CURVE('',#1202,#1202,#1204,.T.);
#1202 = VERTEX_POINT('',#1203);
#1203 = CARTESIAN_POINT('',(509.11,17.246,0.));
#1204 = SURFACE_CURVE('',#1205,(#1210,#1217),.PCURVE_S1.);
#1205 = CIRCLE('',#1206,17.246);
#1206 = AXIS2_PLACEMENT_3D('',#1207,#1208,#1209);
#1207 = CARTESIAN_POINT('',(509.11,0.,0.));
#1208 = DIRECTION('',(1.,0.,0.));
#1209 = DIRECTION('',(0.,1.,0.));
#1210 = PCURVE('',#939,#1211);
#1211 = DEFINITIONAL_REPRESENTATION('',(#1212),#1216);
#1212 = CIRCLE('',#1213,17.246);
#1213 = AXIS2_PLACEMENT_2D('',#1214,#1215);
#1214 = CARTESIAN_POINT('',(-7.331705398768E-17,-1.181541530235E-15));
#1215 = DIRECTION('',(0.,-1.));
#1216 = ( GEOMETRIC_REPRESENTATION_CONTEXT(2) 
PARAMETRIC_REPRESENTATION_CONTEXT() REPRESENTATION_CONTEXT('2D SPACE',''
  ) );
#1217 = PCURVE('',#1218,#1223);
#1218 = CYLINDRICAL_SURFACE('',#1219,17.246);
#1219 = AXIS2_PLACEMENT_3D('',#1220,#1221,#1222);
#1220 = CARTESIAN_POINT('',(509.11,0.,0.));
#1221 = DIRECTION('',(-1.,-0.,-0.));
#1222 = DIRECTION('',(0.,1.,0.));
#1223 = DEFINITIONAL_REPRESENTATION('',(#1224),#1227);
#1224 = B_SPLINE_CURVE_WITH_KNOTS('',1,(#1225,#1226),.UNSPECIFIED.,.F.,
  .F.,(2,2),(0.,6.28318530718),.PIECEWISE_BEZIER_KNOTS.);
#1225 = CARTESIAN_POINT('',(0.,0.));
#1226 = CARTESIAN_POINT('',(-6.28318530718,0.));
#1227 = ( GEOMETRIC_REPRESENTATION_CONTEXT(2) 
PARAMETRIC_REPRESENTATION_CONTEXT() REPRESENTATION_CONTEXT('2D SPACE',''
  ) );
#1228 = ADVANCED_FACE('',(#1229,#1232),#993,.F.);
#1229 = FACE_BOUND('',#1230,.F.);
#1230 = EDGE_LOOP('',(#1231));
#1231 = ORIENTED_EDGE('',*,*,#979,.T.);
#1232 = FACE_BOUND('',#1233,.F.);
#1233 = EDGE_LOOP('',(#1234));
#1234 = ORIENTED_EDGE('',*,*,#1235,.F.);
#1235 = EDGE_CURVE('',#1236,#1236,#1238,.T.);
#1236 = VERTEX_POINT('',#1237);
#1237 = CARTESIAN_POINT('',(422.91,16.51,0.));
#1238 = SURFACE_CURVE('',#1239,(#1244,#1251),.PCURVE_S1.);
#1239 = CIRCLE('',#1240,16.51);
#1240 = AXIS2_PLACEMENT_3D('',#1241,#1242,#1243);
#1241 = CARTESIAN_POINT('',(422.91,0.,0.));
#1242 = DIRECTION('',(1.,0.,0.));
#1243 = DIRECTION('',(0.,1.,0.));
#1244 = PCURVE('',#993,#1245);
#1245 = DEFINITIONAL_REPRESENTATION('',(#1246),#1250);
#1246 = CIRCLE('',#1247,16.51);
#1247 = AXIS2_PLACEMENT_2D('',#1248,#1249);
#1248 = CARTESIAN_POINT('',(-7.331705398768E-17,-1.181541530235E-15));
#1249 = DIRECTION('',(0.,-1.));
#1250 = ( GEOMETRIC_REPRESENTATION_CONTEXT(2) 
PARAMETRIC_REPRESENTATION_CONTEXT() REPRESENTATION_CONTEXT('2D SPACE',''
  ) );
#1251 = PCURVE('',#1252,#1257);
#1252 = CYLINDRICAL_SURFACE('',#1253,16.51);
#1253 = AXIS2_PLACEMENT_3D('',#1254,#1255,#1256);
#1254 = CARTESIAN_POINT('',(416.814,0.,0.));
#1255 = DIRECTION('',(-1.,-0.,-0.));
#1256 = DIRECTION('',(0.,1.,0.));
#1257 = DEFINITIONAL_REPRESENTATION('',(#1258),#1261);
#1258 = B_SPLINE_CURVE_WITH_KNOTS('',1,(#1259,#1260),.UNSPECIFIED.,.F.,
  .F.,(2,2),(0.,6.28318530718),.PIECEWISE_BEZIER_KNOTS.);
#1259 = CARTESIAN_POINT('',(0.,-6.096));
#1260 = CARTESIAN_POINT('',(-6.28318530718,-6.096));
#1261 = ( GEOMETRIC_REPRESENTATION_CONTEXT(2) 
PARAMETRIC_REPRESENTATION_CONTEXT() REPRESENTATION_CONTEXT('2D SPACE',''
  ) );
#1262 = ADVANCED_FACE('',(#1263),#1032,.F.);
#1263 = FACE_BOUND('',#1264,.T.);
#1264 = EDGE_LOOP('',(#1265,#1286,#1316,#1317));
#1265 = ORIENTED_EDGE('',*,*,#1266,.F.);
#1266 = EDGE_CURVE('',#1267,#1012,#1269,.T.);
#1267 = VERTEX_POINT('',#1268);
#1268 = CARTESIAN_POINT('',(492.5187,0.,8.9535));
#1269 = SEAM_CURVE('',#1270,(#1274,#1280),.PCURVE_S1.);
#1270 = LINE('',#1271,#1272);
#1271 = CARTESIAN_POINT('',(492.5187,0.,0.));
#1272 = VECTOR('',#1273,1.);
#1273 = DIRECTION('',(0.,0.,1.));
#1274 = PCURVE('',#1032,#1275);
#1275 = DEFINITIONAL_REPRESENTATION('',(#1276),#1279);
#1276 = B_SPLINE_CURVE_WITH_KNOTS('',1,(#1277,#1278),.UNSPECIFIED.,.F.,
  .F.,(2,2),(8.9535,11.938),.PIECEWISE_BEZIER_KNOTS.);
#1277 = CARTESIAN_POINT('',(-6.28318530718,-8.9535));
#1278 = CARTESIAN_POINT('',(-6.28318530718,-11.938));
#1279 = ( GEOMETRIC_REPRESENTATION_CONTEXT(2) 
PARAMETRIC_REPRESENTATION_CONTEXT() REPRESENTATION_CONTEXT('2D SPACE',''
  ) );
#1280 = PCURVE('',#1032,#1281);
#1281 = DEFINITIONAL_REPRESENTATION('',(#1282),#1285);
#1282 = B_SPLINE_CURVE_WITH_KNOTS('',1,(#1283,#1284),.UNSPECIFIED.,.F.,
  .F.,(2,2),(8.9535,11.938),.PIECEWISE_BEZIER_KNOTS.);
#1283 = CARTESIAN_POINT('',(0.,-8.9535));
#1284 = CARTESIAN_POINT('',(0.,-11.938));
#1285 = ( GEOMETRIC_REPRESENTATION_CONTEXT(2) 
PARAMETRIC_REPRESENTATION_CONTEXT() REPRESENTATION_CONTEXT('2D SPACE',''
  ) );
#1286 = ORIENTED_EDGE('',*,*,#1287,.T.);
#1287 = EDGE_CURVE('',#1267,#1267,#1288,.T.);
#1288 = SURFACE_CURVE('',#1289,(#1294,#1300),.PCURVE_S1.);
#1289 = CIRCLE('',#1290,3.5687);
#1290 = AXIS2_PLACEMENT_3D('',#1291,#1292,#1293);
#1291 = CARTESIAN_POINT('',(488.95,0.,8.9535));
#1292 = DIRECTION('',(0.,0.,-1.));
#1293 = DIRECTION('',(1.,0.,0.));
#1294 = PCURVE('',#1032,#1295);
#1295 = DEFINITIONAL_REPRESENTATION('',(#1296),#1299);
#1296 = B_SPLINE_CURVE_WITH_KNOTS('',1,(#1297,#1298),.UNSPECIFIED.,.F.,
  .F.,(2,2),(0.,6.28318530718),.PIECEWISE_BEZIER_KNOTS.);
#1297 = CARTESIAN_POINT('',(-6.28318530718,-8.9535));
#1298 = CARTESIAN_POINT('',(0.,-8.9535));
#1299 = ( GEOMETRIC_REPRESENTATION_CONTEXT(2) 
PARAMETRIC_REPRESENTATION_CONTEXT() REPRESENTATION_CONTEXT('2D SPACE',''
  ) );
#1300 = PCURVE('',#1301,#1306);
#1301 = PLANE('',#1302);
#1302 = AXIS2_PLACEMENT_3D('',#1303,#1304,#1305);
#1303 = CARTESIAN_POINT('',(429.26,-25.4,8.9535));
#1304 = DIRECTION('',(0.,0.,1.));
#1305 = DIRECTION('',(1.,0.,0.));
#1306 = DEFINITIONAL_REPRESENTATION('',(#1307),#1315);
#1307 = ( BOUNDED_CURVE() B_SPLINE_CURVE(2,(#1308,#1309,#1310,#1311,
#1312,#1313,#1314),.UNSPECIFIED.,.T.,.F.) B_SPLINE_CURVE_WITH_KNOTS((1,2
    ,2,2,2,1),(-2.094395102393,0.,2.094395102393,4.188790204786,
6.28318530718,8.377580409573),.UNSPECIFIED.) CURVE() 
GEOMETRIC_REPRESENTATION_ITEM() RATIONAL_B_SPLINE_CURVE((1.,0.5,1.,0.5,
1.,0.5,1.)) REPRESENTATION_ITEM('') );
#1308 = CARTESIAN_POINT('',(63.2587,25.4));
#1309 = CARTESIAN_POINT('',(63.2587,19.218830283029));
#1310 = CARTESIAN_POINT('',(57.90565,22.309415141514));
#1311 = CARTESIAN_POINT('',(52.5526,25.4));
#1312 = CARTESIAN_POINT('',(57.90565,28.490584858486));
#1313 = CARTESIAN_POINT('',(63.2587,31.581169716971));
#1314 = CARTESIAN_POINT('',(63.2587,25.4));
#1315 = ( GEOMETRIC_REPRESENTATION_CONTEXT(2) 
PARAMETRIC_REPRESENTATION_CONTEXT() REPRESENTATION_CONTEXT('2D SPACE',''
  ) );
#1316 = ORIENTED_EDGE('',*,*,#1266,.T.);
#1317 = ORIENTED_EDGE('',*,*,#1011,.F.);
#1318 = ADVANCED_FACE('',(#1319),#1064,.F.);
#1319 = FACE_BOUND('',#1320,.T.);
#1320 = EDGE_LOOP('',(#1321,#1342,#1343,#1370,#1392,#1414,#1435,#1465,
    #1466,#1467,#1495,#1517,#1538));
#1321 = ORIENTED_EDGE('',*,*,#1322,.T.);
#1322 = EDGE_CURVE('',#1049,#1104,#1323,.T.);
#1323 = SURFACE_CURVE('',#1324,(#1329,#1335),.PCURVE_S1.);
#1324 = CIRCLE('',#1325,11.176);
#1325 = AXIS2_PLACEMENT_3D('',#1326,#1327,#1328);
#1326 = CARTESIAN_POINT('',(431.8,0.,0.));
#1327 = DIRECTION('',(1.,0.,0.));
#1328 = DIRECTION('',(0.,1.,0.));
#1329 = PCURVE('',#1064,#1330);
#1330 = DEFINITIONAL_REPRESENTATION('',(#1331),#1334);
#1331 = B_SPLINE_CURVE_WITH_KNOTS('',1,(#1332,#1333),.UNSPECIFIED.,.F.,
  .F.,(2,2),(4.07078420952,5.35399375125),.PIECEWISE_BEZIER_KNOTS.);
#1332 = CARTESIAN_POINT('',(-4.07078420952,-15.24));
#1333 = CARTESIAN_POINT('',(-5.35399375125,-15.24));
#1334 = ( GEOMETRIC_REPRESENTATION_CONTEXT(2) 
PARAMETRIC_REPRESENTATION_CONTEXT() REPRESENTATION_CONTEXT('2D SPACE',''
  ) );
#1335 = PCURVE('',#1139,#1336);
#1336 = DEFINITIONAL_REPRESENTATION('',(#1337),#1341);
#1337 = CIRCLE('',#1338,11.176);
#1338 = AXIS2_PLACEMENT_2D('',#1339,#1340);
#1339 = CARTESIAN_POINT('',(4.562217542424E-16,-6.167077302291E-16));
#1340 = DIRECTION('',(0.,-1.));
#1341 = ( GEOMETRIC_REPRESENTATION_CONTEXT(2) 
PARAMETRIC_REPRESENTATION_CONTEXT() REPRESENTATION_CONTEXT('2D SPACE',''
  ) );
#1342 = ORIENTED_EDGE('',*,*,#1103,.F.);
#1343 = ORIENTED_EDGE('',*,*,#1344,.F.);
#1344 = EDGE_CURVE('',#1345,#1076,#1347,.T.);
#1345 = VERTEX_POINT('',#1346);
#1346 = CARTESIAN_POINT('',(508.254,6.688633175022,8.9535));
#1347 = SURFACE_CURVE('',#1348,(#1353,#1359),.PCURVE_S1.);
#1348 = CIRCLE('',#1349,11.176);
#1349 = AXIS2_PLACEMENT_3D('',#1350,#1351,#1352);
#1350 = CARTESIAN_POINT('',(508.254,0.,0.));
#1351 = DIRECTION('',(-1.,0.,0.));
#1352 = DIRECTION('',(0.,0.598481851738,0.801136363636));
#1353 = PCURVE('',#1064,#1354);
#1354 = DEFINITIONAL_REPRESENTATION('',(#1355),#1358);
#1355 = B_SPLINE_CURVE_WITH_KNOTS('',1,(#1356,#1357),.UNSPECIFIED.,.F.,
  .F.,(2,2),(0.,1.85838311186),.PIECEWISE_BEZIER_KNOTS.);
#1356 = CARTESIAN_POINT('',(-7.212376863109,-91.694));
#1357 = CARTESIAN_POINT('',(-5.35399375125,-91.694));
#1358 = ( GEOMETRIC_REPRESENTATION_CONTEXT(2) 
PARAMETRIC_REPRESENTATION_CONTEXT() REPRESENTATION_CONTEXT('2D SPACE',''
  ) );
#1359 = PCURVE('',#1091,#1360);
#1360 = DEFINITIONAL_REPRESENTATION('',(#1361),#1369);
#1361 = ( BOUNDED_CURVE() B_SPLINE_CURVE(2,(#1362,#1363,#1364,#1365,
#1366,#1367,#1368),.UNSPECIFIED.,.T.,.F.) B_SPLINE_CURVE_WITH_KNOTS((1,2
    ,2,2,2,1),(-2.094395102393,0.,2.094395102393,4.188790204786,
6.28318530718,8.377580409573),.UNSPECIFIED.) CURVE() 
GEOMETRIC_REPRESENTATION_ITEM() RATIONAL_B_SPLINE_CURVE((1.,0.5,1.,0.5,
1.,0.5,1.)) REPRESENTATION_ITEM('') );
#1362 = CARTESIAN_POINT('',(8.9535,-6.688633175022));
#1363 = CARTESIAN_POINT('',(-2.631552492328,-22.19655008059));
#1364 = CARTESIAN_POINT('',(-10.26927624616,-4.409641865273));
#1365 = CARTESIAN_POINT('',(-17.907,13.377266350043));
#1366 = CARTESIAN_POINT('',(1.315776246164,11.098275040295));
#1367 = CARTESIAN_POINT('',(20.538552492328,8.819283730546));
#1368 = CARTESIAN_POINT('',(8.9535,-6.688633175022));
#1369 = ( GEOMETRIC_REPRESENTATION_CONTEXT(2) 
PARAMETRIC_REPRESENTATION_CONTEXT() REPRESENTATION_CONTEXT('2D SPACE',''
  ) );
#1370 = ORIENTED_EDGE('',*,*,#1371,.T.);
#1371 = EDGE_CURVE('',#1345,#1372,#1374,.T.);
#1372 = VERTEX_POINT('',#1373);
#1373 = CARTESIAN_POINT('',(431.8,6.688633175022,8.9535));
#1374 = SURFACE_CURVE('',#1375,(#1379,#1385),.PCURVE_S1.);
#1375 = LINE('',#1376,#1377);
#1376 = CARTESIAN_POINT('',(431.8,6.688633175022,8.9535));
#1377 = VECTOR('',#1378,1.);
#1378 = DIRECTION('',(-1.,-0.,-0.));
#1379 = PCURVE('',#1064,#1380);
#1380 = DEFINITIONAL_REPRESENTATION('',(#1381),#1384);
#1381 = B_SPLINE_CURVE_WITH_KNOTS('',1,(#1382,#1383),.UNSPECIFIED.,.F.,
  .F.,(2,2),(-76.454,0.),.PIECEWISE_BEZIER_KNOTS.);
#1382 = CARTESIAN_POINT('',(-7.212376863109,-91.694));
#1383 = CARTESIAN_POINT('',(-7.212376863109,-15.24));
#1384 = ( GEOMETRIC_REPRESENTATION_CONTEXT(2) 
PARAMETRIC_REPRESENTATION_CONTEXT() REPRESENTATION_CONTEXT('2D SPACE',''
  ) );
#1385 = PCURVE('',#1301,#1386);
#1386 = DEFINITIONAL_REPRESENTATION('',(#1387),#1391);
#1387 = LINE('',#1388,#1389);
#1388 = CARTESIAN_POINT('',(2.54,32.088633175022));
#1389 = VECTOR('',#1390,1.);
#1390 = DIRECTION('',(-1.,0.));
#1391 = ( GEOMETRIC_REPRESENTATION_CONTEXT(2) 
PARAMETRIC_REPRESENTATION_CONTEXT() REPRESENTATION_CONTEXT('2D SPACE',''
  ) );
#1392 = ORIENTED_EDGE('',*,*,#1393,.F.);
#1393 = EDGE_CURVE('',#1394,#1372,#1396,.T.);
#1394 = VERTEX_POINT('',#1395);
#1395 = CARTESIAN_POINT('',(431.8,11.176,0.));
#1396 = SEAM_CURVE('',#1397,(#1402,#1408),.PCURVE_S1.);
#1397 = CIRCLE('',#1398,11.176);
#1398 = AXIS2_PLACEMENT_3D('',#1399,#1400,#1401);
#1399 = CARTESIAN_POINT('',(431.8,0.,0.));
#1400 = DIRECTION('',(1.,0.,0.));
#1401 = DIRECTION('',(0.,1.,0.));
#1402 = PCURVE('',#1064,#1403);
#1403 = DEFINITIONAL_REPRESENTATION('',(#1404),#1407);
#1404 = B_SPLINE_CURVE_WITH_KNOTS('',1,(#1405,#1406),.UNSPECIFIED.,.F.,
  .F.,(2,2),(0.,0.92919155593),.PIECEWISE_BEZIER_KNOTS.);
#1405 = CARTESIAN_POINT('',(-6.28318530718,-15.24));
#1406 = CARTESIAN_POINT('',(-7.212376863109,-15.24));
#1407 = ( GEOMETRIC_REPRESENTATION_CONTEXT(2) 
PARAMETRIC_REPRESENTATION_CONTEXT() REPRESENTATION_CONTEXT('2D SPACE',''
  ) );
#1408 = PCURVE('',#1064,#1409);
#1409 = DEFINITIONAL_REPRESENTATION('',(#1410),#1413);
#1410 = B_SPLINE_CURVE_WITH_KNOTS('',1,(#1411,#1412),.UNSPECIFIED.,.F.,
  .F.,(2,2),(0.,0.92919155593),.PIECEWISE_BEZIER_KNOTS.);
#1411 = CARTESIAN_POINT('',(0.,-15.24));
#1412 = CARTESIAN_POINT('',(-0.92919155593,-15.24));
#1413 = ( GEOMETRIC_REPRESENTATION_CONTEXT(2) 
PARAMETRIC_REPRESENTATION_CONTEXT() REPRESENTATION_CONTEXT('2D SPACE',''
  ) );
#1414 = ORIENTED_EDGE('',*,*,#1415,.F.);
#1415 = EDGE_CURVE('',#1416,#1394,#1418,.T.);
#1416 = VERTEX_POINT('',#1417);
#1417 = CARTESIAN_POINT('',(416.814,11.176,0.));
#1418 = SEAM_CURVE('',#1419,(#1423,#1429),.PCURVE_S1.);
#1419 = LINE('',#1420,#1421);
#1420 = CARTESIAN_POINT('',(416.56,11.176,0.));
#1421 = VECTOR('',#1422,1.);
#1422 = DIRECTION('',(1.,0.,0.));
#1423 = PCURVE('',#1064,#1424);
#1424 = DEFINITIONAL_REPRESENTATION('',(#1425),#1428);
#1425 = B_SPLINE_CURVE_WITH_KNOTS('',1,(#1426,#1427),.UNSPECIFIED.,.F.,
  .F.,(2,2),(0.254,15.24),.PIECEWISE_BEZIER_KNOTS.);
#1426 = CARTESIAN_POINT('',(-6.28318530718,-0.254));
#1427 = CARTESIAN_POINT('',(-6.28318530718,-15.24));
#1428 = ( GEOMETRIC_REPRESENTATION_CONTEXT(2) 
PARAMETRIC_REPRESENTATION_CONTEXT() REPRESENTATION_CONTEXT('2D SPACE',''
  ) );
#1429 = PCURVE('',#1064,#1430);
#1430 = DEFINITIONAL_REPRESENTATION('',(#1431),#1434);
#1431 = B_SPLINE_CURVE_WITH_KNOTS('',1,(#1432,#1433),.UNSPECIFIED.,.F.,
  .F.,(2,2),(0.254,15.24),.PIECEWISE_BEZIER_KNOTS.);
#1432 = CARTESIAN_POINT('',(0.,-0.254));
#1433 = CARTESIAN_POINT('',(0.,-15.24));
#1434 = ( GEOMETRIC_REPRESENTATION_CONTEXT(2) 
PARAMETRIC_REPRESENTATION_CONTEXT() REPRESENTATION_CONTEXT('2D SPACE',''
  ) );
#1435 = ORIENTED_EDGE('',*,*,#1436,.T.);
#1436 = EDGE_CURVE('',#1416,#1416,#1437,.T.);
#1437 = SURFACE_CURVE('',#1438,(#1443,#1449),.PCURVE_S1.);
#1438 = CIRCLE('',#1439,11.176);
#1439 = AXIS2_PLACEMENT_3D('',#1440,#1441,#1442);
#1440 = CARTESIAN_POINT('',(416.814,0.,0.));
#1441 = DIRECTION('',(-1.,0.,0.));
#1442 = DIRECTION('',(0.,1.,0.));
#1443 = PCURVE('',#1064,#1444);
#1444 = DEFINITIONAL_REPRESENTATION('',(#1445),#1448);
#1445 = B_SPLINE_CURVE_WITH_KNOTS('',1,(#1446,#1447),.UNSPECIFIED.,.F.,
  .F.,(2,2),(0.,6.28318530718),.PIECEWISE_BEZIER_KNOTS.);
#1446 = CARTESIAN_POINT('',(-6.28318530718,-0.254));
#1447 = CARTESIAN_POINT('',(0.,-0.254));
#1448 = ( GEOMETRIC_REPRESENTATION_CONTEXT(2) 
PARAMETRIC_REPRESENTATION_CONTEXT() REPRESENTATION_CONTEXT('2D SPACE',''
  ) );
#1449 = PCURVE('',#1450,#1455);
#1450 = PLANE('',#1451);
#1451 = AXIS2_PLACEMENT_3D('',#1452,#1453,#1454);
#1452 = CARTESIAN_POINT('',(416.814,-1.252391082927E-15,
    9.958908221049E-16));
#1453 = DIRECTION('',(1.,0.,0.));
#1454 = DIRECTION('',(-0.,0.,1.));
#1455 = DEFINITIONAL_REPRESENTATION('',(#1456),#1464);
#1456 = ( BOUNDED_CURVE() B_SPLINE_CURVE(2,(#1457,#1458,#1459,#1460,
#1461,#1462,#1463),.UNSPECIFIED.,.T.,.F.) B_SPLINE_CURVE_WITH_KNOTS((1,2
    ,2,2,2,1),(-2.094395102393,0.,2.094395102393,4.188790204786,
6.28318530718,8.377580409573),.UNSPECIFIED.) CURVE() 
GEOMETRIC_REPRESENTATION_ITEM() RATIONAL_B_SPLINE_CURVE((1.,0.5,1.,0.5,
1.,0.5,1.)) REPRESENTATION_ITEM('') );
#1457 = CARTESIAN_POINT('',(-9.958908221049E-16,-11.176));
#1458 = CARTESIAN_POINT('',(-19.35739982539,-11.176));
#1459 = CARTESIAN_POINT('',(-9.678699912695,5.588));
#1460 = CARTESIAN_POINT('',(-3.733221347559E-15,22.352));
#1461 = CARTESIAN_POINT('',(9.678699912695,5.588));
#1462 = CARTESIAN_POINT('',(19.35739982539,-11.176));
#1463 = CARTESIAN_POINT('',(-9.958908221049E-16,-11.176));
#1464 = ( GEOMETRIC_REPRESENTATION_CONTEXT(2) 
PARAMETRIC_REPRESENTATION_CONTEXT() REPRESENTATION_CONTEXT('2D SPACE',''
  ) );
#1465 = ORIENTED_EDGE('',*,*,#1415,.T.);
#1466 = ORIENTED_EDGE('',*,*,#1393,.T.);
#1467 = ORIENTED_EDGE('',*,*,#1468,.T.);
#1468 = EDGE_CURVE('',#1372,#1469,#1471,.T.);
#1469 = VERTEX_POINT('',#1470);
#1470 = CARTESIAN_POINT('',(431.8,-6.688633175022,8.9535));
#1471 = SURFACE_CURVE('',#1472,(#1477,#1483),.PCURVE_S1.);
#1472 = CIRCLE('',#1473,11.176);
#1473 = AXIS2_PLACEMENT_3D('',#1474,#1475,#1476);
#1474 = CARTESIAN_POINT('',(431.8,0.,0.));
#1475 = DIRECTION('',(1.,0.,0.));
#1476 = DIRECTION('',(0.,1.,0.));
#1477 = PCURVE('',#1064,#1478);
#1478 = DEFINITIONAL_REPRESENTATION('',(#1479),#1482);
#1479 = B_SPLINE_CURVE_WITH_KNOTS('',1,(#1480,#1481),.UNSPECIFIED.,.F.,
  .F.,(2,2),(0.92919155593,2.21240109766),.PIECEWISE_BEZIER_KNOTS.);
#1480 = CARTESIAN_POINT('',(-0.92919155593,-15.24));
#1481 = CARTESIAN_POINT('',(-2.21240109766,-15.24));
#1482 = ( GEOMETRIC_REPRESENTATION_CONTEXT(2) 
PARAMETRIC_REPRESENTATION_CONTEXT() REPRESENTATION_CONTEXT('2D SPACE',''
  ) );
#1483 = PCURVE('',#1484,#1489);
#1484 = PLANE('',#1485);
#1485 = AXIS2_PLACEMENT_3D('',#1486,#1487,#1488);
#1486 = CARTESIAN_POINT('',(431.8,-6.167077302291E-16,
    -4.562217542424E-16));
#1487 = DIRECTION('',(1.,0.,0.));
#1488 = DIRECTION('',(-0.,0.,1.));
#1489 = DEFINITIONAL_REPRESENTATION('',(#1490),#1494);
#1490 = CIRCLE('',#1491,11.176);
#1491 = AXIS2_PLACEMENT_2D('',#1492,#1493);
#1492 = CARTESIAN_POINT('',(4.562217542424E-16,-6.167077302291E-16));
#1493 = DIRECTION('',(0.,-1.));
#1494 = ( GEOMETRIC_REPRESENTATION_CONTEXT(2) 
PARAMETRIC_REPRESENTATION_CONTEXT() REPRESENTATION_CONTEXT('2D SPACE',''
  ) );
#1495 = ORIENTED_EDGE('',*,*,#1496,.F.);
#1496 = EDGE_CURVE('',#1497,#1469,#1499,.T.);
#1497 = VERTEX_POINT('',#1498);
#1498 = CARTESIAN_POINT('',(508.254,-6.688633175022,8.9535));
#1499 = SURFACE_CURVE('',#1500,(#1504,#1510),.PCURVE_S1.);
#1500 = LINE('',#1501,#1502);
#1501 = CARTESIAN_POINT('',(431.8,-6.688633175022,8.9535));
#1502 = VECTOR('',#1503,1.);
#1503 = DIRECTION('',(-1.,-0.,-0.));
#1504 = PCURVE('',#1064,#1505);
#1505 = DEFINITIONAL_REPRESENTATION('',(#1506),#1509);
#1506 = B_SPLINE_CURVE_WITH_KNOTS('',1,(#1507,#1508),.UNSPECIFIED.,.F.,
  .F.,(2,2),(-76.454,0.),.PIECEWISE_BEZIER_KNOTS.);
#1507 = CARTESIAN_POINT('',(-2.21240109766,-91.694));
#1508 = CARTESIAN_POINT('',(-2.21240109766,-15.24));
#1509 = ( GEOMETRIC_REPRESENTATION_CONTEXT(2) 
PARAMETRIC_REPRESENTATION_CONTEXT() REPRESENTATION_CONTEXT('2D SPACE',''
  ) );
#1510 = PCURVE('',#1301,#1511);
#1511 = DEFINITIONAL_REPRESENTATION('',(#1512),#1516);
#1512 = LINE('',#1513,#1514);
#1513 = CARTESIAN_POINT('',(2.54,18.711366824978));
#1514 = VECTOR('',#1515,1.);
#1515 = DIRECTION('',(-1.,0.));
#1516 = ( GEOMETRIC_REPRESENTATION_CONTEXT(2) 
PARAMETRIC_REPRESENTATION_CONTEXT() REPRESENTATION_CONTEXT('2D SPACE',''
  ) );
#1517 = ORIENTED_EDGE('',*,*,#1518,.T.);
#1518 = EDGE_CURVE('',#1497,#1047,#1519,.T.);
#1519 = SURFACE_CURVE('',#1520,(#1525,#1531),.PCURVE_S1.);
#1520 = CIRCLE('',#1521,11.176);
#1521 = AXIS2_PLACEMENT_3D('',#1522,#1523,#1524);
#1522 = CARTESIAN_POINT('',(508.254,0.,0.));
#1523 = DIRECTION('',(1.,0.,0.));
#1524 = DIRECTION('',(0.,1.,0.));
#1525 = PCURVE('',#1064,#1526);
#1526 = DEFINITIONAL_REPRESENTATION('',(#1527),#1530);
#1527 = B_SPLINE_CURVE_WITH_KNOTS('',1,(#1528,#1529),.UNSPECIFIED.,.F.,
  .F.,(2,2),(2.21240109766,4.07078420952),.PIECEWISE_BEZIER_KNOTS.);
#1528 = CARTESIAN_POINT('',(-2.21240109766,-91.694));
#1529 = CARTESIAN_POINT('',(-4.07078420952,-91.694));
#1530 = ( GEOMETRIC_REPRESENTATION_CONTEXT(2) 
PARAMETRIC_REPRESENTATION_CONTEXT() REPRESENTATION_CONTEXT('2D SPACE',''
  ) );
#1531 = PCURVE('',#1091,#1532);
#1532 = DEFINITIONAL_REPRESENTATION('',(#1533),#1537);
#1533 = CIRCLE('',#1534,11.176);
#1534 = AXIS2_PLACEMENT_2D('',#1535,#1536);
#1535 = CARTESIAN_POINT('',(4.562217542424E-16,-6.167077302291E-16));
#1536 = DIRECTION('',(0.,-1.));
#1537 = ( GEOMETRIC_REPRESENTATION_CONTEXT(2) 
PARAMETRIC_REPRESENTATION_CONTEXT() REPRESENTATION_CONTEXT('2D SPACE',''
  ) );
#1538 = ORIENTED_EDGE('',*,*,#1046,.T.);
#1539 = ADVANCED_FACE('',(#1540,#1566),#1091,.F.);
#1540 = FACE_BOUND('',#1541,.F.);
#1541 = EDGE_LOOP('',(#1542,#1543,#1544,#1565));
#1542 = ORIENTED_EDGE('',*,*,#1075,.F.);
#1543 = ORIENTED_EDGE('',*,*,#1344,.F.);
#1544 = ORIENTED_EDGE('',*,*,#1545,.T.);
#1545 = EDGE_CURVE('',#1345,#1497,#1546,.T.);
#1546 = SURFACE_CURVE('',#1547,(#1551,#1558),.PCURVE_S1.);
#1547 = LINE('',#1548,#1549);
#1548 = CARTESIAN_POINT('',(508.254,-12.7,8.9535));
#1549 = VECTOR('',#1550,1.);
#1550 = DIRECTION('',(0.,-1.,0.));
#1551 = PCURVE('',#1091,#1552);
#1552 = DEFINITIONAL_REPRESENTATION('',(#1553),#1557);
#1553 = LINE('',#1554,#1555);
#1554 = CARTESIAN_POINT('',(8.9535,12.7));
#1555 = VECTOR('',#1556,1.);
#1556 = DIRECTION('',(0.,1.));
#1557 = ( GEOMETRIC_REPRESENTATION_CONTEXT(2) 
PARAMETRIC_REPRESENTATION_CONTEXT() REPRESENTATION_CONTEXT('2D SPACE',''
  ) );
#1558 = PCURVE('',#1301,#1559);
#1559 = DEFINITIONAL_REPRESENTATION('',(#1560),#1564);
#1560 = LINE('',#1561,#1562);
#1561 = CARTESIAN_POINT('',(78.994,12.7));
#1562 = VECTOR('',#1563,1.);
#1563 = DIRECTION('',(0.,-1.));
#1564 = ( GEOMETRIC_REPRESENTATION_CONTEXT(2) 
PARAMETRIC_REPRESENTATION_CONTEXT() REPRESENTATION_CONTEXT('2D SPACE',''
  ) );
#1565 = ORIENTED_EDGE('',*,*,#1518,.T.);
#1566 = FACE_BOUND('',#1567,.F.);
#1567 = EDGE_LOOP('',(#1568));
#1568 = ORIENTED_EDGE('',*,*,#1569,.T.);
#1569 = EDGE_CURVE('',#1570,#1570,#1572,.T.);
#1570 = VERTEX_POINT('',#1571);
#1571 = CARTESIAN_POINT('',(508.254,3.81,0.));
#1572 = SURFACE_CURVE('',#1573,(#1578,#1589),.PCURVE_S1.);
#1573 = CIRCLE('',#1574,3.81);
#1574 = AXIS2_PLACEMENT_3D('',#1575,#1576,#1577);
#1575 = CARTESIAN_POINT('',(508.254,0.,0.));
#1576 = DIRECTION('',(-1.,0.,0.));
#1577 = DIRECTION('',(0.,1.,0.));
#1578 = PCURVE('',#1091,#1579);
#1579 = DEFINITIONAL_REPRESENTATION('',(#1580),#1588);
#1580 = ( BOUNDED_CURVE() B_SPLINE_CURVE(2,(#1581,#1582,#1583,#1584,
#1585,#1586,#1587),.UNSPECIFIED.,.T.,.F.) B_SPLINE_CURVE_WITH_KNOTS((1,2
    ,2,2,2,1),(-2.094395102393,0.,2.094395102393,4.188790204786,
6.28318530718,8.377580409573),.UNSPECIFIED.) CURVE() 
GEOMETRIC_REPRESENTATION_ITEM() RATIONAL_B_SPLINE_CURVE((1.,0.5,1.,0.5,
1.,0.5,1.)) REPRESENTATION_ITEM('') );
#1581 = CARTESIAN_POINT('',(4.562217542424E-16,-3.81));
#1582 = CARTESIAN_POINT('',(-6.599113576837,-3.81));
#1583 = CARTESIAN_POINT('',(-3.299556788419,1.905));
#1584 = CARTESIAN_POINT('',(-4.769591067079E-16,7.62));
#1585 = CARTESIAN_POINT('',(3.299556788419,1.905));
#1586 = CARTESIAN_POINT('',(6.599113576837,-3.81));
#1587 = CARTESIAN_POINT('',(4.562217542424E-16,-3.81));
#1588 = ( GEOMETRIC_REPRESENTATION_CONTEXT(2) 
PARAMETRIC_REPRESENTATION_CONTEXT() REPRESENTATION_CONTEXT('2D SPACE',''
  ) );
#1589 = PCURVE('',#1590,#1595);
#1590 = CYLINDRICAL_SURFACE('',#1591,3.81);
#1591 = AXIS2_PLACEMENT_3D('',#1592,#1593,#1594);
#1592 = CARTESIAN_POINT('',(507.746,0.,0.));
#1593 = DIRECTION('',(-1.,-0.,-0.));
#1594 = DIRECTION('',(0.,1.,0.));
#1595 = DEFINITIONAL_REPRESENTATION('',(#1596),#1599);
#1596 = B_SPLINE_CURVE_WITH_KNOTS('',1,(#1597,#1598),.UNSPECIFIED.,.F.,
  .F.,(2,2),(0.,6.28318530718),.PIECEWISE_BEZIER_KNOTS.);
#1597 = CARTESIAN_POINT('',(-6.28318530718,-0.508));
#1598 = CARTESIAN_POINT('',(0.,-0.508));
#1599 = ( GEOMETRIC_REPRESENTATION_CONTEXT(2) 
PARAMETRIC_REPRESENTATION_CONTEXT() REPRESENTATION_CONTEXT('2D SPACE',''
  ) );
#1600 = ADVANCED_FACE('',(#1601),#1139,.F.);
#1601 = FACE_BOUND('',#1602,.F.);
#1602 = EDGE_LOOP('',(#1603,#1604));
#1603 = ORIENTED_EDGE('',*,*,#1322,.T.);
#1604 = ORIENTED_EDGE('',*,*,#1125,.T.);
#1605 = ADVANCED_FACE('',(#1606),#1184,.F.);
#1606 = FACE_BOUND('',#1607,.T.);
#1607 = EDGE_LOOP('',(#1608,#1629,#1654,#1655));
#1608 = ORIENTED_EDGE('',*,*,#1609,.F.);
#1609 = EDGE_CURVE('',#1610,#1164,#1612,.T.);
#1610 = VERTEX_POINT('',#1611);
#1611 = CARTESIAN_POINT('',(454.4187,0.,8.9535));
#1612 = SEAM_CURVE('',#1613,(#1617,#1623),.PCURVE_S1.);
#1613 = LINE('',#1614,#1615);
#1614 = CARTESIAN_POINT('',(454.4187,0.,0.));
#1615 = VECTOR('',#1616,1.);
#1616 = DIRECTION('',(0.,0.,1.));
#1617 = PCURVE('',#1184,#1618);
#1618 = DEFINITIONAL_REPRESENTATION('',(#1619),#1622);
#1619 = B_SPLINE_CURVE_WITH_KNOTS('',1,(#1620,#1621),.UNSPECIFIED.,.F.,
  .F.,(2,2),(8.9535,11.938),.PIECEWISE_BEZIER_KNOTS.);
#1620 = CARTESIAN_POINT('',(-6.28318530718,-8.9535));
#1621 = CARTESIAN_POINT('',(-6.28318530718,-11.938));
#1622 = ( GEOMETRIC_REPRESENTATION_CONTEXT(2) 
PARAMETRIC_REPRESENTATION_CONTEXT() REPRESENTATION_CONTEXT('2D SPACE',''
  ) );
#1623 = PCURVE('',#1184,#1624);
#1624 = DEFINITIONAL_REPRESENTATION('',(#1625),#1628);
#1625 = B_SPLINE_CURVE_WITH_KNOTS('',1,(#1626,#1627),.UNSPECIFIED.,.F.,
  .F.,(2,2),(8.9535,11.938),.PIECEWISE_BEZIER_KNOTS.);
#1626 = CARTESIAN_POINT('',(0.,-8.9535));
#1627 = CARTESIAN_POINT('',(0.,-11.938));
#1628 = ( GEOMETRIC_REPRESENTATION_CONTEXT(2) 
PARAMETRIC_REPRESENTATION_CONTEXT() REPRESENTATION_CONTEXT('2D SPACE',''
  ) );
#1629 = ORIENTED_EDGE('',*,*,#1630,.T.);
#1630 = EDGE_CURVE('',#1610,#1610,#1631,.T.);
#1631 = SURFACE_CURVE('',#1632,(#1637,#1643),.PCURVE_S1.);
#1632 = CIRCLE('',#1633,3.5687);
#1633 = AXIS2_PLACEMENT_3D('',#1634,#1635,#1636);
#1634 = CARTESIAN_POINT('',(450.85,0.,8.9535));
#1635 = DIRECTION('',(0.,0.,-1.));
#1636 = DIRECTION('',(1.,0.,0.));
#1637 = PCURVE('',#1184,#1638);
#1638 = DEFINITIONAL_REPRESENTATION('',(#1639),#1642);
#1639 = B_SPLINE_CURVE_WITH_KNOTS('',1,(#1640,#1641),.UNSPECIFIED.,.F.,
  .F.,(2,2),(0.,6.28318530718),.PIECEWISE_BEZIER_KNOTS.);
#1640 = CARTESIAN_POINT('',(-6.28318530718,-8.9535));
#1641 = CARTESIAN_POINT('',(0.,-8.9535));
#1642 = ( GEOMETRIC_REPRESENTATION_CONTEXT(2) 
PARAMETRIC_REPRESENTATION_CONTEXT() REPRESENTATION_CONTEXT('2D SPACE',''
  ) );
#1643 = PCURVE('',#1301,#1644);
#1644 = DEFINITIONAL_REPRESENTATION('',(#1645),#1653);
#1645 = ( BOUNDED_CURVE() B_SPLINE_CURVE(2,(#1646,#1647,#1648,#1649,
#1650,#1651,#1652),.UNSPECIFIED.,.T.,.F.) B_SPLINE_CURVE_WITH_KNOTS((1,2
    ,2,2,2,1),(-2.094395102393,0.,2.094395102393,4.188790204786,
6.28318530718,8.377580409573),.UNSPECIFIED.) CURVE() 
GEOMETRIC_REPRESENTATION_ITEM() RATIONAL_B_SPLINE_CURVE((1.,0.5,1.,0.5,
1.,0.5,1.)) REPRESENTATION_ITEM('') );
#1646 = CARTESIAN_POINT('',(25.1587,25.4));
#1647 = CARTESIAN_POINT('',(25.1587,19.218830283029));
#1648 = CARTESIAN_POINT('',(19.80565,22.309415141514));
#1649 = CARTESIAN_POINT('',(14.4526,25.4));
#1650 = CARTESIAN_POINT('',(19.80565,28.490584858486));
#1651 = CARTESIAN_POINT('',(25.1587,31.581169716971));
#1652 = CARTESIAN_POINT('',(25.1587,25.4));
#1653 = ( GEOMETRIC_REPRESENTATION_CONTEXT(2) 
PARAMETRIC_REPRESENTATION_CONTEXT() REPRESENTATION_CONTEXT('2D SPACE',''
  ) );
#1654 = ORIENTED_EDGE('',*,*,#1609,.T.);
#1655 = ORIENTED_EDGE('',*,*,#1163,.F.);
#1656 = ADVANCED_FACE('',(#1657),#1218,.T.);
#1657 = FACE_BOUND('',#1658,.F.);
#1658 = EDGE_LOOP('',(#1659,#1660,#1681,#1709,#1758,#1786,#1835,#1856));
#1659 = ORIENTED_EDGE('',*,*,#1201,.F.);
#1660 = ORIENTED_EDGE('',*,*,#1661,.T.);
#1661 = EDGE_CURVE('',#1202,#1662,#1664,.T.);
#1662 = VERTEX_POINT('',#1663);
#1663 = CARTESIAN_POINT('',(518.762,17.246,0.));
#1664 = SEAM_CURVE('',#1665,(#1669,#1675),.PCURVE_S1.);
#1665 = LINE('',#1666,#1667);
#1666 = CARTESIAN_POINT('',(509.11,17.246,0.));
#1667 = VECTOR('',#1668,1.);
#1668 = DIRECTION('',(1.,0.,0.));
#1669 = PCURVE('',#1218,#1670);
#1670 = DEFINITIONAL_REPRESENTATION('',(#1671),#1674);
#1671 = B_SPLINE_CURVE_WITH_KNOTS('',1,(#1672,#1673),.UNSPECIFIED.,.F.,
  .F.,(2,2),(0.,9.652),.PIECEWISE_BEZIER_KNOTS.);
#1672 = CARTESIAN_POINT('',(-6.28318530718,0.));
#1673 = CARTESIAN_POINT('',(-6.28318530718,-9.652));
#1674 = ( GEOMETRIC_REPRESENTATION_CONTEXT(2) 
PARAMETRIC_REPRESENTATION_CONTEXT() REPRESENTATION_CONTEXT('2D SPACE',''
  ) );
#1675 = PCURVE('',#1218,#1676);
#1676 = DEFINITIONAL_REPRESENTATION('',(#1677),#1680);
#1677 = B_SPLINE_CURVE_WITH_KNOTS('',1,(#1678,#1679),.UNSPECIFIED.,.F.,
  .F.,(2,2),(0.,9.652),.PIECEWISE_BEZIER_KNOTS.);
#1678 = CARTESIAN_POINT('',(0.,0.));
#1679 = CARTESIAN_POINT('',(0.,-9.652));
#1680 = ( GEOMETRIC_REPRESENTATION_CONTEXT(2) 
PARAMETRIC_REPRESENTATION_CONTEXT() REPRESENTATION_CONTEXT('2D SPACE',''
  ) );
#1681 = ORIENTED_EDGE('',*,*,#1682,.T.);
#1682 = EDGE_CURVE('',#1662,#1683,#1685,.T.);
#1683 = VERTEX_POINT('',#1684);
#1684 = CARTESIAN_POINT('',(518.762,1.508041445047,17.179939668114));
#1685 = SURFACE_CURVE('',#1686,(#1691,#1697),.PCURVE_S1.);
#1686 = CIRCLE('',#1687,17.246);
#1687 = AXIS2_PLACEMENT_3D('',#1688,#1689,#1690);
#1688 = CARTESIAN_POINT('',(518.762,0.,0.));
#1689 = DIRECTION('',(1.,0.,0.));
#1690 = DIRECTION('',(0.,1.,0.));
#1691 = PCURVE('',#1218,#1692);
#1692 = DEFINITIONAL_REPRESENTATION('',(#1693),#1696);
#1693 = B_SPLINE_CURVE_WITH_KNOTS('',1,(#1694,#1695),.UNSPECIFIED.,.F.,
  .F.,(2,2),(0.,1.483241537047),.PIECEWISE_BEZIER_KNOTS.);
#1694 = CARTESIAN_POINT('',(0.,-9.652));
#1695 = CARTESIAN_POINT('',(-1.483241537047,-9.652));
#1696 = ( GEOMETRIC_REPRESENTATION_CONTEXT(2) 
PARAMETRIC_REPRESENTATION_CONTEXT() REPRESENTATION_CONTEXT('2D SPACE',''
  ) );
#1697 = PCURVE('',#1698,#1703);
#1698 = PLANE('',#1699);
#1699 = AXIS2_PLACEMENT_3D('',#1700,#1701,#1702);
#1700 = CARTESIAN_POINT('',(518.762,-7.992955575832E-16,
    8.945824918966E-16));
#1701 = DIRECTION('',(1.,0.,0.));
#1702 = DIRECTION('',(-0.,0.,1.));
#1703 = DEFINITIONAL_REPRESENTATION('',(#1704),#1708);
#1704 = CIRCLE('',#1705,17.246);
#1705 = AXIS2_PLACEMENT_2D('',#1706,#1707);
#1706 = CARTESIAN_POINT('',(-8.945824918966E-16,-7.992955575832E-16));
#1707 = DIRECTION('',(0.,-1.));
#1708 = ( GEOMETRIC_REPRESENTATION_CONTEXT(2) 
PARAMETRIC_REPRESENTATION_CONTEXT() REPRESENTATION_CONTEXT('2D SPACE',''
  ) );
#1709 = ORIENTED_EDGE('',*,*,#1710,.T.);
#1710 = EDGE_CURVE('',#1683,#1711,#1713,.T.);
#1711 = VERTEX_POINT('',#1712);
#1712 = CARTESIAN_POINT('',(518.762,-1.508041445047,17.179939668114));
#1713 = SURFACE_CURVE('',#1714,(#1725,#1739),.PCURVE_S1.);
#1714 = B_SPLINE_CURVE_WITH_KNOTS('',5,(#1715,#1716,#1717,#1718,#1719,
    #1720,#1721,#1722,#1723,#1724),.UNSPECIFIED.,.F.,.F.,(6,4,6),(0.,0.5
    ,1.),.UNSPECIFIED.);
#1715 = CARTESIAN_POINT('',(518.76201524,1.508069680382,17.179937189615)
  );
#1716 = CARTESIAN_POINT('',(518.6125506227,1.231158163426,
    17.204244721026));
#1717 = CARTESIAN_POINT('',(518.49753324892,0.935993460635,
    17.224535497147));
#1718 = CARTESIAN_POINT('',(518.41984065004,0.628208563007,
    17.238852508353));
#1719 = CARTESIAN_POINT('',(518.381,0.314097065323,17.246));
#1720 = CARTESIAN_POINT('',(518.381,-0.314097065323,17.246));
#1721 = CARTESIAN_POINT('',(518.41984065004,-0.628208563003,
    17.238852508353));
#1722 = CARTESIAN_POINT('',(518.49753324892,-0.935993460637,
    17.224535497147));
#1723 = CARTESIAN_POINT('',(518.61255062271,-1.231158163428,
    17.204244721025));
#1724 = CARTESIAN_POINT('',(518.76201524,-1.508069680382,17.179937189615
    ));
#1725 = PCURVE('',#1218,#1726);
#1726 = DEFINITIONAL_REPRESENTATION('',(#1727),#1738);
#1727 = B_SPLINE_CURVE_WITH_KNOTS('',5,(#1728,#1729,#1730,#1731,#1732,
    #1733,#1734,#1735,#1736,#1737),.UNSPECIFIED.,.F.,.F.,(6,4,6),(
    1.019649093388E-05,0.5,0.999989803509),.UNSPECIFIED.);
#1728 = CARTESIAN_POINT('',(-1.483241537047,-9.651999999997));
#1729 = CARTESIAN_POINT('',(-1.49935960057,-9.502541240613));
#1730 = CARTESIAN_POINT('',(-1.516511621153,-9.387528495822));
#1731 = CARTESIAN_POINT('',(-1.534370780116,-9.309839065903));
#1732 = CARTESIAN_POINT('',(-1.552583949435,-9.271));
#1733 = CARTESIAN_POINT('',(-1.589008704155,-9.271));
#1734 = CARTESIAN_POINT('',(-1.607221873473,-9.309839065903));
#1735 = CARTESIAN_POINT('',(-1.625081032437,-9.387528495821));
#1736 = CARTESIAN_POINT('',(-1.64223305302,-9.502541240614));
#1737 = CARTESIAN_POINT('',(-1.658351116543,-9.651999999997));
#1738 = ( GEOMETRIC_REPRESENTATION_CONTEXT(2) 
PARAMETRIC_REPRESENTATION_CONTEXT() REPRESENTATION_CONTEXT('2D SPACE',''
  ) );
#1739 = PCURVE('',#1740,#1745);
#1740 = CYLINDRICAL_SURFACE('',#1741,3.175);
#1741 = AXIS2_PLACEMENT_3D('',#1742,#1743,#1744);
#1742 = CARTESIAN_POINT('',(521.556,0.,0.));
#1743 = DIRECTION('',(-0.,-0.,-1.));
#1744 = DIRECTION('',(1.,0.,0.));
#1745 = DEFINITIONAL_REPRESENTATION('',(#1746),#1757);
#1746 = B_SPLINE_CURVE_WITH_KNOTS('',5,(#1747,#1748,#1749,#1750,#1751,
    #1752,#1753,#1754,#1755,#1756),.UNSPECIFIED.,.F.,.F.,(6,4,6),(
    1.019649093388E-05,0.5,0.999989803509),.UNSPECIFIED.);
#1747 = CARTESIAN_POINT('',(-2.646658527251,-17.17993966811));
#1748 = CARTESIAN_POINT('',(-2.745766386536,-17.20424637616));
#1749 = CARTESIAN_POINT('',(-2.844780061516,-17.22453637303));
#1750 = CARTESIAN_POINT('',(-2.943735866322,-17.23885279986));
#1751 = CARTESIAN_POINT('',(-3.04266646148,-17.246));
#1752 = CARTESIAN_POINT('',(-3.240518845699,-17.246));
#1753 = CARTESIAN_POINT('',(-3.339449440856,-17.23885279986));
#1754 = CARTESIAN_POINT('',(-3.438405245665,-17.22453637303));
#1755 = CARTESIAN_POINT('',(-3.537418920645,-17.20424637616));
#1756 = CARTESIAN_POINT('',(-3.636526779929,-17.17993966811));
#1757 = ( GEOMETRIC_REPRESENTATION_CONTEXT(2) 
PARAMETRIC_REPRESENTATION_CONTEXT() REPRESENTATION_CONTEXT('2D SPACE',''
  ) );
#1758 = ORIENTED_EDGE('',*,*,#1759,.T.);
#1759 = EDGE_CURVE('',#1711,#1760,#1762,.T.);
#1760 = VERTEX_POINT('',#1761);
#1761 = CARTESIAN_POINT('',(518.762,-1.508041445047,-17.17993966811));
#1762 = SURFACE_CURVE('',#1763,(#1768,#1774),.PCURVE_S1.);
#1763 = CIRCLE('',#1764,17.246);
#1764 = AXIS2_PLACEMENT_3D('',#1765,#1766,#1767);
#1765 = CARTESIAN_POINT('',(518.762,0.,0.));
#1766 = DIRECTION('',(1.,0.,0.));
#1767 = DIRECTION('',(0.,1.,0.));
#1768 = PCURVE('',#1218,#1769);
#1769 = DEFINITIONAL_REPRESENTATION('',(#1770),#1773);
#1770 = B_SPLINE_CURVE_WITH_KNOTS('',1,(#1771,#1772),.UNSPECIFIED.,.F.,
  .F.,(2,2),(1.658351116543,4.624834190637),.PIECEWISE_BEZIER_KNOTS.);
#1771 = CARTESIAN_POINT('',(-1.658351116543,-9.652));
#1772 = CARTESIAN_POINT('',(-4.624834190637,-9.652));
#1773 = ( GEOMETRIC_REPRESENTATION_CONTEXT(2) 
PARAMETRIC_REPRESENTATION_CONTEXT() REPRESENTATION_CONTEXT('2D SPACE',''
  ) );
#1774 = PCURVE('',#1775,#1780);
#1775 = PLANE('',#1776);
#1776 = AXIS2_PLACEMENT_3D('',#1777,#1778,#1779);
#1777 = CARTESIAN_POINT('',(518.762,-7.992955575832E-16,
    8.945824918966E-16));
#1778 = DIRECTION('',(1.,0.,0.));
#1779 = DIRECTION('',(-0.,0.,1.));
#1780 = DEFINITIONAL_REPRESENTATION('',(#1781),#1785);
#1781 = CIRCLE('',#1782,17.246);
#1782 = AXIS2_PLACEMENT_2D('',#1783,#1784);
#1783 = CARTESIAN_POINT('',(-8.945824918966E-16,-7.992955575832E-16));
#1784 = DIRECTION('',(0.,-1.));
#1785 = ( GEOMETRIC_REPRESENTATION_CONTEXT(2) 
PARAMETRIC_REPRESENTATION_CONTEXT() REPRESENTATION_CONTEXT('2D SPACE',''
  ) );
#1786 = ORIENTED_EDGE('',*,*,#1787,.F.);
#1787 = EDGE_CURVE('',#1788,#1760,#1790,.T.);
#1788 = VERTEX_POINT('',#1789);
#1789 = CARTESIAN_POINT('',(518.762,1.508041445047,-17.17993966811));
#1790 = SURFACE_CURVE('',#1791,(#1802,#1816),.PCURVE_S1.);
#1791 = B_SPLINE_CURVE_WITH_KNOTS('',5,(#1792,#1793,#1794,#1795,#1796,
    #1797,#1798,#1799,#1800,#1801),.UNSPECIFIED.,.F.,.F.,(6,4,6),(0.,
    0.499999999999,1.),.UNSPECIFIED.);
#1792 = CARTESIAN_POINT('',(518.76201524,1.508069680382,-17.17993718961)
  );
#1793 = CARTESIAN_POINT('',(518.6125506227,1.231158163426,
    -17.20424472102));
#1794 = CARTESIAN_POINT('',(518.49753324892,0.935993460635,
    -17.22453549714));
#1795 = CARTESIAN_POINT('',(518.41984065004,0.628208563007,
    -17.23885250835));
#1796 = CARTESIAN_POINT('',(518.381,0.314097065323,-17.246));
#1797 = CARTESIAN_POINT('',(518.381,-0.314097065325,-17.246));
#1798 = CARTESIAN_POINT('',(518.41984065004,-0.628208563008,
    -17.23885250835));
#1799 = CARTESIAN_POINT('',(518.49753324892,-0.935993460635,
    -17.22453549714));
#1800 = CARTESIAN_POINT('',(518.6125506227,-1.231158163423,
    -17.20424472102));
#1801 = CARTESIAN_POINT('',(518.76201524,-1.508069680382,-17.17993718961
    ));
#1802 = PCURVE('',#1218,#1803);
#1803 = DEFINITIONAL_REPRESENTATION('',(#1804),#1815);
#1804 = B_SPLINE_CURVE_WITH_KNOTS('',5,(#1805,#1806,#1807,#1808,#1809,
    #1810,#1811,#1812,#1813,#1814),.UNSPECIFIED.,.F.,.F.,(6,4,6),(
    1.019649093568E-05,0.499999999999,0.999989803509),.UNSPECIFIED.);
#1805 = CARTESIAN_POINT('',(-4.799943770132,-9.651999999997));
#1806 = CARTESIAN_POINT('',(-4.78382570661,-9.502541240613));
#1807 = CARTESIAN_POINT('',(-4.766673686026,-9.387528495822));
#1808 = CARTESIAN_POINT('',(-4.748814527063,-9.309839065903));
#1809 = CARTESIAN_POINT('',(-4.730601357745,-9.271));
#1810 = CARTESIAN_POINT('',(-4.694176603025,-9.271));
#1811 = CARTESIAN_POINT('',(-4.675963433706,-9.309839065904));
#1812 = CARTESIAN_POINT('',(-4.658104274743,-9.387528495822));
#1813 = CARTESIAN_POINT('',(-4.64095225416,-9.502541240612));
#1814 = CARTESIAN_POINT('',(-4.624834190637,-9.651999999997));
#1815 = ( GEOMETRIC_REPRESENTATION_CONTEXT(2) 
PARAMETRIC_REPRESENTATION_CONTEXT() REPRESENTATION_CONTEXT('2D SPACE',''
  ) );
#1816 = PCURVE('',#1817,#1822);
#1817 = CYLINDRICAL_SURFACE('',#1818,3.175);
#1818 = AXIS2_PLACEMENT_3D('',#1819,#1820,#1821);
#1819 = CARTESIAN_POINT('',(521.556,0.,0.));
#1820 = DIRECTION('',(0.,0.,1.));
#1821 = DIRECTION('',(1.,0.,0.));
#1822 = DEFINITIONAL_REPRESENTATION('',(#1823),#1834);
#1823 = B_SPLINE_CURVE_WITH_KNOTS('',5,(#1824,#1825,#1826,#1827,#1828,
    #1829,#1830,#1831,#1832,#1833),.UNSPECIFIED.,.F.,.F.,(6,4,6),(
    1.019649093568E-05,0.499999999999,0.999989803509),.UNSPECIFIED.);
#1824 = CARTESIAN_POINT('',(2.646658527251,-17.17993966811));
#1825 = CARTESIAN_POINT('',(2.745766386536,-17.20424637616));
#1826 = CARTESIAN_POINT('',(2.844780061516,-17.22453637303));
#1827 = CARTESIAN_POINT('',(2.943735866322,-17.23885279986));
#1828 = CARTESIAN_POINT('',(3.04266646148,-17.246));
#1829 = CARTESIAN_POINT('',(3.2405188457,-17.246));
#1830 = CARTESIAN_POINT('',(3.339449440857,-17.23885279986));
#1831 = CARTESIAN_POINT('',(3.438405245664,-17.22453637303));
#1832 = CARTESIAN_POINT('',(3.537418920643,-17.20424637616));
#1833 = CARTESIAN_POINT('',(3.636526779929,-17.17993966811));
#1834 = ( GEOMETRIC_REPRESENTATION_CONTEXT(2) 
PARAMETRIC_REPRESENTATION_CONTEXT() REPRESENTATION_CONTEXT('2D SPACE',''
  ) );
#1835 = ORIENTED_EDGE('',*,*,#1836,.T.);
#1836 = EDGE_CURVE('',#1788,#1662,#1837,.T.);
#1837 = SURFACE_CURVE('',#1838,(#1843,#1849),.PCURVE_S1.);
#1838 = CIRCLE('',#1839,17.246);
#1839 = AXIS2_PLACEMENT_3D('',#1840,#1841,#1842);
#1840 = CARTESIAN_POINT('',(518.762,0.,0.));
#1841 = DIRECTION('',(1.,0.,0.));
#1842 = DIRECTION('',(0.,1.,0.));
#1843 = PCURVE('',#1218,#1844);
#1844 = DEFINITIONAL_REPRESENTATION('',(#1845),#1848);
#1845 = B_SPLINE_CURVE_WITH_KNOTS('',1,(#1846,#1847),.UNSPECIFIED.,.F.,
  .F.,(2,2),(4.799943770132,6.28318530718),.PIECEWISE_BEZIER_KNOTS.);
#1846 = CARTESIAN_POINT('',(-4.799943770132,-9.652));
#1847 = CARTESIAN_POINT('',(-6.28318530718,-9.652));
#1848 = ( GEOMETRIC_REPRESENTATION_CONTEXT(2) 
PARAMETRIC_REPRESENTATION_CONTEXT() REPRESENTATION_CONTEXT('2D SPACE',''
  ) );
#1849 = PCURVE('',#1698,#1850);
#1850 = DEFINITIONAL_REPRESENTATION('',(#1851),#1855);
#1851 = CIRCLE('',#1852,17.246);
#1852 = AXIS2_PLACEMENT_2D('',#1853,#1854);
#1853 = CARTESIAN_POINT('',(-8.945824918966E-16,-7.992955575832E-16));
#1854 = DIRECTION('',(0.,-1.));
#1855 = ( GEOMETRIC_REPRESENTATION_CONTEXT(2) 
PARAMETRIC_REPRESENTATION_CONTEXT() REPRESENTATION_CONTEXT('2D SPACE',''
  ) );
#1856 = ORIENTED_EDGE('',*,*,#1661,.F.);
#1857 = ADVANCED_FACE('',(#1858),#1252,.T.);
#1858 = FACE_BOUND('',#1859,.F.);
#1859 = EDGE_LOOP('',(#1860,#1881,#1882,#1883));
#1860 = ORIENTED_EDGE('',*,*,#1861,.T.);
#1861 = EDGE_CURVE('',#1862,#1236,#1864,.T.);
#1862 = VERTEX_POINT('',#1863);
#1863 = CARTESIAN_POINT('',(416.814,16.51,0.));
#1864 = SEAM_CURVE('',#1865,(#1869,#1875),.PCURVE_S1.);
#1865 = LINE('',#1866,#1867);
#1866 = CARTESIAN_POINT('',(416.814,16.51,0.));
#1867 = VECTOR('',#1868,1.);
#1868 = DIRECTION('',(1.,0.,0.));
#1869 = PCURVE('',#1252,#1870);
#1870 = DEFINITIONAL_REPRESENTATION('',(#1871),#1874);
#1871 = B_SPLINE_CURVE_WITH_KNOTS('',1,(#1872,#1873),.UNSPECIFIED.,.F.,
  .F.,(2,2),(0.,6.096),.PIECEWISE_BEZIER_KNOTS.);
#1872 = CARTESIAN_POINT('',(0.,0.));
#1873 = CARTESIAN_POINT('',(0.,-6.096));
#1874 = ( GEOMETRIC_REPRESENTATION_CONTEXT(2) 
PARAMETRIC_REPRESENTATION_CONTEXT() REPRESENTATION_CONTEXT('2D SPACE',''
  ) );
#1875 = PCURVE('',#1252,#1876);
#1876 = DEFINITIONAL_REPRESENTATION('',(#1877),#1880);
#1877 = B_SPLINE_CURVE_WITH_KNOTS('',1,(#1878,#1879),.UNSPECIFIED.,.F.,
  .F.,(2,2),(0.,6.096),.PIECEWISE_BEZIER_KNOTS.);
#1878 = CARTESIAN_POINT('',(-6.28318530718,0.));
#1879 = CARTESIAN_POINT('',(-6.28318530718,-6.096));
#1880 = ( GEOMETRIC_REPRESENTATION_CONTEXT(2) 
PARAMETRIC_REPRESENTATION_CONTEXT() REPRESENTATION_CONTEXT('2D SPACE',''
  ) );
#1881 = ORIENTED_EDGE('',*,*,#1235,.T.);
#1882 = ORIENTED_EDGE('',*,*,#1861,.F.);
#1883 = ORIENTED_EDGE('',*,*,#1884,.F.);
#1884 = EDGE_CURVE('',#1862,#1862,#1885,.T.);
#1885 = SURFACE_CURVE('',#1886,(#1891,#1897),.PCURVE_S1.);
#1886 = CIRCLE('',#1887,16.51);
#1887 = AXIS2_PLACEMENT_3D('',#1888,#1889,#1890);
#1888 = CARTESIAN_POINT('',(416.814,0.,0.));
#1889 = DIRECTION('',(1.,0.,0.));
#1890 = DIRECTION('',(0.,1.,0.));
#1891 = PCURVE('',#1252,#1892);
#1892 = DEFINITIONAL_REPRESENTATION('',(#1893),#1896);
#1893 = B_SPLINE_CURVE_WITH_KNOTS('',1,(#1894,#1895),.UNSPECIFIED.,.F.,
  .F.,(2,2),(0.,6.28318530718),.PIECEWISE_BEZIER_KNOTS.);
#1894 = CARTESIAN_POINT('',(0.,0.));
#1895 = CARTESIAN_POINT('',(-6.28318530718,0.));
#1896 = ( GEOMETRIC_REPRESENTATION_CONTEXT(2) 
PARAMETRIC_REPRESENTATION_CONTEXT() REPRESENTATION_CONTEXT('2D SPACE',''
  ) );
#1897 = PCURVE('',#1450,#1898);
#1898 = DEFINITIONAL_REPRESENTATION('',(#1899),#1903);
#1899 = CIRCLE('',#1900,16.51);
#1900 = AXIS2_PLACEMENT_2D('',#1901,#1902);
#1901 = CARTESIAN_POINT('',(-9.958908221049E-16,-1.252391082927E-15));
#1902 = DIRECTION('',(0.,-1.));
#1903 = ( GEOMETRIC_REPRESENTATION_CONTEXT(2) 
PARAMETRIC_REPRESENTATION_CONTEXT() REPRESENTATION_CONTEXT('2D SPACE',''
  ) );
#1904 = ADVANCED_FACE('',(#1905,#1931,#1934),#1301,.F.);
#1905 = FACE_BOUND('',#1906,.F.);
#1906 = EDGE_LOOP('',(#1907,#1908,#1909,#1910));
#1907 = ORIENTED_EDGE('',*,*,#1496,.F.);
#1908 = ORIENTED_EDGE('',*,*,#1545,.F.);
#1909 = ORIENTED_EDGE('',*,*,#1371,.T.);
#1910 = ORIENTED_EDGE('',*,*,#1911,.T.);
#1911 = EDGE_CURVE('',#1372,#1469,#1912,.T.);
#1912 = SURFACE_CURVE('',#1913,(#1917,#1924),.PCURVE_S1.);
#1913 = LINE('',#1914,#1915);
#1914 = CARTESIAN_POINT('',(431.8,-12.7,8.9535));
#1915 = VECTOR('',#1916,1.);
#1916 = DIRECTION('',(0.,-1.,0.));
#1917 = PCURVE('',#1301,#1918);
#1918 = DEFINITIONAL_REPRESENTATION('',(#1919),#1923);
#1919 = LINE('',#1920,#1921);
#1920 = CARTESIAN_POINT('',(2.54,12.7));
#1921 = VECTOR('',#1922,1.);
#1922 = DIRECTION('',(0.,-1.));
#1923 = ( GEOMETRIC_REPRESENTATION_CONTEXT(2) 
PARAMETRIC_REPRESENTATION_CONTEXT() REPRESENTATION_CONTEXT('2D SPACE',''
  ) );
#1924 = PCURVE('',#1484,#1925);
#1925 = DEFINITIONAL_REPRESENTATION('',(#1926),#1930);
#1926 = LINE('',#1927,#1928);
#1927 = CARTESIAN_POINT('',(8.9535,12.7));
#1928 = VECTOR('',#1929,1.);
#1929 = DIRECTION('',(0.,1.));
#1930 = ( GEOMETRIC_REPRESENTATION_CONTEXT(2) 
PARAMETRIC_REPRESENTATION_CONTEXT() REPRESENTATION_CONTEXT('2D SPACE',''
  ) );
#1931 = FACE_BOUND('',#1932,.F.);
#1932 = EDGE_LOOP('',(#1933));
#1933 = ORIENTED_EDGE('',*,*,#1630,.T.);
#1934 = FACE_BOUND('',#1935,.F.);
#1935 = EDGE_LOOP('',(#1936));
#1936 = ORIENTED_EDGE('',*,*,#1287,.T.);
#1937 = ADVANCED_FACE('',(#1938,#1941),#1450,.F.);
#1938 = FACE_BOUND('',#1939,.F.);
#1939 = EDGE_LOOP('',(#1940));
#1940 = ORIENTED_EDGE('',*,*,#1884,.T.);
#1941 = FACE_BOUND('',#1942,.F.);
#1942 = EDGE_LOOP('',(#1943));
#1943 = ORIENTED_EDGE('',*,*,#1436,.T.);
#1944 = ADVANCED_FACE('',(#1945),#1484,.F.);
#1945 = FACE_BOUND('',#1946,.F.);
#1946 = EDGE_LOOP('',(#1947,#1948));
#1947 = ORIENTED_EDGE('',*,*,#1911,.F.);
#1948 = ORIENTED_EDGE('',*,*,#1468,.T.);
#1949 = ADVANCED_FACE('',(#1950,#2001,#2317),#1590,.F.);
#1950 = FACE_BOUND('',#1951,.T.);
#1951 = EDGE_LOOP('',(#1952,#1973,#1974,#1975));
#1952 = ORIENTED_EDGE('',*,*,#1953,.F.);
#1953 = EDGE_CURVE('',#1570,#1954,#1956,.T.);
#1954 = VERTEX_POINT('',#1955);
#1955 = CARTESIAN_POINT('',(525.366,3.81,0.));
#1956 = SEAM_CURVE('',#1957,(#1961,#1967),.PCURVE_S1.);
#1957 = LINE('',#1958,#1959);
#1958 = CARTESIAN_POINT('',(507.746,3.81,0.));
#1959 = VECTOR('',#1960,1.);
#1960 = DIRECTION('',(1.,0.,0.));
#1961 = PCURVE('',#1590,#1962);
#1962 = DEFINITIONAL_REPRESENTATION('',(#1963),#1966);
#1963 = B_SPLINE_CURVE_WITH_KNOTS('',1,(#1964,#1965),.UNSPECIFIED.,.F.,
  .F.,(2,2),(0.508,17.62),.PIECEWISE_BEZIER_KNOTS.);
#1964 = CARTESIAN_POINT('',(-6.28318530718,-0.508));
#1965 = CARTESIAN_POINT('',(-6.28318530718,-17.62));
#1966 = ( GEOMETRIC_REPRESENTATION_CONTEXT(2) 
PARAMETRIC_REPRESENTATION_CONTEXT() REPRESENTATION_CONTEXT('2D SPACE',''
  ) );
#1967 = PCURVE('',#1590,#1968);
#1968 = DEFINITIONAL_REPRESENTATION('',(#1969),#1972);
#1969 = B_SPLINE_CURVE_WITH_KNOTS('',1,(#1970,#1971),.UNSPECIFIED.,.F.,
  .F.,(2,2),(0.508,17.62),.PIECEWISE_BEZIER_KNOTS.);
#1970 = CARTESIAN_POINT('',(0.,-0.508));
#1971 = CARTESIAN_POINT('',(0.,-17.62));
#1972 = ( GEOMETRIC_REPRESENTATION_CONTEXT(2) 
PARAMETRIC_REPRESENTATION_CONTEXT() REPRESENTATION_CONTEXT('2D SPACE',''
  ) );
#1973 = ORIENTED_EDGE('',*,*,#1569,.T.);
#1974 = ORIENTED_EDGE('',*,*,#1953,.T.);
#1975 = ORIENTED_EDGE('',*,*,#1976,.T.);
#1976 = EDGE_CURVE('',#1954,#1954,#1977,.T.);
#1977 = SURFACE_CURVE('',#1978,(#1983,#1989),.PCURVE_S1.);
#1978 = CIRCLE('',#1979,3.81);
#1979 = AXIS2_PLACEMENT_3D('',#1980,#1981,#1982);
#1980 = CARTESIAN_POINT('',(525.366,0.,0.));
#1981 = DIRECTION('',(1.,0.,0.));
#1982 = DIRECTION('',(0.,1.,0.));
#1983 = PCURVE('',#1590,#1984);
#1984 = DEFINITIONAL_REPRESENTATION('',(#1985),#1988);
#1985 = B_SPLINE_CURVE_WITH_KNOTS('',1,(#1986,#1987),.UNSPECIFIED.,.F.,
  .F.,(2,2),(0.,6.28318530718),.PIECEWISE_BEZIER_KNOTS.);
#1986 = CARTESIAN_POINT('',(0.,-17.62));
#1987 = CARTESIAN_POINT('',(-6.28318530718,-17.62));
#1988 = ( GEOMETRIC_REPRESENTATION_CONTEXT(2) 
PARAMETRIC_REPRESENTATION_CONTEXT() REPRESENTATION_CONTEXT('2D SPACE',''
  ) );
#1989 = PCURVE('',#1990,#1995);
#1990 = PLANE('',#1991);
#1991 = AXIS2_PLACEMENT_3D('',#1992,#1993,#1994);
#1992 = CARTESIAN_POINT('',(525.366,-4.522523355013E-16,
    7.059602425895E-17));
#1993 = DIRECTION('',(1.,0.,0.));
#1994 = DIRECTION('',(-0.,0.,1.));
#1995 = DEFINITIONAL_REPRESENTATION('',(#1996),#2000);
#1996 = CIRCLE('',#1997,3.81);
#1997 = AXIS2_PLACEMENT_2D('',#1998,#1999);
#1998 = CARTESIAN_POINT('',(-7.059602425895E-17,-4.522523355013E-16));
#1999 = DIRECTION('',(0.,-1.));
#2000 = ( GEOMETRIC_REPRESENTATION_CONTEXT(2) 
PARAMETRIC_REPRESENTATION_CONTEXT() REPRESENTATION_CONTEXT('2D SPACE',''
  ) );
#2001 = FACE_BOUND('',#2002,.T.);
#2002 = EDGE_LOOP('',(#2003));
#2003 = ORIENTED_EDGE('',*,*,#2004,.T.);
#2004 = EDGE_CURVE('',#2005,#2005,#2007,.T.);
#2005 = VERTEX_POINT('',#2006);
#2006 = CARTESIAN_POINT('',(524.731,0.,3.81));
#2007 = SURFACE_CURVE('',#2008,(#2109,#2213),.PCURVE_S1.);
#2008 = B_SPLINE_CURVE_WITH_KNOTS('',8,(#2009,#2010,#2011,#2012,#2013,
    #2014,#2015,#2016,#2017,#2018,#2019,#2020,#2021,#2022,#2023,#2024,
    #2025,#2026,#2027,#2028,#2029,#2030,#2031,#2032,#2033,#2034,#2035,
    #2036,#2037,#2038,#2039,#2040,#2041,#2042,#2043,#2044,#2045,#2046,
    #2047,#2048,#2049,#2050,#2051,#2052,#2053,#2054,#2055,#2056,#2057,
    #2058,#2059,#2060,#2061,#2062,#2063,#2064,#2065,#2066,#2067,#2068,
    #2069,#2070,#2071,#2072,#2073,#2074,#2075,#2076,#2077,#2078,#2079,
    #2080,#2081,#2082,#2083,#2084,#2085,#2086,#2087,#2088,#2089,#2090,
    #2091,#2092,#2093,#2094,#2095,#2096,#2097,#2098,#2099,#2100,#2101,
    #2102,#2103,#2104,#2105,#2106,#2107,#2108),.UNSPECIFIED.,.T.,.F.,(9,
    7,7,7,7,7,7,7,7,7,7,7,7,7,9),(0.,0.113477498614,0.172342845546,
    0.22655465191,0.248704032292,0.275822551756,0.349873491529,
    0.495492544124,0.669221276075,0.725444586762,0.746776650953,
    0.773911502756,0.791927278889,0.848697608413,1.),.UNSPECIFIED.);
#2009 = CARTESIAN_POINT('',(524.731,-3.524958103185E-16,3.81));
#2010 = CARTESIAN_POINT('',(524.731,0.264774871357,3.81));
#2011 = CARTESIAN_POINT('',(524.70576787164,0.528669209157,3.78897386632
    ));
#2012 = CARTESIAN_POINT('',(524.65558531333,0.789831366299,3.74715354425
    ));
#2013 = CARTESIAN_POINT('',(524.58062734632,1.046268691217,
    3.684974774225));
#2014 = CARTESIAN_POINT('',(524.48107983259,1.295741460305,
    3.603149488876));
#2015 = CARTESIAN_POINT('',(524.35732110392,1.535725921431,
    3.502915724472));
#2016 = CARTESIAN_POINT('',(524.210167702,1.763446448577,3.386465046723)
  );
#2017 = CARTESIAN_POINT('',(523.95352569975,2.08622486088,3.19067276481)
  );
#2018 = CARTESIAN_POINT('',(523.86029257539,2.192009846742,
    3.120671277367));
#2019 = CARTESIAN_POINT('',(523.76121280899,2.293680650645,
    3.047681871761));
#2020 = CARTESIAN_POINT('',(523.65604823599,2.391198831791,
    2.971962987802));
#2021 = CARTESIAN_POINT('',(523.54468925741,2.484243152588,
    2.894011525899));
#2022 = CARTESIAN_POINT('',(523.4272073157,2.572309745402,2.814634603131
    ));
#2023 = CARTESIAN_POINT('',(523.30386516394,2.65480791657,2.734974201484
    ));
#2024 = CARTESIAN_POINT('',(523.05648528422,2.80145998694,2.584200122649
    ));
#2025 = CARTESIAN_POINT('',(522.93255671272,2.86697287781,2.512470054126
    ));
#2026 = CARTESIAN_POINT('',(522.80319601885,2.92732022751,2.442248463592
    ));
#2027 = CARTESIAN_POINT('',(522.66846640513,2.981959735158,
    2.374831874121));
#2028 = CARTESIAN_POINT('',(522.52851947809,3.030312953903,
    2.311859772247));
#2029 = CARTESIAN_POINT('',(522.38350152868,3.071815172324,
    2.255267095536));
#2030 = CARTESIAN_POINT('',(522.23344408646,3.105879055081,
    2.207188806466));
#2031 = CARTESIAN_POINT('',(522.0146854659,3.142351170745,2.154547327606
    ));
#2032 = CARTESIAN_POINT('',(521.95044907843,3.15154810812,2.141085762467
    ));
#2033 = CARTESIAN_POINT('',(521.88557609829,3.159298844753,
    2.129613878694));
#2034 = CARTESIAN_POINT('',(521.82020174903,3.165551953882,
    2.120279216504));
#2035 = CARTESIAN_POINT('',(521.75444996471,3.170268592169,2.1131948348)
  );
#2036 = CARTESIAN_POINT('',(521.68843338994,3.173422499703,
    2.108439311168));
#2037 = CARTESIAN_POINT('',(521.62225337982,3.175,2.106056741876));
#2038 = CARTESIAN_POINT('',(521.47488289698,3.175,2.106056741876));
#2039 = CARTESIAN_POINT('',(521.39393410162,3.172630583181,2.10962681257
    ));
#2040 = CARTESIAN_POINT('',(521.31330306754,3.167911899061,
    2.116742931295));
#2041 = CARTESIAN_POINT('',(521.23314877568,3.160873347539,
    2.127306826335));
#2042 = CARTESIAN_POINT('',(521.15364876118,3.15156223174,2.141148420533
    ));
#2043 = CARTESIAN_POINT('',(521.07500814013,3.140052410861,
    2.158028274912));
#2044 = CARTESIAN_POINT('',(520.99746863647,3.126452953012,
    2.177640032287));
#2045 = CARTESIAN_POINT('',(520.71337649404,3.068493099832,
    2.259612766443));
#2046 = CARTESIAN_POINT('',(520.51512431896,3.011500268784,
    2.337411641813));
#2047 = CARTESIAN_POINT('',(520.32627587633,2.94167435206,2.427492871357
    ));
#2048 = CARTESIAN_POINT('',(520.14729710936,2.860390634708,
    2.524658813015));
#2049 = CARTESIAN_POINT('',(519.97866037183,2.769185647179,
    2.624788035027));
#2050 = CARTESIAN_POINT('',(519.8202745475,2.669422860291,2.725166597494
    ));
#2051 = CARTESIAN_POINT('',(519.67129559308,2.561626613802,
    2.824409831366));
#2052 = CARTESIAN_POINT('',(519.25369793111,2.215683311342,
    3.113881774048));
#2053 = CARTESIAN_POINT('',(519.00747619665,1.951309209294,
    3.300132879093));
#2054 = CARTESIAN_POINT('',(518.79931442134,1.658766263461,3.46543096404
    ));
#2055 = CARTESIAN_POINT('',(518.63301497596,1.346528781104,3.60078688673
    ));
#2056 = CARTESIAN_POINT('',(518.50812366984,1.021425650924,
    3.704078611614));
#2057 = CARTESIAN_POINT('',(518.42415742623,0.687112786653,
    3.774032265545));
#2058 = CARTESIAN_POINT('',(518.381,0.346270439124,3.81));
#2059 = CARTESIAN_POINT('',(518.381,-0.413113004301,3.81));
#2060 = CARTESIAN_POINT('',(518.44242608527,-0.808699121371,
    3.758804550976));
#2061 = CARTESIAN_POINT('',(518.55620165267,-1.191797949492,
    3.664036877006));
#2062 = CARTESIAN_POINT('',(518.72433944718,-1.563938986938,
    3.525459630603));
#2063 = CARTESIAN_POINT('',(518.95143834254,-1.922000078051,
    3.342167790777));
#2064 = CARTESIAN_POINT('',(519.2422885771,-2.247516359785,
    3.114958044713));
#2065 = CARTESIAN_POINT('',(519.58102044542,-2.522965417143,
    2.872045875135));
#2066 = CARTESIAN_POINT('',(520.07275927754,-2.810698578835,
    2.574165342588));
#2067 = CARTESIAN_POINT('',(520.19851045982,-2.876187101357,
    2.501938950559));
#2068 = CARTESIAN_POINT('',(520.32983379014,-2.936374146463,
    2.431361689661));
#2069 = CARTESIAN_POINT('',(520.46661642411,-2.990671656659,
    2.36382483749));
#2070 = CARTESIAN_POINT('',(520.60866989725,-3.038476030743,
    2.30106122987));
#2071 = CARTESIAN_POINT('',(520.75583084086,-3.079210142618,
    2.245091193538));
#2072 = CARTESIAN_POINT('',(520.90807400181,-3.112274061674,
    2.198120444881));
#2073 = CARTESIAN_POINT('',(521.12541981729,-3.146249665297,
    2.148833209337));
#2074 = CARTESIAN_POINT('',(521.18585538778,-3.154361269915,
    2.136918792441));
#2075 = CARTESIAN_POINT('',(521.24682324568,-3.161188901811,
    2.126790608372));
#2076 = CARTESIAN_POINT('',(521.30821077713,-3.166692118017,
    2.118565088737));
#2077 = CARTESIAN_POINT('',(521.36991378652,-3.17084041938,
    2.112331192434));
#2078 = CARTESIAN_POINT('',(521.4318364965,-3.173613250552,
    2.108150405653));
#2079 = CARTESIAN_POINT('',(521.49389154795,-3.175,2.106056741876));
#2080 = CARTESIAN_POINT('',(521.63500330821,-3.175,2.106056741876));
#2081 = CARTESIAN_POINT('',(521.71385716686,-3.172752525713,
    2.109443219966));
#2082 = CARTESIAN_POINT('',(521.79241920186,-3.168275043222,
    2.116195408109));
#2083 = CARTESIAN_POINT('',(521.87053873636,-3.16159414285,
    2.126224811826));
#2084 = CARTESIAN_POINT('',(521.94804864039,-3.152753059722,
    2.139377305686));
#2085 = CARTESIAN_POINT('',(522.02475718051,-3.141819194337,
    2.155435228799));
#2086 = CARTESIAN_POINT('',(522.10043986946,-3.128891633128,
    2.174119480295));
#2087 = CARTESIAN_POINT('',(522.2242223961,-3.104293742694,
    2.209015747641));
#2088 = CARTESIAN_POINT('',(522.27310966555,-3.093648834412,
    2.223967321721));
#2089 = CARTESIAN_POINT('',(522.32148672836,-3.082195650804,
    2.239872450911));
#2090 = CARTESIAN_POINT('',(522.3693446996,-3.069956862719,
    2.256657304573));
#2091 = CARTESIAN_POINT('',(522.41667220523,-3.05695610523,
    2.274248107578));
#2092 = CARTESIAN_POINT('',(522.46345538203,-3.043217977642,
    2.292571140304));
#2093 = CARTESIAN_POINT('',(522.5096778777,-3.028768043487,2.31155273864
    ));
#2094 = CARTESIAN_POINT('',(522.69914849395,-2.965939574299,
    2.392776354232));
#2095 = CARTESIAN_POINT('',(522.83770898825,-2.91128605537,
    2.460454513247));
#2096 = CARTESIAN_POINT('',(522.97083558431,-2.850289278642,
    2.532140360478));
#2097 = CARTESIAN_POINT('',(523.09834781359,-2.783552339811,
    2.606081981354));
#2098 = CARTESIAN_POINT('',(523.22018123649,-2.711634676374,
    2.680901112563));
#2099 = CARTESIAN_POINT('',(523.33646341332,-2.634967419594,
    2.755639531129));
#2100 = CARTESIAN_POINT('',(523.44753609775,-2.553713847414,
    2.829739677296));
#2101 = CARTESIAN_POINT('',(523.83746422262,-2.238000386559,
    3.098102574087));
#2102 = CARTESIAN_POINT('',(524.08972983846,-1.972104128083,
    3.288383370058));
#2103 = CARTESIAN_POINT('',(524.30286601086,-1.677094331389,
    3.457454225792));
#2104 = CARTESIAN_POINT('',(524.47290284113,-1.361944803752,
    3.595758416589));
#2105 = CARTESIAN_POINT('',(524.60061677886,-1.033763692302,
    3.701366440833));
#2106 = CARTESIAN_POINT('',(524.68660823571,-0.696011373585,
    3.773002624561));
#2107 = CARTESIAN_POINT('',(524.731,-0.351190534608,3.81));
#2108 = CARTESIAN_POINT('',(524.731,-3.524958103185E-16,3.81));
#2109 = PCURVE('',#1590,#2110);
#2110 = DEFINITIONAL_REPRESENTATION('',(#2111),#2212);
#2111 = B_SPLINE_CURVE_WITH_KNOTS('',8,(#2112,#2113,#2114,#2115,#2116,
    #2117,#2118,#2119,#2120,#2121,#2122,#2123,#2124,#2125,#2126,#2127,
    #2128,#2129,#2130,#2131,#2132,#2133,#2134,#2135,#2136,#2137,#2138,
    #2139,#2140,#2141,#2142,#2143,#2144,#2145,#2146,#2147,#2148,#2149,
    #2150,#2151,#2152,#2153,#2154,#2155,#2156,#2157,#2158,#2159,#2160,
    #2161,#2162,#2163,#2164,#2165,#2166,#2167,#2168,#2169,#2170,#2171,
    #2172,#2173,#2174,#2175,#2176,#2177,#2178,#2179,#2180,#2181,#2182,
    #2183,#2184,#2185,#2186,#2187,#2188,#2189,#2190,#2191,#2192,#2193,
    #2194,#2195,#2196,#2197,#2198,#2199,#2200,#2201,#2202,#2203,#2204,
    #2205,#2206,#2207,#2208,#2209,#2210,#2211),.UNSPECIFIED.,.T.,.F.,(9,
    7,7,7,7,7,7,7,7,7,7,7,7,7,9),(0.,0.113477498614,0.172342845546,
    0.22655465191,0.248704032292,0.275822551756,0.349873491529,
    0.495492544124,0.669221276075,0.725444586762,0.746776650953,
    0.773911502756,0.791927278889,0.848697608413,1.),.UNSPECIFIED.);
#2112 = CARTESIAN_POINT('',(-1.570796326795,-16.985));
#2113 = CARTESIAN_POINT('',(-1.501301609903,-16.985));
#2114 = CARTESIAN_POINT('',(-1.432039571571,-16.95976787164));
#2115 = CARTESIAN_POINT('',(-1.362977914985,-16.90958531333));
#2116 = CARTESIAN_POINT('',(-1.294153095546,-16.83462734632));
#2117 = CARTESIAN_POINT('',(-1.225670110866,-16.73507983259));
#2118 = CARTESIAN_POINT('',(-1.15774528024,-16.61132110392));
#2119 = CARTESIAN_POINT('',(-1.090792013575,-16.464167702));
#2120 = CARTESIAN_POINT('',(-0.991705687682,-16.20752569975));
#2121 = CARTESIAN_POINT('',(-0.95843753475,-16.11429257539));
#2122 = CARTESIAN_POINT('',(-0.925627542238,-16.01521280899));
#2123 = CARTESIAN_POINT('',(-0.893267448372,-15.91004823599));
#2124 = CARTESIAN_POINT('',(-0.861450697443,-15.79868925741));
#2125 = CARTESIAN_POINT('',(-0.830364096122,-15.6812073157));
#2126 = CARTESIAN_POINT('',(-0.80027872704,-15.55786516394));
#2127 = CARTESIAN_POINT('',(-0.745073413825,-15.31048528422));
#2128 = CARTESIAN_POINT('',(-0.71958835476,-15.18655671272));
#2129 = CARTESIAN_POINT('',(-0.695305159698,-15.05719601885));
#2130 = CARTESIAN_POINT('',(-0.672545385594,-14.92246640513));
#2131 = CARTESIAN_POINT('',(-0.651717484309,-14.78251947809));
#2132 = CARTESIAN_POINT('',(-0.633302168918,-14.63750152868));
#2133 = CARTESIAN_POINT('',(-0.617837591148,-14.48744408646));
#2134 = CARTESIAN_POINT('',(-0.601028743588,-14.2686854659));
#2135 = CARTESIAN_POINT('',(-0.596749678755,-14.20444907843));
#2136 = CARTESIAN_POINT('',(-0.593115951888,-14.13957609829));
#2137 = CARTESIAN_POINT('',(-0.590167087741,-14.07420174903));
#2138 = CARTESIAN_POINT('',(-0.587933319355,-14.00844996471));
#2139 = CARTESIAN_POINT('',(-0.586435588056,-13.94243338994));
#2140 = CARTESIAN_POINT('',(-0.585685543457,-13.87625337982));
#2141 = CARTESIAN_POINT('',(-0.585685543457,-13.72888289698));
#2142 = CARTESIAN_POINT('',(-0.586810154239,-13.64793410162));
#2143 = CARTESIAN_POINT('',(-0.589051237591,-13.56730306754));
#2144 = CARTESIAN_POINT('',(-0.592382977907,-13.48714877568));
#2145 = CARTESIAN_POINT('',(-0.596761324242,-13.40764876118));
#2146 = CARTESIAN_POINT('',(-0.602123432358,-13.32900814013));
#2147 = CARTESIAN_POINT('',(-0.608387106784,-13.25146863647));
#2148 = CARTESIAN_POINT('',(-0.634737131468,-12.96737649404));
#2149 = CARTESIAN_POINT('',(-0.660046167169,-12.76912431896));
#2150 = CARTESIAN_POINT('',(-0.689942845211,-12.58027587633));
#2151 = CARTESIAN_POINT('',(-0.723144236982,-12.40129710936));
#2152 = CARTESIAN_POINT('',(-0.758627441685,-12.23266037183));
#2153 = CARTESIAN_POINT('',(-0.795713557792,-12.0742745475));
#2154 = CARTESIAN_POINT('',(-0.834128056334,-11.92529559308));
#2155 = CARTESIAN_POINT('',(-0.952521061127,-11.50769793111));
#2156 = CARTESIAN_POINT('',(-1.037109975655,-11.26147619665));
#2157 = CARTESIAN_POINT('',(-1.12456805083,-11.05331442134));
#2158 = CARTESIAN_POINT('',(-1.212933465644,-10.88701497596));
#2159 = CARTESIAN_POINT('',(-1.301568871709,-10.76212366983));
#2160 = CARTESIAN_POINT('',(-1.390450239361,-10.67815742623));
#2161 = CARTESIAN_POINT('',(-1.479911697104,-10.635));
#2162 = CARTESIAN_POINT('',(-1.679224936848,-10.635));
#2163 = CARTESIAN_POINT('',(-1.783063398103,-10.69642608527));
#2164 = CARTESIAN_POINT('',(-1.885498418221,-10.81020165267));
#2165 = CARTESIAN_POINT('',(-1.988480739926,-10.97833944718));
#2166 = CARTESIAN_POINT('',(-2.092256409188,-11.20543834254));
#2167 = CARTESIAN_POINT('',(-2.195303942325,-11.4962885771));
#2168 = CARTESIAN_POINT('',(-2.291396374964,-11.83502044542));
#2169 = CARTESIAN_POINT('',(-2.400098100788,-12.32675927754));
#2170 = CARTESIAN_POINT('',(-2.42567503458,-12.45251045982));
#2171 = CARTESIAN_POINT('',(-2.450001540416,-12.58383379014));
#2172 = CARTESIAN_POINT('',(-2.472729494177,-12.72061642411));
#2173 = CARTESIAN_POINT('',(-2.493426730335,-12.86266989725));
#2174 = CARTESIAN_POINT('',(-2.511591544355,-13.00983084086));
#2175 = CARTESIAN_POINT('',(-2.526667387412,-13.16207400181));
#2176 = CARTESIAN_POINT('',(-2.542379448758,-13.37941981729));
#2177 = CARTESIAN_POINT('',(-2.546162532043,-13.43985538778));
#2178 = CARTESIAN_POINT('',(-2.549368414237,-13.50082324568));
#2179 = CARTESIAN_POINT('',(-2.551965905122,-13.56221077713));
#2180 = CARTESIAN_POINT('',(-2.553931213305,-13.62391378652));
#2181 = CARTESIAN_POINT('',(-2.55524794622,-13.6858364965));
#2182 = CARTESIAN_POINT('',(-2.555907110133,-13.74789154795));
#2183 = CARTESIAN_POINT('',(-2.555907110133,-13.88900330821));
#2184 = CARTESIAN_POINT('',(-2.554840346767,-13.96785716686));
#2185 = CARTESIAN_POINT('',(-2.552713859836,-14.04641920186));
#2186 = CARTESIAN_POINT('',(-2.549550912266,-14.12453873636));
#2187 = CARTESIAN_POINT('',(-2.545391479936,-14.20204864039));
#2188 = CARTESIAN_POINT('',(-2.540292741499,-14.27875718051));
#2189 = CARTESIAN_POINT('',(-2.534329568203,-14.35443986946));
#2190 = CARTESIAN_POINT('',(-2.523123707697,-14.4782223961));
#2191 = CARTESIAN_POINT('',(-2.518306472858,-14.52710966555));
#2192 = CARTESIAN_POINT('',(-2.513162320756,-14.57548672836));
#2193 = CARTESIAN_POINT('',(-2.507710288222,-14.6233446996));
#2194 = CARTESIAN_POINT('',(-2.501969437355,-14.67067220523));
#2195 = CARTESIAN_POINT('',(-2.495958855524,-14.71745538203));
#2196 = CARTESIAN_POINT('',(-2.489697655368,-14.7636778777));
#2197 = CARTESIAN_POINT('',(-2.462745594463,-14.95314849395));
#2198 = CARTESIAN_POINT('',(-2.439918155671,-15.09170898825));
#2199 = CARTESIAN_POINT('',(-2.415228099582,-15.22483558431));
#2200 = CARTESIAN_POINT('',(-2.389107802361,-15.35234781359));
#2201 = CARTESIAN_POINT('',(-2.361896553471,-15.47418123649));
#2202 = CARTESIAN_POINT('',(-2.333820856318,-15.59046341332));
#2203 = CARTESIAN_POINT('',(-2.304975051241,-15.70153609775));
#2204 = CARTESIAN_POINT('',(-2.196219328113,-16.09146422262));
#2205 = CARTESIAN_POINT('',(-2.110697984358,-16.34372983846));
#2206 = CARTESIAN_POINT('',(-2.022215650966,-16.55686601086));
#2207 = CARTESIAN_POINT('',(-1.932876891826,-16.72690284113));
#2208 = CARTESIAN_POINT('',(-1.843309317133,-16.85461677886));
#2209 = CARTESIAN_POINT('',(-1.753478546118,-16.94060823571));
#2210 = CARTESIAN_POINT('',(-1.66297232013,-16.985));
#2211 = CARTESIAN_POINT('',(-1.570796326795,-16.985));
#2212 = ( GEOMETRIC_REPRESENTATION_CONTEXT(2) 
PARAMETRIC_REPRESENTATION_CONTEXT() REPRESENTATION_CONTEXT('2D SPACE',''
  ) );
#2213 = PCURVE('',#1740,#2214);
#2214 = DEFINITIONAL_REPRESENTATION('',(#2215),#2316);
#2215 = B_SPLINE_CURVE_WITH_KNOTS('',8,(#2216,#2217,#2218,#2219,#2220,
    #2221,#2222,#2223,#2224,#2225,#2226,#2227,#2228,#2229,#2230,#2231,
    #2232,#2233,#2234,#2235,#2236,#2237,#2238,#2239,#2240,#2241,#2242,
    #2243,#2244,#2245,#2246,#2247,#2248,#2249,#2250,#2251,#2252,#2253,
    #2254,#2255,#2256,#2257,#2258,#2259,#2260,#2261,#2262,#2263,#2264,
    #2265,#2266,#2267,#2268,#2269,#2270,#2271,#2272,#2273,#2274,#2275,
    #2276,#2277,#2278,#2279,#2280,#2281,#2282,#2283,#2284,#2285,#2286,
    #2287,#2288,#2289,#2290,#2291,#2292,#2293,#2294,#2295,#2296,#2297,
    #2298,#2299,#2300,#2301,#2302,#2303,#2304,#2305,#2306,#2307,#2308,
    #2309,#2310,#2311,#2312,#2313,#2314,#2315),.UNSPECIFIED.,.F.,.F.,(9,
    7,7,7,7,7,7,7,7,7,7,7,7,7,9),(0.,0.113477498614,0.172342845546,
    0.22655465191,0.248704032292,0.275822551756,0.349873491529,
    0.495492544124,0.669221276075,0.725444586762,0.746776650953,
    0.773911502756,0.791927278889,0.848697608413,1.),.UNSPECIFIED.);
#2216 = CARTESIAN_POINT('',(0.,-3.81));
#2217 = CARTESIAN_POINT('',(-8.339366026985E-02,-3.81));
#2218 = CARTESIAN_POINT('',(-0.166509048288,-3.78897386632));
#2219 = CARTESIAN_POINT('',(-0.249650577622,-3.74715354425));
#2220 = CARTESIAN_POINT('',(-0.333044734374,-3.684974774225));
#2221 = CARTESIAN_POINT('',(-0.416867270546,-3.603149488876));
#2222 = CARTESIAN_POINT('',(-0.501244502603,-3.502915724472));
#2223 = CARTESIAN_POINT('',(-0.586228715271,-3.386465046723));
#2224 = CARTESIAN_POINT('',(-0.716109795488,-3.19067276481));
#2225 = CARTESIAN_POINT('',(-0.760464521218,-3.120671277367));
#2226 = CARTESIAN_POINT('',(-0.805083445968,-3.047681871761));
#2227 = CARTESIAN_POINT('',(-0.850137979095,-2.971962987802));
#2228 = CARTESIAN_POINT('',(-0.895718423924,-2.894011525899));
#2229 = CARTESIAN_POINT('',(-0.941851973687,-2.814634603131));
#2230 = CARTESIAN_POINT('',(-0.98851962058,-2.734974201484));
#2231 = CARTESIAN_POINT('',(-1.079096753258,-2.584200122649));
#2232 = CARTESIAN_POINT('',(-1.123195615483,-2.512470054126));
#2233 = CARTESIAN_POINT('',(-1.168059443355,-2.442248463592));
#2234 = CARTESIAN_POINT('',(-1.213728991086,-2.374831874121));
#2235 = CARTESIAN_POINT('',(-1.260231739873,-2.311859772247));
#2236 = CARTESIAN_POINT('',(-1.30761889047,-2.255267095536));
#2237 = CARTESIAN_POINT('',(-1.356002496778,-2.207188806466));
#2238 = CARTESIAN_POINT('',(-1.425853883651,-2.154547327606));
#2239 = CARTESIAN_POINT('',(-1.446286415593,-2.141085762467));
#2240 = CARTESIAN_POINT('',(-1.466854827161,-2.129613878694));
#2241 = CARTESIAN_POINT('',(-1.487527953035,-2.120279216504));
#2242 = CARTESIAN_POINT('',(-1.508278971713,-2.1131948348));
#2243 = CARTESIAN_POINT('',(-1.529085405508,-2.108439311168));
#2244 = CARTESIAN_POINT('',(-1.549929120552,-2.106056741876));
#2245 = CARTESIAN_POINT('',(-1.596345020658,-2.106056741876));
#2246 = CARTESIAN_POINT('',(-1.621840827453,-2.10962681257));
#2247 = CARTESIAN_POINT('',(-1.647261708024,-2.116742931295));
#2248 = CARTESIAN_POINT('',(-1.672582804066,-2.127306826335));
#2249 = CARTESIAN_POINT('',(-1.697772485357,-2.141148420533));
#2250 = CARTESIAN_POINT('',(-1.72278839699,-2.158028274912));
#2251 = CARTESIAN_POINT('',(-1.747573506605,-2.177640032287));
#2252 = CARTESIAN_POINT('',(-1.838894542102,-2.259612766443));
#2253 = CARTESIAN_POINT('',(-1.903664597627,-2.337411641813));
#2254 = CARTESIAN_POINT('',(-1.966793382489,-2.427492871357));
#2255 = CARTESIAN_POINT('',(-2.028395060742,-2.524658813015));
#2256 = CARTESIAN_POINT('',(-2.088502025559,-2.624788035027));
#2257 = CARTESIAN_POINT('',(-2.147255227665,-2.725166597494));
#2258 = CARTESIAN_POINT('',(-2.205048255813,-2.824409831366));
#2259 = CARTESIAN_POINT('',(-2.375844228429,-3.113881774048));
#2260 = CARTESIAN_POINT('',(-2.488685399046,-3.300132879093));
#2261 = CARTESIAN_POINT('',(-2.600158593752,-3.46543096404));
#2262 = CARTESIAN_POINT('',(-2.709825907721,-3.60078688673));
#2263 = CARTESIAN_POINT('',(-2.817912922364,-3.704078611614));
#2264 = CARTESIAN_POINT('',(-2.925178016022,-3.774032265545));
#2265 = CARTESIAN_POINT('',(-3.03253109796,-3.81));
#2266 = CARTESIAN_POINT('',(-3.271706985653,-3.81));
#2267 = CARTESIAN_POINT('',(-3.396313029258,-3.758804550976));
#2268 = CARTESIAN_POINT('',(-3.520261034073,-3.664036877006));
#2269 = CARTESIAN_POINT('',(-3.646554080109,-3.525459630604));
#2270 = CARTESIAN_POINT('',(-3.776916627973,-3.342167790776));
#2271 = CARTESIAN_POINT('',(-3.911496469977,-3.114958044713));
#2272 = CARTESIAN_POINT('',(-4.047402126908,-2.872045875135));
#2273 = CARTESIAN_POINT('',(-4.226846077974,-2.574165342588));
#2274 = CARTESIAN_POINT('',(-4.271448144996,-2.501938950559));
#2275 = CARTESIAN_POINT('',(-4.316848368041,-2.431361689661));
#2276 = CARTESIAN_POINT('',(-4.363073342921,-2.36382483749));
#2277 = CARTESIAN_POINT('',(-4.410143427535,-2.30106122987));
#2278 = CARTESIAN_POINT('',(-4.458110255791,-2.245091193538));
#2279 = CARTESIAN_POINT('',(-4.507094435824,-2.198120444881));
#2280 = CARTESIAN_POINT('',(-4.576381153744,-2.148833209337));
#2281 = CARTESIAN_POINT('',(-4.595581933952,-2.136918792441));
#2282 = CARTESIAN_POINT('',(-4.614896698884,-2.126790608372));
#2283 = CARTESIAN_POINT('',(-4.634299606926,-2.118565088737));
#2284 = CARTESIAN_POINT('',(-4.653768049107,-2.112331192434));
#2285 = CARTESIAN_POINT('',(-4.673282649097,-2.108150405653));
#2286 = CARTESIAN_POINT('',(-4.692827263205,-2.106056741876));
#2287 = CARTESIAN_POINT('',(-4.737271912104,-2.106056741876));
#2288 = CARTESIAN_POINT('',(-4.76210787745,-2.109443219966));
#2289 = CARTESIAN_POINT('',(-4.786875190001,-2.116195408109));
#2290 = CARTESIAN_POINT('',(-4.811549703195,-2.126224811826));
#2291 = CARTESIAN_POINT('',(-4.836101263824,-2.139377305686));
#2292 = CARTESIAN_POINT('',(-4.860490165532,-2.155435228799));
#2293 = CARTESIAN_POINT('',(-4.884663602322,-2.174119480295));
#2294 = CARTESIAN_POINT('',(-4.924412544892,-2.209015747641));
#2295 = CARTESIAN_POINT('',(-4.940168280046,-2.223967321721));
#2296 = CARTESIAN_POINT('',(-4.955822095793,-2.239872450911));
#2297 = CARTESIAN_POINT('',(-4.971375610591,-2.256657304573));
#2298 = CARTESIAN_POINT('',(-4.98682929307,-2.274248107578));
#2299 = CARTESIAN_POINT('',(-5.002182462031,-2.292571140304));
#2300 = CARTESIAN_POINT('',(-5.017433286447,-2.31155273864));
#2301 = CARTESIAN_POINT('',(-5.08030445454,-2.392776354232));
#2302 = CARTESIAN_POINT('',(-5.127145851947,-2.460454513247));
#2303 = CARTESIAN_POINT('',(-5.173155884157,-2.532140360478));
#2304 = CARTESIAN_POINT('',(-5.218363734924,-2.606081981354));
#2305 = CARTESIAN_POINT('',(-5.262811517415,-2.680901112563));
#2306 = CARTESIAN_POINT('',(-5.306591634995,-2.755639531129));
#2307 = CARTESIAN_POINT('',(-5.349884850684,-2.829739677296));
#2308 = CARTESIAN_POINT('',(-5.507905634091,-3.098102574087));
#2309 = CARTESIAN_POINT('',(-5.622356616002,-3.288383370058));
#2310 = CARTESIAN_POINT('',(-5.735302092193,-3.457454225793));
#2311 = CARTESIAN_POINT('',(-5.846270287787,-3.595758416589));
#2312 = CARTESIAN_POINT('',(-5.955536082842,-3.701366440833));
#2313 = CARTESIAN_POINT('',(-6.06396752347,-3.773002624561));
#2314 = CARTESIAN_POINT('',(-6.172574115177,-3.81));
#2315 = CARTESIAN_POINT('',(-6.28318530718,-3.81));
#2316 = ( GEOMETRIC_REPRESENTATION_CONTEXT(2) 
PARAMETRIC_REPRESENTATION_CONTEXT() REPRESENTATION_CONTEXT('2D SPACE',''
  ) );
#2317 = FACE_BOUND('',#2318,.T.);
#2318 = EDGE_LOOP('',(#2319));
#2319 = ORIENTED_EDGE('',*,*,#2320,.F.);
#2320 = EDGE_CURVE('',#2321,#2321,#2323,.T.);
#2321 = VERTEX_POINT('',#2322);
#2322 = CARTESIAN_POINT('',(524.731,0.,-3.81));
#2323 = SURFACE_CURVE('',#2324,(#2425,#2529),.PCURVE_S1.);
#2324 = B_SPLINE_CURVE_WITH_KNOTS('',8,(#2325,#2326,#2327,#2328,#2329,
    #2330,#2331,#2332,#2333,#2334,#2335,#2336,#2337,#2338,#2339,#2340,
    #2341,#2342,#2343,#2344,#2345,#2346,#2347,#2348,#2349,#2350,#2351,
    #2352,#2353,#2354,#2355,#2356,#2357,#2358,#2359,#2360,#2361,#2362,
    #2363,#2364,#2365,#2366,#2367,#2368,#2369,#2370,#2371,#2372,#2373,
    #2374,#2375,#2376,#2377,#2378,#2379,#2380,#2381,#2382,#2383,#2384,
    #2385,#2386,#2387,#2388,#2389,#2390,#2391,#2392,#2393,#2394,#2395,
    #2396,#2397,#2398,#2399,#2400,#2401,#2402,#2403,#2404,#2405,#2406,
    #2407,#2408,#2409,#2410,#2411,#2412,#2413,#2414,#2415,#2416,#2417,
    #2418,#2419,#2420,#2421,#2422,#2423,#2424),.UNSPECIFIED.,.T.,.F.,(9,
    7,7,7,7,7,7,7,7,7,7,7,7,7,9),(0.,0.113477484946,0.172342824789,
    0.226554624599,0.248704002296,0.275822518471,0.349873449266,
    0.495492484202,0.669221195076,0.725444498943,0.746776560546,
    0.773911409045,0.791927188064,0.848697542373,1.),.UNSPECIFIED.);
#2325 = CARTESIAN_POINT('',(524.731,-7.04991620637E-16,-3.81));
#2326 = CARTESIAN_POINT('',(524.731,0.264774871358,-3.81));
#2327 = CARTESIAN_POINT('',(524.70576787164,0.528669209157,
    -3.788973866319));
#2328 = CARTESIAN_POINT('',(524.65558531333,0.789831366298,
    -3.74715354425));
#2329 = CARTESIAN_POINT('',(524.58062734632,1.046268691217,
    -3.684974774225));
#2330 = CARTESIAN_POINT('',(524.48107983259,1.295741460305,
    -3.603149488876));
#2331 = CARTESIAN_POINT('',(524.35732110392,1.535725921431,
    -3.502915724472));
#2332 = CARTESIAN_POINT('',(524.210167702,1.763446448577,-3.386465046724
    ));
#2333 = CARTESIAN_POINT('',(523.95352569975,2.086224860881,
    -3.19067276481));
#2334 = CARTESIAN_POINT('',(523.86029257539,2.192009846741,
    -3.120671277367));
#2335 = CARTESIAN_POINT('',(523.76121280899,2.293680650644,
    -3.047681871761));
#2336 = CARTESIAN_POINT('',(523.65604823599,2.391198831791,
    -2.971962987802));
#2337 = CARTESIAN_POINT('',(523.54468925741,2.484243152588,
    -2.894011525899));
#2338 = CARTESIAN_POINT('',(523.4272073157,2.572309745402,
    -2.814634603131));
#2339 = CARTESIAN_POINT('',(523.30386516394,2.654807916571,
    -2.734974201484));
#2340 = CARTESIAN_POINT('',(523.05648528427,2.801459986906,
    -2.584200122683));
#2341 = CARTESIAN_POINT('',(522.93255671273,2.866972877809,
    -2.512470054131));
#2342 = CARTESIAN_POINT('',(522.80319601881,2.927320227531,
    -2.442248463569));
#2343 = CARTESIAN_POINT('',(522.66846640508,2.981959735175,
    -2.374831874098));
#2344 = CARTESIAN_POINT('',(522.52851947807,3.030312953903,
    -2.311859772244));
#2345 = CARTESIAN_POINT('',(522.38350152871,3.071815172313,
    -2.255267095552));
#2346 = CARTESIAN_POINT('',(522.23344408651,3.105879055072,
    -2.207188806478));
#2347 = CARTESIAN_POINT('',(522.0146854659,3.142351170745,
    -2.154547327606));
#2348 = CARTESIAN_POINT('',(521.95044907843,3.15154810812,
    -2.141085762467));
#2349 = CARTESIAN_POINT('',(521.88557609829,3.159298844753,
    -2.129613878694));
#2350 = CARTESIAN_POINT('',(521.82020174903,3.165551953882,
    -2.120279216504));
#2351 = CARTESIAN_POINT('',(521.75444996471,3.170268592169,-2.1131948348
    ));
#2352 = CARTESIAN_POINT('',(521.68843338994,3.173422499703,
    -2.108439311168));
#2353 = CARTESIAN_POINT('',(521.62225337982,3.175,-2.106056741876));
#2354 = CARTESIAN_POINT('',(521.47488289698,3.175,-2.106056741876));
#2355 = CARTESIAN_POINT('',(521.39393410162,3.172630583181,
    -2.10962681257));
#2356 = CARTESIAN_POINT('',(521.31330306754,3.167911899061,
    -2.116742931295));
#2357 = CARTESIAN_POINT('',(521.23314877568,3.160873347539,
    -2.127306826335));
#2358 = CARTESIAN_POINT('',(521.15364876118,3.15156223174,
    -2.141148420533));
#2359 = CARTESIAN_POINT('',(521.07500814013,3.140052410861,
    -2.158028274912));
#2360 = CARTESIAN_POINT('',(520.99746863647,3.126452953012,
    -2.177640032287));
#2361 = CARTESIAN_POINT('',(520.71337649404,3.068493099833,
    -2.259612766443));
#2362 = CARTESIAN_POINT('',(520.51512431896,3.011500268784,
    -2.337411641813));
#2363 = CARTESIAN_POINT('',(520.32627587633,2.941674352059,
    -2.427492871358));
#2364 = CARTESIAN_POINT('',(520.14729710936,2.860390634708,
    -2.524658813015));
#2365 = CARTESIAN_POINT('',(519.97866037183,2.769185647179,
    -2.624788035026));
#2366 = CARTESIAN_POINT('',(519.8202745475,2.669422860293,
    -2.725166597493));
#2367 = CARTESIAN_POINT('',(519.67129559308,2.561626613801,
    -2.824409831367));
#2368 = CARTESIAN_POINT('',(519.25369793112,2.215683311351,
    -3.11388177404));
#2369 = CARTESIAN_POINT('',(519.00747619662,1.951309209275,
    -3.30013287911));
#2370 = CARTESIAN_POINT('',(518.79931442137,1.658766263472,
    -3.465430964025));
#2371 = CARTESIAN_POINT('',(518.63301497594,1.346528781099,
    -3.600786886738));
#2372 = CARTESIAN_POINT('',(518.50812366984,1.021425650933,
    -3.704078611611));
#2373 = CARTESIAN_POINT('',(518.42415742622,0.687112786644,
    -3.774032265546));
#2374 = CARTESIAN_POINT('',(518.381,0.346270439126,-3.81));
#2375 = CARTESIAN_POINT('',(518.381,-0.413113004283,-3.81));
#2376 = CARTESIAN_POINT('',(518.44242608528,-0.808699121469,
    -3.75880455097));
#2377 = CARTESIAN_POINT('',(518.55620165267,-1.191797949305,
    -3.664036877013));
#2378 = CARTESIAN_POINT('',(518.72433944713,-1.563938987081,
    -3.525459630629));
#2379 = CARTESIAN_POINT('',(518.95143834264,-1.922000078035,
    -3.342167790716));
#2380 = CARTESIAN_POINT('',(519.24228857704,-2.247516359758,
    -3.114958044754));
#2381 = CARTESIAN_POINT('',(519.58102044543,-2.52296541715,
    -2.872045875127));
#2382 = CARTESIAN_POINT('',(520.07275927754,-2.810698578835,
    -2.574165342588));
#2383 = CARTESIAN_POINT('',(520.19851045982,-2.876187101357,
    -2.501938950559));
#2384 = CARTESIAN_POINT('',(520.32983379014,-2.936374146463,
    -2.431361689661));
#2385 = CARTESIAN_POINT('',(520.46661642411,-2.990671656659,
    -2.36382483749));
#2386 = CARTESIAN_POINT('',(520.60866989725,-3.038476030743,
    -2.30106122987));
#2387 = CARTESIAN_POINT('',(520.75583084086,-3.079210142618,
    -2.245091193538));
#2388 = CARTESIAN_POINT('',(520.90807400181,-3.112274061674,
    -2.198120444881));
#2389 = CARTESIAN_POINT('',(521.12541981729,-3.146249665297,
    -2.148833209337));
#2390 = CARTESIAN_POINT('',(521.18585538778,-3.154361269915,
    -2.136918792441));
#2391 = CARTESIAN_POINT('',(521.24682324568,-3.161188901811,
    -2.126790608372));
#2392 = CARTESIAN_POINT('',(521.30821077713,-3.166692118017,
    -2.118565088737));
#2393 = CARTESIAN_POINT('',(521.36991378652,-3.17084041938,
    -2.112331192434));
#2394 = CARTESIAN_POINT('',(521.4318364965,-3.173613250552,
    -2.108150405653));
#2395 = CARTESIAN_POINT('',(521.49389154795,-3.175,-2.106056741876));
#2396 = CARTESIAN_POINT('',(521.63500330817,-3.175,-2.106056741876));
#2397 = CARTESIAN_POINT('',(521.71385716684,-3.172752525715,
    -2.109443219963));
#2398 = CARTESIAN_POINT('',(521.79241920188,-3.168275043223,
    -2.116195408109));
#2399 = CARTESIAN_POINT('',(521.8705387364,-3.161594142846,
    -2.126224811831));
#2400 = CARTESIAN_POINT('',(521.94804864041,-3.152753059718,
    -2.139377305693));
#2401 = CARTESIAN_POINT('',(522.02475718049,-3.141819194337,
    -2.155435228798));
#2402 = CARTESIAN_POINT('',(522.10043986942,-3.128891633135,
    -2.174119480284));
#2403 = CARTESIAN_POINT('',(522.22422241006,-3.104293739922,
    -2.209015751574));
#2404 = CARTESIAN_POINT('',(522.27310967136,-3.093648833896,
    -2.223967322649));
#2405 = CARTESIAN_POINT('',(522.32148672186,-3.082195653135,
    -2.239872447921));
#2406 = CARTESIAN_POINT('',(522.36934468744,-3.069956865905,
    -2.256657300284));
#2407 = CARTESIAN_POINT('',(522.41667219777,-3.056956106553,
    -2.274248105642));
#2408 = CARTESIAN_POINT('',(522.46345538632,-3.043217975513,
    -2.292571142919));
#2409 = CARTESIAN_POINT('',(522.50967789031,-3.028768039303,
    -2.311552744048));
#2410 = CARTESIAN_POINT('',(522.69914849395,-2.965939574299,
    -2.392776354233));
#2411 = CARTESIAN_POINT('',(522.83770898825,-2.91128605537,
    -2.460454513248));
#2412 = CARTESIAN_POINT('',(522.97083558431,-2.850289278642,
    -2.532140360478));
#2413 = CARTESIAN_POINT('',(523.09834781359,-2.783552339812,
    -2.606081981353));
#2414 = CARTESIAN_POINT('',(523.22018123649,-2.711634676374,
    -2.680901112563));
#2415 = CARTESIAN_POINT('',(523.33646341332,-2.634967419594,
    -2.755639531129));
#2416 = CARTESIAN_POINT('',(523.44753609775,-2.553713847414,
    -2.829739677297));
#2417 = CARTESIAN_POINT('',(523.83746422258,-2.238000386592,
    -3.098102574059));
#2418 = CARTESIAN_POINT('',(524.08972983856,-1.972104128013,
    -3.288383370123));
#2419 = CARTESIAN_POINT('',(524.30286601076,-1.677094331433,
    -3.457454225735));
#2420 = CARTESIAN_POINT('',(524.47290284118,-1.361944803742,
    -3.59575841661));
#2421 = CARTESIAN_POINT('',(524.60061677884,-1.033763692339,
    -3.701366440828));
#2422 = CARTESIAN_POINT('',(524.68660823571,-0.69601137354,
    -3.773002624563));
#2423 = CARTESIAN_POINT('',(524.731,-0.35119053462,-3.81));
#2424 = CARTESIAN_POINT('',(524.731,-7.04991620637E-16,-3.81));
#2425 = PCURVE('',#1590,#2426);
#2426 = DEFINITIONAL_REPRESENTATION('',(#2427),#2528);
#2427 = B_SPLINE_CURVE_WITH_KNOTS('',8,(#2428,#2429,#2430,#2431,#2432,
    #2433,#2434,#2435,#2436,#2437,#2438,#2439,#2440,#2441,#2442,#2443,
    #2444,#2445,#2446,#2447,#2448,#2449,#2450,#2451,#2452,#2453,#2454,
    #2455,#2456,#2457,#2458,#2459,#2460,#2461,#2462,#2463,#2464,#2465,
    #2466,#2467,#2468,#2469,#2470,#2471,#2472,#2473,#2474,#2475,#2476,
    #2477,#2478,#2479,#2480,#2481,#2482,#2483,#2484,#2485,#2486,#2487,
    #2488,#2489,#2490,#2491,#2492,#2493,#2494,#2495,#2496,#2497,#2498,
    #2499,#2500,#2501,#2502,#2503,#2504,#2505,#2506,#2507,#2508,#2509,
    #2510,#2511,#2512,#2513,#2514,#2515,#2516,#2517,#2518,#2519,#2520,
    #2521,#2522,#2523,#2524,#2525,#2526,#2527),.UNSPECIFIED.,.F.,.F.,(9,
    7,7,7,7,7,7,7,7,7,7,7,7,7,9),(0.,0.113477484946,0.172342824789,
    0.226554624599,0.248704002296,0.275822518471,0.349873449266,
    0.495492484202,0.669221195076,0.725444498943,0.746776560546,
    0.773911409045,0.791927188064,0.848697542373,1.),.UNSPECIFIED.);
#2428 = CARTESIAN_POINT('',(-4.712388980385,-16.985));
#2429 = CARTESIAN_POINT('',(-4.781883697277,-16.985));
#2430 = CARTESIAN_POINT('',(-4.851145735609,-16.95976787164));
#2431 = CARTESIAN_POINT('',(-4.920207392194,-16.90958531333));
#2432 = CARTESIAN_POINT('',(-4.989032211634,-16.83462734632));
#2433 = CARTESIAN_POINT('',(-5.057515196313,-16.73507983259));
#2434 = CARTESIAN_POINT('',(-5.12544002694,-16.61132110392));
#2435 = CARTESIAN_POINT('',(-5.192393293604,-16.464167702));
#2436 = CARTESIAN_POINT('',(-5.291479619498,-16.20752569975));
#2437 = CARTESIAN_POINT('',(-5.324747772429,-16.11429257539));
#2438 = CARTESIAN_POINT('',(-5.357557764942,-16.01521280899));
#2439 = CARTESIAN_POINT('',(-5.389917858807,-15.91004823599));
#2440 = CARTESIAN_POINT('',(-5.421734609736,-15.79868925741));
#2441 = CARTESIAN_POINT('',(-5.452821211058,-15.6812073157));
#2442 = CARTESIAN_POINT('',(-5.48290658014,-15.55786516394));
#2443 = CARTESIAN_POINT('',(-5.538111893342,-15.31048528427));
#2444 = CARTESIAN_POINT('',(-5.563596952418,-15.18655671273));
#2445 = CARTESIAN_POINT('',(-5.58788014749,-15.05719601881));
#2446 = CARTESIAN_POINT('',(-5.610639921593,-14.92246640508));
#2447 = CARTESIAN_POINT('',(-5.631467822871,-14.78251947807));
#2448 = CARTESIAN_POINT('',(-5.649883138256,-14.63750152871));
#2449 = CARTESIAN_POINT('',(-5.665347716028,-14.48744408651));
#2450 = CARTESIAN_POINT('',(-5.682156563592,-14.2686854659));
#2451 = CARTESIAN_POINT('',(-5.686435628425,-14.20444907843));
#2452 = CARTESIAN_POINT('',(-5.690069355292,-14.1395760983));
#2453 = CARTESIAN_POINT('',(-5.693018219438,-14.07420174903));
#2454 = CARTESIAN_POINT('',(-5.695251987824,-14.00844996471));
#2455 = CARTESIAN_POINT('',(-5.696749719123,-13.94243338994));
#2456 = CARTESIAN_POINT('',(-5.697499763722,-13.87625337982));
#2457 = CARTESIAN_POINT('',(-5.697499763722,-13.72888289698));
#2458 = CARTESIAN_POINT('',(-5.69637515294,-13.64793410162));
#2459 = CARTESIAN_POINT('',(-5.694134069588,-13.56730306754));
#2460 = CARTESIAN_POINT('',(-5.690802329272,-13.48714877568));
#2461 = CARTESIAN_POINT('',(-5.686423982938,-13.40764876118));
#2462 = CARTESIAN_POINT('',(-5.681061874822,-13.32900814013));
#2463 = CARTESIAN_POINT('',(-5.674798200396,-13.25146863647));
#2464 = CARTESIAN_POINT('',(-5.648448175712,-12.96737649404));
#2465 = CARTESIAN_POINT('',(-5.62313914001,-12.76912431896));
#2466 = CARTESIAN_POINT('',(-5.593242461968,-12.58027587633));
#2467 = CARTESIAN_POINT('',(-5.560041070198,-12.40129710936));
#2468 = CARTESIAN_POINT('',(-5.524557865494,-12.23266037183));
#2469 = CARTESIAN_POINT('',(-5.487471749389,-12.0742745475));
#2470 = CARTESIAN_POINT('',(-5.449057250845,-11.92529559308));
#2471 = CARTESIAN_POINT('',(-5.330664246055,-11.50769793112));
#2472 = CARTESIAN_POINT('',(-5.246075331517,-11.26147619662));
#2473 = CARTESIAN_POINT('',(-5.158617256355,-11.05331442137));
#2474 = CARTESIAN_POINT('',(-5.070251841532,-10.88701497594));
#2475 = CARTESIAN_POINT('',(-4.981616435474,-10.76212366984));
#2476 = CARTESIAN_POINT('',(-4.892735067816,-10.67815742622));
#2477 = CARTESIAN_POINT('',(-4.803273610077,-10.635));
#2478 = CARTESIAN_POINT('',(-4.603960370337,-10.635));
#2479 = CARTESIAN_POINT('',(-4.500121909051,-10.69642608528));
#2480 = CARTESIAN_POINT('',(-4.397686889006,-10.81020165267));
#2481 = CARTESIAN_POINT('',(-4.294704567221,-10.97833944713));
#2482 = CARTESIAN_POINT('',(-4.190928897989,-11.20543834264));
#2483 = CARTESIAN_POINT('',(-4.087881364866,-11.49628857704));
#2484 = CARTESIAN_POINT('',(-3.991788932213,-11.83502044543));
#2485 = CARTESIAN_POINT('',(-3.883087206392,-12.32675927754));
#2486 = CARTESIAN_POINT('',(-3.8575102726,-12.45251045982));
#2487 = CARTESIAN_POINT('',(-3.833183766763,-12.58383379014));
#2488 = CARTESIAN_POINT('',(-3.810455813003,-12.72061642411));
#2489 = CARTESIAN_POINT('',(-3.789758576844,-12.86266989725));
#2490 = CARTESIAN_POINT('',(-3.771593762824,-13.00983084086));
#2491 = CARTESIAN_POINT('',(-3.756517919768,-13.16207400181));
#2492 = CARTESIAN_POINT('',(-3.740805858422,-13.37941981729));
#2493 = CARTESIAN_POINT('',(-3.737022775137,-13.43985538778));
#2494 = CARTESIAN_POINT('',(-3.733816892942,-13.50082324568));
#2495 = CARTESIAN_POINT('',(-3.731219402057,-13.56221077713));
#2496 = CARTESIAN_POINT('',(-3.729254093875,-13.62391378652));
#2497 = CARTESIAN_POINT('',(-3.727937360959,-13.6858364965));
#2498 = CARTESIAN_POINT('',(-3.727278197047,-13.74789154795));
#2499 = CARTESIAN_POINT('',(-3.727278197047,-13.88900330817));
#2500 = CARTESIAN_POINT('',(-3.728344960411,-13.96785716684));
#2501 = CARTESIAN_POINT('',(-3.730471447344,-14.04641920188));
#2502 = CARTESIAN_POINT('',(-3.733634394916,-14.1245387364));
#2503 = CARTESIAN_POINT('',(-3.737793827246,-14.20204864041));
#2504 = CARTESIAN_POINT('',(-3.74289256568,-14.27875718049));
#2505 = CARTESIAN_POINT('',(-3.748855738973,-14.35443986942));
#2506 = CARTESIAN_POINT('',(-3.760061600746,-14.47822241006));
#2507 = CARTESIAN_POINT('',(-3.764878834598,-14.52710967136));
#2508 = CARTESIAN_POINT('',(-3.770022985429,-14.57548672186));
#2509 = CARTESIAN_POINT('',(-3.775475017555,-14.62334468744));
#2510 = CARTESIAN_POINT('',(-3.78121586921,-14.67067219777));
#2511 = CARTESIAN_POINT('',(-3.787226452539,-14.71745538632));
#2512 = CARTESIAN_POINT('',(-3.793487653607,-14.76367789031));
#2513 = CARTESIAN_POINT('',(-3.820439712717,-14.95314849395));
#2514 = CARTESIAN_POINT('',(-3.843267151509,-15.09170898825));
#2515 = CARTESIAN_POINT('',(-3.867957207598,-15.22483558431));
#2516 = CARTESIAN_POINT('',(-3.894077504818,-15.35234781359));
#2517 = CARTESIAN_POINT('',(-3.921288753709,-15.47418123649));
#2518 = CARTESIAN_POINT('',(-3.949364450862,-15.59046341332));
#2519 = CARTESIAN_POINT('',(-3.978210255939,-15.70153609775));
#2520 = CARTESIAN_POINT('',(-4.086965979056,-16.09146422258));
#2521 = CARTESIAN_POINT('',(-4.172487322847,-16.34372983855));
#2522 = CARTESIAN_POINT('',(-4.260969656194,-16.55686601076));
#2523 = CARTESIAN_POINT('',(-4.350308415361,-16.72690284117));
#2524 = CARTESIAN_POINT('',(-4.439875990035,-16.85461677884));
#2525 = CARTESIAN_POINT('',(-4.529706761074,-16.94060823571));
#2526 = CARTESIAN_POINT('',(-4.620212987046,-16.985));
#2527 = CARTESIAN_POINT('',(-4.712388980385,-16.985));
#2528 = ( GEOMETRIC_REPRESENTATION_CONTEXT(2) 
PARAMETRIC_REPRESENTATION_CONTEXT() REPRESENTATION_CONTEXT('2D SPACE',''
  ) );
#2529 = PCURVE('',#1817,#2530);
#2530 = DEFINITIONAL_REPRESENTATION('',(#2531),#2632);
#2531 = B_SPLINE_CURVE_WITH_KNOTS('',8,(#2532,#2533,#2534,#2535,#2536,
    #2537,#2538,#2539,#2540,#2541,#2542,#2543,#2544,#2545,#2546,#2547,
    #2548,#2549,#2550,#2551,#2552,#2553,#2554,#2555,#2556,#2557,#2558,
    #2559,#2560,#2561,#2562,#2563,#2564,#2565,#2566,#2567,#2568,#2569,
    #2570,#2571,#2572,#2573,#2574,#2575,#2576,#2577,#2578,#2579,#2580,
    #2581,#2582,#2583,#2584,#2585,#2586,#2587,#2588,#2589,#2590,#2591,
    #2592,#2593,#2594,#2595,#2596,#2597,#2598,#2599,#2600,#2601,#2602,
    #2603,#2604,#2605,#2606,#2607,#2608,#2609,#2610,#2611,#2612,#2613,
    #2614,#2615,#2616,#2617,#2618,#2619,#2620,#2621,#2622,#2623,#2624,
    #2625,#2626,#2627,#2628,#2629,#2630,#2631),.UNSPECIFIED.,.F.,.F.,(9,
    7,7,7,7,7,7,7,7,7,7,7,7,7,9),(0.,0.113477484946,0.172342824789,
    0.226554624599,0.248704002296,0.275822518471,0.349873449266,
    0.495492484202,0.669221195076,0.725444498943,0.746776560546,
    0.773911409045,0.791927188064,0.848697542373,1.),.UNSPECIFIED.);
#2532 = CARTESIAN_POINT('',(0.,-3.81));
#2533 = CARTESIAN_POINT('',(8.339366027023E-02,-3.81));
#2534 = CARTESIAN_POINT('',(0.166509048288,-3.788973866319));
#2535 = CARTESIAN_POINT('',(0.249650577621,-3.74715354425));
#2536 = CARTESIAN_POINT('',(0.333044734374,-3.684974774225));
#2537 = CARTESIAN_POINT('',(0.416867270546,-3.603149488876));
#2538 = CARTESIAN_POINT('',(0.501244502603,-3.502915724472));
#2539 = CARTESIAN_POINT('',(0.586228715271,-3.386465046724));
#2540 = CARTESIAN_POINT('',(0.716109795489,-3.19067276481));
#2541 = CARTESIAN_POINT('',(0.760464521218,-3.120671277367));
#2542 = CARTESIAN_POINT('',(0.805083445967,-3.047681871761));
#2543 = CARTESIAN_POINT('',(0.850137979095,-2.971962987802));
#2544 = CARTESIAN_POINT('',(0.895718423924,-2.894011525899));
#2545 = CARTESIAN_POINT('',(0.941851973688,-2.814634603131));
#2546 = CARTESIAN_POINT('',(0.988519620581,-2.734974201484));
#2547 = CARTESIAN_POINT('',(1.079096753237,-2.584200122683));
#2548 = CARTESIAN_POINT('',(1.123195615478,-2.512470054131));
#2549 = CARTESIAN_POINT('',(1.168059443369,-2.442248463569));
#2550 = CARTESIAN_POINT('',(1.213728991103,-2.374831874098));
#2551 = CARTESIAN_POINT('',(1.260231739879,-2.311859772244));
#2552 = CARTESIAN_POINT('',(1.30761889046,-2.255267095552));
#2553 = CARTESIAN_POINT('',(1.356002496761,-2.207188806478));
#2554 = CARTESIAN_POINT('',(1.425853883651,-2.154547327606));
#2555 = CARTESIAN_POINT('',(1.446286415593,-2.141085762467));
#2556 = CARTESIAN_POINT('',(1.466854827161,-2.129613878694));
#2557 = CARTESIAN_POINT('',(1.487527953035,-2.120279216504));
#2558 = CARTESIAN_POINT('',(1.508278971713,-2.1131948348));
#2559 = CARTESIAN_POINT('',(1.529085405508,-2.108439311168));
#2560 = CARTESIAN_POINT('',(1.549929120552,-2.106056741876));
#2561 = CARTESIAN_POINT('',(1.596345020658,-2.106056741876));
#2562 = CARTESIAN_POINT('',(1.621840827453,-2.10962681257));
#2563 = CARTESIAN_POINT('',(1.647261708024,-2.116742931295));
#2564 = CARTESIAN_POINT('',(1.672582804066,-2.127306826335));
#2565 = CARTESIAN_POINT('',(1.697772485357,-2.141148420533));
#2566 = CARTESIAN_POINT('',(1.72278839699,-2.158028274912));
#2567 = CARTESIAN_POINT('',(1.747573506605,-2.177640032287));
#2568 = CARTESIAN_POINT('',(1.838894542101,-2.259612766443));
#2569 = CARTESIAN_POINT('',(1.903664597628,-2.337411641813));
#2570 = CARTESIAN_POINT('',(1.966793382489,-2.427492871358));
#2571 = CARTESIAN_POINT('',(2.028395060742,-2.524658813015));
#2572 = CARTESIAN_POINT('',(2.088502025559,-2.624788035026));
#2573 = CARTESIAN_POINT('',(2.147255227664,-2.725166597493));
#2574 = CARTESIAN_POINT('',(2.205048255814,-2.824409831367));
#2575 = CARTESIAN_POINT('',(2.375844228424,-3.11388177404));
#2576 = CARTESIAN_POINT('',(2.488685399057,-3.30013287911));
#2577 = CARTESIAN_POINT('',(2.600158593742,-3.465430964025));
#2578 = CARTESIAN_POINT('',(2.709825907728,-3.600786886738));
#2579 = CARTESIAN_POINT('',(2.817912922358,-3.704078611611));
#2580 = CARTESIAN_POINT('',(2.925178016026,-3.774032265546));
#2581 = CARTESIAN_POINT('',(3.03253109796,-3.81));
#2582 = CARTESIAN_POINT('',(3.271706985648,-3.81));
#2583 = CARTESIAN_POINT('',(3.396313029288,-3.75880455097));
#2584 = CARTESIAN_POINT('',(3.52026103402,-3.664036877013));
#2585 = CARTESIAN_POINT('',(3.646554080141,-3.525459630629));
#2586 = CARTESIAN_POINT('',(3.776916627986,-3.342167790716));
#2587 = CARTESIAN_POINT('',(3.911496469957,-3.114958044754));
#2588 = CARTESIAN_POINT('',(4.047402126913,-2.872045875127));
#2589 = CARTESIAN_POINT('',(4.226846077974,-2.574165342588));
#2590 = CARTESIAN_POINT('',(4.271448144996,-2.501938950559));
#2591 = CARTESIAN_POINT('',(4.316848368041,-2.431361689661));
#2592 = CARTESIAN_POINT('',(4.363073342921,-2.36382483749));
#2593 = CARTESIAN_POINT('',(4.410143427535,-2.30106122987));
#2594 = CARTESIAN_POINT('',(4.458110255792,-2.245091193538));
#2595 = CARTESIAN_POINT('',(4.507094435824,-2.198120444881));
#2596 = CARTESIAN_POINT('',(4.576381153744,-2.148833209337));
#2597 = CARTESIAN_POINT('',(4.595581933952,-2.136918792441));
#2598 = CARTESIAN_POINT('',(4.614896698884,-2.126790608372));
#2599 = CARTESIAN_POINT('',(4.634299606926,-2.118565088737));
#2600 = CARTESIAN_POINT('',(4.653768049107,-2.112331192434));
#2601 = CARTESIAN_POINT('',(4.673282649097,-2.108150405653));
#2602 = CARTESIAN_POINT('',(4.692827263205,-2.106056741876));
#2603 = CARTESIAN_POINT('',(4.737271912092,-2.106056741876));
#2604 = CARTESIAN_POINT('',(4.762107877445,-2.109443219963));
#2605 = CARTESIAN_POINT('',(4.786875190007,-2.116195408109));
#2606 = CARTESIAN_POINT('',(4.811549703207,-2.126224811831));
#2607 = CARTESIAN_POINT('',(4.836101263831,-2.139377305693));
#2608 = CARTESIAN_POINT('',(4.860490165528,-2.155435228798));
#2609 = CARTESIAN_POINT('',(4.884663602309,-2.174119480284));
#2610 = CARTESIAN_POINT('',(4.924412549373,-2.209015751574));
#2611 = CARTESIAN_POINT('',(4.940168281862,-2.223967322649));
#2612 = CARTESIAN_POINT('',(4.955822093623,-2.239872447921));
#2613 = CARTESIAN_POINT('',(4.971375606623,-2.256657300284));
#2614 = CARTESIAN_POINT('',(4.98682929069,-2.274248105642));
#2615 = CARTESIAN_POINT('',(5.002182463512,-2.292571142919));
#2616 = CARTESIAN_POINT('',(5.017433290634,-2.311552744048));
#2617 = CARTESIAN_POINT('',(5.08030445454,-2.392776354233));
#2618 = CARTESIAN_POINT('',(5.127145851947,-2.460454513248));
#2619 = CARTESIAN_POINT('',(5.173155884156,-2.532140360478));
#2620 = CARTESIAN_POINT('',(5.218363734924,-2.606081981353));
#2621 = CARTESIAN_POINT('',(5.262811517415,-2.680901112563));
#2622 = CARTESIAN_POINT('',(5.306591634995,-2.755639531129));
#2623 = CARTESIAN_POINT('',(5.349884850685,-2.829739677297));
#2624 = CARTESIAN_POINT('',(5.507905634074,-3.098102574059));
#2625 = CARTESIAN_POINT('',(5.622356616041,-3.288383370123));
#2626 = CARTESIAN_POINT('',(5.735302092157,-3.457454225735));
#2627 = CARTESIAN_POINT('',(5.846270287809,-3.59575841661));
#2628 = CARTESIAN_POINT('',(5.95553608282,-3.701366440828));
#2629 = CARTESIAN_POINT('',(6.063967523487,-3.773002624563));
#2630 = CARTESIAN_POINT('',(6.172574115173,-3.81));
#2631 = CARTESIAN_POINT('',(6.28318530718,-3.81));
#2632 = ( GEOMETRIC_REPRESENTATION_CONTEXT(2) 
PARAMETRIC_REPRESENTATION_CONTEXT() REPRESENTATION_CONTEXT('2D SPACE',''
  ) );
#2633 = ADVANCED_FACE('',(#2634),#1698,.T.);
#2634 = FACE_BOUND('',#2635,.T.);
#2635 = EDGE_LOOP('',(#2636,#2637,#2638,#2660,#2688,#2711));
#2636 = ORIENTED_EDGE('',*,*,#1836,.T.);
#2637 = ORIENTED_EDGE('',*,*,#1682,.T.);
#2638 = ORIENTED_EDGE('',*,*,#2639,.T.);
#2639 = EDGE_CURVE('',#1683,#2640,#2642,.T.);
#2640 = VERTEX_POINT('',#2641);
#2641 = CARTESIAN_POINT('',(518.762,1.508041445047,12.610147144265));
#2642 = SURFACE_CURVE('',#2643,(#2647,#2654),.PCURVE_S1.);
#2643 = LINE('',#2644,#2645);
#2644 = CARTESIAN_POINT('',(518.762,1.508041445054,0.));
#2645 = VECTOR('',#2646,1.);
#2646 = DIRECTION('',(-0.,-0.,-1.));
#2647 = PCURVE('',#1698,#2648);
#2648 = DEFINITIONAL_REPRESENTATION('',(#2649),#2653);
#2649 = LINE('',#2650,#2651);
#2650 = CARTESIAN_POINT('',(-8.945824918966E-16,-1.508041445054));
#2651 = VECTOR('',#2652,1.);
#2652 = DIRECTION('',(-1.,0.));
#2653 = ( GEOMETRIC_REPRESENTATION_CONTEXT(2) 
PARAMETRIC_REPRESENTATION_CONTEXT() REPRESENTATION_CONTEXT('2D SPACE',''
  ) );
#2654 = PCURVE('',#1740,#2655);
#2655 = DEFINITIONAL_REPRESENTATION('',(#2656),#2659);
#2656 = B_SPLINE_CURVE_WITH_KNOTS('',1,(#2657,#2658),.UNSPECIFIED.,.F.,
  .F.,(2,2),(-17.17993966811,-12.61014714426),.PIECEWISE_BEZIER_KNOTS.);
#2657 = CARTESIAN_POINT('',(-2.646658527249,-17.17993966811));
#2658 = CARTESIAN_POINT('',(-2.646658527249,-12.61014714426));
#2659 = ( GEOMETRIC_REPRESENTATION_CONTEXT(2) 
PARAMETRIC_REPRESENTATION_CONTEXT() REPRESENTATION_CONTEXT('2D SPACE',''
  ) );
#2660 = ORIENTED_EDGE('',*,*,#2661,.F.);
#2661 = EDGE_CURVE('',#2662,#2640,#2664,.T.);
#2662 = VERTEX_POINT('',#2663);
#2663 = CARTESIAN_POINT('',(518.762,12.7,0.));
#2664 = SURFACE_CURVE('',#2665,(#2670,#2677),.PCURVE_S1.);
#2665 = CIRCLE('',#2666,12.7);
#2666 = AXIS2_PLACEMENT_3D('',#2667,#2668,#2669);
#2667 = CARTESIAN_POINT('',(518.762,0.,0.));
#2668 = DIRECTION('',(1.,0.,0.));
#2669 = DIRECTION('',(0.,1.,0.));
#2670 = PCURVE('',#1698,#2671);
#2671 = DEFINITIONAL_REPRESENTATION('',(#2672),#2676);
#2672 = CIRCLE('',#2673,12.7);
#2673 = AXIS2_PLACEMENT_2D('',#2674,#2675);
#2674 = CARTESIAN_POINT('',(-8.945824918966E-16,-7.992955575832E-16));
#2675 = DIRECTION('',(0.,-1.));
#2676 = ( GEOMETRIC_REPRESENTATION_CONTEXT(2) 
PARAMETRIC_REPRESENTATION_CONTEXT() REPRESENTATION_CONTEXT('2D SPACE',''
  ) );
#2677 = PCURVE('',#2678,#2683);
#2678 = CYLINDRICAL_SURFACE('',#2679,12.7);
#2679 = AXIS2_PLACEMENT_3D('',#2680,#2681,#2682);
#2680 = CARTESIAN_POINT('',(518.762,0.,0.));
#2681 = DIRECTION('',(-1.,-0.,-0.));
#2682 = DIRECTION('',(0.,1.,0.));
#2683 = DEFINITIONAL_REPRESENTATION('',(#2684),#2687);
#2684 = B_SPLINE_CURVE_WITH_KNOTS('',1,(#2685,#2686),.UNSPECIFIED.,.F.,
  .F.,(2,2),(0.,1.451772073328),.PIECEWISE_BEZIER_KNOTS.);
#2685 = CARTESIAN_POINT('',(0.,0.));
#2686 = CARTESIAN_POINT('',(-1.451772073328,0.));
#2687 = ( GEOMETRIC_REPRESENTATION_CONTEXT(2) 
PARAMETRIC_REPRESENTATION_CONTEXT() REPRESENTATION_CONTEXT('2D SPACE',''
  ) );
#2688 = ORIENTED_EDGE('',*,*,#2689,.F.);
#2689 = EDGE_CURVE('',#2690,#2662,#2692,.T.);
#2690 = VERTEX_POINT('',#2691);
#2691 = CARTESIAN_POINT('',(518.762,1.508041445047,-12.61014714426));
#2692 = SURFACE_CURVE('',#2693,(#2698,#2705),.PCURVE_S1.);
#2693 = CIRCLE('',#2694,12.7);
#2694 = AXIS2_PLACEMENT_3D('',#2695,#2696,#2697);
#2695 = CARTESIAN_POINT('',(518.762,0.,0.));
#2696 = DIRECTION('',(1.,0.,0.));
#2697 = DIRECTION('',(0.,1.,0.));
#2698 = PCURVE('',#1698,#2699);
#2699 = DEFINITIONAL_REPRESENTATION('',(#2700),#2704);
#2700 = CIRCLE('',#2701,12.7);
#2701 = AXIS2_PLACEMENT_2D('',#2702,#2703);
#2702 = CARTESIAN_POINT('',(-8.945824918966E-16,-7.992955575832E-16));
#2703 = DIRECTION('',(0.,-1.));
#2704 = ( GEOMETRIC_REPRESENTATION_CONTEXT(2) 
PARAMETRIC_REPRESENTATION_CONTEXT() REPRESENTATION_CONTEXT('2D SPACE',''
  ) );
#2705 = PCURVE('',#2678,#2706);
#2706 = DEFINITIONAL_REPRESENTATION('',(#2707),#2710);
#2707 = B_SPLINE_CURVE_WITH_KNOTS('',1,(#2708,#2709),.UNSPECIFIED.,.F.,
  .F.,(2,2),(4.831413233851,6.28318530718),.PIECEWISE_BEZIER_KNOTS.);
#2708 = CARTESIAN_POINT('',(-4.831413233851,0.));
#2709 = CARTESIAN_POINT('',(-6.28318530718,0.));
#2710 = ( GEOMETRIC_REPRESENTATION_CONTEXT(2) 
PARAMETRIC_REPRESENTATION_CONTEXT() REPRESENTATION_CONTEXT('2D SPACE',''
  ) );
#2711 = ORIENTED_EDGE('',*,*,#2712,.F.);
#2712 = EDGE_CURVE('',#1788,#2690,#2713,.T.);
#2713 = SURFACE_CURVE('',#2714,(#2718,#2725),.PCURVE_S1.);
#2714 = LINE('',#2715,#2716);
#2715 = CARTESIAN_POINT('',(518.762,1.508041445054,0.));
#2716 = VECTOR('',#2717,1.);
#2717 = DIRECTION('',(0.,0.,1.));
#2718 = PCURVE('',#1698,#2719);
#2719 = DEFINITIONAL_REPRESENTATION('',(#2720),#2724);
#2720 = LINE('',#2721,#2722);
#2721 = CARTESIAN_POINT('',(-8.945824918966E-16,-1.508041445054));
#2722 = VECTOR('',#2723,1.);
#2723 = DIRECTION('',(1.,0.));
#2724 = ( GEOMETRIC_REPRESENTATION_CONTEXT(2) 
PARAMETRIC_REPRESENTATION_CONTEXT() REPRESENTATION_CONTEXT('2D SPACE',''
  ) );
#2725 = PCURVE('',#1817,#2726);
#2726 = DEFINITIONAL_REPRESENTATION('',(#2727),#2730);
#2727 = B_SPLINE_CURVE_WITH_KNOTS('',1,(#2728,#2729),.UNSPECIFIED.,.F.,
  .F.,(2,2),(-17.17993966811,-12.61014714426),.PIECEWISE_BEZIER_KNOTS.);
#2728 = CARTESIAN_POINT('',(2.646658527249,-17.17993966811));
#2729 = CARTESIAN_POINT('',(2.646658527249,-12.61014714426));
#2730 = ( GEOMETRIC_REPRESENTATION_CONTEXT(2) 
PARAMETRIC_REPRESENTATION_CONTEXT() REPRESENTATION_CONTEXT('2D SPACE',''
  ) );
#2731 = ADVANCED_FACE('',(#2732),#1817,.F.);
#2732 = FACE_BOUND('',#2733,.F.);
#2733 = EDGE_LOOP('',(#2734,#2735,#2756,#2828,#2829,#2830,#2852,#2912));
#2734 = ORIENTED_EDGE('',*,*,#2320,.F.);
#2735 = ORIENTED_EDGE('',*,*,#2736,.T.);
#2736 = EDGE_CURVE('',#2321,#2737,#2739,.T.);
#2737 = VERTEX_POINT('',#2738);
#2738 = CARTESIAN_POINT('',(524.731,0.,-12.7));
#2739 = SEAM_CURVE('',#2740,(#2744,#2750),.PCURVE_S1.);
#2740 = LINE('',#2741,#2742);
#2741 = CARTESIAN_POINT('',(524.731,0.,0.));
#2742 = VECTOR('',#2743,1.);
#2743 = DIRECTION('',(-0.,-0.,-1.));
#2744 = PCURVE('',#1817,#2745);
#2745 = DEFINITIONAL_REPRESENTATION('',(#2746),#2749);
#2746 = B_SPLINE_CURVE_WITH_KNOTS('',1,(#2747,#2748),.UNSPECIFIED.,.F.,
  .F.,(2,2),(3.81,12.7),.PIECEWISE_BEZIER_KNOTS.);
#2747 = CARTESIAN_POINT('',(6.28318530718,-3.81));
#2748 = CARTESIAN_POINT('',(6.28318530718,-12.7));
#2749 = ( GEOMETRIC_REPRESENTATION_CONTEXT(2) 
PARAMETRIC_REPRESENTATION_CONTEXT() REPRESENTATION_CONTEXT('2D SPACE',''
  ) );
#2750 = PCURVE('',#1817,#2751);
#2751 = DEFINITIONAL_REPRESENTATION('',(#2752),#2755);
#2752 = B_SPLINE_CURVE_WITH_KNOTS('',1,(#2753,#2754),.UNSPECIFIED.,.F.,
  .F.,(2,2),(3.81,12.7),.PIECEWISE_BEZIER_KNOTS.);
#2753 = CARTESIAN_POINT('',(0.,-3.81));
#2754 = CARTESIAN_POINT('',(0.,-12.7));
#2755 = ( GEOMETRIC_REPRESENTATION_CONTEXT(2) 
PARAMETRIC_REPRESENTATION_CONTEXT() REPRESENTATION_CONTEXT('2D SPACE',''
  ) );
#2756 = ORIENTED_EDGE('',*,*,#2757,.T.);
#2757 = EDGE_CURVE('',#2737,#2690,#2758,.T.);
#2758 = SURFACE_CURVE('',#2759,(#2780,#2804),.PCURVE_S1.);
#2759 = B_SPLINE_CURVE_WITH_KNOTS('',7,(#2760,#2761,#2762,#2763,#2764,
    #2765,#2766,#2767,#2768,#2769,#2770,#2771,#2772,#2773,#2774,#2775,
    #2776,#2777,#2778,#2779),.UNSPECIFIED.,.F.,.F.,(8,6,6,8),(0.,
    0.323169298142,0.594110309249,1.),.UNSPECIFIED.);
#2760 = CARTESIAN_POINT('',(524.731,-1.555301434917E-15,-12.7));
#2761 = CARTESIAN_POINT('',(524.731,0.38301100801,-12.7));
#2762 = CARTESIAN_POINT('',(524.67709686287,0.766261455588,
    -12.68652516136));
#2763 = CARTESIAN_POINT('',(524.56916138746,1.14077791353,
    -12.65953814576));
#2764 = CARTESIAN_POINT('',(524.40890278382,1.497593577679,
    -12.62082869022));
#2765 = CARTESIAN_POINT('',(524.19973901897,1.828243874732,
    -12.57395882402));
#2766 = CARTESIAN_POINT('',(523.94660022545,2.125108894137,
    -12.52366157082));
#2767 = CARTESIAN_POINT('',(523.41174894059,2.596643731022,
    -12.43363862572));
#2768 = CARTESIAN_POINT('',(523.14091067845,2.783624113287,
    -12.39346072671));
#2769 = CARTESIAN_POINT('',(522.84748528579,2.937774659764,
    -12.35710374611));
#2770 = CARTESIAN_POINT('',(522.53668818856,3.05569309682,
    -12.32753030247));
#2771 = CARTESIAN_POINT('',(522.21407249472,3.13515943833,
    -12.30700763022));
#2772 = CARTESIAN_POINT('',(521.88526770805,3.175,-12.2967221242));
#2773 = CARTESIAN_POINT('',(521.06273259965,3.175,-12.2967221242));
#2774 = CARTESIAN_POINT('',(520.57236038347,3.085597862219,
    -12.31980841783));
#2775 = CARTESIAN_POINT('',(520.10293833123,2.908653271822,
    -12.36548036669));
#2776 = CARTESIAN_POINT('',(519.67202495208,2.649913832225,
    -12.42796124751));
#2777 = CARTESIAN_POINT('',(519.29631323521,2.318936153558,
    -12.49635550858));
#2778 = CARTESIAN_POINT('',(518.99049887176,1.93139936177,
    -12.55951893573));
#2779 = CARTESIAN_POINT('',(518.76198476,1.508013209043,-12.61015052096)
  );
#2780 = PCURVE('',#1817,#2781);
#2781 = DEFINITIONAL_REPRESENTATION('',(#2782),#2803);
#2782 = B_SPLINE_CURVE_WITH_KNOTS('',7,(#2783,#2784,#2785,#2786,#2787,
    #2788,#2789,#2790,#2791,#2792,#2793,#2794,#2795,#2796,#2797,#2798,
    #2799,#2800,#2801,#2802),.UNSPECIFIED.,.F.,.F.,(8,6,6,8),(0.,
    0.323169298142,0.594110309249,0.999996132969),.UNSPECIFIED.);
#2783 = CARTESIAN_POINT('',(0.,-12.7));
#2784 = CARTESIAN_POINT('',(0.120633388349,-12.7));
#2785 = CARTESIAN_POINT('',(0.241342188462,-12.68652516136));
#2786 = CARTESIAN_POINT('',(0.362167380627,-12.65953814576));
#2787 = CARTESIAN_POINT('',(0.48316882822,-12.62082869022));
#2788 = CARTESIAN_POINT('',(0.60443178522,-12.57395882402));
#2789 = CARTESIAN_POINT('',(0.726070657296,-12.52366157082));
#2790 = CARTESIAN_POINT('',(0.950646862627,-12.43363862572));
#2791 = CARTESIAN_POINT('',(1.053578438027,-12.39346072671));
#2792 = CARTESIAN_POINT('',(1.156767608092,-12.35710374611));
#2793 = CARTESIAN_POINT('',(1.260094666757,-12.32753030247));
#2794 = CARTESIAN_POINT('',(1.363529982737,-12.30700763022));
#2795 = CARTESIAN_POINT('',(1.467089962054,-12.2967221242));
#2796 = CARTESIAN_POINT('',(1.726154657768,-12.2967221242));
#2797 = CARTESIAN_POINT('',(1.880600707027,-12.31980797793));
#2798 = CARTESIAN_POINT('',(2.034575415195,-12.36547906131));
#2799 = CARTESIAN_POINT('',(2.188342092019,-12.42795886642));
#2800 = CARTESIAN_POINT('',(2.341968073581,-12.49635225052));
#2801 = CARTESIAN_POINT('',(2.495126648413,-12.55951532506));
#2802 = CARTESIAN_POINT('',(2.646658527251,-12.61014714426));
#2803 = ( GEOMETRIC_REPRESENTATION_CONTEXT(2) 
PARAMETRIC_REPRESENTATION_CONTEXT() REPRESENTATION_CONTEXT('2D SPACE',''
  ) );
#2804 = PCURVE('',#2678,#2805);
#2805 = DEFINITIONAL_REPRESENTATION('',(#2806),#2827);
#2806 = B_SPLINE_CURVE_WITH_KNOTS('',7,(#2807,#2808,#2809,#2810,#2811,
    #2812,#2813,#2814,#2815,#2816,#2817,#2818,#2819,#2820,#2821,#2822,
    #2823,#2824,#2825,#2826),.UNSPECIFIED.,.F.,.F.,(8,6,6,8),(0.,
    0.323169298142,0.594110309249,0.999996132969),.UNSPECIFIED.);
#2807 = CARTESIAN_POINT('',(-4.712388980385,-5.969));
#2808 = CARTESIAN_POINT('',(-4.742547327472,-5.969));
#2809 = CARTESIAN_POINT('',(-4.772724707301,-5.915096862873));
#2810 = CARTESIAN_POINT('',(-4.802258324899,-5.80716138747));
#2811 = CARTESIAN_POINT('',(-4.830489808108,-5.646902783823));
#2812 = CARTESIAN_POINT('',(-4.85676916076,-5.437739018974));
#2813 = CARTESIAN_POINT('',(-4.880472508235,-5.184600225453));
#2814 = CARTESIAN_POINT('',(-4.918271821752,-4.64974894059));
#2815 = CARTESIAN_POINT('',(-4.933326624911,-4.378910678454));
#2816 = CARTESIAN_POINT('',(-4.945794805928,-4.085485285795));
#2817 = CARTESIAN_POINT('',(-4.955366589502,-3.774688188565));
#2818 = CARTESIAN_POINT('',(-4.961829421167,-3.45207249472));
#2819 = CARTESIAN_POINT('',(-4.965069235527,-3.123267708051));
#2820 = CARTESIAN_POINT('',(-4.965069235527,-2.300737299161));
#2821 = CARTESIAN_POINT('',(-4.957798949546,-1.810369727314));
#2822 = CARTESIAN_POINT('',(-4.94340984767,-1.340951748211));
#2823 = CARTESIAN_POINT('',(-4.922453842594,-0.91004137386));
#2824 = CARTESIAN_POINT('',(-4.895876764108,-0.534331132849));
#2825 = CARTESIAN_POINT('',(-4.86498778813,-0.228516353367));
#2826 = CARTESIAN_POINT('',(-4.831413233851,2.907970495262E-12));
#2827 = ( GEOMETRIC_REPRESENTATION_CONTEXT(2) 
PARAMETRIC_REPRESENTATION_CONTEXT() REPRESENTATION_CONTEXT('2D SPACE',''
  ) );
#2828 = ORIENTED_EDGE('',*,*,#2712,.F.);
#2829 = ORIENTED_EDGE('',*,*,#1787,.T.);
#2830 = ORIENTED_EDGE('',*,*,#2831,.T.);
#2831 = EDGE_CURVE('',#1760,#2832,#2834,.T.);
#2832 = VERTEX_POINT('',#2833);
#2833 = CARTESIAN_POINT('',(518.762,-1.508041445047,-12.61014714426));
#2834 = SURFACE_CURVE('',#2835,(#2839,#2845),.PCURVE_S1.);
#2835 = LINE('',#2836,#2837);
#2836 = CARTESIAN_POINT('',(518.762,-1.508041445054,0.));
#2837 = VECTOR('',#2838,1.);
#2838 = DIRECTION('',(0.,0.,1.));
#2839 = PCURVE('',#1817,#2840);
#2840 = DEFINITIONAL_REPRESENTATION('',(#2841),#2844);
#2841 = B_SPLINE_CURVE_WITH_KNOTS('',1,(#2842,#2843),.UNSPECIFIED.,.F.,
  .F.,(2,2),(-17.17993966811,-12.61014714426),.PIECEWISE_BEZIER_KNOTS.);
#2842 = CARTESIAN_POINT('',(3.636526779931,-17.17993966811));
#2843 = CARTESIAN_POINT('',(3.636526779931,-12.61014714426));
#2844 = ( GEOMETRIC_REPRESENTATION_CONTEXT(2) 
PARAMETRIC_REPRESENTATION_CONTEXT() REPRESENTATION_CONTEXT('2D SPACE',''
  ) );
#2845 = PCURVE('',#1775,#2846);
#2846 = DEFINITIONAL_REPRESENTATION('',(#2847),#2851);
#2847 = LINE('',#2848,#2849);
#2848 = CARTESIAN_POINT('',(-8.945824918966E-16,1.508041445054));
#2849 = VECTOR('',#2850,1.);
#2850 = DIRECTION('',(1.,0.));
#2851 = ( GEOMETRIC_REPRESENTATION_CONTEXT(2) 
PARAMETRIC_REPRESENTATION_CONTEXT() REPRESENTATION_CONTEXT('2D SPACE',''
  ) );
#2852 = ORIENTED_EDGE('',*,*,#2853,.T.);
#2853 = EDGE_CURVE('',#2832,#2737,#2854,.T.);
#2854 = SURFACE_CURVE('',#2855,(#2872,#2892),.PCURVE_S1.);
#2855 = B_SPLINE_CURVE_WITH_KNOTS('',8,(#2856,#2857,#2858,#2859,#2860,
    #2861,#2862,#2863,#2864,#2865,#2866,#2867,#2868,#2869,#2870,#2871),
  .UNSPECIFIED.,.F.,.F.,(9,7,9),(0.,0.40388203059,1.),.UNSPECIFIED.);
#2856 = CARTESIAN_POINT('',(518.76198476,-1.508013209043,-12.61015052096
    ));
#2857 = CARTESIAN_POINT('',(518.96193460779,-1.87847609268,
    -12.56584788388));
#2858 = CARTESIAN_POINT('',(519.21985964435,-2.22205195561,
    -12.51214636537));
#2859 = CARTESIAN_POINT('',(519.53113305825,-2.525797202726,
    -12.45360909541));
#2860 = CARTESIAN_POINT('',(519.88748164166,-2.779283552024,
    -12.3967208071));
#2861 = CARTESIAN_POINT('',(520.27897160082,-2.97500749322,
    -12.34835338587));
#2862 = CARTESIAN_POINT('',(520.69495343752,-3.107948396665,
    -12.31403684442));
#2863 = CARTESIAN_POINT('',(521.12439102469,-3.175,-12.2967221242));
#2864 = CARTESIAN_POINT('',(522.19304212232,-3.175,-12.2967221242));
#2865 = CARTESIAN_POINT('',(522.82071993337,-3.028923993966,
    -12.33444342995));
#2866 = CARTESIAN_POINT('',(523.40475716914,-2.744277207658,
    -12.40791012164));
#2867 = CARTESIAN_POINT('',(523.91431781941,-2.334793423853,
    -12.50336545523));
#2868 = CARTESIAN_POINT('',(524.31943487774,-1.820657775731,
    -12.5971028956));
#2869 = CARTESIAN_POINT('',(524.59621904935,-1.233295106538,
    -12.66630548781));
#2870 = CARTESIAN_POINT('',(524.731,-0.611877138146,-12.7));
#2871 = CARTESIAN_POINT('',(524.731,-1.409983241274E-15,-12.7));
#2872 = PCURVE('',#1817,#2873);
#2873 = DEFINITIONAL_REPRESENTATION('',(#2874),#2891);
#2874 = B_SPLINE_CURVE_WITH_KNOTS('',8,(#2875,#2876,#2877,#2878,#2879,
    #2880,#2881,#2882,#2883,#2884,#2885,#2886,#2887,#2888,#2889,#2890),
  .UNSPECIFIED.,.F.,.F.,(9,7,9),(3.847903311448E-06,0.40388203059,1.),
  .UNSPECIFIED.);
#2875 = CARTESIAN_POINT('',(3.636526779929,-12.61014714426));
#2876 = CARTESIAN_POINT('',(3.769117173912,-12.56584430246));
#2877 = CARTESIAN_POINT('',(3.90292758989,-12.51214301916));
#2878 = CARTESIAN_POINT('',(4.037233472076,-12.45360638546));
#2879 = CARTESIAN_POINT('',(4.171726553573,-12.39671896386));
#2880 = CARTESIAN_POINT('',(4.306350407547,-12.34835240504));
#2881 = CARTESIAN_POINT('',(4.441196112468,-12.3140365145));
#2882 = CARTESIAN_POINT('',(4.576450440783,-12.2967221242));
#2883 = CARTESIAN_POINT('',(4.913032168518,-12.2967221242));
#2884 = CARTESIAN_POINT('',(5.110720696483,-12.33444342995));
#2885 = CARTESIAN_POINT('',(5.307007915882,-12.40791012164));
#2886 = CARTESIAN_POINT('',(5.502819592315,-12.50336545523));
#2887 = CARTESIAN_POINT('',(5.698827424984,-12.5971028956));
#2888 = CARTESIAN_POINT('',(5.894748411554,-12.66630548781));
#2889 = CARTESIAN_POINT('',(6.090468098315,-12.7));
#2890 = CARTESIAN_POINT('',(6.28318530718,-12.7));
#2891 = ( GEOMETRIC_REPRESENTATION_CONTEXT(2) 
PARAMETRIC_REPRESENTATION_CONTEXT() REPRESENTATION_CONTEXT('2D SPACE',''
  ) );
#2892 = PCURVE('',#2678,#2893);
#2893 = DEFINITIONAL_REPRESENTATION('',(#2894),#2911);
#2894 = B_SPLINE_CURVE_WITH_KNOTS('',8,(#2895,#2896,#2897,#2898,#2899,
    #2900,#2901,#2902,#2903,#2904,#2905,#2906,#2907,#2908,#2909,#2910),
  .UNSPECIFIED.,.F.,.F.,(9,7,9),(3.847903311448E-06,0.40388203059,1.),
  .UNSPECIFIED.);
#2895 = CARTESIAN_POINT('',(-4.593364726918,2.931264310217E-12));
#2896 = CARTESIAN_POINT('',(-4.563986991924,-0.199951809196));
#2897 = CARTESIAN_POINT('',(-4.536623440656,-0.457877437978));
#2898 = CARTESIAN_POINT('',(-4.512290522608,-0.769150033482));
#2899 = CARTESIAN_POINT('',(-4.491846115638,-1.125496561035));
#2900 = CARTESIAN_POINT('',(-4.475972199896,-1.516983490374));
#2901 = CARTESIAN_POINT('',(-4.465161439728,-1.932961620277));
#2902 = CARTESIAN_POINT('',(-4.459708725243,-2.362395136765));
#2903 = CARTESIAN_POINT('',(-4.459708725243,-3.431042122325));
#2904 = CARTESIAN_POINT('',(-4.471588481028,-4.058719933373));
#2905 = CARTESIAN_POINT('',(-4.494733565605,-4.642757169144));
#2906 = CARTESIAN_POINT('',(-4.527840093645,-5.152317819413));
#2907 = CARTESIAN_POINT('',(-4.568861039442,-5.55743487774));
#2908 = CARTESIAN_POINT('',(-4.615278830777,-5.834219049351));
#2909 = CARTESIAN_POINT('',(-4.664209678168,-5.969));
#2910 = CARTESIAN_POINT('',(-4.712388980385,-5.969));
#2911 = ( GEOMETRIC_REPRESENTATION_CONTEXT(2) 
PARAMETRIC_REPRESENTATION_CONTEXT() REPRESENTATION_CONTEXT('2D SPACE',''
  ) );
#2912 = ORIENTED_EDGE('',*,*,#2736,.F.);
#2913 = ADVANCED_FACE('',(#2914),#1775,.T.);
#2914 = FACE_BOUND('',#2915,.T.);
#2915 = EDGE_LOOP('',(#2916,#2938,#2939,#2940));
#2916 = ORIENTED_EDGE('',*,*,#2917,.F.);
#2917 = EDGE_CURVE('',#1711,#2918,#2920,.T.);
#2918 = VERTEX_POINT('',#2919);
#2919 = CARTESIAN_POINT('',(518.762,-1.508041445047,12.610147144265));
#2920 = SURFACE_CURVE('',#2921,(#2925,#2932),.PCURVE_S1.);
#2921 = LINE('',#2922,#2923);
#2922 = CARTESIAN_POINT('',(518.762,-1.508041445054,0.));
#2923 = VECTOR('',#2924,1.);
#2924 = DIRECTION('',(-0.,-0.,-1.));
#2925 = PCURVE('',#1775,#2926);
#2926 = DEFINITIONAL_REPRESENTATION('',(#2927),#2931);
#2927 = LINE('',#2928,#2929);
#2928 = CARTESIAN_POINT('',(-8.945824918966E-16,1.508041445054));
#2929 = VECTOR('',#2930,1.);
#2930 = DIRECTION('',(-1.,0.));
#2931 = ( GEOMETRIC_REPRESENTATION_CONTEXT(2) 
PARAMETRIC_REPRESENTATION_CONTEXT() REPRESENTATION_CONTEXT('2D SPACE',''
  ) );
#2932 = PCURVE('',#1740,#2933);
#2933 = DEFINITIONAL_REPRESENTATION('',(#2934),#2937);
#2934 = B_SPLINE_CURVE_WITH_KNOTS('',1,(#2935,#2936),.UNSPECIFIED.,.F.,
  .F.,(2,2),(-17.17993966811,-12.61014714426),.PIECEWISE_BEZIER_KNOTS.);
#2935 = CARTESIAN_POINT('',(-3.636526779931,-17.17993966811));
#2936 = CARTESIAN_POINT('',(-3.636526779931,-12.61014714426));
#2937 = ( GEOMETRIC_REPRESENTATION_CONTEXT(2) 
PARAMETRIC_REPRESENTATION_CONTEXT() REPRESENTATION_CONTEXT('2D SPACE',''
  ) );
#2938 = ORIENTED_EDGE('',*,*,#1759,.T.);
#2939 = ORIENTED_EDGE('',*,*,#2831,.T.);
#2940 = ORIENTED_EDGE('',*,*,#2941,.F.);
#2941 = EDGE_CURVE('',#2918,#2832,#2942,.T.);
#2942 = SURFACE_CURVE('',#2943,(#2948,#2955),.PCURVE_S1.);
#2943 = CIRCLE('',#2944,12.7);
#2944 = AXIS2_PLACEMENT_3D('',#2945,#2946,#2947);
#2945 = CARTESIAN_POINT('',(518.762,0.,0.));
#2946 = DIRECTION('',(1.,0.,0.));
#2947 = DIRECTION('',(0.,1.,0.));
#2948 = PCURVE('',#1775,#2949);
#2949 = DEFINITIONAL_REPRESENTATION('',(#2950),#2954);
#2950 = CIRCLE('',#2951,12.7);
#2951 = AXIS2_PLACEMENT_2D('',#2952,#2953);
#2952 = CARTESIAN_POINT('',(-8.945824918966E-16,-7.992955575832E-16));
#2953 = DIRECTION('',(0.,-1.));
#2954 = ( GEOMETRIC_REPRESENTATION_CONTEXT(2) 
PARAMETRIC_REPRESENTATION_CONTEXT() REPRESENTATION_CONTEXT('2D SPACE',''
  ) );
#2955 = PCURVE('',#2678,#2956);
#2956 = DEFINITIONAL_REPRESENTATION('',(#2957),#2960);
#2957 = B_SPLINE_CURVE_WITH_KNOTS('',1,(#2958,#2959),.UNSPECIFIED.,.F.,
  .F.,(2,2),(1.689820580261,4.593364726918),.PIECEWISE_BEZIER_KNOTS.);
#2958 = CARTESIAN_POINT('',(-1.689820580261,0.));
#2959 = CARTESIAN_POINT('',(-4.593364726918,0.));
#2960 = ( GEOMETRIC_REPRESENTATION_CONTEXT(2) 
PARAMETRIC_REPRESENTATION_CONTEXT() REPRESENTATION_CONTEXT('2D SPACE',''
  ) );
#2961 = ADVANCED_FACE('',(#2962),#1740,.F.);
#2962 = FACE_BOUND('',#2963,.T.);
#2963 = EDGE_LOOP('',(#2964,#2965,#2986,#3058,#3059,#3060,#3061,#3121));
#2964 = ORIENTED_EDGE('',*,*,#2004,.F.);
#2965 = ORIENTED_EDGE('',*,*,#2966,.T.);
#2966 = EDGE_CURVE('',#2005,#2967,#2969,.T.);
#2967 = VERTEX_POINT('',#2968);
#2968 = CARTESIAN_POINT('',(524.731,0.,12.7));
#2969 = SEAM_CURVE('',#2970,(#2974,#2980),.PCURVE_S1.);
#2970 = LINE('',#2971,#2972);
#2971 = CARTESIAN_POINT('',(524.731,0.,0.));
#2972 = VECTOR('',#2973,1.);
#2973 = DIRECTION('',(0.,0.,1.));
#2974 = PCURVE('',#1740,#2975);
#2975 = DEFINITIONAL_REPRESENTATION('',(#2976),#2979);
#2976 = B_SPLINE_CURVE_WITH_KNOTS('',1,(#2977,#2978),.UNSPECIFIED.,.F.,
  .F.,(2,2),(3.81,12.7),.PIECEWISE_BEZIER_KNOTS.);
#2977 = CARTESIAN_POINT('',(-6.28318530718,-3.81));
#2978 = CARTESIAN_POINT('',(-6.28318530718,-12.7));
#2979 = ( GEOMETRIC_REPRESENTATION_CONTEXT(2) 
PARAMETRIC_REPRESENTATION_CONTEXT() REPRESENTATION_CONTEXT('2D SPACE',''
  ) );
#2980 = PCURVE('',#1740,#2981);
#2981 = DEFINITIONAL_REPRESENTATION('',(#2982),#2985);
#2982 = B_SPLINE_CURVE_WITH_KNOTS('',1,(#2983,#2984),.UNSPECIFIED.,.F.,
  .F.,(2,2),(3.81,12.7),.PIECEWISE_BEZIER_KNOTS.);
#2983 = CARTESIAN_POINT('',(0.,-3.81));
#2984 = CARTESIAN_POINT('',(0.,-12.7));
#2985 = ( GEOMETRIC_REPRESENTATION_CONTEXT(2) 
PARAMETRIC_REPRESENTATION_CONTEXT() REPRESENTATION_CONTEXT('2D SPACE',''
  ) );
#2986 = ORIENTED_EDGE('',*,*,#2987,.T.);
#2987 = EDGE_CURVE('',#2967,#2640,#2988,.T.);
#2988 = SURFACE_CURVE('',#2989,(#3010,#3034),.PCURVE_S1.);
#2989 = B_SPLINE_CURVE_WITH_KNOTS('',7,(#2990,#2991,#2992,#2993,#2994,
    #2995,#2996,#2997,#2998,#2999,#3000,#3001,#3002,#3003,#3004,#3005,
    #3006,#3007,#3008,#3009),.UNSPECIFIED.,.F.,.F.,(8,6,6,8),(0.,
    0.323169298142,0.594110309249,1.),.UNSPECIFIED.);
#2990 = CARTESIAN_POINT('',(524.731,0.,12.7));
#2991 = CARTESIAN_POINT('',(524.731,0.383011008009,12.7));
#2992 = CARTESIAN_POINT('',(524.67709686287,0.766261455587,
    12.68652516136));
#2993 = CARTESIAN_POINT('',(524.56916138747,1.140777913531,
    12.659538145762));
#2994 = CARTESIAN_POINT('',(524.40890278382,1.49759357768,
    12.620828690225));
#2995 = CARTESIAN_POINT('',(524.19973901897,1.828243874732,
    12.573958824026));
#2996 = CARTESIAN_POINT('',(523.94660022545,2.125108894136,
    12.523661570821));
#2997 = CARTESIAN_POINT('',(523.41174894059,2.596643731021,
    12.433638625727));
#2998 = CARTESIAN_POINT('',(523.14091067845,2.783624113287,
    12.393460726717));
#2999 = CARTESIAN_POINT('',(522.84748528579,2.937774659764,
    12.357103746115));
#3000 = CARTESIAN_POINT('',(522.53668818856,3.05569309682,
    12.327530302473));
#3001 = CARTESIAN_POINT('',(522.21407249472,3.13515943833,
    12.307007630222));
#3002 = CARTESIAN_POINT('',(521.88526770805,3.175,12.296722124209));
#3003 = CARTESIAN_POINT('',(521.06273259965,3.175,12.296722124209));
#3004 = CARTESIAN_POINT('',(520.57236038347,3.085597862219,
    12.319808417835));
#3005 = CARTESIAN_POINT('',(520.10293833123,2.908653271822,
    12.365480366696));
#3006 = CARTESIAN_POINT('',(519.67202495208,2.649913832227,
    12.427961247511));
#3007 = CARTESIAN_POINT('',(519.29631323521,2.318936153554,
    12.496355508583));
#3008 = CARTESIAN_POINT('',(518.99049887177,1.931399361772,
    12.559518935735));
#3009 = CARTESIAN_POINT('',(518.76198476,1.508013209043,12.610150520963)
  );
#3010 = PCURVE('',#1740,#3011);
#3011 = DEFINITIONAL_REPRESENTATION('',(#3012),#3033);
#3012 = B_SPLINE_CURVE_WITH_KNOTS('',7,(#3013,#3014,#3015,#3016,#3017,
    #3018,#3019,#3020,#3021,#3022,#3023,#3024,#3025,#3026,#3027,#3028,
    #3029,#3030,#3031,#3032),.UNSPECIFIED.,.F.,.F.,(8,6,6,8),(0.,
    0.323169298142,0.594110309249,0.999996132969),.UNSPECIFIED.);
#3013 = CARTESIAN_POINT('',(0.,-12.7));
#3014 = CARTESIAN_POINT('',(-0.120633388349,-12.7));
#3015 = CARTESIAN_POINT('',(-0.241342188462,-12.68652516136));
#3016 = CARTESIAN_POINT('',(-0.362167380627,-12.65953814576));
#3017 = CARTESIAN_POINT('',(-0.48316882822,-12.62082869022));
#3018 = CARTESIAN_POINT('',(-0.60443178522,-12.57395882402));
#3019 = CARTESIAN_POINT('',(-0.726070657295,-12.52366157082));
#3020 = CARTESIAN_POINT('',(-0.950646862627,-12.43363862572));
#3021 = CARTESIAN_POINT('',(-1.053578438027,-12.39346072671));
#3022 = CARTESIAN_POINT('',(-1.156767608092,-12.35710374611));
#3023 = CARTESIAN_POINT('',(-1.260094666757,-12.32753030247));
#3024 = CARTESIAN_POINT('',(-1.363529982737,-12.30700763022));
#3025 = CARTESIAN_POINT('',(-1.467089962054,-12.2967221242));
#3026 = CARTESIAN_POINT('',(-1.726154657769,-12.2967221242));
#3027 = CARTESIAN_POINT('',(-1.880600707026,-12.31980797793));
#3028 = CARTESIAN_POINT('',(-2.034575415196,-12.36547906131));
#3029 = CARTESIAN_POINT('',(-2.188342092018,-12.42795886642));
#3030 = CARTESIAN_POINT('',(-2.341968073582,-12.49635225052));
#3031 = CARTESIAN_POINT('',(-2.495126648412,-12.55951532506));
#3032 = CARTESIAN_POINT('',(-2.646658527251,-12.61014714426));
#3033 = ( GEOMETRIC_REPRESENTATION_CONTEXT(2) 
PARAMETRIC_REPRESENTATION_CONTEXT() REPRESENTATION_CONTEXT('2D SPACE',''
  ) );
#3034 = PCURVE('',#2678,#3035);
#3035 = DEFINITIONAL_REPRESENTATION('',(#3036),#3057);
#3036 = B_SPLINE_CURVE_WITH_KNOTS('',7,(#3037,#3038,#3039,#3040,#3041,
    #3042,#3043,#3044,#3045,#3046,#3047,#3048,#3049,#3050,#3051,#3052,
    #3053,#3054,#3055,#3056),.UNSPECIFIED.,.F.,.F.,(8,6,6,8),(0.,
    0.323169298142,0.594110309249,0.999996132969),.UNSPECIFIED.);
#3037 = CARTESIAN_POINT('',(-1.570796326795,-5.969));
#3038 = CARTESIAN_POINT('',(-1.540637979708,-5.969));
#3039 = CARTESIAN_POINT('',(-1.510460599879,-5.915096862873));
#3040 = CARTESIAN_POINT('',(-1.480926982281,-5.80716138747));
#3041 = CARTESIAN_POINT('',(-1.452695499071,-5.646902783822));
#3042 = CARTESIAN_POINT('',(-1.426416146419,-5.437739018974));
#3043 = CARTESIAN_POINT('',(-1.402712798945,-5.184600225454));
#3044 = CARTESIAN_POINT('',(-1.364913485427,-4.649748940591));
#3045 = CARTESIAN_POINT('',(-1.349858682268,-4.378910678454));
#3046 = CARTESIAN_POINT('',(-1.337390501251,-4.085485285794));
#3047 = CARTESIAN_POINT('',(-1.327818717678,-3.774688188564));
#3048 = CARTESIAN_POINT('',(-1.321355886013,-3.45207249472));
#3049 = CARTESIAN_POINT('',(-1.318116071653,-3.123267708052));
#3050 = CARTESIAN_POINT('',(-1.318116071653,-2.300737299159));
#3051 = CARTESIAN_POINT('',(-1.325386357634,-1.810369727317));
#3052 = CARTESIAN_POINT('',(-1.33977545951,-1.340951748212));
#3053 = CARTESIAN_POINT('',(-1.360731464586,-0.910041373858));
#3054 = CARTESIAN_POINT('',(-1.387308543072,-0.534331132849));
#3055 = CARTESIAN_POINT('',(-1.418197519049,-0.228516353368));
#3056 = CARTESIAN_POINT('',(-1.451772073328,2.898721114436E-12));
#3057 = ( GEOMETRIC_REPRESENTATION_CONTEXT(2) 
PARAMETRIC_REPRESENTATION_CONTEXT() REPRESENTATION_CONTEXT('2D SPACE',''
  ) );
#3058 = ORIENTED_EDGE('',*,*,#2639,.F.);
#3059 = ORIENTED_EDGE('',*,*,#1710,.T.);
#3060 = ORIENTED_EDGE('',*,*,#2917,.T.);
#3061 = ORIENTED_EDGE('',*,*,#3062,.T.);
#3062 = EDGE_CURVE('',#2918,#2967,#3063,.T.);
#3063 = SURFACE_CURVE('',#3064,(#3081,#3101),.PCURVE_S1.);
#3064 = B_SPLINE_CURVE_WITH_KNOTS('',8,(#3065,#3066,#3067,#3068,#3069,
    #3070,#3071,#3072,#3073,#3074,#3075,#3076,#3077,#3078,#3079,#3080),
  .UNSPECIFIED.,.F.,.F.,(9,7,9),(0.,0.403882030586,1.),.UNSPECIFIED.);
#3065 = CARTESIAN_POINT('',(518.76198476,-1.508013209043,12.610150520963
    ));
#3066 = CARTESIAN_POINT('',(518.96193460779,-1.87847609268,
    12.565847883889));
#3067 = CARTESIAN_POINT('',(519.21985964435,-2.22205195561,
    12.512146365371));
#3068 = CARTESIAN_POINT('',(519.53113305825,-2.525797202725,
    12.453609095413));
#3069 = CARTESIAN_POINT('',(519.88748164166,-2.779283552024,
    12.396720807104));
#3070 = CARTESIAN_POINT('',(520.27897160082,-2.97500749322,
    12.348353385874));
#3071 = CARTESIAN_POINT('',(520.69495343751,-3.107948396665,
    12.314036844429));
#3072 = CARTESIAN_POINT('',(521.12439102469,-3.175,12.296722124209));
#3073 = CARTESIAN_POINT('',(522.19304212233,-3.175,12.296722124209));
#3074 = CARTESIAN_POINT('',(522.82071993333,-3.028923993966,
    12.334443429952));
#3075 = CARTESIAN_POINT('',(523.4047571692,-2.744277207666,
    12.407910121649));
#3076 = CARTESIAN_POINT('',(523.91431781936,-2.334793423822,
    12.50336545523));
#3077 = CARTESIAN_POINT('',(524.31943487776,-1.820657775776,
    12.597102895605));
#3078 = CARTESIAN_POINT('',(524.59621904934,-1.233295106507,
    12.666305487815));
#3079 = CARTESIAN_POINT('',(524.731,-0.611877138155,12.7));
#3080 = CARTESIAN_POINT('',(524.731,0.,12.7));
#3081 = PCURVE('',#1740,#3082);
#3082 = DEFINITIONAL_REPRESENTATION('',(#3083),#3100);
#3083 = B_SPLINE_CURVE_WITH_KNOTS('',8,(#3084,#3085,#3086,#3087,#3088,
    #3089,#3090,#3091,#3092,#3093,#3094,#3095,#3096,#3097,#3098,#3099),
  .UNSPECIFIED.,.F.,.F.,(9,7,9),(3.847903312097E-06,0.403882030586,1.),
  .UNSPECIFIED.);
#3084 = CARTESIAN_POINT('',(-3.636526779929,-12.61014714426));
#3085 = CARTESIAN_POINT('',(-3.769117173912,-12.56584430246));
#3086 = CARTESIAN_POINT('',(-3.90292758989,-12.51214301916));
#3087 = CARTESIAN_POINT('',(-4.037233472075,-12.45360638546));
#3088 = CARTESIAN_POINT('',(-4.171726553573,-12.39671896386));
#3089 = CARTESIAN_POINT('',(-4.306350407547,-12.34835240504));
#3090 = CARTESIAN_POINT('',(-4.441196112468,-12.3140365145));
#3091 = CARTESIAN_POINT('',(-4.576450440783,-12.2967221242));
#3092 = CARTESIAN_POINT('',(-4.913032168521,-12.2967221242));
#3093 = CARTESIAN_POINT('',(-5.110720696472,-12.33444342995));
#3094 = CARTESIAN_POINT('',(-5.307007915896,-12.40791012164));
#3095 = CARTESIAN_POINT('',(-5.50281959231,-12.50336545523));
#3096 = CARTESIAN_POINT('',(-5.698827424977,-12.5971028956));
#3097 = CARTESIAN_POINT('',(-5.894748411562,-12.66630548781));
#3098 = CARTESIAN_POINT('',(-6.090468098312,-12.7));
#3099 = CARTESIAN_POINT('',(-6.28318530718,-12.7));
#3100 = ( GEOMETRIC_REPRESENTATION_CONTEXT(2) 
PARAMETRIC_REPRESENTATION_CONTEXT() REPRESENTATION_CONTEXT('2D SPACE',''
  ) );
#3101 = PCURVE('',#2678,#3102);
#3102 = DEFINITIONAL_REPRESENTATION('',(#3103),#3120);
#3103 = B_SPLINE_CURVE_WITH_KNOTS('',8,(#3104,#3105,#3106,#3107,#3108,
    #3109,#3110,#3111,#3112,#3113,#3114,#3115,#3116,#3117,#3118,#3119),
  .UNSPECIFIED.,.F.,.F.,(9,7,9),(3.847903312097E-06,0.403882030586,1.),
  .UNSPECIFIED.);
#3104 = CARTESIAN_POINT('',(-1.689820580261,2.928604056709E-12));
#3105 = CARTESIAN_POINT('',(-1.719198315255,-0.199951809196));
#3106 = CARTESIAN_POINT('',(-1.746561866524,-0.457877437979));
#3107 = CARTESIAN_POINT('',(-1.770894784572,-0.769150033481));
#3108 = CARTESIAN_POINT('',(-1.791339191542,-1.125496561035));
#3109 = CARTESIAN_POINT('',(-1.807213107283,-1.516983490375));
#3110 = CARTESIAN_POINT('',(-1.818023867451,-1.932961620277));
#3111 = CARTESIAN_POINT('',(-1.823476581937,-2.362395136765));
#3112 = CARTESIAN_POINT('',(-1.823476581937,-3.431042122334));
#3113 = CARTESIAN_POINT('',(-1.811596826151,-4.058719933338));
#3114 = CARTESIAN_POINT('',(-1.788451741575,-4.642757169202));
#3115 = CARTESIAN_POINT('',(-1.755345213532,-5.152317819364));
#3116 = CARTESIAN_POINT('',(-1.714324267741,-5.557434877759));
#3117 = CARTESIAN_POINT('',(-1.6679064764,-5.834219049348));
#3118 = CARTESIAN_POINT('',(-1.618975629012,-5.969));
#3119 = CARTESIAN_POINT('',(-1.570796326795,-5.969));
#3120 = ( GEOMETRIC_REPRESENTATION_CONTEXT(2) 
PARAMETRIC_REPRESENTATION_CONTEXT() REPRESENTATION_CONTEXT('2D SPACE',''
  ) );
#3121 = ORIENTED_EDGE('',*,*,#2966,.F.);
#3122 = ADVANCED_FACE('',(#3123),#1990,.F.);
#3123 = FACE_BOUND('',#3124,.F.);
#3124 = EDGE_LOOP('',(#3125));
#3125 = ORIENTED_EDGE('',*,*,#1976,.T.);
#3126 = ADVANCED_FACE('',(#3127),#2678,.T.);
#3127 = FACE_BOUND('',#3128,.F.);
#3128 = EDGE_LOOP('',(#3129,#3130,#3151,#3177,#3178,#3179,#3180,#3181,
    #3182,#3183));
#3129 = ORIENTED_EDGE('',*,*,#2661,.F.);
#3130 = ORIENTED_EDGE('',*,*,#3131,.T.);
#3131 = EDGE_CURVE('',#2662,#3132,#3134,.T.);
#3132 = VERTEX_POINT('',#3133);
#3133 = CARTESIAN_POINT('',(529.684,12.7,0.));
#3134 = SEAM_CURVE('',#3135,(#3139,#3145),.PCURVE_S1.);
#3135 = LINE('',#3136,#3137);
#3136 = CARTESIAN_POINT('',(518.762,12.7,0.));
#3137 = VECTOR('',#3138,1.);
#3138 = DIRECTION('',(1.,0.,0.));
#3139 = PCURVE('',#2678,#3140);
#3140 = DEFINITIONAL_REPRESENTATION('',(#3141),#3144);
#3141 = B_SPLINE_CURVE_WITH_KNOTS('',1,(#3142,#3143),.UNSPECIFIED.,.F.,
  .F.,(2,2),(0.,10.922),.PIECEWISE_BEZIER_KNOTS.);
#3142 = CARTESIAN_POINT('',(-6.28318530718,0.));
#3143 = CARTESIAN_POINT('',(-6.28318530718,-10.922));
#3144 = ( GEOMETRIC_REPRESENTATION_CONTEXT(2) 
PARAMETRIC_REPRESENTATION_CONTEXT() REPRESENTATION_CONTEXT('2D SPACE',''
  ) );
#3145 = PCURVE('',#2678,#3146);
#3146 = DEFINITIONAL_REPRESENTATION('',(#3147),#3150);
#3147 = B_SPLINE_CURVE_WITH_KNOTS('',1,(#3148,#3149),.UNSPECIFIED.,.F.,
  .F.,(2,2),(0.,10.922),.PIECEWISE_BEZIER_KNOTS.);
#3148 = CARTESIAN_POINT('',(0.,0.));
#3149 = CARTESIAN_POINT('',(0.,-10.922));
#3150 = ( GEOMETRIC_REPRESENTATION_CONTEXT(2) 
PARAMETRIC_REPRESENTATION_CONTEXT() REPRESENTATION_CONTEXT('2D SPACE',''
  ) );
#3151 = ORIENTED_EDGE('',*,*,#3152,.T.);
#3152 = EDGE_CURVE('',#3132,#3132,#3153,.T.);
#3153 = SURFACE_CURVE('',#3154,(#3159,#3165),.PCURVE_S1.);
#3154 = CIRCLE('',#3155,12.7);
#3155 = AXIS2_PLACEMENT_3D('',#3156,#3157,#3158);
#3156 = CARTESIAN_POINT('',(529.684,0.,0.));
#3157 = DIRECTION('',(1.,0.,0.));
#3158 = DIRECTION('',(0.,1.,0.));
#3159 = PCURVE('',#2678,#3160);
#3160 = DEFINITIONAL_REPRESENTATION('',(#3161),#3164);
#3161 = B_SPLINE_CURVE_WITH_KNOTS('',1,(#3162,#3163),.UNSPECIFIED.,.F.,
  .F.,(2,2),(0.,6.28318530718),.PIECEWISE_BEZIER_KNOTS.);
#3162 = CARTESIAN_POINT('',(0.,-10.922));
#3163 = CARTESIAN_POINT('',(-6.28318530718,-10.922));
#3164 = ( GEOMETRIC_REPRESENTATION_CONTEXT(2) 
PARAMETRIC_REPRESENTATION_CONTEXT() REPRESENTATION_CONTEXT('2D SPACE',''
  ) );
#3165 = PCURVE('',#3166,#3171);
#3166 = PLANE('',#3167);
#3167 = AXIS2_PLACEMENT_3D('',#3168,#3169,#3170);
#3168 = CARTESIAN_POINT('',(529.684,-8.140542039024E-16,
    2.426899096254E-17));
#3169 = DIRECTION('',(1.,0.,0.));
#3170 = DIRECTION('',(-0.,0.,1.));
#3171 = DEFINITIONAL_REPRESENTATION('',(#3172),#3176);
#3172 = CIRCLE('',#3173,12.7);
#3173 = AXIS2_PLACEMENT_2D('',#3174,#3175);
#3174 = CARTESIAN_POINT('',(-2.426899096254E-17,-8.140542039024E-16));
#3175 = DIRECTION('',(0.,-1.));
#3176 = ( GEOMETRIC_REPRESENTATION_CONTEXT(2) 
PARAMETRIC_REPRESENTATION_CONTEXT() REPRESENTATION_CONTEXT('2D SPACE',''
  ) );
#3177 = ORIENTED_EDGE('',*,*,#3131,.F.);
#3178 = ORIENTED_EDGE('',*,*,#2689,.F.);
#3179 = ORIENTED_EDGE('',*,*,#2757,.F.);
#3180 = ORIENTED_EDGE('',*,*,#2853,.F.);
#3181 = ORIENTED_EDGE('',*,*,#2941,.F.);
#3182 = ORIENTED_EDGE('',*,*,#3062,.T.);
#3183 = ORIENTED_EDGE('',*,*,#2987,.T.);
#3184 = ADVANCED_FACE('',(#3185,#3188),#3166,.T.);
#3185 = FACE_BOUND('',#3186,.T.);
#3186 = EDGE_LOOP('',(#3187));
#3187 = ORIENTED_EDGE('',*,*,#3152,.T.);
#3188 = FACE_BOUND('',#3189,.T.);
#3189 = EDGE_LOOP('',(#3190));
#3190 = ORIENTED_EDGE('',*,*,#3191,.F.);
#3191 = EDGE_CURVE('',#3192,#3192,#3194,.T.);
#3192 = VERTEX_POINT('',#3193);
#3193 = CARTESIAN_POINT('',(529.684,7.,0.));
#3194 = SURFACE_CURVE('',#3195,(#3200,#3207),.PCURVE_S1.);
#3195 = CIRCLE('',#3196,7.);
#3196 = AXIS2_PLACEMENT_3D('',#3197,#3198,#3199);
#3197 = CARTESIAN_POINT('',(529.684,0.,0.));
#3198 = DIRECTION('',(1.,0.,0.));
#3199 = DIRECTION('',(0.,1.,0.));
#3200 = PCURVE('',#3166,#3201);
#3201 = DEFINITIONAL_REPRESENTATION('',(#3202),#3206);
#3202 = CIRCLE('',#3203,7.);
#3203 = AXIS2_PLACEMENT_2D('',#3204,#3205);
#3204 = CARTESIAN_POINT('',(-2.426899096254E-17,-8.140542039024E-16));
#3205 = DIRECTION('',(0.,-1.));
#3206 = ( GEOMETRIC_REPRESENTATION_CONTEXT(2) 
PARAMETRIC_REPRESENTATION_CONTEXT() REPRESENTATION_CONTEXT('2D SPACE',''
  ) );
#3207 = PCURVE('',#3208,#3213);
#3208 = CYLINDRICAL_SURFACE('',#3209,7.);
#3209 = AXIS2_PLACEMENT_3D('',#3210,#3211,#3212);
#3210 = CARTESIAN_POINT('',(529.684,0.,0.));
#3211 = DIRECTION('',(-1.,-0.,-0.));
#3212 = DIRECTION('',(0.,1.,0.));
#3213 = DEFINITIONAL_REPRESENTATION('',(#3214),#3217);
#3214 = B_SPLINE_CURVE_WITH_KNOTS('',1,(#3215,#3216),.UNSPECIFIED.,.F.,
  .F.,(2,2),(0.,6.28318530718),.PIECEWISE_BEZIER_KNOTS.);
#3215 = CARTESIAN_POINT('',(0.,0.));
#3216 = CARTESIAN_POINT('',(-6.28318530718,0.));
#3217 = ( GEOMETRIC_REPRESENTATION_CONTEXT(2) 
PARAMETRIC_REPRESENTATION_CONTEXT() REPRESENTATION_CONTEXT('2D SPACE',''
  ) );
#3218 = ADVANCED_FACE('',(#3219,#3270),#3208,.T.);
#3219 = FACE_BOUND('',#3220,.F.);
#3220 = EDGE_LOOP('',(#3221,#3222,#3243,#3269));
#3221 = ORIENTED_EDGE('',*,*,#3191,.F.);
#3222 = ORIENTED_EDGE('',*,*,#3223,.T.);
#3223 = EDGE_CURVE('',#3192,#3224,#3226,.T.);
#3224 = VERTEX_POINT('',#3225);
#3225 = CARTESIAN_POINT('',(582.516,7.,0.));
#3226 = SEAM_CURVE('',#3227,(#3231,#3237),.PCURVE_S1.);
#3227 = LINE('',#3228,#3229);
#3228 = CARTESIAN_POINT('',(529.684,7.,0.));
#3229 = VECTOR('',#3230,1.);
#3230 = DIRECTION('',(1.,0.,0.));
#3231 = PCURVE('',#3208,#3232);
#3232 = DEFINITIONAL_REPRESENTATION('',(#3233),#3236);
#3233 = B_SPLINE_CURVE_WITH_KNOTS('',1,(#3234,#3235),.UNSPECIFIED.,.F.,
  .F.,(2,2),(0.,52.832),.PIECEWISE_BEZIER_KNOTS.);
#3234 = CARTESIAN_POINT('',(-6.28318530718,0.));
#3235 = CARTESIAN_POINT('',(-6.28318530718,-52.832));
#3236 = ( GEOMETRIC_REPRESENTATION_CONTEXT(2) 
PARAMETRIC_REPRESENTATION_CONTEXT() REPRESENTATION_CONTEXT('2D SPACE',''
  ) );
#3237 = PCURVE('',#3208,#3238);
#3238 = DEFINITIONAL_REPRESENTATION('',(#3239),#3242);
#3239 = B_SPLINE_CURVE_WITH_KNOTS('',1,(#3240,#3241),.UNSPECIFIED.,.F.,
  .F.,(2,2),(0.,52.832),.PIECEWISE_BEZIER_KNOTS.);
#3240 = CARTESIAN_POINT('',(0.,0.));
#3241 = CARTESIAN_POINT('',(0.,-52.832));
#3242 = ( GEOMETRIC_REPRESENTATION_CONTEXT(2) 
PARAMETRIC_REPRESENTATION_CONTEXT() REPRESENTATION_CONTEXT('2D SPACE',''
  ) );
#3243 = ORIENTED_EDGE('',*,*,#3244,.T.);
#3244 = EDGE_CURVE('',#3224,#3224,#3245,.T.);
#3245 = SURFACE_CURVE('',#3246,(#3251,#3257),.PCURVE_S1.);
#3246 = CIRCLE('',#3247,7.);
#3247 = AXIS2_PLACEMENT_3D('',#3248,#3249,#3250);
#3248 = CARTESIAN_POINT('',(582.516,0.,0.));
#3249 = DIRECTION('',(1.,0.,0.));
#3250 = DIRECTION('',(0.,1.,0.));
#3251 = PCURVE('',#3208,#3252);
#3252 = DEFINITIONAL_REPRESENTATION('',(#3253),#3256);
#3253 = B_SPLINE_CURVE_WITH_KNOTS('',1,(#3254,#3255),.UNSPECIFIED.,.F.,
  .F.,(2,2),(0.,6.28318530718),.PIECEWISE_BEZIER_KNOTS.);
#3254 = CARTESIAN_POINT('',(0.,-52.832));
#3255 = CARTESIAN_POINT('',(-6.28318530718,-52.832));
#3256 = ( GEOMETRIC_REPRESENTATION_CONTEXT(2) 
PARAMETRIC_REPRESENTATION_CONTEXT() REPRESENTATION_CONTEXT('2D SPACE',''
  ) );
#3257 = PCURVE('',#3258,#3263);
#3258 = PLANE('',#3259);
#3259 = AXIS2_PLACEMENT_3D('',#3260,#3261,#3262);
#3260 = CARTESIAN_POINT('',(582.516,-2.461544854657E-16,
    -3.959643433533E-17));
#3261 = DIRECTION('',(1.,0.,0.));
#3262 = DIRECTION('',(-0.,0.,1.));
#3263 = DEFINITIONAL_REPRESENTATION('',(#3264),#3268);
#3264 = CIRCLE('',#3265,7.);
#3265 = AXIS2_PLACEMENT_2D('',#3266,#3267);
#3266 = CARTESIAN_POINT('',(3.959643433533E-17,-2.461544854657E-16));
#3267 = DIRECTION('',(0.,-1.));
#3268 = ( GEOMETRIC_REPRESENTATION_CONTEXT(2) 
PARAMETRIC_REPRESENTATION_CONTEXT() REPRESENTATION_CONTEXT('2D SPACE',''
  ) );
#3269 = ORIENTED_EDGE('',*,*,#3223,.F.);
#3270 = FACE_BOUND('',#3271,.F.);
#3271 = EDGE_LOOP('',(#3272,#3306,#3333,#3365));
#3272 = ORIENTED_EDGE('',*,*,#3273,.F.);
#3273 = EDGE_CURVE('',#3274,#3276,#3278,.T.);
#3274 = VERTEX_POINT('',#3275);
#3275 = CARTESIAN_POINT('',(532.986,-2.5,6.538348415311));
#3276 = VERTEX_POINT('',#3277);
#3277 = CARTESIAN_POINT('',(532.986,2.5,6.538348415311));
#3278 = SURFACE_CURVE('',#3279,(#3284,#3290),.PCURVE_S1.);
#3279 = CIRCLE('',#3280,7.);
#3280 = AXIS2_PLACEMENT_3D('',#3281,#3282,#3283);
#3281 = CARTESIAN_POINT('',(532.986,0.,0.));
#3282 = DIRECTION('',(-1.,0.,0.));
#3283 = DIRECTION('',(0.,1.,0.));
#3284 = PCURVE('',#3208,#3285);
#3285 = DEFINITIONAL_REPRESENTATION('',(#3286),#3289);
#3286 = B_SPLINE_CURVE_WITH_KNOTS('',1,(#3287,#3288),.UNSPECIFIED.,.F.,
  .F.,(2,2),(4.347181759094,5.077596201675),.PIECEWISE_BEZIER_KNOTS.);
#3287 = CARTESIAN_POINT('',(-1.936003548085,-3.302));
#3288 = CARTESIAN_POINT('',(-1.205589105505,-3.302));
#3289 = ( GEOMETRIC_REPRESENTATION_CONTEXT(2) 
PARAMETRIC_REPRESENTATION_CONTEXT() REPRESENTATION_CONTEXT('2D SPACE',''
  ) );
#3290 = PCURVE('',#3291,#3296);
#3291 = PLANE('',#3292);
#3292 = AXIS2_PLACEMENT_3D('',#3293,#3294,#3295);
#3293 = CARTESIAN_POINT('',(532.986,-2.5,4.));
#3294 = DIRECTION('',(1.,0.,0.));
#3295 = DIRECTION('',(0.,0.,1.));
#3296 = DEFINITIONAL_REPRESENTATION('',(#3297),#3305);
#3297 = ( BOUNDED_CURVE() B_SPLINE_CURVE(2,(#3298,#3299,#3300,#3301,
#3302,#3303,#3304),.UNSPECIFIED.,.T.,.F.) B_SPLINE_CURVE_WITH_KNOTS((1,2
    ,2,2,2,1),(-2.094395102393,0.,2.094395102393,4.188790204786,
6.28318530718,8.377580409573),.UNSPECIFIED.) CURVE() 
GEOMETRIC_REPRESENTATION_ITEM() RATIONAL_B_SPLINE_CURVE((1.,0.5,1.,0.5,
1.,0.5,1.)) REPRESENTATION_ITEM('') );
#3298 = CARTESIAN_POINT('',(-4.,-9.5));
#3299 = CARTESIAN_POINT('',(-16.12435565298,-9.5));
#3300 = CARTESIAN_POINT('',(-10.06217782649,1.));
#3301 = CARTESIAN_POINT('',(-4.,11.5));
#3302 = CARTESIAN_POINT('',(2.062177826491,1.));
#3303 = CARTESIAN_POINT('',(8.124355652982,-9.5));
#3304 = CARTESIAN_POINT('',(-4.,-9.5));
#3305 = ( GEOMETRIC_REPRESENTATION_CONTEXT(2) 
PARAMETRIC_REPRESENTATION_CONTEXT() REPRESENTATION_CONTEXT('2D SPACE',''
  ) );
#3306 = ORIENTED_EDGE('',*,*,#3307,.F.);
#3307 = EDGE_CURVE('',#3308,#3274,#3310,.T.);
#3308 = VERTEX_POINT('',#3309);
#3309 = CARTESIAN_POINT('',(578.706,-2.5,6.538348415311));
#3310 = SURFACE_CURVE('',#3311,(#3315,#3321),.PCURVE_S1.);
#3311 = LINE('',#3312,#3313);
#3312 = CARTESIAN_POINT('',(529.684,-2.5,6.538348415311));
#3313 = VECTOR('',#3314,1.);
#3314 = DIRECTION('',(-1.,-0.,-0.));
#3315 = PCURVE('',#3208,#3316);
#3316 = DEFINITIONAL_REPRESENTATION('',(#3317),#3320);
#3317 = B_SPLINE_CURVE_WITH_KNOTS('',1,(#3318,#3319),.UNSPECIFIED.,.F.,
  .F.,(2,2),(-49.022,-3.302),.PIECEWISE_BEZIER_KNOTS.);
#3318 = CARTESIAN_POINT('',(-1.936003548085,-49.022));
#3319 = CARTESIAN_POINT('',(-1.936003548085,-3.302));
#3320 = ( GEOMETRIC_REPRESENTATION_CONTEXT(2) 
PARAMETRIC_REPRESENTATION_CONTEXT() REPRESENTATION_CONTEXT('2D SPACE',''
  ) );
#3321 = PCURVE('',#3322,#3327);
#3322 = PLANE('',#3323);
#3323 = AXIS2_PLACEMENT_3D('',#3324,#3325,#3326);
#3324 = CARTESIAN_POINT('',(532.986,-2.5,4.));
#3325 = DIRECTION('',(0.,1.,0.));
#3326 = DIRECTION('',(0.,0.,1.));
#3327 = DEFINITIONAL_REPRESENTATION('',(#3328),#3332);
#3328 = LINE('',#3329,#3330);
#3329 = CARTESIAN_POINT('',(2.538348415311,-3.302));
#3330 = VECTOR('',#3331,1.);
#3331 = DIRECTION('',(0.,-1.));
#3332 = ( GEOMETRIC_REPRESENTATION_CONTEXT(2) 
PARAMETRIC_REPRESENTATION_CONTEXT() REPRESENTATION_CONTEXT('2D SPACE',''
  ) );
#3333 = ORIENTED_EDGE('',*,*,#3334,.T.);
#3334 = EDGE_CURVE('',#3308,#3335,#3337,.T.);
#3335 = VERTEX_POINT('',#3336);
#3336 = CARTESIAN_POINT('',(578.706,2.5,6.538348415311));
#3337 = SURFACE_CURVE('',#3338,(#3343,#3349),.PCURVE_S1.);
#3338 = CIRCLE('',#3339,7.);
#3339 = AXIS2_PLACEMENT_3D('',#3340,#3341,#3342);
#3340 = CARTESIAN_POINT('',(578.706,0.,0.));
#3341 = DIRECTION('',(-1.,0.,0.));
#3342 = DIRECTION('',(0.,1.,0.));
#3343 = PCURVE('',#3208,#3344);
#3344 = DEFINITIONAL_REPRESENTATION('',(#3345),#3348);
#3345 = B_SPLINE_CURVE_WITH_KNOTS('',1,(#3346,#3347),.UNSPECIFIED.,.F.,
  .F.,(2,2),(4.347181759094,5.077596201675),.PIECEWISE_BEZIER_KNOTS.);
#3346 = CARTESIAN_POINT('',(-1.936003548085,-49.022));
#3347 = CARTESIAN_POINT('',(-1.205589105505,-49.022));
#3348 = ( GEOMETRIC_REPRESENTATION_CONTEXT(2) 
PARAMETRIC_REPRESENTATION_CONTEXT() REPRESENTATION_CONTEXT('2D SPACE',''
  ) );
#3349 = PCURVE('',#3350,#3355);
#3350 = PLANE('',#3351);
#3351 = AXIS2_PLACEMENT_3D('',#3352,#3353,#3354);
#3352 = CARTESIAN_POINT('',(578.706,-2.5,4.));
#3353 = DIRECTION('',(1.,0.,0.));
#3354 = DIRECTION('',(0.,0.,1.));
#3355 = DEFINITIONAL_REPRESENTATION('',(#3356),#3364);
#3356 = ( BOUNDED_CURVE() B_SPLINE_CURVE(2,(#3357,#3358,#3359,#3360,
#3361,#3362,#3363),.UNSPECIFIED.,.T.,.F.) B_SPLINE_CURVE_WITH_KNOTS((1,2
    ,2,2,2,1),(-2.094395102393,0.,2.094395102393,4.188790204786,
6.28318530718,8.377580409573),.UNSPECIFIED.) CURVE() 
GEOMETRIC_REPRESENTATION_ITEM() RATIONAL_B_SPLINE_CURVE((1.,0.5,1.,0.5,
1.,0.5,1.)) REPRESENTATION_ITEM('') );
#3357 = CARTESIAN_POINT('',(-4.,-9.5));
#3358 = CARTESIAN_POINT('',(-16.12435565298,-9.5));
#3359 = CARTESIAN_POINT('',(-10.06217782649,1.));
#3360 = CARTESIAN_POINT('',(-4.,11.5));
#3361 = CARTESIAN_POINT('',(2.062177826491,1.));
#3362 = CARTESIAN_POINT('',(8.124355652982,-9.5));
#3363 = CARTESIAN_POINT('',(-4.,-9.5));
#3364 = ( GEOMETRIC_REPRESENTATION_CONTEXT(2) 
PARAMETRIC_REPRESENTATION_CONTEXT() REPRESENTATION_CONTEXT('2D SPACE',''
  ) );
#3365 = ORIENTED_EDGE('',*,*,#3366,.T.);
#3366 = EDGE_CURVE('',#3335,#3276,#3367,.T.);
#3367 = SURFACE_CURVE('',#3368,(#3372,#3378),.PCURVE_S1.);
#3368 = LINE('',#3369,#3370);
#3369 = CARTESIAN_POINT('',(529.684,2.5,6.538348415311));
#3370 = VECTOR('',#3371,1.);
#3371 = DIRECTION('',(-1.,-0.,-0.));
#3372 = PCURVE('',#3208,#3373);
#3373 = DEFINITIONAL_REPRESENTATION('',(#3374),#3377);
#3374 = B_SPLINE_CURVE_WITH_KNOTS('',1,(#3375,#3376),.UNSPECIFIED.,.F.,
  .F.,(2,2),(-49.022,-3.302),.PIECEWISE_BEZIER_KNOTS.);
#3375 = CARTESIAN_POINT('',(-1.205589105505,-49.022));
#3376 = CARTESIAN_POINT('',(-1.205589105505,-3.302));
#3377 = ( GEOMETRIC_REPRESENTATION_CONTEXT(2) 
PARAMETRIC_REPRESENTATION_CONTEXT() REPRESENTATION_CONTEXT('2D SPACE',''
  ) );
#3378 = PCURVE('',#3379,#3384);
#3379 = PLANE('',#3380);
#3380 = AXIS2_PLACEMENT_3D('',#3381,#3382,#3383);
#3381 = CARTESIAN_POINT('',(532.986,2.5,4.));
#3382 = DIRECTION('',(0.,1.,0.));
#3383 = DIRECTION('',(0.,0.,1.));
#3384 = DEFINITIONAL_REPRESENTATION('',(#3385),#3389);
#3385 = LINE('',#3386,#3387);
#3386 = CARTESIAN_POINT('',(2.538348415311,-3.302));
#3387 = VECTOR('',#3388,1.);
#3388 = DIRECTION('',(0.,-1.));
#3389 = ( GEOMETRIC_REPRESENTATION_CONTEXT(2) 
PARAMETRIC_REPRESENTATION_CONTEXT() REPRESENTATION_CONTEXT('2D SPACE',''
  ) );
#3390 = ADVANCED_FACE('',(#3391,#3394),#3258,.T.);
#3391 = FACE_BOUND('',#3392,.T.);
#3392 = EDGE_LOOP('',(#3393));
#3393 = ORIENTED_EDGE('',*,*,#3244,.T.);
#3394 = FACE_BOUND('',#3395,.T.);
#3395 = EDGE_LOOP('',(#3396));
#3396 = ORIENTED_EDGE('',*,*,#3397,.F.);
#3397 = EDGE_CURVE('',#3398,#3398,#3400,.T.);
#3398 = VERTEX_POINT('',#3399);
#3399 = CARTESIAN_POINT('',(582.516,6.35,0.));
#3400 = SURFACE_CURVE('',#3401,(#3406,#3413),.PCURVE_S1.);
#3401 = CIRCLE('',#3402,6.35);
#3402 = AXIS2_PLACEMENT_3D('',#3403,#3404,#3405);
#3403 = CARTESIAN_POINT('',(582.516,0.,0.));
#3404 = DIRECTION('',(1.,0.,0.));
#3405 = DIRECTION('',(0.,1.,0.));
#3406 = PCURVE('',#3258,#3407);
#3407 = DEFINITIONAL_REPRESENTATION('',(#3408),#3412);
#3408 = CIRCLE('',#3409,6.35);
#3409 = AXIS2_PLACEMENT_2D('',#3410,#3411);
#3410 = CARTESIAN_POINT('',(3.959643433533E-17,-2.461544854657E-16));
#3411 = DIRECTION('',(0.,-1.));
#3412 = ( GEOMETRIC_REPRESENTATION_CONTEXT(2) 
PARAMETRIC_REPRESENTATION_CONTEXT() REPRESENTATION_CONTEXT('2D SPACE',''
  ) );
#3413 = PCURVE('',#3414,#3419);
#3414 = CYLINDRICAL_SURFACE('',#3415,6.35);
#3415 = AXIS2_PLACEMENT_3D('',#3416,#3417,#3418);
#3416 = CARTESIAN_POINT('',(582.516,0.,0.));
#3417 = DIRECTION('',(-1.,-0.,-0.));
#3418 = DIRECTION('',(0.,1.,0.));
#3419 = DEFINITIONAL_REPRESENTATION('',(#3420),#3423);
#3420 = B_SPLINE_CURVE_WITH_KNOTS('',1,(#3421,#3422),.UNSPECIFIED.,.F.,
  .F.,(2,2),(0.,6.28318530718),.PIECEWISE_BEZIER_KNOTS.);
#3421 = CARTESIAN_POINT('',(0.,0.));
#3422 = CARTESIAN_POINT('',(-6.28318530718,0.));
#3423 = ( GEOMETRIC_REPRESENTATION_CONTEXT(2) 
PARAMETRIC_REPRESENTATION_CONTEXT() REPRESENTATION_CONTEXT('2D SPACE',''
  ) );
#3424 = ADVANCED_FACE('',(#3425),#3291,.T.);
#3425 = FACE_BOUND('',#3426,.T.);
#3426 = EDGE_LOOP('',(#3427,#3450,#3478,#3499));
#3427 = ORIENTED_EDGE('',*,*,#3428,.F.);
#3428 = EDGE_CURVE('',#3429,#3274,#3431,.T.);
#3429 = VERTEX_POINT('',#3430);
#3430 = CARTESIAN_POINT('',(532.986,-2.5,4.));
#3431 = SURFACE_CURVE('',#3432,(#3436,#3443),.PCURVE_S1.);
#3432 = LINE('',#3433,#3434);
#3433 = CARTESIAN_POINT('',(532.986,-2.5,4.));
#3434 = VECTOR('',#3435,1.);
#3435 = DIRECTION('',(0.,0.,1.));
#3436 = PCURVE('',#3291,#3437);
#3437 = DEFINITIONAL_REPRESENTATION('',(#3438),#3442);
#3438 = LINE('',#3439,#3440);
#3439 = CARTESIAN_POINT('',(0.,0.));
#3440 = VECTOR('',#3441,1.);
#3441 = DIRECTION('',(1.,0.));
#3442 = ( GEOMETRIC_REPRESENTATION_CONTEXT(2) 
PARAMETRIC_REPRESENTATION_CONTEXT() REPRESENTATION_CONTEXT('2D SPACE',''
  ) );
#3443 = PCURVE('',#3322,#3444);
#3444 = DEFINITIONAL_REPRESENTATION('',(#3445),#3449);
#3445 = LINE('',#3446,#3447);
#3446 = CARTESIAN_POINT('',(0.,0.));
#3447 = VECTOR('',#3448,1.);
#3448 = DIRECTION('',(1.,0.));
#3449 = ( GEOMETRIC_REPRESENTATION_CONTEXT(2) 
PARAMETRIC_REPRESENTATION_CONTEXT() REPRESENTATION_CONTEXT('2D SPACE',''
  ) );
#3450 = ORIENTED_EDGE('',*,*,#3451,.T.);
#3451 = EDGE_CURVE('',#3429,#3452,#3454,.T.);
#3452 = VERTEX_POINT('',#3453);
#3453 = CARTESIAN_POINT('',(532.986,2.5,4.));
#3454 = SURFACE_CURVE('',#3455,(#3459,#3466),.PCURVE_S1.);
#3455 = LINE('',#3456,#3457);
#3456 = CARTESIAN_POINT('',(532.986,-2.5,4.));
#3457 = VECTOR('',#3458,1.);
#3458 = DIRECTION('',(0.,1.,0.));
#3459 = PCURVE('',#3291,#3460);
#3460 = DEFINITIONAL_REPRESENTATION('',(#3461),#3465);
#3461 = LINE('',#3462,#3463);
#3462 = CARTESIAN_POINT('',(0.,0.));
#3463 = VECTOR('',#3464,1.);
#3464 = DIRECTION('',(0.,-1.));
#3465 = ( GEOMETRIC_REPRESENTATION_CONTEXT(2) 
PARAMETRIC_REPRESENTATION_CONTEXT() REPRESENTATION_CONTEXT('2D SPACE',''
  ) );
#3466 = PCURVE('',#3467,#3472);
#3467 = PLANE('',#3468);
#3468 = AXIS2_PLACEMENT_3D('',#3469,#3470,#3471);
#3469 = CARTESIAN_POINT('',(532.986,-2.5,4.));
#3470 = DIRECTION('',(0.,0.,1.));
#3471 = DIRECTION('',(1.,0.,0.));
#3472 = DEFINITIONAL_REPRESENTATION('',(#3473),#3477);
#3473 = LINE('',#3474,#3475);
#3474 = CARTESIAN_POINT('',(0.,0.));
#3475 = VECTOR('',#3476,1.);
#3476 = DIRECTION('',(0.,1.));
#3477 = ( GEOMETRIC_REPRESENTATION_CONTEXT(2) 
PARAMETRIC_REPRESENTATION_CONTEXT() REPRESENTATION_CONTEXT('2D SPACE',''
  ) );
#3478 = ORIENTED_EDGE('',*,*,#3479,.T.);
#3479 = EDGE_CURVE('',#3452,#3276,#3480,.T.);
#3480 = SURFACE_CURVE('',#3481,(#3485,#3492),.PCURVE_S1.);
#3481 = LINE('',#3482,#3483);
#3482 = CARTESIAN_POINT('',(532.986,2.5,4.));
#3483 = VECTOR('',#3484,1.);
#3484 = DIRECTION('',(0.,0.,1.));
#3485 = PCURVE('',#3291,#3486);
#3486 = DEFINITIONAL_REPRESENTATION('',(#3487),#3491);
#3487 = LINE('',#3488,#3489);
#3488 = CARTESIAN_POINT('',(0.,-5.));
#3489 = VECTOR('',#3490,1.);
#3490 = DIRECTION('',(1.,0.));
#3491 = ( GEOMETRIC_REPRESENTATION_CONTEXT(2) 
PARAMETRIC_REPRESENTATION_CONTEXT() REPRESENTATION_CONTEXT('2D SPACE',''
  ) );
#3492 = PCURVE('',#3379,#3493);
#3493 = DEFINITIONAL_REPRESENTATION('',(#3494),#3498);
#3494 = LINE('',#3495,#3496);
#3495 = CARTESIAN_POINT('',(0.,0.));
#3496 = VECTOR('',#3497,1.);
#3497 = DIRECTION('',(1.,0.));
#3498 = ( GEOMETRIC_REPRESENTATION_CONTEXT(2) 
PARAMETRIC_REPRESENTATION_CONTEXT() REPRESENTATION_CONTEXT('2D SPACE',''
  ) );
#3499 = ORIENTED_EDGE('',*,*,#3273,.F.);
#3500 = ADVANCED_FACE('',(#3501),#3379,.F.);
#3501 = FACE_BOUND('',#3502,.F.);
#3502 = EDGE_LOOP('',(#3503,#3526,#3547,#3548));
#3503 = ORIENTED_EDGE('',*,*,#3504,.F.);
#3504 = EDGE_CURVE('',#3505,#3335,#3507,.T.);
#3505 = VERTEX_POINT('',#3506);
#3506 = CARTESIAN_POINT('',(578.706,2.5,4.));
#3507 = SURFACE_CURVE('',#3508,(#3512,#3519),.PCURVE_S1.);
#3508 = LINE('',#3509,#3510);
#3509 = CARTESIAN_POINT('',(578.706,2.5,4.));
#3510 = VECTOR('',#3511,1.);
#3511 = DIRECTION('',(0.,0.,1.));
#3512 = PCURVE('',#3379,#3513);
#3513 = DEFINITIONAL_REPRESENTATION('',(#3514),#3518);
#3514 = LINE('',#3515,#3516);
#3515 = CARTESIAN_POINT('',(0.,45.72));
#3516 = VECTOR('',#3517,1.);
#3517 = DIRECTION('',(1.,0.));
#3518 = ( GEOMETRIC_REPRESENTATION_CONTEXT(2) 
PARAMETRIC_REPRESENTATION_CONTEXT() REPRESENTATION_CONTEXT('2D SPACE',''
  ) );
#3519 = PCURVE('',#3350,#3520);
#3520 = DEFINITIONAL_REPRESENTATION('',(#3521),#3525);
#3521 = LINE('',#3522,#3523);
#3522 = CARTESIAN_POINT('',(0.,-5.));
#3523 = VECTOR('',#3524,1.);
#3524 = DIRECTION('',(1.,0.));
#3525 = ( GEOMETRIC_REPRESENTATION_CONTEXT(2) 
PARAMETRIC_REPRESENTATION_CONTEXT() REPRESENTATION_CONTEXT('2D SPACE',''
  ) );
#3526 = ORIENTED_EDGE('',*,*,#3527,.F.);
#3527 = EDGE_CURVE('',#3452,#3505,#3528,.T.);
#3528 = SURFACE_CURVE('',#3529,(#3533,#3540),.PCURVE_S1.);
#3529 = LINE('',#3530,#3531);
#3530 = CARTESIAN_POINT('',(532.986,2.5,4.));
#3531 = VECTOR('',#3532,1.);
#3532 = DIRECTION('',(1.,0.,0.));
#3533 = PCURVE('',#3379,#3534);
#3534 = DEFINITIONAL_REPRESENTATION('',(#3535),#3539);
#3535 = LINE('',#3536,#3537);
#3536 = CARTESIAN_POINT('',(0.,0.));
#3537 = VECTOR('',#3538,1.);
#3538 = DIRECTION('',(0.,1.));
#3539 = ( GEOMETRIC_REPRESENTATION_CONTEXT(2) 
PARAMETRIC_REPRESENTATION_CONTEXT() REPRESENTATION_CONTEXT('2D SPACE',''
  ) );
#3540 = PCURVE('',#3467,#3541);
#3541 = DEFINITIONAL_REPRESENTATION('',(#3542),#3546);
#3542 = LINE('',#3543,#3544);
#3543 = CARTESIAN_POINT('',(0.,5.));
#3544 = VECTOR('',#3545,1.);
#3545 = DIRECTION('',(1.,0.));
#3546 = ( GEOMETRIC_REPRESENTATION_CONTEXT(2) 
PARAMETRIC_REPRESENTATION_CONTEXT() REPRESENTATION_CONTEXT('2D SPACE',''
  ) );
#3547 = ORIENTED_EDGE('',*,*,#3479,.T.);
#3548 = ORIENTED_EDGE('',*,*,#3366,.F.);
#3549 = ADVANCED_FACE('',(#3550),#3350,.F.);
#3550 = FACE_BOUND('',#3551,.F.);
#3551 = EDGE_LOOP('',(#3552,#3575,#3596,#3597));
#3552 = ORIENTED_EDGE('',*,*,#3553,.F.);
#3553 = EDGE_CURVE('',#3554,#3308,#3556,.T.);
#3554 = VERTEX_POINT('',#3555);
#3555 = CARTESIAN_POINT('',(578.706,-2.5,4.));
#3556 = SURFACE_CURVE('',#3557,(#3561,#3568),.PCURVE_S1.);
#3557 = LINE('',#3558,#3559);
#3558 = CARTESIAN_POINT('',(578.706,-2.5,4.));
#3559 = VECTOR('',#3560,1.);
#3560 = DIRECTION('',(0.,0.,1.));
#3561 = PCURVE('',#3350,#3562);
#3562 = DEFINITIONAL_REPRESENTATION('',(#3563),#3567);
#3563 = LINE('',#3564,#3565);
#3564 = CARTESIAN_POINT('',(0.,0.));
#3565 = VECTOR('',#3566,1.);
#3566 = DIRECTION('',(1.,0.));
#3567 = ( GEOMETRIC_REPRESENTATION_CONTEXT(2) 
PARAMETRIC_REPRESENTATION_CONTEXT() REPRESENTATION_CONTEXT('2D SPACE',''
  ) );
#3568 = PCURVE('',#3322,#3569);
#3569 = DEFINITIONAL_REPRESENTATION('',(#3570),#3574);
#3570 = LINE('',#3571,#3572);
#3571 = CARTESIAN_POINT('',(0.,45.72));
#3572 = VECTOR('',#3573,1.);
#3573 = DIRECTION('',(1.,0.));
#3574 = ( GEOMETRIC_REPRESENTATION_CONTEXT(2) 
PARAMETRIC_REPRESENTATION_CONTEXT() REPRESENTATION_CONTEXT('2D SPACE',''
  ) );
#3575 = ORIENTED_EDGE('',*,*,#3576,.T.);
#3576 = EDGE_CURVE('',#3554,#3505,#3577,.T.);
#3577 = SURFACE_CURVE('',#3578,(#3582,#3589),.PCURVE_S1.);
#3578 = LINE('',#3579,#3580);
#3579 = CARTESIAN_POINT('',(578.706,-2.5,4.));
#3580 = VECTOR('',#3581,1.);
#3581 = DIRECTION('',(0.,1.,0.));
#3582 = PCURVE('',#3350,#3583);
#3583 = DEFINITIONAL_REPRESENTATION('',(#3584),#3588);
#3584 = LINE('',#3585,#3586);
#3585 = CARTESIAN_POINT('',(0.,0.));
#3586 = VECTOR('',#3587,1.);
#3587 = DIRECTION('',(0.,-1.));
#3588 = ( GEOMETRIC_REPRESENTATION_CONTEXT(2) 
PARAMETRIC_REPRESENTATION_CONTEXT() REPRESENTATION_CONTEXT('2D SPACE',''
  ) );
#3589 = PCURVE('',#3467,#3590);
#3590 = DEFINITIONAL_REPRESENTATION('',(#3591),#3595);
#3591 = LINE('',#3592,#3593);
#3592 = CARTESIAN_POINT('',(45.72,0.));
#3593 = VECTOR('',#3594,1.);
#3594 = DIRECTION('',(0.,1.));
#3595 = ( GEOMETRIC_REPRESENTATION_CONTEXT(2) 
PARAMETRIC_REPRESENTATION_CONTEXT() REPRESENTATION_CONTEXT('2D SPACE',''
  ) );
#3596 = ORIENTED_EDGE('',*,*,#3504,.T.);
#3597 = ORIENTED_EDGE('',*,*,#3334,.F.);
#3598 = ADVANCED_FACE('',(#3599),#3322,.T.);
#3599 = FACE_BOUND('',#3600,.T.);
#3600 = EDGE_LOOP('',(#3601,#3602,#3623,#3624));
#3601 = ORIENTED_EDGE('',*,*,#3553,.F.);
#3602 = ORIENTED_EDGE('',*,*,#3603,.F.);
#3603 = EDGE_CURVE('',#3429,#3554,#3604,.T.);
#3604 = SURFACE_CURVE('',#3605,(#3609,#3616),.PCURVE_S1.);
#3605 = LINE('',#3606,#3607);
#3606 = CARTESIAN_POINT('',(532.986,-2.5,4.));
#3607 = VECTOR('',#3608,1.);
#3608 = DIRECTION('',(1.,0.,0.));
#3609 = PCURVE('',#3322,#3610);
#3610 = DEFINITIONAL_REPRESENTATION('',(#3611),#3615);
#3611 = LINE('',#3612,#3613);
#3612 = CARTESIAN_POINT('',(0.,0.));
#3613 = VECTOR('',#3614,1.);
#3614 = DIRECTION('',(0.,1.));
#3615 = ( GEOMETRIC_REPRESENTATION_CONTEXT(2) 
PARAMETRIC_REPRESENTATION_CONTEXT() REPRESENTATION_CONTEXT('2D SPACE',''
  ) );
#3616 = PCURVE('',#3467,#3617);
#3617 = DEFINITIONAL_REPRESENTATION('',(#3618),#3622);
#3618 = LINE('',#3619,#3620);
#3619 = CARTESIAN_POINT('',(0.,0.));
#3620 = VECTOR('',#3621,1.);
#3621 = DIRECTION('',(1.,0.));
#3622 = ( GEOMETRIC_REPRESENTATION_CONTEXT(2) 
PARAMETRIC_REPRESENTATION_CONTEXT() REPRESENTATION_CONTEXT('2D SPACE',''
  ) );
#3623 = ORIENTED_EDGE('',*,*,#3428,.T.);
#3624 = ORIENTED_EDGE('',*,*,#3307,.F.);
#3625 = ADVANCED_FACE('',(#3626),#3414,.T.);
#3626 = FACE_BOUND('',#3627,.F.);
#3627 = EDGE_LOOP('',(#3628,#3649,#3675,#3676));
#3628 = ORIENTED_EDGE('',*,*,#3629,.T.);
#3629 = EDGE_CURVE('',#3398,#3630,#3632,.T.);
#3630 = VERTEX_POINT('',#3631);
#3631 = CARTESIAN_POINT('',(593.946,6.35,0.));
#3632 = SEAM_CURVE('',#3633,(#3637,#3643),.PCURVE_S1.);
#3633 = LINE('',#3634,#3635);
#3634 = CARTESIAN_POINT('',(582.516,6.35,0.));
#3635 = VECTOR('',#3636,1.);
#3636 = DIRECTION('',(1.,0.,0.));
#3637 = PCURVE('',#3414,#3638);
#3638 = DEFINITIONAL_REPRESENTATION('',(#3639),#3642);
#3639 = B_SPLINE_CURVE_WITH_KNOTS('',1,(#3640,#3641),.UNSPECIFIED.,.F.,
  .F.,(2,2),(0.,11.43),.PIECEWISE_BEZIER_KNOTS.);
#3640 = CARTESIAN_POINT('',(0.,0.));
#3641 = CARTESIAN_POINT('',(0.,-11.43));
#3642 = ( GEOMETRIC_REPRESENTATION_CONTEXT(2) 
PARAMETRIC_REPRESENTATION_CONTEXT() REPRESENTATION_CONTEXT('2D SPACE',''
  ) );
#3643 = PCURVE('',#3414,#3644);
#3644 = DEFINITIONAL_REPRESENTATION('',(#3645),#3648);
#3645 = B_SPLINE_CURVE_WITH_KNOTS('',1,(#3646,#3647),.UNSPECIFIED.,.F.,
  .F.,(2,2),(0.,11.43),.PIECEWISE_BEZIER_KNOTS.);
#3646 = CARTESIAN_POINT('',(-6.28318530718,0.));
#3647 = CARTESIAN_POINT('',(-6.28318530718,-11.43));
#3648 = ( GEOMETRIC_REPRESENTATION_CONTEXT(2) 
PARAMETRIC_REPRESENTATION_CONTEXT() REPRESENTATION_CONTEXT('2D SPACE',''
  ) );
#3649 = ORIENTED_EDGE('',*,*,#3650,.T.);
#3650 = EDGE_CURVE('',#3630,#3630,#3651,.T.);
#3651 = SURFACE_CURVE('',#3652,(#3657,#3663),.PCURVE_S1.);
#3652 = CIRCLE('',#3653,6.35);
#3653 = AXIS2_PLACEMENT_3D('',#3654,#3655,#3656);
#3654 = CARTESIAN_POINT('',(593.946,0.,0.));
#3655 = DIRECTION('',(1.,0.,0.));
#3656 = DIRECTION('',(0.,1.,0.));
#3657 = PCURVE('',#3414,#3658);
#3658 = DEFINITIONAL_REPRESENTATION('',(#3659),#3662);
#3659 = B_SPLINE_CURVE_WITH_KNOTS('',1,(#3660,#3661),.UNSPECIFIED.,.F.,
  .F.,(2,2),(0.,6.28318530718),.PIECEWISE_BEZIER_KNOTS.);
#3660 = CARTESIAN_POINT('',(0.,-11.43));
#3661 = CARTESIAN_POINT('',(-6.28318530718,-11.43));
#3662 = ( GEOMETRIC_REPRESENTATION_CONTEXT(2) 
PARAMETRIC_REPRESENTATION_CONTEXT() REPRESENTATION_CONTEXT('2D SPACE',''
  ) );
#3663 = PCURVE('',#3664,#3669);
#3664 = PLANE('',#3665);
#3665 = AXIS2_PLACEMENT_3D('',#3666,#3667,#3668);
#3666 = CARTESIAN_POINT('',(593.946,-4.070271019512E-16,
    1.213449548127E-17));
#3667 = DIRECTION('',(1.,0.,0.));
#3668 = DIRECTION('',(-0.,0.,1.));
#3669 = DEFINITIONAL_REPRESENTATION('',(#3670),#3674);
#3670 = CIRCLE('',#3671,6.35);
#3671 = AXIS2_PLACEMENT_2D('',#3672,#3673);
#3672 = CARTESIAN_POINT('',(-1.213449548127E-17,-4.070271019512E-16));
#3673 = DIRECTION('',(0.,-1.));
#3674 = ( GEOMETRIC_REPRESENTATION_CONTEXT(2) 
PARAMETRIC_REPRESENTATION_CONTEXT() REPRESENTATION_CONTEXT('2D SPACE',''
  ) );
#3675 = ORIENTED_EDGE('',*,*,#3629,.F.);
#3676 = ORIENTED_EDGE('',*,*,#3397,.F.);
#3677 = ADVANCED_FACE('',(#3678),#3467,.T.);
#3678 = FACE_BOUND('',#3679,.T.);
#3679 = EDGE_LOOP('',(#3680,#3681,#3682,#3683));
#3680 = ORIENTED_EDGE('',*,*,#3451,.F.);
#3681 = ORIENTED_EDGE('',*,*,#3603,.T.);
#3682 = ORIENTED_EDGE('',*,*,#3576,.T.);
#3683 = ORIENTED_EDGE('',*,*,#3527,.F.);
#3684 = ADVANCED_FACE('',(#3685,#3688),#3664,.T.);
#3685 = FACE_BOUND('',#3686,.T.);
#3686 = EDGE_LOOP('',(#3687));
#3687 = ORIENTED_EDGE('',*,*,#3650,.T.);
#3688 = FACE_BOUND('',#3689,.T.);
#3689 = EDGE_LOOP('',(#3690));
#3690 = ORIENTED_EDGE('',*,*,#3691,.T.);
#3691 = EDGE_CURVE('',#3692,#3692,#3694,.T.);
#3692 = VERTEX_POINT('',#3693);
#3693 = CARTESIAN_POINT('',(593.946,3.,0.));
#3694 = SURFACE_CURVE('',#3695,(#3700,#3711),.PCURVE_S1.);
#3695 = CIRCLE('',#3696,3.);
#3696 = AXIS2_PLACEMENT_3D('',#3697,#3698,#3699);
#3697 = CARTESIAN_POINT('',(593.946,0.,0.));
#3698 = DIRECTION('',(-1.,0.,0.));
#3699 = DIRECTION('',(0.,1.,0.));
#3700 = PCURVE('',#3664,#3701);
#3701 = DEFINITIONAL_REPRESENTATION('',(#3702),#3710);
#3702 = ( BOUNDED_CURVE() B_SPLINE_CURVE(2,(#3703,#3704,#3705,#3706,
#3707,#3708,#3709),.UNSPECIFIED.,.T.,.F.) B_SPLINE_CURVE_WITH_KNOTS((1,2
    ,2,2,2,1),(-2.094395102393,0.,2.094395102393,4.188790204786,
6.28318530718,8.377580409573),.UNSPECIFIED.) CURVE() 
GEOMETRIC_REPRESENTATION_ITEM() RATIONAL_B_SPLINE_CURVE((1.,0.5,1.,0.5,
1.,0.5,1.)) REPRESENTATION_ITEM('') );
#3703 = CARTESIAN_POINT('',(-1.213449548127E-17,-3.));
#3704 = CARTESIAN_POINT('',(-5.196152422707,-3.));
#3705 = CARTESIAN_POINT('',(-2.598076211353,1.5));
#3706 = CARTESIAN_POINT('',(-7.469225749697E-16,6.));
#3707 = CARTESIAN_POINT('',(2.598076211353,1.5));
#3708 = CARTESIAN_POINT('',(5.196152422707,-3.));
#3709 = CARTESIAN_POINT('',(-1.213449548127E-17,-3.));
#3710 = ( GEOMETRIC_REPRESENTATION_CONTEXT(2) 
PARAMETRIC_REPRESENTATION_CONTEXT() REPRESENTATION_CONTEXT('2D SPACE',''
  ) );
#3711 = PCURVE('',#3712,#3717);
#3712 = CYLINDRICAL_SURFACE('',#3713,3.);
#3713 = AXIS2_PLACEMENT_3D('',#3714,#3715,#3716);
#3714 = CARTESIAN_POINT('',(591.446,0.,0.));
#3715 = DIRECTION('',(-1.,-0.,-0.));
#3716 = DIRECTION('',(0.,1.,0.));
#3717 = DEFINITIONAL_REPRESENTATION('',(#3718),#3721);
#3718 = B_SPLINE_CURVE_WITH_KNOTS('',1,(#3719,#3720),.UNSPECIFIED.,.F.,
  .F.,(2,2),(0.,6.28318530718),.PIECEWISE_BEZIER_KNOTS.);
#3719 = CARTESIAN_POINT('',(-6.28318530718,-2.5));
#3720 = CARTESIAN_POINT('',(0.,-2.5));
#3721 = ( GEOMETRIC_REPRESENTATION_CONTEXT(2) 
PARAMETRIC_REPRESENTATION_CONTEXT() REPRESENTATION_CONTEXT('2D SPACE',''
  ) );
#3722 = ADVANCED_FACE('',(#3723),#3712,.F.);
#3723 = FACE_BOUND('',#3724,.T.);
#3724 = EDGE_LOOP('',(#3725,#3753,#3772,#3773));
#3725 = ORIENTED_EDGE('',*,*,#3726,.F.);
#3726 = EDGE_CURVE('',#3727,#3727,#3729,.T.);
#3727 = VERTEX_POINT('',#3728);
#3728 = CARTESIAN_POINT('',(591.446,3.,0.));
#3729 = SURFACE_CURVE('',#3730,(#3735,#3741),.PCURVE_S1.);
#3730 = CIRCLE('',#3731,3.);
#3731 = AXIS2_PLACEMENT_3D('',#3732,#3733,#3734);
#3732 = CARTESIAN_POINT('',(591.446,0.,0.));
#3733 = DIRECTION('',(1.,0.,0.));
#3734 = DIRECTION('',(0.,1.,0.));
#3735 = PCURVE('',#3712,#3736);
#3736 = DEFINITIONAL_REPRESENTATION('',(#3737),#3740);
#3737 = B_SPLINE_CURVE_WITH_KNOTS('',1,(#3738,#3739),.UNSPECIFIED.,.F.,
  .F.,(2,2),(0.,6.28318530718),.PIECEWISE_BEZIER_KNOTS.);
#3738 = CARTESIAN_POINT('',(0.,0.));
#3739 = CARTESIAN_POINT('',(-6.28318530718,0.));
#3740 = ( GEOMETRIC_REPRESENTATION_CONTEXT(2) 
PARAMETRIC_REPRESENTATION_CONTEXT() REPRESENTATION_CONTEXT('2D SPACE',''
  ) );
#3741 = PCURVE('',#3742,#3747);
#3742 = PLANE('',#3743);
#3743 = AXIS2_PLACEMENT_3D('',#3744,#3745,#3746);
#3744 = CARTESIAN_POINT('',(591.446,-2.153851747825E-16,
    -1.224646799147E-16));
#3745 = DIRECTION('',(1.,0.,0.));
#3746 = DIRECTION('',(-0.,0.,1.));
#3747 = DEFINITIONAL_REPRESENTATION('',(#3748),#3752);
#3748 = CIRCLE('',#3749,3.);
#3749 = AXIS2_PLACEMENT_2D('',#3750,#3751);
#3750 = CARTESIAN_POINT('',(1.224646799147E-16,-2.153851747825E-16));
#3751 = DIRECTION('',(0.,-1.));
#3752 = ( GEOMETRIC_REPRESENTATION_CONTEXT(2) 
PARAMETRIC_REPRESENTATION_CONTEXT() REPRESENTATION_CONTEXT('2D SPACE',''
  ) );
#3753 = ORIENTED_EDGE('',*,*,#3754,.T.);
#3754 = EDGE_CURVE('',#3727,#3692,#3755,.T.);
#3755 = SEAM_CURVE('',#3756,(#3760,#3766),.PCURVE_S1.);
#3756 = LINE('',#3757,#3758);
#3757 = CARTESIAN_POINT('',(591.446,3.,0.));
#3758 = VECTOR('',#3759,1.);
#3759 = DIRECTION('',(1.,0.,0.));
#3760 = PCURVE('',#3712,#3761);
#3761 = DEFINITIONAL_REPRESENTATION('',(#3762),#3765);
#3762 = B_SPLINE_CURVE_WITH_KNOTS('',1,(#3763,#3764),.UNSPECIFIED.,.F.,
  .F.,(2,2),(0.,2.5),.PIECEWISE_BEZIER_KNOTS.);
#3763 = CARTESIAN_POINT('',(-6.28318530718,0.));
#3764 = CARTESIAN_POINT('',(-6.28318530718,-2.5));
#3765 = ( GEOMETRIC_REPRESENTATION_CONTEXT(2) 
PARAMETRIC_REPRESENTATION_CONTEXT() REPRESENTATION_CONTEXT('2D SPACE',''
  ) );
#3766 = PCURVE('',#3712,#3767);
#3767 = DEFINITIONAL_REPRESENTATION('',(#3768),#3771);
#3768 = B_SPLINE_CURVE_WITH_KNOTS('',1,(#3769,#3770),.UNSPECIFIED.,.F.,
  .F.,(2,2),(0.,2.5),.PIECEWISE_BEZIER_KNOTS.);
#3769 = CARTESIAN_POINT('',(0.,0.));
#3770 = CARTESIAN_POINT('',(0.,-2.5));
#3771 = ( GEOMETRIC_REPRESENTATION_CONTEXT(2) 
PARAMETRIC_REPRESENTATION_CONTEXT() REPRESENTATION_CONTEXT('2D SPACE',''
  ) );
#3772 = ORIENTED_EDGE('',*,*,#3691,.F.);
#3773 = ORIENTED_EDGE('',*,*,#3754,.F.);
#3774 = ADVANCED_FACE('',(#3775),#3742,.T.);
#3775 = FACE_BOUND('',#3776,.T.);
#3776 = EDGE_LOOP('',(#3777));
#3777 = ORIENTED_EDGE('',*,*,#3726,.T.);
#3778 = ( GEOMETRIC_REPRESENTATION_CONTEXT(3) 
GLOBAL_UNCERTAINTY_ASSIGNED_CONTEXT((#3782)) 
GLOBAL_UNIT_ASSIGNED_CONTEXT((#3779,#3780,#3781)) REPRESENTATION_CONTEXT
('Context #1','3D Context with UNIT and UNCERTAINTY') );
#3779 = ( LENGTH_UNIT() NAMED_UNIT(*) SI_UNIT(.MILLI.,.METRE.) );
#3780 = ( NAMED_UNIT(*) PLANE_ANGLE_UNIT() SI_UNIT($,.RADIAN.) );
#3781 = ( NAMED_UNIT(*) SI_UNIT($,.STERADIAN.) SOLID_ANGLE_UNIT() );
#3782 = UNCERTAINTY_MEASURE_WITH_UNIT(LENGTH_MEASURE(2.E-06),#3779,
  'distance_accuracy_value','confusion accuracy');
#3783 = PRODUCT_RELATED_PRODUCT_CATEGORY('part',$,(#7));
ENDSEC;
END-ISO-10303-21;
